
/build/asuswrt-merlin/release/src-rt-5.04behnd.4916/bootloaders/obj/emmc_spl/spl/u-boot-spl:     file format elf64-littleaarch64


Disassembly of section .text:

0000000082612000 <_start>:
    82612000:	1400000a 	b	82612028 <reset>
    82612004:	d503201f 	nop

0000000082612008 <_TEXT_BASE>:
    82612008:	01000000 	.word	0x01000000
    8261200c:	00000000 	.word	0x00000000

0000000082612010 <_end_ofs>:
    82612010:	00017398 	.word	0x00017398
    82612014:	00000000 	.word	0x00000000

0000000082612018 <_bss_start_ofs>:
    82612018:	0002e000 	.word	0x0002e000
    8261201c:	00000000 	.word	0x00000000

0000000082612020 <_bss_end_ofs>:
    82612020:	0002e370 	.word	0x0002e370
    82612024:	00000000 	.word	0x00000000

0000000082612028 <reset>:
    82612028:	14000077 	b	82612204 <save_boot_params>

000000008261202c <save_boot_params_ret>:
    8261202c:	d5384241 	mrs	x1, currentel
    82612030:	f100303f 	cmp	x1, #0xc
    82612034:	540000a0 	b.eq	82612048 <save_boot_params_ret+0x1c>  // b.none
    82612038:	f100203f 	cmp	x1, #0x8
    8261203c:	54000140 	b.eq	82612064 <save_boot_params_ret+0x38>  // b.none
    82612040:	f100103f 	cmp	x1, #0x4
    82612044:	54000160 	b.eq	82612070 <save_boot_params_ret+0x44>  // b.none
    82612048:	d53e1100 	mrs	x0, scr_el3
    8261204c:	b2400c00 	orr	x0, x0, #0xf
    82612050:	d51e1100 	msr	scr_el3, x0
    82612054:	d51e115f 	msr	cptr_el3, xzr
    82612058:	58000500 	ldr	x0, 826120f8 <c_runtime_cpu_setup+0xc>
    8261205c:	d51be000 	msr	cntfrq_el0, x0
    82612060:	14000006 	b	82612078 <save_boot_params_ret+0x4c>
    82612064:	d2867fe0 	mov	x0, #0x33ff                	// #13311
    82612068:	d51c1140 	msr	cptr_el2, x0
    8261206c:	14000003 	b	82612078 <save_boot_params_ret+0x4c>
    82612070:	d2a00600 	mov	x0, #0x300000              	// #3145728
    82612074:	d5181040 	msr	cpacr_el1, x0
    82612078:	94000003 	bl	82612084 <apply_core_errata>
    8261207c:	94000011 	bl	826120c0 <lowlevel_init>

0000000082612080 <master_cpu>:
    82612080:	94001060 	bl	82616200 <_main>

0000000082612084 <apply_core_errata>:
    82612084:	aa1e03fd 	mov	x29, x30
    82612088:	d5380000 	mrs	x0, midr_el1
    8261208c:	d344fc00 	lsr	x0, x0, #4
    82612090:	92402c00 	and	x0, x0, #0xfff
    82612094:	f1340c1f 	cmp	x0, #0xd03
    82612098:	54000100 	b.eq	826120b8 <apply_a53_core_errata>  // b.none
    8261209c:	d5380000 	mrs	x0, midr_el1
    826120a0:	d344fc00 	lsr	x0, x0, #4
    826120a4:	92402c00 	and	x0, x0, #0xfff
    826120a8:	f1341c1f 	cmp	x0, #0xd07
    826120ac:	54000080 	b.eq	826120bc <apply_a57_core_errata>  // b.none
    826120b0:	aa1d03fe 	mov	x30, x29
    826120b4:	d65f03c0 	ret

00000000826120b8 <apply_a53_core_errata>:
    826120b8:	17fffffe 	b	826120b0 <apply_core_errata+0x2c>

00000000826120bc <apply_a57_core_errata>:
    826120bc:	17fffffd 	b	826120b0 <apply_core_errata+0x2c>

00000000826120c0 <lowlevel_init>:
    826120c0:	aa1e03fd 	mov	x29, x30
    826120c4:	580001e0 	ldr	x0, 82612100 <c_runtime_cpu_setup+0x14>
    826120c8:	9400106c 	bl	82616278 <gic_init_secure>
    826120cc:	580001a0 	ldr	x0, 82612100 <c_runtime_cpu_setup+0x14>
    826120d0:	580001c1 	ldr	x1, 82612108 <c_runtime_cpu_setup+0x1c>
    826120d4:	9400107a 	bl	826162bc <gic_init_secure_percpu>
    826120d8:	aa1d03fe 	mov	x30, x29
    826120dc:	d65f03c0 	ret

00000000826120e0 <smp_kick_all_cpus>:
    826120e0:	58000100 	ldr	x0, 82612100 <c_runtime_cpu_setup+0x14>
    826120e4:	1400107f 	b	826162e0 <gic_kick_secondary_cpus>
    826120e8:	d65f03c0 	ret

00000000826120ec <c_runtime_cpu_setup>:
    826120ec:	d65f03c0 	ret
    826120f0:	17ffffcf 	b	8261202c <save_boot_params_ret>
    826120f4:	00000000 	udf	#0
    826120f8:	02faf080 	.word	0x02faf080
    826120fc:	00000000 	.word	0x00000000
    82612100:	81001000 	.word	0x81001000
    82612104:	00000000 	.word	0x00000000
    82612108:	81002000 	.word	0x81002000
	...

0000000082612200 <boot_params>:
    82612200:	00000000 	.word	0x00000000

0000000082612204 <save_boot_params>:
    82612204:	5800052a 	ldr	x10, 826122a8 <armv8_el2_to_aarch32+0x84>
    82612208:	eb0a013f 	cmp	x9, x10
    8261220c:	540000a1 	b.ne	82612220 <save_boot_params+0x1c>  // b.any
    82612210:	10ffff88 	adr	x8, 82612200 <boot_params>
    82612214:	b9400109 	ldr	w9, [x8]
    82612218:	32000129 	orr	w9, w9, #0x1
    8261221c:	b9000109 	str	w9, [x8]
    82612220:	17ffff83 	b	8261202c <save_boot_params_ret>

0000000082612224 <armv8_el2_to_aarch32>:
    82612224:	d53ce106 	mrs	x6, cnthctl_el2
    82612228:	b24004c6 	orr	x6, x6, #0x3
    8261222c:	d51ce106 	msr	cnthctl_el2, x6
    82612230:	d51ce07f 	msr	cntvoff_el2, xzr
    82612234:	d5380006 	mrs	x6, midr_el1
    82612238:	d51c0006 	msr	vpidr_el2, x6
    8261223c:	d53800a6 	mrs	x6, mpidr_el1
    82612240:	d51c00a6 	msr	vmpidr_el2, x6
    82612244:	d2867fe6 	mov	x6, #0x33ff                	// #13311
    82612248:	d51c1146 	msr	cptr_el2, x6
    8261224c:	d51c117f 	msr	hstr_el2, xzr
    82612250:	d2a00606 	mov	x6, #0x300000              	// #3145728
    82612254:	d5181046 	msr	cpacr_el1, x6
    82612258:	580002c6 	ldr	x6, 826122b0 <armv8_el2_to_aarch32+0x8c>
    8261225c:	d5181006 	msr	sctlr_el1, x6
    82612260:	910003e6 	mov	x6, sp
    82612264:	d51c4106 	msr	sp_el1, x6
    82612268:	d53cc006 	mrs	x6, vbar_el2
    8261226c:	d518c006 	msr	vbar_el1, x6
    82612270:	f10000bf 	cmp	x5, #0x0
    82612274:	540000e0 	b.eq	82612290 <armv8_el2_to_aarch32+0x6c>  // b.none
    82612278:	58000206 	ldr	x6, 826122b8 <armv8_el2_to_aarch32+0x94>
    8261227c:	d51c1106 	msr	hcr_el2, x6
    82612280:	58000206 	ldr	x6, 826122c0 <armv8_el2_to_aarch32+0x9c>
    82612284:	d51c4006 	msr	spsr_el2, x6
    82612288:	d51c4024 	msr	elr_el2, x4
    8261228c:	d69f03e0 	eret
    82612290:	580001c6 	ldr	x6, 826122c8 <armv8_el2_to_aarch32+0xa4>
    82612294:	d51c1106 	msr	hcr_el2, x6
    82612298:	580001c6 	ldr	x6, 826122d0 <armv8_el2_to_aarch32+0xac>
    8261229c:	d51c4006 	msr	spsr_el2, x6
    826122a0:	d51c4024 	msr	elr_el2, x4
    826122a4:	d69f03e0 	eret
    826122a8:	00d0deed 	.word	0x00d0deed
    826122ac:	00000000 	.word	0x00000000
    826122b0:	30d00800 	.word	0x30d00800
    826122b4:	00000000 	.word	0x00000000
    826122b8:	a0000000 	.word	0xa0000000
    826122bc:	00000000 	.word	0x00000000
    826122c0:	000003c5 	.word	0x000003c5
    826122c4:	00000000 	.word	0x00000000
    826122c8:	20000000 	.word	0x20000000
    826122cc:	00000000 	.word	0x00000000
    826122d0:	000001d3 	.word	0x000001d3
    826122d4:	00000000 	.word	0x00000000

00000000826122d8 <mmu_setup>:
    826122d8:	a9be7bfd 	stp	x29, x30, [sp, #-32]!
    826122dc:	910003fd 	mov	x29, sp
    826122e0:	a90153f3 	stp	x19, x20, [sp, #16]
    826122e4:	f940b241 	ldr	x1, [x18, #352]
    826122e8:	b50000e1 	cbnz	x1, 82612304 <mmu_setup+0x2c>
    826122ec:	f940aa53 	ldr	x19, [x18, #336]
    826122f0:	f940ae54 	ldr	x20, [x18, #344]
    826122f4:	f900b253 	str	x19, [x18, #352]
    826122f8:	94000e27 	bl	82615b94 <setup_pgtables>
    826122fc:	f900aa53 	str	x19, [x18, #336]
    82612300:	f900ae54 	str	x20, [x18, #344]
    82612304:	d5384253 	mrs	x19, currentel
    82612308:	53027e73 	lsr	w19, w19, #2
    8261230c:	d2800002 	mov	x2, #0x0                   	// #0
    82612310:	2a1303e0 	mov	w0, w19
    82612314:	d2800001 	mov	x1, #0x0                   	// #0
    82612318:	f940aa54 	ldr	x20, [x18, #336]
    8261231c:	94000db8 	bl	826159fc <get_tcr>
    82612320:	d5033f9f 	dsb	sy
    82612324:	d2808001 	mov	x1, #0x400                 	// #1024
    82612328:	7100067f 	cmp	w19, #0x1
    8261232c:	f2a88181 	movk	x1, #0x440c, lsl #16
    82612330:	f2c01fe1 	movk	x1, #0xff, lsl #32
    82612334:	54000281 	b.ne	82612384 <mmu_setup+0xac>  // b.any
    82612338:	d5182014 	msr	ttbr0_el1, x20
    8261233c:	d5182040 	msr	tcr_el1, x0
    82612340:	d518a201 	msr	mair_el1, x1
    82612344:	d5033fdf 	isb
    82612348:	d5384240 	mrs	x0, currentel
    8261234c:	53027c00 	lsr	w0, w0, #2
    82612350:	7100041f 	cmp	w0, #0x1
    82612354:	54000321 	b.ne	826123b8 <mmu_setup+0xe0>  // b.any
    82612358:	d5381000 	mrs	x0, sctlr_el1
    8261235c:	32000000 	orr	w0, w0, #0x1
    82612360:	d5384241 	mrs	x1, currentel
    82612364:	53027c21 	lsr	w1, w1, #2
    82612368:	7100043f 	cmp	w1, #0x1
    8261236c:	54000321 	b.ne	826123d0 <mmu_setup+0xf8>  // b.any
    82612370:	d5181000 	msr	sctlr_el1, x0
    82612374:	d5033fdf 	isb
    82612378:	a94153f3 	ldp	x19, x20, [sp, #16]
    8261237c:	a8c27bfd 	ldp	x29, x30, [sp], #32
    82612380:	d65f03c0 	ret
    82612384:	71000a7f 	cmp	w19, #0x2
    82612388:	540000a1 	b.ne	8261239c <mmu_setup+0xc4>  // b.any
    8261238c:	d51c2014 	msr	ttbr0_el2, x20
    82612390:	d51c2040 	msr	tcr_el2, x0
    82612394:	d51ca201 	msr	mair_el2, x1
    82612398:	17ffffeb 	b	82612344 <mmu_setup+0x6c>
    8261239c:	71000e7f 	cmp	w19, #0x3
    826123a0:	540000a1 	b.ne	826123b4 <mmu_setup+0xdc>  // b.any
    826123a4:	d51e2014 	msr	ttbr0_el3, x20
    826123a8:	d51e2040 	msr	tcr_el3, x0
    826123ac:	d51ea201 	msr	mair_el3, x1
    826123b0:	17ffffe5 	b	82612344 <mmu_setup+0x6c>
    826123b4:	9400274e 	bl	8261c0ec <hang>
    826123b8:	7100081f 	cmp	w0, #0x2
    826123bc:	54000061 	b.ne	826123c8 <mmu_setup+0xf0>  // b.any
    826123c0:	d53c1000 	mrs	x0, sctlr_el2
    826123c4:	17ffffe6 	b	8261235c <mmu_setup+0x84>
    826123c8:	d53e1000 	mrs	x0, sctlr_el3
    826123cc:	17ffffe4 	b	8261235c <mmu_setup+0x84>
    826123d0:	7100083f 	cmp	w1, #0x2
    826123d4:	54000061 	b.ne	826123e0 <mmu_setup+0x108>  // b.any
    826123d8:	d51c1000 	msr	sctlr_el2, x0
    826123dc:	17ffffe6 	b	82612374 <mmu_setup+0x9c>
    826123e0:	d51e1000 	msr	sctlr_el3, x0
    826123e4:	17ffffe4 	b	82612374 <mmu_setup+0x9c>

00000000826123e8 <enable_caches>:
    826123e8:	a9bf7bfd 	stp	x29, x30, [sp, #-16]!
    826123ec:	910003fd 	mov	x29, sp
    826123f0:	94000f08 	bl	82616010 <icache_enable>
    826123f4:	a8c17bfd 	ldp	x29, x30, [sp], #16
    826123f8:	14000e4d 	b	82615d2c <dcache_enable>

00000000826123fc <__stack_chk_fail>:
    826123fc:	a9bf7bfd 	stp	x29, x30, [sp, #-16]!
    82612400:	d50320ff 	xpaclri
    82612404:	d0000080 	adrp	x0, 82624000 <blk_find_max_devnum+0x3c>
    82612408:	910003fd 	mov	x29, sp
    8261240c:	f9404e42 	ldr	x2, [x18, #152]
    82612410:	aa1e03e1 	mov	x1, x30
    82612414:	9131a800 	add	x0, x0, #0xc6a
    82612418:	cb0203c2 	sub	x2, x30, x2
    8261241c:	9400284b 	bl	8261c548 <panic>

0000000082612420 <bcm_setsw>:
    82612420:	a9bf7bfd 	stp	x29, x30, [sp, #-16]!
    82612424:	528a6e42 	mov	w2, #0x5372                	// #21362
    82612428:	52800061 	mov	w1, #0x3                   	// #3
    8261242c:	910003fd 	mov	x29, sp
    82612430:	52800000 	mov	w0, #0x0                   	// #0
    82612434:	94000be2 	bl	826153bc <swr_write>
    82612438:	52960002 	mov	w2, #0xb000                	// #45056
    8261243c:	528000c1 	mov	w1, #0x6                   	// #6
    82612440:	52800000 	mov	w0, #0x0                   	// #0
    82612444:	94000bde 	bl	826153bc <swr_write>
    82612448:	52800522 	mov	w2, #0x29                  	// #41
    8261244c:	528000e1 	mov	w1, #0x7                   	// #7
    82612450:	52800000 	mov	w0, #0x0                   	// #0
    82612454:	94000bda 	bl	826153bc <swr_write>
    82612458:	528a6e02 	mov	w2, #0x5370                	// #21360
    8261245c:	52800061 	mov	w1, #0x3                   	// #3
    82612460:	52800020 	mov	w0, #0x1                   	// #1
    82612464:	94000bd6 	bl	826153bc <swr_write>
    82612468:	52800522 	mov	w2, #0x29                  	// #41
    8261246c:	528000e1 	mov	w1, #0x7                   	// #7
    82612470:	52800020 	mov	w0, #0x1                   	// #1
    82612474:	94000bd2 	bl	826153bc <swr_write>
    82612478:	528a6e02 	mov	w2, #0x5370                	// #21360
    8261247c:	52800061 	mov	w1, #0x3                   	// #3
    82612480:	52800040 	mov	w0, #0x2                   	// #2
    82612484:	94000bce 	bl	826153bc <swr_write>
    82612488:	52800522 	mov	w2, #0x29                  	// #41
    8261248c:	528000e1 	mov	w1, #0x7                   	// #7
    82612490:	52800040 	mov	w0, #0x2                   	// #2
    82612494:	94000bca 	bl	826153bc <swr_write>
    82612498:	52800061 	mov	w1, #0x3                   	// #3
    8261249c:	528a6e02 	mov	w2, #0x5370                	// #21360
    826124a0:	2a0103e0 	mov	w0, w1
    826124a4:	94000bc6 	bl	826153bc <swr_write>
    826124a8:	a8c17bfd 	ldp	x29, x30, [sp], #16
    826124ac:	52800522 	mov	w2, #0x29                  	// #41
    826124b0:	528000e1 	mov	w1, #0x7                   	// #7
    826124b4:	52800060 	mov	w0, #0x3                   	// #3
    826124b8:	14000bc1 	b	826153bc <swr_write>

00000000826124bc <bcmbca_enable_memc_sram>:
    826124bc:	d1400422 	sub	x2, x1, #0x1, lsl #12
    826124c0:	f1403c5f 	cmp	x2, #0xf, lsl #12
    826124c4:	540002a8 	b.hi	82612518 <bcmbca_enable_memc_sram+0x5c>  // b.pmore
    826124c8:	d2b00302 	mov	x2, #0x80180000            	// #2149056512
    826124cc:	d3609c03 	ubfx	x3, x0, #32, #8
    826124d0:	d34dfc21 	lsr	x1, x1, #13
    826124d4:	b9002443 	str	w3, [x2, #36]
    826124d8:	12144c02 	and	w2, w0, #0xfffff000
    826124dc:	b4000241 	cbz	x1, 82612524 <bcmbca_enable_memc_sram+0x68>
    826124e0:	53040c23 	lsl	w3, w1, #28
    826124e4:	7202047f 	tst	w3, #0xc0000000
    826124e8:	540001a1 	b.ne	8261251c <bcmbca_enable_memc_sram+0x60>  // b.any
    826124ec:	53020423 	lsl	w3, w1, #30
    826124f0:	52800040 	mov	w0, #0x2                   	// #2
    826124f4:	2a2303e3 	mvn	w3, w3
    826124f8:	4b437c00 	sub	w0, w0, w3, lsr #31
    826124fc:	d2b00301 	mov	x1, #0x80180000            	// #2149056512
    82612500:	2a001040 	orr	w0, w2, w0, lsl #4
    82612504:	b9002020 	str	w0, [x1, #32]
    82612508:	b9402020 	ldr	w0, [x1, #32]
    8261250c:	321f0000 	orr	w0, w0, #0x2
    82612510:	b9002020 	str	w0, [x1, #32]
    82612514:	b9402020 	ldr	w0, [x1, #32]
    82612518:	d65f03c0 	ret
    8261251c:	52800080 	mov	w0, #0x4                   	// #4
    82612520:	17fffff5 	b	826124f4 <bcmbca_enable_memc_sram+0x38>
    82612524:	52800000 	mov	w0, #0x0                   	// #0
    82612528:	17fffff5 	b	826124fc <bcmbca_enable_memc_sram+0x40>

000000008261252c <bcmbca_disable_memc_sram>:
    8261252c:	d2b00300 	mov	x0, #0x80180000            	// #2149056512
    82612530:	b900201f 	str	wzr, [x0, #32]
    82612534:	b9402000 	ldr	w0, [x0, #32]
    82612538:	d65f03c0 	ret

000000008261253c <arch_cpu_init>:
    8261253c:	a9bf7bfd 	stp	x29, x30, [sp, #-16]!
    82612540:	910003fd 	mov	x29, sp
    82612544:	97fffffa 	bl	8261252c <bcmbca_disable_memc_sram>
    82612548:	94000c0f 	bl	82615584 <spl_ddrinit_prepare>
    8261254c:	d5384240 	mrs	x0, currentel
    82612550:	53027c00 	lsr	w0, w0, #2
    82612554:	7100041f 	cmp	w0, #0x1
    82612558:	54000181 	b.ne	82612588 <arch_cpu_init+0x4c>  // b.any
    8261255c:	d5381000 	mrs	x0, sctlr_el1
    82612560:	121e7800 	and	w0, w0, #0xfffffffd
    82612564:	d5384241 	mrs	x1, currentel
    82612568:	53027c21 	lsr	w1, w1, #2
    8261256c:	7100043f 	cmp	w1, #0x1
    82612570:	54000181 	b.ne	826125a0 <arch_cpu_init+0x64>  // b.any
    82612574:	d5181000 	msr	sctlr_el1, x0
    82612578:	d5033fdf 	isb
    8261257c:	52800000 	mov	w0, #0x0                   	// #0
    82612580:	a8c17bfd 	ldp	x29, x30, [sp], #16
    82612584:	d65f03c0 	ret
    82612588:	7100081f 	cmp	w0, #0x2
    8261258c:	54000061 	b.ne	82612598 <arch_cpu_init+0x5c>  // b.any
    82612590:	d53c1000 	mrs	x0, sctlr_el2
    82612594:	17fffff3 	b	82612560 <arch_cpu_init+0x24>
    82612598:	d53e1000 	mrs	x0, sctlr_el3
    8261259c:	17fffff1 	b	82612560 <arch_cpu_init+0x24>
    826125a0:	7100083f 	cmp	w1, #0x2
    826125a4:	54000061 	b.ne	826125b0 <arch_cpu_init+0x74>  // b.any
    826125a8:	d51c1000 	msr	sctlr_el2, x0
    826125ac:	17fffff3 	b	82612578 <arch_cpu_init+0x3c>
    826125b0:	d51e1000 	msr	sctlr_el3, x0
    826125b4:	17fffff1 	b	82612578 <arch_cpu_init+0x3c>

00000000826125b8 <pmc_1_x_unmap>:
    826125b8:	d65f03c0 	ret

00000000826125bc <dt_parse_1_x>:
    826125bc:	a9ba7bfd 	stp	x29, x30, [sp, #-96]!
    826125c0:	910003fd 	mov	x29, sp
    826125c4:	a90153f3 	stp	x19, x20, [sp, #16]
    826125c8:	b00000b3 	adrp	x19, 82627000 <multipliers+0x16ba>
    826125cc:	aa0003f4 	mov	x20, x0
    826125d0:	b00000a0 	adrp	x0, 82627000 <multipliers+0x16ba>
    826125d4:	f9421c01 	ldr	x1, [x0, #1080]
    826125d8:	f9002fe1 	str	x1, [sp, #88]
    826125dc:	d2800001 	mov	x1, #0x0                   	// #0
    826125e0:	f9429661 	ldr	x1, [x19, #1320]
    826125e4:	90000000 	adrp	x0, 82612000 <_start>
    826125e8:	9116e000 	add	x0, x0, #0x5b8
    826125ec:	910083e2 	add	x2, sp, #0x20
    826125f0:	f9001820 	str	x0, [x1, #48]
    826125f4:	f0000081 	adrp	x1, 82625000 <_ctype+0x35c>
    826125f8:	91094821 	add	x1, x1, #0x252
    826125fc:	f9401680 	ldr	x0, [x20, #40]
    82612600:	9400357e 	bl	8261fbf8 <ofnode_read_resource_byname>
    82612604:	35000120 	cbnz	w0, 82612628 <dt_parse_1_x+0x6c>
    82612608:	f9429660 	ldr	x0, [x19, #1320]
    8261260c:	f94013e1 	ldr	x1, [sp, #32]
    82612610:	f9000001 	str	x1, [x0]
    82612614:	f9429660 	ldr	x0, [x19, #1320]
    82612618:	f9400000 	ldr	x0, [x0]
    8261261c:	b140041f 	cmn	x0, #0x1, lsl #12
    82612620:	54000129 	b.ls	82612644 <dt_parse_1_x+0x88>  // b.plast
    82612624:	128000a0 	mov	w0, #0xfffffffa            	// #-6
    82612628:	b00000a1 	adrp	x1, 82627000 <multipliers+0x16ba>
    8261262c:	f9402fe2 	ldr	x2, [sp, #88]
    82612630:	f9421c23 	ldr	x3, [x1, #1080]
    82612634:	eb030042 	subs	x2, x2, x3
    82612638:	d2800003 	mov	x3, #0x0                   	// #0
    8261263c:	54000240 	b.eq	82612684 <dt_parse_1_x+0xc8>  // b.none
    82612640:	97ffff6f 	bl	826123fc <__stack_chk_fail>
    82612644:	f9401680 	ldr	x0, [x20, #40]
    82612648:	f0000081 	adrp	x1, 82625000 <_ctype+0x35c>
    8261264c:	910083e2 	add	x2, sp, #0x20
    82612650:	91095821 	add	x1, x1, #0x256
    82612654:	94003569 	bl	8261fbf8 <ofnode_read_resource_byname>
    82612658:	35fffe80 	cbnz	w0, 82612628 <dt_parse_1_x+0x6c>
    8261265c:	f9429661 	ldr	x1, [x19, #1320]
    82612660:	f94013e2 	ldr	x2, [sp, #32]
    82612664:	f9000422 	str	x2, [x1, #8]
    82612668:	b140045f 	cmn	x2, #0x1, lsl #12
    8261266c:	54fffdc8 	b.hi	82612624 <dt_parse_1_x+0x68>  // b.pmore
    82612670:	d284c002 	mov	x2, #0x2600                	// #9728
    82612674:	f2bff002 	movk	x2, #0xff80, lsl #16
    82612678:	b9400042 	ldr	w2, [x2]
    8261267c:	b9003822 	str	w2, [x1, #56]
    82612680:	17ffffea 	b	82612628 <dt_parse_1_x+0x6c>
    82612684:	a94153f3 	ldp	x19, x20, [sp, #16]
    82612688:	a8c67bfd 	ldp	x29, x30, [sp], #96
    8261268c:	d65f03c0 	ret

0000000082612690 <dt_parse_lite>:
    82612690:	a9ba7bfd 	stp	x29, x30, [sp, #-96]!
    82612694:	b00000a1 	adrp	x1, 82627000 <multipliers+0x16ba>
    82612698:	910003fd 	mov	x29, sp
    8261269c:	f9000bf3 	str	x19, [sp, #16]
    826126a0:	b00000b3 	adrp	x19, 82627000 <multipliers+0x16ba>
    826126a4:	f9421c22 	ldr	x2, [x1, #1080]
    826126a8:	f9002fe2 	str	x2, [sp, #88]
    826126ac:	d2800002 	mov	x2, #0x0                   	// #0
    826126b0:	90000001 	adrp	x1, 82612000 <_start>
    826126b4:	f9429662 	ldr	x2, [x19, #1320]
    826126b8:	9120f021 	add	x1, x1, #0x83c
    826126bc:	f9001841 	str	x1, [x2, #48]
    826126c0:	f0000081 	adrp	x1, 82625000 <_ctype+0x35c>
    826126c4:	910083e2 	add	x2, sp, #0x20
    826126c8:	91094821 	add	x1, x1, #0x252
    826126cc:	f9401400 	ldr	x0, [x0, #40]
    826126d0:	9400354a 	bl	8261fbf8 <ofnode_read_resource_byname>
    826126d4:	35000120 	cbnz	w0, 826126f8 <dt_parse_lite+0x68>
    826126d8:	f9429660 	ldr	x0, [x19, #1320]
    826126dc:	f94013e1 	ldr	x1, [sp, #32]
    826126e0:	f9000001 	str	x1, [x0]
    826126e4:	f9429660 	ldr	x0, [x19, #1320]
    826126e8:	f9400000 	ldr	x0, [x0]
    826126ec:	b13ffc1f 	cmn	x0, #0xfff
    826126f0:	128000a0 	mov	w0, #0xfffffffa            	// #-6
    826126f4:	1a8033e0 	csel	w0, wzr, w0, cc  // cc = lo, ul, last
    826126f8:	b00000a1 	adrp	x1, 82627000 <multipliers+0x16ba>
    826126fc:	f9402fe2 	ldr	x2, [sp, #88]
    82612700:	f9421c23 	ldr	x3, [x1, #1080]
    82612704:	eb030042 	subs	x2, x2, x3
    82612708:	d2800003 	mov	x3, #0x0                   	// #0
    8261270c:	54000040 	b.eq	82612714 <dt_parse_lite+0x84>  // b.none
    82612710:	97ffff3b 	bl	826123fc <__stack_chk_fail>
    82612714:	f9400bf3 	ldr	x19, [sp, #16]
    82612718:	a8c67bfd 	ldp	x29, x30, [sp], #96
    8261271c:	d65f03c0 	ret

0000000082612720 <dt_parse_3_x>:
    82612720:	a9b97bfd 	stp	x29, x30, [sp, #-112]!
    82612724:	910003fd 	mov	x29, sp
    82612728:	a90153f3 	stp	x19, x20, [sp, #16]
    8261272c:	aa0003f4 	mov	x20, x0
    82612730:	b00000a0 	adrp	x0, 82627000 <multipliers+0x16ba>
    82612734:	f90013f5 	str	x21, [sp, #32]
    82612738:	b00000b5 	adrp	x21, 82627000 <multipliers+0x16ba>
    8261273c:	9100c3e2 	add	x2, sp, #0x30
    82612740:	f9421c01 	ldr	x1, [x0, #1080]
    82612744:	f90037e1 	str	x1, [sp, #104]
    82612748:	d2800001 	mov	x1, #0x0                   	// #0
    8261274c:	90000000 	adrp	x0, 82612000 <_start>
    82612750:	f94296a1 	ldr	x1, [x21, #1320]
    82612754:	91210000 	add	x0, x0, #0x840
    82612758:	f9001820 	str	x0, [x1, #48]
    8261275c:	f0000081 	adrp	x1, 82625000 <_ctype+0x35c>
    82612760:	91094821 	add	x1, x1, #0x252
    82612764:	f9401680 	ldr	x0, [x20, #40]
    82612768:	94003524 	bl	8261fbf8 <ofnode_read_resource_byname>
    8261276c:	2a0003f3 	mov	w19, w0
    82612770:	35000120 	cbnz	w0, 82612794 <dt_parse_3_x+0x74>
    82612774:	f94296a0 	ldr	x0, [x21, #1320]
    82612778:	f9401be1 	ldr	x1, [sp, #48]
    8261277c:	f9000001 	str	x1, [x0]
    82612780:	f94296a0 	ldr	x0, [x21, #1320]
    82612784:	f9400000 	ldr	x0, [x0]
    82612788:	b140041f 	cmn	x0, #0x1, lsl #12
    8261278c:	54000129 	b.ls	826127b0 <dt_parse_3_x+0x90>  // b.plast
    82612790:	128000b3 	mov	w19, #0xfffffffa            	// #-6
    82612794:	b00000a0 	adrp	x0, 82627000 <multipliers+0x16ba>
    82612798:	f94037e1 	ldr	x1, [sp, #104]
    8261279c:	f9421c02 	ldr	x2, [x0, #1080]
    826127a0:	eb020021 	subs	x1, x1, x2
    826127a4:	d2800002 	mov	x2, #0x0                   	// #0
    826127a8:	54000400 	b.eq	82612828 <dt_parse_3_x+0x108>  // b.none
    826127ac:	97ffff14 	bl	826123fc <__stack_chk_fail>
    826127b0:	f9401680 	ldr	x0, [x20, #40]
    826127b4:	9100c3e2 	add	x2, sp, #0x30
    826127b8:	f0000081 	adrp	x1, 82625000 <_ctype+0x35c>
    826127bc:	91095821 	add	x1, x1, #0x256
    826127c0:	9400350e 	bl	8261fbf8 <ofnode_read_resource_byname>
    826127c4:	2a0003f3 	mov	w19, w0
    826127c8:	35fffe60 	cbnz	w0, 82612794 <dt_parse_3_x+0x74>
    826127cc:	f94296a1 	ldr	x1, [x21, #1320]
    826127d0:	f9401be0 	ldr	x0, [sp, #48]
    826127d4:	f9000420 	str	x0, [x1, #8]
    826127d8:	b140041f 	cmn	x0, #0x1, lsl #12
    826127dc:	54fffda8 	b.hi	82612790 <dt_parse_3_x+0x70>  // b.pmore
    826127e0:	f9401680 	ldr	x0, [x20, #40]
    826127e4:	9100c3e2 	add	x2, sp, #0x30
    826127e8:	f0000081 	adrp	x1, 82625000 <_ctype+0x35c>
    826127ec:	91097821 	add	x1, x1, #0x25e
    826127f0:	94003502 	bl	8261fbf8 <ofnode_read_resource_byname>
    826127f4:	2a0003f3 	mov	w19, w0
    826127f8:	35fffce0 	cbnz	w0, 82612794 <dt_parse_3_x+0x74>
    826127fc:	f94296b5 	ldr	x21, [x21, #1320]
    82612800:	f9401be0 	ldr	x0, [sp, #48]
    82612804:	f9000aa0 	str	x0, [x21, #16]
    82612808:	b140041f 	cmn	x0, #0x1, lsl #12
    8261280c:	54fffc28 	b.hi	82612790 <dt_parse_3_x+0x70>  // b.pmore
    82612810:	f9401680 	ldr	x0, [x20, #40]
    82612814:	f0000081 	adrp	x1, 82625000 <_ctype+0x35c>
    82612818:	91099821 	add	x1, x1, #0x266
    8261281c:	940034c9 	bl	8261fb40 <ofnode_read_bool>
    82612820:	3900f2a0 	strb	w0, [x21, #60]
    82612824:	17ffffdc 	b	82612794 <dt_parse_3_x+0x74>
    82612828:	2a1303e0 	mov	w0, w19
    8261282c:	a94153f3 	ldp	x19, x20, [sp, #16]
    82612830:	f94013f5 	ldr	x21, [sp, #32]
    82612834:	a8c77bfd 	ldp	x29, x30, [sp], #112
    82612838:	d65f03c0 	ret

000000008261283c <pmc_lite_unmap>:
    8261283c:	d65f03c0 	ret

0000000082612840 <pmc_3_x_unmap>:
    82612840:	d65f03c0 	ret
    82612844:	12800020 	mov	w0, #0xfffffffe            	// #-2
    82612848:	d65f03c0 	ret

000000008261284c <otp_hw_cmn_init>:
    8261284c:	a9be7bfd 	stp	x29, x30, [sp, #-32]!
    82612850:	910003fd 	mov	x29, sp
    82612854:	f9000bf3 	str	x19, [sp, #16]
    82612858:	aa0003f3 	mov	x19, x0
    8261285c:	940003eb 	bl	82613808 <otp_hw_init>
    82612860:	35000260 	cbnz	w0, 826128ac <otp_hw_cmn_init+0x60>
    82612864:	b0000001 	adrp	x1, 82613000 <otp_map_cmn_ctl+0x60>
    82612868:	9108c021 	add	x1, x1, #0x230
    8261286c:	f9002a61 	str	x1, [x19, #80]
    82612870:	b0000001 	adrp	x1, 82613000 <otp_map_cmn_ctl+0x60>
    82612874:	9107f021 	add	x1, x1, #0x1fc
    82612878:	f9002e61 	str	x1, [x19, #88]
    8261287c:	b0000001 	adrp	x1, 82613000 <otp_map_cmn_ctl+0x60>
    82612880:	9119e021 	add	x1, x1, #0x678
    82612884:	f9003261 	str	x1, [x19, #96]
    82612888:	b0000001 	adrp	x1, 82613000 <otp_map_cmn_ctl+0x60>
    8261288c:	91153021 	add	x1, x1, #0x54c
    82612890:	f9003661 	str	x1, [x19, #104]
    82612894:	b0000001 	adrp	x1, 82613000 <otp_map_cmn_ctl+0x60>
    82612898:	91126021 	add	x1, x1, #0x498
    8261289c:	f9003a61 	str	x1, [x19, #112]
    826128a0:	f9400bf3 	ldr	x19, [sp, #16]
    826128a4:	a8c27bfd 	ldp	x29, x30, [sp], #32
    826128a8:	d65f03c0 	ret
    826128ac:	12800000 	mov	w0, #0xffffffff            	// #-1
    826128b0:	17fffffc 	b	826128a0 <otp_hw_cmn_init+0x54>
    826128b4:	12800020 	mov	w0, #0xfffffffe            	// #-2
    826128b8:	d65f03c0 	ret

00000000826128bc <sotp_hw_cmn_init>:
    826128bc:	a9be7bfd 	stp	x29, x30, [sp, #-32]!
    826128c0:	910003fd 	mov	x29, sp
    826128c4:	f9000bf3 	str	x19, [sp, #16]
    826128c8:	aa0003f3 	mov	x19, x0
    826128cc:	94000990 	bl	82614f0c <sotp_hw_init>
    826128d0:	35000260 	cbnz	w0, 8261291c <sotp_hw_cmn_init+0x60>
    826128d4:	d0000001 	adrp	x1, 82614000 <sotpReadNonEccRow+0x54>
    826128d8:	91147021 	add	x1, x1, #0x51c
    826128dc:	f9003661 	str	x1, [x19, #104]
    826128e0:	b0000001 	adrp	x1, 82613000 <otp_map_cmn_ctl+0x60>
    826128e4:	91212021 	add	x1, x1, #0x848
    826128e8:	f9002e61 	str	x1, [x19, #88]
    826128ec:	b0000001 	adrp	x1, 82613000 <otp_map_cmn_ctl+0x60>
    826128f0:	913b8021 	add	x1, x1, #0xee0
    826128f4:	f9003261 	str	x1, [x19, #96]
    826128f8:	b0000001 	adrp	x1, 82613000 <otp_map_cmn_ctl+0x60>
    826128fc:	91248021 	add	x1, x1, #0x920
    82612900:	f9002a61 	str	x1, [x19, #80]
    82612904:	d0000001 	adrp	x1, 82614000 <sotpReadNonEccRow+0x54>
    82612908:	912d5021 	add	x1, x1, #0xb54
    8261290c:	f9003a61 	str	x1, [x19, #112]
    82612910:	f9400bf3 	ldr	x19, [sp, #16]
    82612914:	a8c27bfd 	ldp	x29, x30, [sp], #32
    82612918:	d65f03c0 	ret
    8261291c:	12800000 	mov	w0, #0xffffffff            	// #-1
    82612920:	17fffffc 	b	82612910 <sotp_hw_cmn_init+0x54>

0000000082612924 <bcm_otp_init>:
    82612924:	a9bc7bfd 	stp	x29, x30, [sp, #-64]!
    82612928:	b00000a0 	adrp	x0, 82627000 <multipliers+0x16ba>
    8261292c:	910003fd 	mov	x29, sp
    82612930:	f9417401 	ldr	x1, [x0, #744]
    82612934:	a90153f3 	stp	x19, x20, [sp, #16]
    82612938:	a9025bf5 	stp	x21, x22, [sp, #32]
    8261293c:	a90363f7 	stp	x23, x24, [sp, #48]
    82612940:	b40001a1 	cbz	x1, 82612974 <bcm_otp_init+0x50>
    82612944:	12800014 	mov	w20, #0xffffffff            	// #-1
    82612948:	d0000081 	adrp	x1, 82624000 <blk_find_max_devnum+0x3c>
    8261294c:	d0000080 	adrp	x0, 82624000 <blk_find_max_devnum+0x3c>
    82612950:	912d9821 	add	x1, x1, #0xb66
    82612954:	913bd400 	add	x0, x0, #0xef5
    82612958:	94002b7b 	bl	8261d744 <printf>
    8261295c:	2a1403e0 	mov	w0, w20
    82612960:	a94153f3 	ldp	x19, x20, [sp, #16]
    82612964:	a9425bf5 	ldp	x21, x22, [sp, #32]
    82612968:	a94363f7 	ldp	x23, x24, [sp, #48]
    8261296c:	a8c47bfd 	ldp	x29, x30, [sp], #64
    82612970:	d65f03c0 	ret
    82612974:	910ba013 	add	x19, x0, #0x2e8
    82612978:	d2802602 	mov	x2, #0x130                 	// #304
    8261297c:	91002275 	add	x21, x19, #0x8
    82612980:	52800001 	mov	w1, #0x0                   	// #0
    82612984:	aa0003f7 	mov	x23, x0
    82612988:	9104e276 	add	x22, x19, #0x138
    8261298c:	aa1503e0 	mov	x0, x21
    82612990:	94002643 	bl	8261c29c <memset>
    82612994:	d2800202 	mov	x2, #0x10                  	// #16
    82612998:	52800001 	mov	w1, #0x0                   	// #0
    8261299c:	aa1603e0 	mov	x0, x22
    826129a0:	9400263f 	bl	8261c29c <memset>
    826129a4:	aa1503e0 	mov	x0, x21
    826129a8:	d2800002 	mov	x2, #0x0                   	// #0
    826129ac:	90000001 	adrp	x1, 82612000 <_start>
    826129b0:	91213021 	add	x1, x1, #0x84c
    826129b4:	940001d2 	bl	826130fc <otp_map_cmn_init>
    826129b8:	2a0003f4 	mov	w20, w0
    826129bc:	340000e0 	cbz	w0, 826129d8 <bcm_otp_init+0xb4>
    826129c0:	d0000081 	adrp	x1, 82624000 <blk_find_max_devnum+0x3c>
    826129c4:	d0000080 	adrp	x0, 82624000 <blk_find_max_devnum+0x3c>
    826129c8:	912d9821 	add	x1, x1, #0xb66
    826129cc:	913c6000 	add	x0, x0, #0xf18
    826129d0:	94002b5d 	bl	8261d744 <printf>
    826129d4:	17ffffe2 	b	8261295c <bcm_otp_init+0x38>
    826129d8:	f9009e75 	str	x21, [x19, #312]
    826129dc:	91028278 	add	x24, x19, #0xa0
    826129e0:	aa1503e2 	mov	x2, x21
    826129e4:	aa1803e0 	mov	x0, x24
    826129e8:	90000001 	adrp	x1, 82612000 <_start>
    826129ec:	9122f021 	add	x1, x1, #0x8bc
    826129f0:	940001c3 	bl	826130fc <otp_map_cmn_init>
    826129f4:	2a0003f5 	mov	w21, w0
    826129f8:	340001c0 	cbz	w0, 82612a30 <bcm_otp_init+0x10c>
    826129fc:	3100081f 	cmn	w0, #0x2
    82612a00:	54000100 	b.eq	82612a20 <bcm_otp_init+0xfc>  // b.none
    82612a04:	d0000081 	adrp	x1, 82624000 <blk_find_max_devnum+0x3c>
    82612a08:	d0000080 	adrp	x0, 82624000 <blk_find_max_devnum+0x3c>
    82612a0c:	912d9821 	add	x1, x1, #0xb66
    82612a10:	913d1000 	add	x0, x0, #0xf44
    82612a14:	2a1503f4 	mov	w20, w21
    82612a18:	94002b4b 	bl	8261d744 <printf>
    82612a1c:	17ffffd0 	b	8261295c <bcm_otp_init+0x38>
    82612a20:	f90006df 	str	xzr, [x22, #8]
    82612a24:	9104e273 	add	x19, x19, #0x138
    82612a28:	f90176f3 	str	x19, [x23, #744]
    82612a2c:	17ffffcc 	b	8261295c <bcm_otp_init+0x38>
    82612a30:	f90006d8 	str	x24, [x22, #8]
    82612a34:	17fffffc 	b	82612a24 <bcm_otp_init+0x100>

0000000082612a38 <bcm_otp_deinit>:
    82612a38:	a9be7bfd 	stp	x29, x30, [sp, #-32]!
    82612a3c:	910003fd 	mov	x29, sp
    82612a40:	a90153f3 	stp	x19, x20, [sp, #16]
    82612a44:	b00000b4 	adrp	x20, 82627000 <multipliers+0x16ba>
    82612a48:	f9417680 	ldr	x0, [x20, #744]
    82612a4c:	b40002a0 	cbz	x0, 82612aa0 <bcm_otp_deinit+0x68>
    82612a50:	f9400000 	ldr	x0, [x0]
    82612a54:	b4000220 	cbz	x0, 82612a98 <bcm_otp_deinit+0x60>
    82612a58:	9400018d 	bl	8261308c <otp_map_cmn_deinit>
    82612a5c:	2a0003f3 	mov	w19, w0
    82612a60:	f9417680 	ldr	x0, [x20, #744]
    82612a64:	f9400400 	ldr	x0, [x0, #8]
    82612a68:	b4000060 	cbz	x0, 82612a74 <bcm_otp_deinit+0x3c>
    82612a6c:	94000188 	bl	8261308c <otp_map_cmn_deinit>
    82612a70:	2a0003f3 	mov	w19, w0
    82612a74:	f9417680 	ldr	x0, [x20, #744]
    82612a78:	d2800202 	mov	x2, #0x10                  	// #16
    82612a7c:	52800001 	mov	w1, #0x0                   	// #0
    82612a80:	94002607 	bl	8261c29c <memset>
    82612a84:	f901769f 	str	xzr, [x20, #744]
    82612a88:	2a1303e0 	mov	w0, w19
    82612a8c:	a94153f3 	ldp	x19, x20, [sp, #16]
    82612a90:	a8c27bfd 	ldp	x29, x30, [sp], #32
    82612a94:	d65f03c0 	ret
    82612a98:	52800013 	mov	w19, #0x0                   	// #0
    82612a9c:	17fffff1 	b	82612a60 <bcm_otp_deinit+0x28>
    82612aa0:	52800013 	mov	w19, #0x0                   	// #0
    82612aa4:	17fffff9 	b	82612a88 <bcm_otp_deinit+0x50>

0000000082612aa8 <bcm_otp>:
    82612aa8:	2a0003e1 	mov	w1, w0
    82612aac:	7100041f 	cmp	w0, #0x1
    82612ab0:	540000c8 	b.hi	82612ac8 <bcm_otp+0x20>  // b.pmore
    82612ab4:	b00000a0 	adrp	x0, 82627000 <multipliers+0x16ba>
    82612ab8:	f9417400 	ldr	x0, [x0, #744]
    82612abc:	b4000040 	cbz	x0, 82612ac4 <bcm_otp+0x1c>
    82612ac0:	f8615800 	ldr	x0, [x0, w1, uxtw #3]
    82612ac4:	d65f03c0 	ret
    82612ac8:	d2800000 	mov	x0, #0x0                   	// #0
    82612acc:	17fffffe 	b	82612ac4 <bcm_otp+0x1c>

0000000082612ad0 <_get_map>:
    82612ad0:	7100001f 	cmp	w0, #0x0
    82612ad4:	7a57c804 	ccmp	w0, #0x17, #0x4, gt
    82612ad8:	540000c0 	b.eq	82612af0 <_get_map+0x20>  // b.none
    82612adc:	7100a81f 	cmp	w0, #0x2a
    82612ae0:	5400008c 	b.gt	82612af0 <_get_map+0x20>
    82612ae4:	7100581f 	cmp	w0, #0x16
    82612ae8:	1a9f97e0 	cset	w0, hi  // hi = pmore
    82612aec:	17ffffef 	b	82612aa8 <bcm_otp>
    82612af0:	d2800000 	mov	x0, #0x0                   	// #0
    82612af4:	d65f03c0 	ret

0000000082612af8 <bcm_otp_read>:
    82612af8:	a9bf7bfd 	stp	x29, x30, [sp, #-16]!
    82612afc:	2a0003e5 	mov	w5, w0
    82612b00:	aa0103e6 	mov	x6, x1
    82612b04:	910003fd 	mov	x29, sp
    82612b08:	97fffff2 	bl	82612ad0 <_get_map>
    82612b0c:	b4000100 	cbz	x0, 82612b2c <bcm_otp_read+0x34>
    82612b10:	a8c17bfd 	ldp	x29, x30, [sp], #16
    82612b14:	aa0203e3 	mov	x3, x2
    82612b18:	f9404404 	ldr	x4, [x0, #136]
    82612b1c:	aa0603e2 	mov	x2, x6
    82612b20:	2a0503e1 	mov	w1, w5
    82612b24:	aa0403f0 	mov	x16, x4
    82612b28:	d61f0200 	br	x16
    82612b2c:	12800020 	mov	w0, #0xfffffffe            	// #-2
    82612b30:	a8c17bfd 	ldp	x29, x30, [sp], #16
    82612b34:	d65f03c0 	ret

0000000082612b38 <bcm_otp_ctl>:
    82612b38:	a9bf7bfd 	stp	x29, x30, [sp, #-16]!
    82612b3c:	aa0103e4 	mov	x4, x1
    82612b40:	910003fd 	mov	x29, sp
    82612b44:	97ffffd9 	bl	82612aa8 <bcm_otp>
    82612b48:	b40000c0 	cbz	x0, 82612b60 <bcm_otp_ctl+0x28>
    82612b4c:	a8c17bfd 	ldp	x29, x30, [sp], #16
    82612b50:	aa0403e1 	mov	x1, x4
    82612b54:	f9404803 	ldr	x3, [x0, #144]
    82612b58:	aa0303f0 	mov	x16, x3
    82612b5c:	d61f0200 	br	x16
    82612b60:	12800000 	mov	w0, #0xffffffff            	// #-1
    82612b64:	a8c17bfd 	ldp	x29, x30, [sp], #16
    82612b68:	d65f03c0 	ret

0000000082612b6c <bcm_sotp_ctl_perm>:
    82612b6c:	a9bb7bfd 	stp	x29, x30, [sp, #-80]!
    82612b70:	2a0003e3 	mov	w3, w0
    82612b74:	b00000a0 	adrp	x0, 82627000 <multipliers+0x16ba>
    82612b78:	910003fd 	mov	x29, sp
    82612b7c:	f9000bf3 	str	x19, [sp, #16]
    82612b80:	aa0203f3 	mov	x19, x2
    82612b84:	f9421c02 	ldr	x2, [x0, #1080]
    82612b88:	f90027e2 	str	x2, [sp, #72]
    82612b8c:	d2800002 	mov	x2, #0x0                   	// #0
    82612b90:	9100a3e0 	add	x0, sp, #0x28
    82612b94:	f9001fe0 	str	x0, [sp, #56]
    82612b98:	52800100 	mov	w0, #0x8                   	// #8
    82612b9c:	b90043e0 	str	w0, [sp, #64]
    82612ba0:	b00000a0 	adrp	x0, 82627000 <multipliers+0x16ba>
    82612ba4:	b90027ff 	str	wzr, [sp, #36]
    82612ba8:	f9417400 	ldr	x0, [x0, #744]
    82612bac:	f90017ff 	str	xzr, [sp, #40]
    82612bb0:	b90033e3 	str	w3, [sp, #48]
    82612bb4:	b4000380 	cbz	x0, 82612c24 <bcm_sotp_ctl_perm+0xb8>
    82612bb8:	f9400400 	ldr	x0, [x0, #8]
    82612bbc:	b4000340 	cbz	x0, 82612c24 <bcm_sotp_ctl_perm+0xb8>
    82612bc0:	7100087f 	cmp	w3, #0x2
    82612bc4:	540000c0 	b.eq	82612bdc <bcm_sotp_ctl_perm+0x70>  // b.none
    82612bc8:	7100107f 	cmp	w3, #0x4
    82612bcc:	54000080 	b.eq	82612bdc <bcm_sotp_ctl_perm+0x70>  // b.none
    82612bd0:	7100047f 	cmp	w3, #0x1
    82612bd4:	54000241 	b.ne	82612c1c <bcm_sotp_ctl_perm+0xb0>  // b.any
    82612bd8:	b4000273 	cbz	x19, 82612c24 <bcm_sotp_ctl_perm+0xb8>
    82612bdc:	b9002fe1 	str	w1, [sp, #44]
    82612be0:	910093e2 	add	x2, sp, #0x24
    82612be4:	9100c3e1 	add	x1, sp, #0x30
    82612be8:	f9404803 	ldr	x3, [x0, #144]
    82612bec:	d63f0060 	blr	x3
    82612bf0:	35000080 	cbnz	w0, 82612c00 <bcm_sotp_ctl_perm+0x94>
    82612bf4:	b4000073 	cbz	x19, 82612c00 <bcm_sotp_ctl_perm+0x94>
    82612bf8:	b94027e1 	ldr	w1, [sp, #36]
    82612bfc:	b9000261 	str	w1, [x19]
    82612c00:	b00000a1 	adrp	x1, 82627000 <multipliers+0x16ba>
    82612c04:	f94027e2 	ldr	x2, [sp, #72]
    82612c08:	f9421c23 	ldr	x3, [x1, #1080]
    82612c0c:	eb030042 	subs	x2, x2, x3
    82612c10:	d2800003 	mov	x3, #0x0                   	// #0
    82612c14:	540000c0 	b.eq	82612c2c <bcm_sotp_ctl_perm+0xc0>  // b.none
    82612c18:	97fffdf9 	bl	826123fc <__stack_chk_fail>
    82612c1c:	12800020 	mov	w0, #0xfffffffe            	// #-2
    82612c20:	17fffff8 	b	82612c00 <bcm_sotp_ctl_perm+0x94>
    82612c24:	12800040 	mov	w0, #0xfffffffd            	// #-3
    82612c28:	17fffff6 	b	82612c00 <bcm_sotp_ctl_perm+0x94>
    82612c2c:	f9400bf3 	ldr	x19, [sp, #16]
    82612c30:	a8c57bfd 	ldp	x29, x30, [sp], #80
    82612c34:	d65f03c0 	ret

0000000082612c38 <__get_addr>:
    82612c38:	51000425 	sub	w5, w1, #0x1
    82612c3c:	b9401803 	ldr	w3, [x0, #24]
    82612c40:	f9400804 	ldr	x4, [x0, #16]
    82612c44:	d2800000 	mov	x0, #0x0                   	// #0
    82612c48:	6b00007f 	cmp	w3, w0
    82612c4c:	54000068 	b.hi	82612c58 <__get_addr+0x20>  // b.pmore
    82612c50:	12800020 	mov	w0, #0xfffffffe            	// #-2
    82612c54:	14000009 	b	82612c78 <__get_addr+0x40>
    82612c58:	7100a4bf 	cmp	w5, #0x29
    82612c5c:	54000108 	b.hi	82612c7c <__get_addr+0x44>  // b.pmore
    82612c60:	d37ae406 	lsl	x6, x0, #6
    82612c64:	b8666886 	ldr	w6, [x4, x6]
    82612c68:	6b0100df 	cmp	w6, w1
    82612c6c:	54000081 	b.ne	82612c7c <__get_addr+0x44>  // b.any
    82612c70:	b9000040 	str	w0, [x2]
    82612c74:	52800000 	mov	w0, #0x0                   	// #0
    82612c78:	d65f03c0 	ret
    82612c7c:	91000400 	add	x0, x0, #0x1
    82612c80:	17fffff2 	b	82612c48 <__get_addr+0x10>

0000000082612c84 <otp_map_cmn_read>:
    82612c84:	a9b97bfd 	stp	x29, x30, [sp, #-112]!
    82612c88:	910003fd 	mov	x29, sp
    82612c8c:	a90153f3 	stp	x19, x20, [sp, #16]
    82612c90:	a9025bf5 	stp	x21, x22, [sp, #32]
    82612c94:	aa0203f6 	mov	x22, x2
    82612c98:	aa0303f5 	mov	x21, x3
    82612c9c:	a90363f7 	stp	x23, x24, [sp, #48]
    82612ca0:	b00000a2 	adrp	x2, 82627000 <multipliers+0x16ba>
    82612ca4:	a9046bf9 	stp	x25, x26, [sp, #64]
    82612ca8:	f9002bfb 	str	x27, [sp, #80]
    82612cac:	f9421c43 	ldr	x3, [x2, #1080]
    82612cb0:	f90037e3 	str	x3, [sp, #104]
    82612cb4:	d2800003 	mov	x3, #0x0                   	// #0
    82612cb8:	b90067ff 	str	wzr, [sp, #100]
    82612cbc:	f9400814 	ldr	x20, [x0, #16]
    82612cc0:	b4000936 	cbz	x22, 82612de4 <otp_map_cmn_read+0x160>
    82612cc4:	aa0003f8 	mov	x24, x0
    82612cc8:	910193e2 	add	x2, sp, #0x64
    82612ccc:	97ffffdb 	bl	82612c38 <__get_addr>
    82612cd0:	2a0003f3 	mov	w19, w0
    82612cd4:	350003c0 	cbnz	w0, 82612d4c <otp_map_cmn_read+0xc8>
    82612cd8:	b94067e1 	ldr	w1, [sp, #100]
    82612cdc:	8b011a81 	add	x1, x20, x1, lsl #6
    82612ce0:	b9403820 	ldr	w0, [x1, #56]
    82612ce4:	f9401839 	ldr	x25, [x1, #48]
    82612ce8:	35000240 	cbnz	w0, 82612d30 <otp_map_cmn_read+0xac>
    82612cec:	b9401c20 	ldr	w0, [x1, #28]
    82612cf0:	b940103a 	ldr	w26, [x1, #16]
    82612cf4:	7100041f 	cmp	w0, #0x1
    82612cf8:	54000380 	b.eq	82612d68 <otp_map_cmn_read+0xe4>  // b.none
    82612cfc:	531e775b 	lsl	w27, w26, #2
    82612d00:	5280003a 	mov	w26, #0x1                   	// #1
    82612d04:	d2800017 	mov	x23, #0x0                   	// #0
    82612d08:	b94067e0 	ldr	w0, [sp, #100]
    82612d0c:	8b001a80 	add	x0, x20, x0, lsl #6
    82612d10:	6b17035f 	cmp	w26, w23
    82612d14:	540002e8 	b.hi	82612d70 <otp_map_cmn_read+0xec>  // b.pmore
    82612d18:	b9400800 	ldr	w0, [x0, #8]
    82612d1c:	35000600 	cbnz	w0, 82612ddc <otp_map_cmn_read+0x158>
    82612d20:	b94067e0 	ldr	w0, [sp, #100]
    82612d24:	52800021 	mov	w1, #0x1                   	// #1
    82612d28:	8b001a80 	add	x0, x20, x0, lsl #6
    82612d2c:	b9003801 	str	w1, [x0, #56]
    82612d30:	f90002d9 	str	x25, [x22]
    82612d34:	b40000d5 	cbz	x21, 82612d4c <otp_map_cmn_read+0xc8>
    82612d38:	b94067e0 	ldr	w0, [sp, #100]
    82612d3c:	8b001a94 	add	x20, x20, x0, lsl #6
    82612d40:	b9401280 	ldr	w0, [x20, #16]
    82612d44:	531e7400 	lsl	w0, w0, #2
    82612d48:	b90002a0 	str	w0, [x21]
    82612d4c:	b00000a0 	adrp	x0, 82627000 <multipliers+0x16ba>
    82612d50:	f94037e1 	ldr	x1, [sp, #104]
    82612d54:	f9421c02 	ldr	x2, [x0, #1080]
    82612d58:	eb020021 	subs	x1, x1, x2
    82612d5c:	d2800002 	mov	x2, #0x0                   	// #0
    82612d60:	54000460 	b.eq	82612dec <otp_map_cmn_read+0x168>  // b.none
    82612d64:	97fffda6 	bl	826123fc <__stack_chk_fail>
    82612d68:	5280009b 	mov	w27, #0x4                   	// #4
    82612d6c:	17ffffe6 	b	82612d04 <otp_map_cmn_read+0x80>
    82612d70:	f9402b04 	ldr	x4, [x24, #80]
    82612d74:	8b170b22 	add	x2, x25, x23, lsl #2
    82612d78:	b9400401 	ldr	w1, [x0, #4]
    82612d7c:	2a1b03e3 	mov	w3, w27
    82612d80:	aa1803e0 	mov	x0, x24
    82612d84:	0b170021 	add	w1, w1, w23
    82612d88:	910006f7 	add	x23, x23, #0x1
    82612d8c:	d63f0080 	blr	x4
    82612d90:	34fffbc0 	cbz	w0, 82612d08 <otp_map_cmn_read+0x84>
    82612d94:	2a0003f3 	mov	w19, w0
    82612d98:	17ffffed 	b	82612d4c <otp_map_cmn_read+0xc8>
    82612d9c:	29410c44 	ldp	w4, w3, [x2, #8]
    82612da0:	b8607b21 	ldr	w1, [x25, x0, lsl #2]
    82612da4:	72103c7f 	tst	w3, #0xffff0000
    82612da8:	1ac32422 	lsr	w2, w1, w3
    82612dac:	0a040042 	and	w2, w2, w4
    82612db0:	1ac32021 	lsl	w1, w1, w3
    82612db4:	0a040021 	and	w1, w1, w4
    82612db8:	1a821021 	csel	w1, w1, w2, ne  // ne = any
    82612dbc:	b8207b21 	str	w1, [x25, x0, lsl #2]
    82612dc0:	91000400 	add	x0, x0, #0x1
    82612dc4:	b94067e2 	ldr	w2, [sp, #100]
    82612dc8:	8b021a82 	add	x2, x20, x2, lsl #6
    82612dcc:	b9401041 	ldr	w1, [x2, #16]
    82612dd0:	6b00003f 	cmp	w1, w0
    82612dd4:	54fffe48 	b.hi	82612d9c <otp_map_cmn_read+0x118>  // b.pmore
    82612dd8:	17ffffd2 	b	82612d20 <otp_map_cmn_read+0x9c>
    82612ddc:	d2800000 	mov	x0, #0x0                   	// #0
    82612de0:	17fffff9 	b	82612dc4 <otp_map_cmn_read+0x140>
    82612de4:	12800053 	mov	w19, #0xfffffffd            	// #-3
    82612de8:	17ffffd9 	b	82612d4c <otp_map_cmn_read+0xc8>
    82612dec:	2a1303e0 	mov	w0, w19
    82612df0:	a94153f3 	ldp	x19, x20, [sp, #16]
    82612df4:	a9425bf5 	ldp	x21, x22, [sp, #32]
    82612df8:	a94363f7 	ldp	x23, x24, [sp, #48]
    82612dfc:	a9446bf9 	ldp	x25, x26, [sp, #64]
    82612e00:	f9402bfb 	ldr	x27, [sp, #80]
    82612e04:	a8c77bfd 	ldp	x29, x30, [sp], #112
    82612e08:	d65f03c0 	ret

0000000082612e0c <otp_map_cmn_write>:
    82612e0c:	a9ba7bfd 	stp	x29, x30, [sp, #-96]!
    82612e10:	2a0303e7 	mov	w7, w3
    82612e14:	910003fd 	mov	x29, sp
    82612e18:	a90153f3 	stp	x19, x20, [sp, #16]
    82612e1c:	a9025bf5 	stp	x21, x22, [sp, #32]
    82612e20:	aa0203f6 	mov	x22, x2
    82612e24:	b00000a2 	adrp	x2, 82627000 <multipliers+0x16ba>
    82612e28:	a90363f7 	stp	x23, x24, [sp, #48]
    82612e2c:	aa0003f5 	mov	x21, x0
    82612e30:	f90023f9 	str	x25, [sp, #64]
    82612e34:	f9421c43 	ldr	x3, [x2, #1080]
    82612e38:	f9002fe3 	str	x3, [sp, #88]
    82612e3c:	d2800003 	mov	x3, #0x0                   	// #0
    82612e40:	910153e2 	add	x2, sp, #0x54
    82612e44:	b90057ff 	str	wzr, [sp, #84]
    82612e48:	f9400814 	ldr	x20, [x0, #16]
    82612e4c:	97ffff7b 	bl	82612c38 <__get_addr>
    82612e50:	34000120 	cbz	w0, 82612e74 <otp_map_cmn_write+0x68>
    82612e54:	12800013 	mov	w19, #0xffffffff            	// #-1
    82612e58:	b00000a0 	adrp	x0, 82627000 <multipliers+0x16ba>
    82612e5c:	f9402fe1 	ldr	x1, [sp, #88]
    82612e60:	f9421c02 	ldr	x2, [x0, #1080]
    82612e64:	eb020021 	subs	x1, x1, x2
    82612e68:	d2800002 	mov	x2, #0x0                   	// #0
    82612e6c:	540008c0 	b.eq	82612f84 <otp_map_cmn_write+0x178>  // b.none
    82612e70:	97fffd63 	bl	826123fc <__stack_chk_fail>
    82612e74:	2a0003f3 	mov	w19, w0
    82612e78:	b9401aa1 	ldr	w1, [x21, #24]
    82612e7c:	b94057e0 	ldr	w0, [sp, #84]
    82612e80:	6b00003f 	cmp	w1, w0
    82612e84:	540007c9 	b.ls	82612f7c <otp_map_cmn_write+0x170>  // b.plast
    82612e88:	d37a7c00 	ubfiz	x0, x0, #6, #32
    82612e8c:	2a0703f8 	mov	w24, w7
    82612e90:	8b000280 	add	x0, x20, x0
    82612e94:	b9401000 	ldr	w0, [x0, #16]
    82612e98:	d37ef400 	lsl	x0, x0, #2
    82612e9c:	eb27401f 	cmp	x0, w7, uxtw
    82612ea0:	540006e3 	b.cc	82612f7c <otp_map_cmn_write+0x170>  // b.lo, b.ul, b.last
    82612ea4:	aa1803e0 	mov	x0, x24
    82612ea8:	94001593 	bl	826184f4 <malloc_simple>
    82612eac:	aa0003f7 	mov	x23, x0
    82612eb0:	b4fffd20 	cbz	x0, 82612e54 <otp_map_cmn_write+0x48>
    82612eb4:	aa1803e2 	mov	x2, x24
    82612eb8:	aa1603e1 	mov	x1, x22
    82612ebc:	94002513 	bl	8261c308 <memcpy>
    82612ec0:	b94057e0 	ldr	w0, [sp, #84]
    82612ec4:	8b001a80 	add	x0, x20, x0, lsl #6
    82612ec8:	b9400800 	ldr	w0, [x0, #8]
    82612ecc:	350002c0 	cbnz	w0, 82612f24 <otp_map_cmn_write+0x118>
    82612ed0:	b94057e0 	ldr	w0, [sp, #84]
    82612ed4:	8b001a80 	add	x0, x20, x0, lsl #6
    82612ed8:	b9401018 	ldr	w24, [x0, #16]
    82612edc:	b9401c00 	ldr	w0, [x0, #28]
    82612ee0:	7100041f 	cmp	w0, #0x1
    82612ee4:	54000241 	b.ne	82612f2c <otp_map_cmn_write+0x120>  // b.any
    82612ee8:	52800099 	mov	w25, #0x4                   	// #4
    82612eec:	14000012 	b	82612f34 <otp_map_cmn_write+0x128>
    82612ef0:	b8607ac1 	ldr	w1, [x22, x0, lsl #2]
    82612ef4:	b9400862 	ldr	w2, [x3, #8]
    82612ef8:	0a020021 	and	w1, w1, w2
    82612efc:	b9400c62 	ldr	w2, [x3, #12]
    82612f00:	1ac22021 	lsl	w1, w1, w2
    82612f04:	b8207ae1 	str	w1, [x23, x0, lsl #2]
    82612f08:	91000400 	add	x0, x0, #0x1
    82612f0c:	b94057e3 	ldr	w3, [sp, #84]
    82612f10:	8b031a83 	add	x3, x20, x3, lsl #6
    82612f14:	b9401061 	ldr	w1, [x3, #16]
    82612f18:	6b00003f 	cmp	w1, w0
    82612f1c:	54fffea8 	b.hi	82612ef0 <otp_map_cmn_write+0xe4>  // b.pmore
    82612f20:	17ffffec 	b	82612ed0 <otp_map_cmn_write+0xc4>
    82612f24:	d2800000 	mov	x0, #0x0                   	// #0
    82612f28:	17fffff9 	b	82612f0c <otp_map_cmn_write+0x100>
    82612f2c:	531e7719 	lsl	w25, w24, #2
    82612f30:	52800038 	mov	w24, #0x1                   	// #1
    82612f34:	d2800016 	mov	x22, #0x0                   	// #0
    82612f38:	6b16031f 	cmp	w24, w22
    82612f3c:	54fff8e9 	b.ls	82612e58 <otp_map_cmn_write+0x4c>  // b.plast
    82612f40:	b94057e0 	ldr	w0, [sp, #84]
    82612f44:	8b160ae2 	add	x2, x23, x22, lsl #2
    82612f48:	f9402ea4 	ldr	x4, [x21, #88]
    82612f4c:	2a1903e3 	mov	w3, w25
    82612f50:	8b001a80 	add	x0, x20, x0, lsl #6
    82612f54:	b9400401 	ldr	w1, [x0, #4]
    82612f58:	aa1503e0 	mov	x0, x21
    82612f5c:	0b160021 	add	w1, w1, w22
    82612f60:	910006d6 	add	x22, x22, #0x1
    82612f64:	d63f0080 	blr	x4
    82612f68:	34fffe80 	cbz	w0, 82612f38 <otp_map_cmn_write+0x12c>
    82612f6c:	b94057e0 	ldr	w0, [sp, #84]
    82612f70:	8b001a94 	add	x20, x20, x0, lsl #6
    82612f74:	b9003a9f 	str	wzr, [x20, #56]
    82612f78:	17ffffb7 	b	82612e54 <otp_map_cmn_write+0x48>
    82612f7c:	12800053 	mov	w19, #0xfffffffd            	// #-3
    82612f80:	17ffffb6 	b	82612e58 <otp_map_cmn_write+0x4c>
    82612f84:	2a1303e0 	mov	w0, w19
    82612f88:	a94153f3 	ldp	x19, x20, [sp, #16]
    82612f8c:	a9425bf5 	ldp	x21, x22, [sp, #32]
    82612f90:	a94363f7 	ldp	x23, x24, [sp, #48]
    82612f94:	f94023f9 	ldr	x25, [sp, #64]
    82612f98:	a8c67bfd 	ldp	x29, x30, [sp], #96
    82612f9c:	d65f03c0 	ret

0000000082612fa0 <otp_map_cmn_ctl>:
    82612fa0:	a9b97bfd 	stp	x29, x30, [sp, #-112]!
    82612fa4:	910003fd 	mov	x29, sp
    82612fa8:	a9025bf5 	stp	x21, x22, [sp, #32]
    82612fac:	aa0103f5 	mov	x21, x1
    82612fb0:	aa0203f6 	mov	x22, x2
    82612fb4:	a90153f3 	stp	x19, x20, [sp, #16]
    82612fb8:	aa0003f4 	mov	x20, x0
    82612fbc:	b00000a0 	adrp	x0, 82627000 <multipliers+0x16ba>
    82612fc0:	f9001bf7 	str	x23, [sp, #48]
    82612fc4:	f9421c01 	ldr	x1, [x0, #1080]
    82612fc8:	f90037e1 	str	x1, [sp, #104]
    82612fcc:	d2800001 	mov	x1, #0x0                   	// #0
    82612fd0:	b94012a0 	ldr	w0, [x21, #16]
    82612fd4:	b9004fff 	str	wzr, [sp, #76]
    82612fd8:	f9400a97 	ldr	x23, [x20, #16]
    82612fdc:	94001546 	bl	826184f4 <malloc_simple>
    82612fe0:	b4000460 	cbz	x0, 8261306c <otp_map_cmn_ctl+0xcc>
    82612fe4:	aa0003f3 	mov	x19, x0
    82612fe8:	aa1503e1 	mov	x1, x21
    82612fec:	d2800302 	mov	x2, #0x18                  	// #24
    82612ff0:	910143e0 	add	x0, sp, #0x50
    82612ff4:	940024c5 	bl	8261c308 <memcpy>
    82612ff8:	b94012a2 	ldr	w2, [x21, #16]
    82612ffc:	aa1303e0 	mov	x0, x19
    82613000:	f94006a1 	ldr	x1, [x21, #8]
    82613004:	940024c1 	bl	8261c308 <memcpy>
    82613008:	f9002ff3 	str	x19, [sp, #88]
    8261300c:	b94053e0 	ldr	w0, [sp, #80]
    82613010:	7100041f 	cmp	w0, #0x1
    82613014:	54000141 	b.ne	8261303c <otp_map_cmn_ctl+0x9c>  // b.any
    82613018:	b9400261 	ldr	w1, [x19]
    8261301c:	910133e2 	add	x2, sp, #0x4c
    82613020:	aa1403e0 	mov	x0, x20
    82613024:	97ffff05 	bl	82612c38 <__get_addr>
    82613028:	35000140 	cbnz	w0, 82613050 <otp_map_cmn_ctl+0xb0>
    8261302c:	b9404fe0 	ldr	w0, [sp, #76]
    82613030:	8b001ae0 	add	x0, x23, x0, lsl #6
    82613034:	b9400400 	ldr	w0, [x0, #4]
    82613038:	b9000260 	str	w0, [x19]
    8261303c:	f9403a83 	ldr	x3, [x20, #112]
    82613040:	aa1603e2 	mov	x2, x22
    82613044:	910143e1 	add	x1, sp, #0x50
    82613048:	aa1403e0 	mov	x0, x20
    8261304c:	d63f0060 	blr	x3
    82613050:	900000a1 	adrp	x1, 82627000 <multipliers+0x16ba>
    82613054:	f94037e2 	ldr	x2, [sp, #104]
    82613058:	f9421c23 	ldr	x3, [x1, #1080]
    8261305c:	eb030042 	subs	x2, x2, x3
    82613060:	d2800003 	mov	x3, #0x0                   	// #0
    82613064:	54000080 	b.eq	82613074 <otp_map_cmn_ctl+0xd4>  // b.none
    82613068:	97fffce5 	bl	826123fc <__stack_chk_fail>
    8261306c:	12800000 	mov	w0, #0xffffffff            	// #-1
    82613070:	17fffff8 	b	82613050 <otp_map_cmn_ctl+0xb0>
    82613074:	a94153f3 	ldp	x19, x20, [sp, #16]
    82613078:	a9425bf5 	ldp	x21, x22, [sp, #32]
    8261307c:	f9401bf7 	ldr	x23, [sp, #48]
    82613080:	a8c77bfd 	ldp	x29, x30, [sp], #112
    82613084:	d65f03c0 	ret

0000000082613088 <otp_map_cmn_malloc>:
    82613088:	1400151b 	b	826184f4 <malloc_simple>

000000008261308c <otp_map_cmn_deinit>:
    8261308c:	a9bd7bfd 	stp	x29, x30, [sp, #-48]!
    82613090:	910003fd 	mov	x29, sp
    82613094:	a90153f3 	stp	x19, x20, [sp, #16]
    82613098:	aa0003f3 	mov	x19, x0
    8261309c:	a9025bf5 	stp	x21, x22, [sp, #32]
    826130a0:	52800015 	mov	w21, #0x0                   	// #0
    826130a4:	f9400816 	ldr	x22, [x0, #16]
    826130a8:	b9401a60 	ldr	w0, [x19, #24]
    826130ac:	6b0002bf 	cmp	w21, w0
    826130b0:	54000103 	b.cc	826130d0 <otp_map_cmn_deinit+0x44>  // b.lo, b.ul, b.last
    826130b4:	a9425bf5 	ldp	x21, x22, [sp, #32]
    826130b8:	a9087e7f 	stp	xzr, xzr, [x19, #128]
    826130bc:	52800000 	mov	w0, #0x0                   	// #0
    826130c0:	f9004a7f 	str	xzr, [x19, #144]
    826130c4:	a94153f3 	ldp	x19, x20, [sp, #16]
    826130c8:	a8c37bfd 	ldp	x29, x30, [sp], #48
    826130cc:	d65f03c0 	ret
    826130d0:	d37a7eb4 	ubfiz	x20, x21, #6, #32
    826130d4:	8b1402d4 	add	x20, x22, x20
    826130d8:	f9401a80 	ldr	x0, [x20, #48]
    826130dc:	b40000c0 	cbz	x0, 826130f4 <otp_map_cmn_deinit+0x68>
    826130e0:	b9401282 	ldr	w2, [x20, #16]
    826130e4:	52800001 	mov	w1, #0x0                   	// #0
    826130e8:	d37ef442 	lsl	x2, x2, #2
    826130ec:	9400246c 	bl	8261c29c <memset>
    826130f0:	f9001a9f 	str	xzr, [x20, #48]
    826130f4:	110006b5 	add	w21, w21, #0x1
    826130f8:	17ffffec 	b	826130a8 <otp_map_cmn_deinit+0x1c>

00000000826130fc <otp_map_cmn_init>:
    826130fc:	a9bc7bfd 	stp	x29, x30, [sp, #-64]!
    82613100:	910003fd 	mov	x29, sp
    82613104:	a90153f3 	stp	x19, x20, [sp, #16]
    82613108:	a9025bf5 	stp	x21, x22, [sp, #32]
    8261310c:	f9001bf7 	str	x23, [sp, #48]
    82613110:	b5000101 	cbnz	x1, 82613130 <otp_map_cmn_init+0x34>
    82613114:	12800014 	mov	w20, #0xffffffff            	// #-1
    82613118:	2a1403e0 	mov	w0, w20
    8261311c:	a94153f3 	ldp	x19, x20, [sp, #16]
    82613120:	a9425bf5 	ldp	x21, x22, [sp, #32]
    82613124:	f9401bf7 	ldr	x23, [sp, #48]
    82613128:	a8c47bfd 	ldp	x29, x30, [sp], #64
    8261312c:	d65f03c0 	ret
    82613130:	aa0003f3 	mov	x19, x0
    82613134:	aa0203f5 	mov	x21, x2
    82613138:	d63f0020 	blr	x1
    8261313c:	2a0003f4 	mov	w20, w0
    82613140:	34000080 	cbz	w0, 82613150 <otp_map_cmn_init+0x54>
    82613144:	3100081f 	cmn	w0, #0x2
    82613148:	54fffe61 	b.ne	82613114 <otp_map_cmn_init+0x18>  // b.any
    8261314c:	17fffff3 	b	82613118 <otp_map_cmn_init+0x1c>
    82613150:	b4000055 	cbz	x21, 82613158 <otp_map_cmn_init+0x5c>
    82613154:	f9000275 	str	x21, [x19]
    82613158:	f9400a77 	ldr	x23, [x19, #16]
    8261315c:	52800015 	mov	w21, #0x0                   	// #0
    82613160:	b9401a60 	ldr	w0, [x19, #24]
    82613164:	6b0002bf 	cmp	w21, w0
    82613168:	54000163 	b.cc	82613194 <otp_map_cmn_init+0x98>  // b.lo, b.ul, b.last
    8261316c:	f0ffffe0 	adrp	x0, 82612000 <_start>
    82613170:	913e8000 	add	x0, x0, #0xfa0
    82613174:	f9004a60 	str	x0, [x19, #144]
    82613178:	f0ffffe0 	adrp	x0, 82612000 <_start>
    8261317c:	91383000 	add	x0, x0, #0xe0c
    82613180:	f9004260 	str	x0, [x19, #128]
    82613184:	f0ffffe0 	adrp	x0, 82612000 <_start>
    82613188:	91321000 	add	x0, x0, #0xc84
    8261318c:	f9004660 	str	x0, [x19, #136]
    82613190:	17ffffe2 	b	82613118 <otp_map_cmn_init+0x1c>
    82613194:	d37a7eb6 	ubfiz	x22, x21, #6, #32
    82613198:	8b1602f6 	add	x22, x23, x22
    8261319c:	b94012c0 	ldr	w0, [x22, #16]
    826131a0:	340000e0 	cbz	w0, 826131bc <otp_map_cmn_init+0xc0>
    826131a4:	d37e7c00 	ubfiz	x0, x0, #2, #32
    826131a8:	97ffffb8 	bl	82613088 <otp_map_cmn_malloc>
    826131ac:	b4000080 	cbz	x0, 826131bc <otp_map_cmn_init+0xc0>
    826131b0:	110006b5 	add	w21, w21, #0x1
    826131b4:	f9001ac0 	str	x0, [x22, #48]
    826131b8:	17ffffea 	b	82613160 <otp_map_cmn_init+0x64>
    826131bc:	f9400a76 	ldr	x22, [x19, #16]
    826131c0:	52800015 	mov	w21, #0x0                   	// #0
    826131c4:	b9401a60 	ldr	w0, [x19, #24]
    826131c8:	6b0002bf 	cmp	w21, w0
    826131cc:	54fffa42 	b.cs	82613114 <otp_map_cmn_init+0x18>  // b.hs, b.nlast
    826131d0:	d37a7eb4 	ubfiz	x20, x21, #6, #32
    826131d4:	8b1402d4 	add	x20, x22, x20
    826131d8:	f9401a80 	ldr	x0, [x20, #48]
    826131dc:	b40000c0 	cbz	x0, 826131f4 <otp_map_cmn_init+0xf8>
    826131e0:	b9401282 	ldr	w2, [x20, #16]
    826131e4:	52800001 	mov	w1, #0x0                   	// #0
    826131e8:	d37ef442 	lsl	x2, x2, #2
    826131ec:	9400242c 	bl	8261c29c <memset>
    826131f0:	f9001a9f 	str	xzr, [x20, #48]
    826131f4:	110006b5 	add	w21, w21, #0x1
    826131f8:	17fffff3 	b	826131c4 <otp_map_cmn_init+0xc8>

00000000826131fc <write>:
    826131fc:	aa0203e7 	mov	x7, x2
    82613200:	b9403802 	ldr	w2, [x0, #56]
    82613204:	f9403405 	ldr	x5, [x0, #104]
    82613208:	91008006 	add	x6, x0, #0x20
    8261320c:	f278005f 	tst	x2, #0x100
    82613210:	2a0303e4 	mov	w4, w3
    82613214:	9a9f10c2 	csel	x2, x6, xzr, ne  // ne = any
    82613218:	b4000085 	cbz	x5, 82613228 <write+0x2c>
    8261321c:	aa0703e3 	mov	x3, x7
    82613220:	aa0503f0 	mov	x16, x5
    82613224:	d61f0200 	br	x16
    82613228:	12800020 	mov	w0, #0xfffffffe            	// #-2
    8261322c:	d65f03c0 	ret

0000000082613230 <read>:
    82613230:	aa0203e7 	mov	x7, x2
    82613234:	b9403802 	ldr	w2, [x0, #56]
    82613238:	f9403005 	ldr	x5, [x0, #96]
    8261323c:	91008006 	add	x6, x0, #0x20
    82613240:	f278005f 	tst	x2, #0x100
    82613244:	2a0303e4 	mov	w4, w3
    82613248:	9a9f10c2 	csel	x2, x6, xzr, ne  // ne = any
    8261324c:	b4000085 	cbz	x5, 8261325c <read+0x2c>
    82613250:	aa0703e3 	mov	x3, x7
    82613254:	aa0503f0 	mov	x16, x5
    82613258:	d61f0200 	br	x16
    8261325c:	12800020 	mov	w0, #0xfffffffe            	// #-2
    82613260:	d65f03c0 	ret

0000000082613264 <otp_hw_writel>:
    82613264:	d5033fbf 	dmb	sy
    82613268:	f9400400 	ldr	x0, [x0, #8]
    8261326c:	2a0103e1 	mov	w1, w1
    82613270:	b8206822 	str	w2, [x1, x0]
    82613274:	d65f03c0 	ret

0000000082613278 <otp_hw_readl>:
    82613278:	f9400400 	ldr	x0, [x0, #8]
    8261327c:	2a0103e1 	mov	w1, w1
    82613280:	b8606820 	ldr	w0, [x1, x0]
    82613284:	d5033fbf 	dmb	sy
    82613288:	d65f03c0 	ret

000000008261328c <otp_wait_cmd_done>:
    8261328c:	a9be7bfd 	stp	x29, x30, [sp, #-32]!
    82613290:	910003fd 	mov	x29, sp
    82613294:	a90153f3 	stp	x19, x20, [sp, #16]
    82613298:	aa0003f4 	mov	x20, x0
    8261329c:	d2a00033 	mov	x19, #0x10000               	// #65536
    826132a0:	aa1403e0 	mov	x0, x20
    826132a4:	52800401 	mov	w1, #0x20                  	// #32
    826132a8:	97fffff4 	bl	82613278 <otp_hw_readl>
    826132ac:	370800a0 	tbnz	w0, #1, 826132c0 <otp_wait_cmd_done+0x34>
    826132b0:	d2800020 	mov	x0, #0x1                   	// #1
    826132b4:	9400248d 	bl	8261c4e8 <udelay>
    826132b8:	f1000673 	subs	x19, x19, #0x1
    826132bc:	54ffff21 	b.ne	826132a0 <otp_wait_cmd_done+0x14>  // b.any
    826132c0:	f100027f 	cmp	x19, #0x0
    826132c4:	1a9f17e0 	cset	w0, eq  // eq = none
    826132c8:	a94153f3 	ldp	x19, x20, [sp, #16]
    826132cc:	a8c27bfd 	ldp	x29, x30, [sp], #32
    826132d0:	d65f03c0 	ret

00000000826132d4 <otp_hw_cpu_lock>:
    826132d4:	52800000 	mov	w0, #0x0                   	// #0
    826132d8:	d65f03c0 	ret

00000000826132dc <otp_hw_cpu_unlock>:
    826132dc:	d65f03c0 	ret

00000000826132e0 <otp_auth_prog_mode>:
    826132e0:	a9bb7bfd 	stp	x29, x30, [sp, #-80]!
    826132e4:	900000a1 	adrp	x1, 82627000 <multipliers+0x16ba>
    826132e8:	910003fd 	mov	x29, sp
    826132ec:	a90153f3 	stp	x19, x20, [sp, #16]
    826132f0:	52800094 	mov	w20, #0x4                   	// #4
    826132f4:	aa0003f3 	mov	x19, x0
    826132f8:	a9025bf5 	stp	x21, x22, [sp, #32]
    826132fc:	f9421c22 	ldr	x2, [x1, #1080]
    82613300:	f90027e2 	str	x2, [sp, #72]
    82613304:	d2800002 	mov	x2, #0x0                   	// #0
    82613308:	528001e1 	mov	w1, #0xf                   	// #15
    8261330c:	290753e1 	stp	w1, w20, [sp, #56]
    82613310:	52800101 	mov	w1, #0x8                   	// #8
    82613314:	b90043e1 	str	w1, [sp, #64]
    82613318:	528001a1 	mov	w1, #0xd                   	// #13
    8261331c:	b90047e1 	str	w1, [sp, #68]
    82613320:	97ffffed 	bl	826132d4 <otp_hw_cpu_lock>
    82613324:	350004e0 	cbnz	w0, 826133c0 <otp_auth_prog_mode+0xe0>
    82613328:	52800002 	mov	w2, #0x0                   	// #0
    8261332c:	aa1303e0 	mov	x0, x19
    82613330:	52800001 	mov	w1, #0x0                   	// #0
    82613334:	9100e3f6 	add	x22, sp, #0x38
    82613338:	97ffffcb 	bl	82613264 <otp_hw_writel>
    8261333c:	d2800015 	mov	x21, #0x0                   	// #0
    82613340:	2a1403e1 	mov	w1, w20
    82613344:	aa1303e0 	mov	x0, x19
    82613348:	97ffffcc 	bl	82613278 <otp_hw_readl>
    8261334c:	32000002 	orr	w2, w0, #0x1
    82613350:	2a1403e1 	mov	w1, w20
    82613354:	aa1303e0 	mov	x0, x19
    82613358:	97ffffc3 	bl	82613264 <otp_hw_writel>
    8261335c:	aa1303e0 	mov	x0, x19
    82613360:	52800002 	mov	w2, #0x0                   	// #0
    82613364:	52800201 	mov	w1, #0x10                  	// #16
    82613368:	97ffffbf 	bl	82613264 <otp_hw_writel>
    8261336c:	b8757ac2 	ldr	w2, [x22, x21, lsl #2]
    82613370:	aa1303e0 	mov	x0, x19
    82613374:	52800101 	mov	w1, #0x8                   	// #8
    82613378:	97ffffbb 	bl	82613264 <otp_hw_writel>
    8261337c:	528000a2 	mov	w2, #0x5                   	// #5
    82613380:	52800001 	mov	w1, #0x0                   	// #0
    82613384:	aa1303e0 	mov	x0, x19
    82613388:	97ffffb7 	bl	82613264 <otp_hw_writel>
    8261338c:	aa1303e0 	mov	x0, x19
    82613390:	97ffffbf 	bl	8261328c <otp_wait_cmd_done>
    82613394:	2a0003f4 	mov	w20, w0
    82613398:	34000280 	cbz	w0, 826133e8 <otp_auth_prog_mode+0x108>
    8261339c:	52800401 	mov	w1, #0x20                  	// #32
    826133a0:	aa1303e0 	mov	x0, x19
    826133a4:	97ffffb5 	bl	82613278 <otp_hw_readl>
    826133a8:	2a0003e2 	mov	w2, w0
    826133ac:	b0000081 	adrp	x1, 82624000 <blk_find_max_devnum+0x3c>
    826133b0:	d0000080 	adrp	x0, 82625000 <_ctype+0x35c>
    826133b4:	912f2021 	add	x1, x1, #0xbc8
    826133b8:	91258000 	add	x0, x0, #0x960
    826133bc:	940028e2 	bl	8261d744 <printf>
    826133c0:	128000b4 	mov	w20, #0xfffffffa            	// #-6
    826133c4:	aa1303e0 	mov	x0, x19
    826133c8:	97ffffc5 	bl	826132dc <otp_hw_cpu_unlock>
    826133cc:	900000a0 	adrp	x0, 82627000 <multipliers+0x16ba>
    826133d0:	f94027e1 	ldr	x1, [sp, #72]
    826133d4:	f9421c02 	ldr	x2, [x0, #1080]
    826133d8:	eb020021 	subs	x1, x1, x2
    826133dc:	d2800002 	mov	x2, #0x0                   	// #0
    826133e0:	540002a0 	b.eq	82613434 <otp_auth_prog_mode+0x154>  // b.none
    826133e4:	97fffc06 	bl	826123fc <__stack_chk_fail>
    826133e8:	aa1303e0 	mov	x0, x19
    826133ec:	52800002 	mov	w2, #0x0                   	// #0
    826133f0:	52800001 	mov	w1, #0x0                   	// #0
    826133f4:	910006b5 	add	x21, x21, #0x1
    826133f8:	97ffff9b 	bl	82613264 <otp_hw_writel>
    826133fc:	f10012bf 	cmp	x21, #0x4
    82613400:	54fffb61 	b.ne	8261336c <otp_auth_prog_mode+0x8c>  // b.any
    82613404:	d2802580 	mov	x0, #0x12c                 	// #300
    82613408:	94002438 	bl	8261c4e8 <udelay>
    8261340c:	aa1303e0 	mov	x0, x19
    82613410:	52800401 	mov	w1, #0x20                  	// #32
    82613414:	97ffff99 	bl	82613278 <otp_hw_readl>
    82613418:	3717fda0 	tbnz	w0, #2, 826133cc <otp_auth_prog_mode+0xec>
    8261341c:	b0000081 	adrp	x1, 82624000 <blk_find_max_devnum+0x3c>
    82613420:	d0000080 	adrp	x0, 82625000 <_ctype+0x35c>
    82613424:	912f2021 	add	x1, x1, #0xbc8
    82613428:	91267c00 	add	x0, x0, #0x99f
    8261342c:	940028c6 	bl	8261d744 <printf>
    82613430:	17ffffe4 	b	826133c0 <otp_auth_prog_mode+0xe0>
    82613434:	2a1403e0 	mov	w0, w20
    82613438:	a94153f3 	ldp	x19, x20, [sp, #16]
    8261343c:	a9425bf5 	ldp	x21, x22, [sp, #32]
    82613440:	a8c57bfd 	ldp	x29, x30, [sp], #80
    82613444:	d65f03c0 	ret

0000000082613448 <otp_auth_prog_mode_done>:
    82613448:	a9be7bfd 	stp	x29, x30, [sp, #-32]!
    8261344c:	52800002 	mov	w2, #0x0                   	// #0
    82613450:	52800001 	mov	w1, #0x0                   	// #0
    82613454:	910003fd 	mov	x29, sp
    82613458:	f9000bf3 	str	x19, [sp, #16]
    8261345c:	aa0003f3 	mov	x19, x0
    82613460:	97ffff81 	bl	82613264 <otp_hw_writel>
    82613464:	aa1303e0 	mov	x0, x19
    82613468:	52800081 	mov	w1, #0x4                   	// #4
    8261346c:	97ffff83 	bl	82613278 <otp_hw_readl>
    82613470:	121f7802 	and	w2, w0, #0xfffffffe
    82613474:	52800081 	mov	w1, #0x4                   	// #4
    82613478:	aa1303e0 	mov	x0, x19
    8261347c:	97ffff7a 	bl	82613264 <otp_hw_writel>
    82613480:	aa1303e0 	mov	x0, x19
    82613484:	97ffff96 	bl	826132dc <otp_hw_cpu_unlock>
    82613488:	52800000 	mov	w0, #0x0                   	// #0
    8261348c:	f9400bf3 	ldr	x19, [sp, #16]
    82613490:	a8c27bfd 	ldp	x29, x30, [sp], #32
    82613494:	d65f03c0 	ret

0000000082613498 <otp_hw_cmn_ctl>:
    82613498:	a9be7bfd 	stp	x29, x30, [sp, #-32]!
    8261349c:	910003fd 	mov	x29, sp
    826134a0:	a90153f3 	stp	x19, x20, [sp, #16]
    826134a4:	aa0103f4 	mov	x20, x1
    826134a8:	aa0003f3 	mov	x19, x0
    826134ac:	b9400021 	ldr	w1, [x1]
    826134b0:	7104003f 	cmp	w1, #0x100
    826134b4:	540002a0 	b.eq	82613508 <otp_hw_cmn_ctl+0x70>  // b.none
    826134b8:	54000128 	b.hi	826134dc <otp_hw_cmn_ctl+0x44>  // b.pmore
    826134bc:	7100203f 	cmp	w1, #0x8
    826134c0:	54000180 	b.eq	826134f0 <otp_hw_cmn_ctl+0x58>  // b.none
    826134c4:	7100403f 	cmp	w1, #0x10
    826134c8:	540001a0 	b.eq	826134fc <otp_hw_cmn_ctl+0x64>  // b.none
    826134cc:	12800020 	mov	w0, #0xfffffffe            	// #-2
    826134d0:	a94153f3 	ldp	x19, x20, [sp, #16]
    826134d4:	a8c27bfd 	ldp	x29, x30, [sp], #32
    826134d8:	d65f03c0 	ret
    826134dc:	3104043f 	cmn	w1, #0x101
    826134e0:	54ffff61 	b.ne	826134cc <otp_hw_cmn_ctl+0x34>  // b.any
    826134e4:	b9403800 	ldr	w0, [x0, #56]
    826134e8:	12180000 	and	w0, w0, #0x100
    826134ec:	1400000e 	b	82613524 <otp_hw_cmn_ctl+0x8c>
    826134f0:	a94153f3 	ldp	x19, x20, [sp, #16]
    826134f4:	a8c27bfd 	ldp	x29, x30, [sp], #32
    826134f8:	17ffff7a 	b	826132e0 <otp_auth_prog_mode>
    826134fc:	a94153f3 	ldp	x19, x20, [sp, #16]
    82613500:	a8c27bfd 	ldp	x29, x30, [sp], #32
    82613504:	17ffffd1 	b	82613448 <otp_auth_prog_mode_done>
    82613508:	b9401282 	ldr	w2, [x20, #16]
    8261350c:	91008000 	add	x0, x0, #0x20
    82613510:	f9400681 	ldr	x1, [x20, #8]
    82613514:	9400237d 	bl	8261c308 <memcpy>
    82613518:	b9403a60 	ldr	w0, [x19, #56]
    8261351c:	b9400281 	ldr	w1, [x20]
    82613520:	2a010000 	orr	w0, w0, w1
    82613524:	b9003a60 	str	w0, [x19, #56]
    82613528:	52800000 	mov	w0, #0x0                   	// #0
    8261352c:	17ffffe9 	b	826134d0 <otp_hw_cmn_ctl+0x38>
    82613530:	12800020 	mov	w0, #0xfffffffe            	// #-2
    82613534:	d65f03c0 	ret

0000000082613538 <otp_hw_set_ecc>:
    82613538:	d5033fbf 	dmb	sy
    8261353c:	f9400400 	ldr	x0, [x0, #8]
    82613540:	b9000c01 	str	w1, [x0, #12]
    82613544:	52800000 	mov	w0, #0x0                   	// #0
    82613548:	d65f03c0 	ret

000000008261354c <otp_hw_write>:
    8261354c:	a9bc7bfd 	stp	x29, x30, [sp, #-64]!
    82613550:	910003fd 	mov	x29, sp
    82613554:	a90153f3 	stp	x19, x20, [sp, #16]
    82613558:	aa0003f3 	mov	x19, x0
    8261355c:	a9025bf5 	stp	x21, x22, [sp, #32]
    82613560:	f9001bf7 	str	x23, [sp, #48]
    82613564:	71000c9f 	cmp	w4, #0x3
    82613568:	54000709 	b.ls	82613648 <otp_hw_write+0xfc>  // b.plast
    8261356c:	2a0103f7 	mov	w23, w1
    82613570:	aa0203f4 	mov	x20, x2
    82613574:	aa0303f6 	mov	x22, x3
    82613578:	b40000a2 	cbz	x2, 8261358c <otp_hw_write+0x40>
    8261357c:	b9400040 	ldr	w0, [x2]
    82613580:	36280060 	tbz	w0, #5, 8261358c <otp_hw_write+0x40>
    82613584:	71001c9f 	cmp	w4, #0x7
    82613588:	54000609 	b.ls	82613648 <otp_hw_write+0xfc>  // b.plast
    8261358c:	aa1303e0 	mov	x0, x19
    82613590:	97ffff54 	bl	826132e0 <otp_auth_prog_mode>
    82613594:	2a0003f5 	mov	w21, w0
    82613598:	35000440 	cbnz	w0, 82613620 <otp_hw_write+0xd4>
    8261359c:	b94002c2 	ldr	w2, [x22]
    826135a0:	aa1303e0 	mov	x0, x19
    826135a4:	52800101 	mov	w1, #0x8                   	// #8
    826135a8:	97ffff2f 	bl	82613264 <otp_hw_writel>
    826135ac:	b40000d4 	cbz	x20, 826135c4 <otp_hw_write+0x78>
    826135b0:	b9400280 	ldr	w0, [x20]
    826135b4:	36280080 	tbz	w0, #5, 826135c4 <otp_hw_write+0x78>
    826135b8:	b94006c1 	ldr	w1, [x22, #4]
    826135bc:	aa1303e0 	mov	x0, x19
    826135c0:	97ffffde 	bl	82613538 <otp_hw_set_ecc>
    826135c4:	2a1703e2 	mov	w2, w23
    826135c8:	aa1303e0 	mov	x0, x19
    826135cc:	52800201 	mov	w1, #0x10                  	// #16
    826135d0:	97ffff25 	bl	82613264 <otp_hw_writel>
    826135d4:	b4000374 	cbz	x20, 82613640 <otp_hw_write+0xf4>
    826135d8:	b9400280 	ldr	w0, [x20]
    826135dc:	36380320 	tbz	w0, #7, 82613640 <otp_hw_write+0xf4>
    826135e0:	528006e2 	mov	w2, #0x37                  	// #55
    826135e4:	52800001 	mov	w1, #0x0                   	// #0
    826135e8:	aa1303e0 	mov	x0, x19
    826135ec:	97ffff1e 	bl	82613264 <otp_hw_writel>
    826135f0:	aa1303e0 	mov	x0, x19
    826135f4:	97ffff26 	bl	8261328c <otp_wait_cmd_done>
    826135f8:	340002c0 	cbz	w0, 82613650 <otp_hw_write+0x104>
    826135fc:	52800401 	mov	w1, #0x20                  	// #32
    82613600:	aa1303e0 	mov	x0, x19
    82613604:	97ffff1d 	bl	82613278 <otp_hw_readl>
    82613608:	2a0003e2 	mov	w2, w0
    8261360c:	b0000081 	adrp	x1, 82624000 <blk_find_max_devnum+0x3c>
    82613610:	d0000080 	adrp	x0, 82625000 <_ctype+0x35c>
    82613614:	912eac21 	add	x1, x1, #0xbab
    82613618:	91287800 	add	x0, x0, #0xa1e
    8261361c:	9400284a 	bl	8261d744 <printf>
    82613620:	aa1303e0 	mov	x0, x19
    82613624:	97ffff89 	bl	82613448 <otp_auth_prog_mode_done>
    82613628:	2a1503e0 	mov	w0, w21
    8261362c:	a94153f3 	ldp	x19, x20, [sp, #16]
    82613630:	a9425bf5 	ldp	x21, x22, [sp, #32]
    82613634:	f9401bf7 	ldr	x23, [sp, #48]
    82613638:	a8c47bfd 	ldp	x29, x30, [sp], #64
    8261363c:	d65f03c0 	ret
    82613640:	528002a2 	mov	w2, #0x15                  	// #21
    82613644:	17ffffe8 	b	826135e4 <otp_hw_write+0x98>
    82613648:	128000d5 	mov	w21, #0xfffffff9            	// #-7
    8261364c:	17fffff5 	b	82613620 <otp_hw_write+0xd4>
    82613650:	52800015 	mov	w21, #0x0                   	// #0
    82613654:	17fffff3 	b	82613620 <otp_hw_write+0xd4>
    82613658:	12800020 	mov	w0, #0xfffffffe            	// #-2
    8261365c:	d65f03c0 	ret

0000000082613660 <otp_hw_get_ecc>:
    82613660:	f9400400 	ldr	x0, [x0, #8]
    82613664:	b9401c00 	ldr	w0, [x0, #28]
    82613668:	d5033fbf 	dmb	sy
    8261366c:	b9000020 	str	w0, [x1]
    82613670:	52800000 	mov	w0, #0x0                   	// #0
    82613674:	d65f03c0 	ret

0000000082613678 <otp_hw_read>:
    82613678:	a9bc7bfd 	stp	x29, x30, [sp, #-64]!
    8261367c:	910003fd 	mov	x29, sp
    82613680:	a90153f3 	stp	x19, x20, [sp, #16]
    82613684:	aa0003f3 	mov	x19, x0
    82613688:	a9025bf5 	stp	x21, x22, [sp, #32]
    8261368c:	f9001bf7 	str	x23, [sp, #48]
    82613690:	71000c9f 	cmp	w4, #0x3
    82613694:	54000a89 	b.ls	826137e4 <otp_hw_read+0x16c>  // b.plast
    82613698:	2a0103f7 	mov	w23, w1
    8261369c:	aa0203f5 	mov	x21, x2
    826136a0:	aa0303f6 	mov	x22, x3
    826136a4:	b40000a2 	cbz	x2, 826136b8 <otp_hw_read+0x40>
    826136a8:	b9400040 	ldr	w0, [x2]
    826136ac:	36280060 	tbz	w0, #5, 826136b8 <otp_hw_read+0x40>
    826136b0:	71001c9f 	cmp	w4, #0x7
    826136b4:	540009c9 	b.ls	826137ec <otp_hw_read+0x174>  // b.plast
    826136b8:	aa1303e0 	mov	x0, x19
    826136bc:	97ffff06 	bl	826132d4 <otp_hw_cpu_lock>
    826136c0:	2a0003f4 	mov	w20, w0
    826136c4:	35000540 	cbnz	w0, 8261376c <otp_hw_read+0xf4>
    826136c8:	52800401 	mov	w1, #0x20                  	// #32
    826136cc:	aa1303e0 	mov	x0, x19
    826136d0:	97fffeea 	bl	82613278 <otp_hw_readl>
    826136d4:	52a00034 	mov	w20, #0x10000               	// #65536
    826136d8:	52800081 	mov	w1, #0x4                   	// #4
    826136dc:	aa1303e0 	mov	x0, x19
    826136e0:	97fffee6 	bl	82613278 <otp_hw_readl>
    826136e4:	32000002 	orr	w2, w0, #0x1
    826136e8:	52800081 	mov	w1, #0x4                   	// #4
    826136ec:	aa1303e0 	mov	x0, x19
    826136f0:	97fffedd 	bl	82613264 <otp_hw_writel>
    826136f4:	2a1703e2 	mov	w2, w23
    826136f8:	aa1303e0 	mov	x0, x19
    826136fc:	52800201 	mov	w1, #0x10                  	// #16
    82613700:	97fffed9 	bl	82613264 <otp_hw_writel>
    82613704:	aa1303e0 	mov	x0, x19
    82613708:	52800022 	mov	w2, #0x1                   	// #1
    8261370c:	52800001 	mov	w1, #0x0                   	// #0
    82613710:	97fffed5 	bl	82613264 <otp_hw_writel>
    82613714:	aa1303e0 	mov	x0, x19
    82613718:	52800401 	mov	w1, #0x20                  	// #32
    8261371c:	97fffed7 	bl	82613278 <otp_hw_readl>
    82613720:	370800a0 	tbnz	w0, #1, 82613734 <otp_hw_read+0xbc>
    82613724:	d2800020 	mov	x0, #0x1                   	// #1
    82613728:	94002370 	bl	8261c4e8 <udelay>
    8261372c:	71000694 	subs	w20, w20, #0x1
    82613730:	54ffff21 	b.ne	82613714 <otp_hw_read+0x9c>  // b.any
    82613734:	aa1303e0 	mov	x0, x19
    82613738:	97fffed5 	bl	8261328c <otp_wait_cmd_done>
    8261373c:	2a0003f4 	mov	w20, w0
    82613740:	340003c0 	cbz	w0, 826137b8 <otp_hw_read+0x140>
    82613744:	52800014 	mov	w20, #0x0                   	// #0
    82613748:	52800401 	mov	w1, #0x20                  	// #32
    8261374c:	aa1303e0 	mov	x0, x19
    82613750:	97fffeca 	bl	82613278 <otp_hw_readl>
    82613754:	b0000081 	adrp	x1, 82624000 <blk_find_max_devnum+0x3c>
    82613758:	2a0003e2 	mov	w2, w0
    8261375c:	912e2821 	add	x1, x1, #0xb8a
    82613760:	d0000080 	adrp	x0, 82625000 <_ctype+0x35c>
    82613764:	91273800 	add	x0, x0, #0x9ce
    82613768:	940027f7 	bl	8261d744 <printf>
    8261376c:	52800002 	mov	w2, #0x0                   	// #0
    82613770:	aa1303e0 	mov	x0, x19
    82613774:	52800001 	mov	w1, #0x0                   	// #0
    82613778:	97fffebb 	bl	82613264 <otp_hw_writel>
    8261377c:	aa1303e0 	mov	x0, x19
    82613780:	52800081 	mov	w1, #0x4                   	// #4
    82613784:	97fffebd 	bl	82613278 <otp_hw_readl>
    82613788:	121f7802 	and	w2, w0, #0xfffffffe
    8261378c:	52800081 	mov	w1, #0x4                   	// #4
    82613790:	aa1303e0 	mov	x0, x19
    82613794:	97fffeb4 	bl	82613264 <otp_hw_writel>
    82613798:	aa1303e0 	mov	x0, x19
    8261379c:	97fffed0 	bl	826132dc <otp_hw_cpu_unlock>
    826137a0:	2a1403e0 	mov	w0, w20
    826137a4:	a94153f3 	ldp	x19, x20, [sp, #16]
    826137a8:	a9425bf5 	ldp	x21, x22, [sp, #32]
    826137ac:	f9401bf7 	ldr	x23, [sp, #48]
    826137b0:	a8c47bfd 	ldp	x29, x30, [sp], #64
    826137b4:	d65f03c0 	ret
    826137b8:	aa1303e0 	mov	x0, x19
    826137bc:	52800301 	mov	w1, #0x18                  	// #24
    826137c0:	97fffeae 	bl	82613278 <otp_hw_readl>
    826137c4:	b90002c0 	str	w0, [x22]
    826137c8:	b4fffd35 	cbz	x21, 8261376c <otp_hw_read+0xf4>
    826137cc:	b94002a0 	ldr	w0, [x21]
    826137d0:	362ffce0 	tbz	w0, #5, 8261376c <otp_hw_read+0xf4>
    826137d4:	910012c1 	add	x1, x22, #0x4
    826137d8:	aa1303e0 	mov	x0, x19
    826137dc:	97ffffa1 	bl	82613660 <otp_hw_get_ecc>
    826137e0:	17ffffe3 	b	8261376c <otp_hw_read+0xf4>
    826137e4:	12800014 	mov	w20, #0xffffffff            	// #-1
    826137e8:	17ffffe1 	b	8261376c <otp_hw_read+0xf4>
    826137ec:	128000d4 	mov	w20, #0xfffffff9            	// #-7
    826137f0:	17ffffdf 	b	8261376c <otp_hw_read+0xf4>

00000000826137f4 <otp_hw_dev_mmap>:
    826137f4:	d2850001 	mov	x1, #0x2800                	// #10240
    826137f8:	f2bff001 	movk	x1, #0xff80, lsl #16
    826137fc:	f9000401 	str	x1, [x0, #8]
    82613800:	52800000 	mov	w0, #0x0                   	// #0
    82613804:	d65f03c0 	ret

0000000082613808 <otp_hw_init>:
    82613808:	a9be7bfd 	stp	x29, x30, [sp, #-32]!
    8261380c:	910003fd 	mov	x29, sp
    82613810:	f9000bf3 	str	x19, [sp, #16]
    82613814:	aa0003f3 	mov	x19, x0
    82613818:	97fffff7 	bl	826137f4 <otp_hw_dev_mmap>
    8261381c:	35000120 	cbnz	w0, 82613840 <otp_hw_init+0x38>
    82613820:	900000a1 	adrp	x1, 82627000 <multipliers+0x16ba>
    82613824:	9114c021 	add	x1, x1, #0x530
    82613828:	f9000a61 	str	x1, [x19, #16]
    8261382c:	52800141 	mov	w1, #0xa                   	// #10
    82613830:	b9001a61 	str	w1, [x19, #24]
    82613834:	f9400bf3 	ldr	x19, [sp, #16]
    82613838:	a8c27bfd 	ldp	x29, x30, [sp], #32
    8261383c:	d65f03c0 	ret
    82613840:	12800000 	mov	w0, #0xffffffff            	// #-1
    82613844:	17fffffc 	b	82613834 <otp_hw_init+0x2c>

0000000082613848 <sotp_hw_write_dev>:
    82613848:	aa0203e8 	mov	x8, x2
    8261384c:	b9401802 	ldr	w2, [x0, #24]
    82613850:	f9400805 	ldr	x5, [x0, #16]
    82613854:	2a0303e4 	mov	w4, w3
    82613858:	52800803 	mov	w3, #0x40                  	// #64
    8261385c:	9ba31442 	umaddl	x2, w2, w3, x5
    82613860:	eb0200bf 	cmp	x5, x2
    82613864:	54000141 	b.ne	8261388c <sotp_hw_write_dev+0x44>  // b.any
    82613868:	12800022 	mov	w2, #0xfffffffe            	// #-2
    8261386c:	b9403803 	ldr	w3, [x0, #56]
    82613870:	36400263 	tbz	w3, #8, 826138bc <sotp_hw_write_dev+0x74>
    82613874:	91008002 	add	x2, x0, #0x20
    82613878:	f9403405 	ldr	x5, [x0, #104]
    8261387c:	b4000285 	cbz	x5, 826138cc <sotp_hw_write_dev+0x84>
    82613880:	aa0803e3 	mov	x3, x8
    82613884:	aa0503f0 	mov	x16, x5
    82613888:	d61f0200 	br	x16
    8261388c:	b94004a7 	ldr	w7, [x5, #4]
    82613890:	aa0503e6 	mov	x6, x5
    82613894:	6b07003f 	cmp	w1, w7
    82613898:	540000a3 	b.cc	826138ac <sotp_hw_write_dev+0x64>  // b.lo, b.ul, b.last
    8261389c:	b94010a3 	ldr	w3, [x5, #16]
    826138a0:	0b0300e7 	add	w7, w7, w3
    826138a4:	6b07003f 	cmp	w1, w7
    826138a8:	54000063 	b.cc	826138b4 <sotp_hw_write_dev+0x6c>  // b.lo, b.ul, b.last
    826138ac:	910100a5 	add	x5, x5, #0x40
    826138b0:	17ffffec 	b	82613860 <sotp_hw_write_dev+0x18>
    826138b4:	52800002 	mov	w2, #0x0                   	// #0
    826138b8:	17ffffed 	b	8261386c <sotp_hw_write_dev+0x24>
    826138bc:	910060c6 	add	x6, x6, #0x18
    826138c0:	7100005f 	cmp	w2, #0x0
    826138c4:	9a9f00c2 	csel	x2, x6, xzr, eq  // eq = none
    826138c8:	17ffffec 	b	82613878 <sotp_hw_write_dev+0x30>
    826138cc:	12800020 	mov	w0, #0xfffffffe            	// #-2
    826138d0:	d65f03c0 	ret

00000000826138d4 <row2sect>:
    826138d4:	37f80220 	tbnz	w0, #31, 82613918 <row2sect+0x44>
    826138d8:	900000a3 	adrp	x3, 82627000 <multipliers+0x16ba>
    826138dc:	9126c063 	add	x3, x3, #0x9b0
    826138e0:	b9403462 	ldr	w2, [x3, #52]
    826138e4:	6b00005f 	cmp	w2, w0
    826138e8:	5400018d 	b.le	82613918 <row2sect+0x44>
    826138ec:	d2800002 	mov	x2, #0x0                   	// #0
    826138f0:	b8627864 	ldr	w4, [x3, x2, lsl #2]
    826138f4:	6b04001f 	cmp	w0, w4
    826138f8:	5400008a 	b.ge	82613908 <row2sect+0x34>  // b.tcont
    826138fc:	b9000022 	str	w2, [x1]
    82613900:	52800000 	mov	w0, #0x0                   	// #0
    82613904:	d65f03c0 	ret
    82613908:	91000442 	add	x2, x2, #0x1
    8261390c:	f100385f 	cmp	x2, #0xe
    82613910:	54ffff01 	b.ne	826138f0 <row2sect+0x1c>  // b.any
    82613914:	17fffffb 	b	82613900 <row2sect+0x2c>
    82613918:	12800000 	mov	w0, #0xffffffff            	// #-1
    8261391c:	17fffffa 	b	82613904 <row2sect+0x30>

0000000082613920 <sotp_hw_read_dev>:
    82613920:	aa0203e8 	mov	x8, x2
    82613924:	b9401802 	ldr	w2, [x0, #24]
    82613928:	f9400805 	ldr	x5, [x0, #16]
    8261392c:	2a0303e4 	mov	w4, w3
    82613930:	52800803 	mov	w3, #0x40                  	// #64
    82613934:	9ba31442 	umaddl	x2, w2, w3, x5
    82613938:	eb0200bf 	cmp	x5, x2
    8261393c:	54000141 	b.ne	82613964 <sotp_hw_read_dev+0x44>  // b.any
    82613940:	12800022 	mov	w2, #0xfffffffe            	// #-2
    82613944:	b9403803 	ldr	w3, [x0, #56]
    82613948:	36400263 	tbz	w3, #8, 82613994 <sotp_hw_read_dev+0x74>
    8261394c:	91008002 	add	x2, x0, #0x20
    82613950:	f9403005 	ldr	x5, [x0, #96]
    82613954:	b4000285 	cbz	x5, 826139a4 <sotp_hw_read_dev+0x84>
    82613958:	aa0803e3 	mov	x3, x8
    8261395c:	aa0503f0 	mov	x16, x5
    82613960:	d61f0200 	br	x16
    82613964:	b94004a7 	ldr	w7, [x5, #4]
    82613968:	aa0503e6 	mov	x6, x5
    8261396c:	6b07003f 	cmp	w1, w7
    82613970:	540000a3 	b.cc	82613984 <sotp_hw_read_dev+0x64>  // b.lo, b.ul, b.last
    82613974:	b94010a3 	ldr	w3, [x5, #16]
    82613978:	0b0300e7 	add	w7, w7, w3
    8261397c:	6b07003f 	cmp	w1, w7
    82613980:	54000063 	b.cc	8261398c <sotp_hw_read_dev+0x6c>  // b.lo, b.ul, b.last
    82613984:	910100a5 	add	x5, x5, #0x40
    82613988:	17ffffec 	b	82613938 <sotp_hw_read_dev+0x18>
    8261398c:	52800002 	mov	w2, #0x0                   	// #0
    82613990:	17ffffed 	b	82613944 <sotp_hw_read_dev+0x24>
    82613994:	910060c6 	add	x6, x6, #0x18
    82613998:	7100005f 	cmp	w2, #0x0
    8261399c:	9a9f00c2 	csel	x2, x6, xzr, eq  // eq = none
    826139a0:	17ffffec 	b	82613950 <sotp_hw_read_dev+0x30>
    826139a4:	12800020 	mov	w0, #0xfffffffe            	// #-2
    826139a8:	d65f03c0 	ret

00000000826139ac <sotp_hw_readl>:
    826139ac:	f9400400 	ldr	x0, [x0, #8]
    826139b0:	2a0103e1 	mov	w1, w1
    826139b4:	b8606820 	ldr	w0, [x1, x0]
    826139b8:	d5033fbf 	dmb	sy
    826139bc:	d65f03c0 	ret

00000000826139c0 <sotpPollForFDone>:
    826139c0:	a9be7bfd 	stp	x29, x30, [sp, #-32]!
    826139c4:	52800e81 	mov	w1, #0x74                  	// #116
    826139c8:	910003fd 	mov	x29, sp
    826139cc:	a90153f3 	stp	x19, x20, [sp, #16]
    826139d0:	52800013 	mov	w19, #0x0                   	// #0
    826139d4:	aa0003f4 	mov	x20, x0
    826139d8:	97fffff5 	bl	826139ac <sotp_hw_readl>
    826139dc:	37d001e0 	tbnz	w0, #26, 82613a18 <sotpPollForFDone+0x58>
    826139e0:	710fa27f 	cmp	w19, #0x3e8
    826139e4:	540000c1 	b.ne	826139fc <sotpPollForFDone+0x3c>  // b.any
    826139e8:	d0000080 	adrp	x0, 82625000 <_ctype+0x35c>
    826139ec:	91332400 	add	x0, x0, #0xcc9
    826139f0:	94002755 	bl	8261d744 <printf>
    826139f4:	528000c0 	mov	w0, #0x6                   	// #6
    826139f8:	1400000b 	b	82613a24 <sotpPollForFDone+0x64>
    826139fc:	d2807d00 	mov	x0, #0x3e8                 	// #1000
    82613a00:	940022ba 	bl	8261c4e8 <udelay>
    82613a04:	11000673 	add	w19, w19, #0x1
    82613a08:	aa1403e0 	mov	x0, x20
    82613a0c:	52800e81 	mov	w1, #0x74                  	// #116
    82613a10:	97ffffe7 	bl	826139ac <sotp_hw_readl>
    82613a14:	17fffff2 	b	826139dc <sotpPollForFDone+0x1c>
    82613a18:	52800000 	mov	w0, #0x0                   	// #0
    82613a1c:	710fa27f 	cmp	w19, #0x3e8
    82613a20:	54fffe40 	b.eq	826139e8 <sotpPollForFDone+0x28>  // b.none
    82613a24:	a94153f3 	ldp	x19, x20, [sp, #16]
    82613a28:	a8c27bfd 	ldp	x29, x30, [sp], #32
    82613a2c:	d65f03c0 	ret

0000000082613a30 <sotp_hw_writel>:
    82613a30:	d5033fbf 	dmb	sy
    82613a34:	f9400400 	ldr	x0, [x0, #8]
    82613a38:	2a0103e1 	mov	w1, w1
    82613a3c:	b8206822 	str	w2, [x1, x0]
    82613a40:	d65f03c0 	ret

0000000082613a44 <sotpSetStartAndPollForCmdDone>:
    82613a44:	a9be7bfd 	stp	x29, x30, [sp, #-32]!
    82613a48:	52800201 	mov	w1, #0x10                  	// #16
    82613a4c:	910003fd 	mov	x29, sp
    82613a50:	a90153f3 	stp	x19, x20, [sp, #16]
    82613a54:	aa0003f3 	mov	x19, x0
    82613a58:	97ffffd5 	bl	826139ac <sotp_hw_readl>
    82613a5c:	32000002 	orr	w2, w0, #0x1
    82613a60:	52800201 	mov	w1, #0x10                  	// #16
    82613a64:	aa1303e0 	mov	x0, x19
    82613a68:	97fffff2 	bl	82613a30 <sotp_hw_writel>
    82613a6c:	d2807d00 	mov	x0, #0x3e8                 	// #1000
    82613a70:	52800014 	mov	w20, #0x0                   	// #0
    82613a74:	9400229d 	bl	8261c4e8 <udelay>
    82613a78:	52800381 	mov	w1, #0x1c                  	// #28
    82613a7c:	aa1303e0 	mov	x0, x19
    82613a80:	97ffffcb 	bl	826139ac <sotp_hw_readl>
    82613a84:	2a0003e1 	mov	w1, w0
    82613a88:	37080221 	tbnz	w1, #1, 82613acc <sotpSetStartAndPollForCmdDone+0x88>
    82613a8c:	710fa29f 	cmp	w20, #0x3e8
    82613a90:	540000e1 	b.ne	82613aac <sotpSetStartAndPollForCmdDone+0x68>  // b.any
    82613a94:	52807d02 	mov	w2, #0x3e8                 	// #1000
    82613a98:	d0000080 	adrp	x0, 82625000 <_ctype+0x35c>
    82613a9c:	913d0c00 	add	x0, x0, #0xf43
    82613aa0:	94002729 	bl	8261d744 <printf>
    82613aa4:	528000c0 	mov	w0, #0x6                   	// #6
    82613aa8:	14000013 	b	82613af4 <sotpSetStartAndPollForCmdDone+0xb0>
    82613aac:	d2807d00 	mov	x0, #0x3e8                 	// #1000
    82613ab0:	9400228e 	bl	8261c4e8 <udelay>
    82613ab4:	52800381 	mov	w1, #0x1c                  	// #28
    82613ab8:	aa1303e0 	mov	x0, x19
    82613abc:	11000694 	add	w20, w20, #0x1
    82613ac0:	97ffffbb 	bl	826139ac <sotp_hw_readl>
    82613ac4:	2a0003e1 	mov	w1, w0
    82613ac8:	17fffff0 	b	82613a88 <sotpSetStartAndPollForCmdDone+0x44>
    82613acc:	710fa29f 	cmp	w20, #0x3e8
    82613ad0:	54fffe20 	b.eq	82613a94 <sotpSetStartAndPollForCmdDone+0x50>  // b.none
    82613ad4:	52800201 	mov	w1, #0x10                  	// #16
    82613ad8:	aa1303e0 	mov	x0, x19
    82613adc:	97ffffb4 	bl	826139ac <sotp_hw_readl>
    82613ae0:	121f7802 	and	w2, w0, #0xfffffffe
    82613ae4:	52800201 	mov	w1, #0x10                  	// #16
    82613ae8:	aa1303e0 	mov	x0, x19
    82613aec:	97ffffd1 	bl	82613a30 <sotp_hw_writel>
    82613af0:	52800000 	mov	w0, #0x0                   	// #0
    82613af4:	a94153f3 	ldp	x19, x20, [sp, #16]
    82613af8:	a8c27bfd 	ldp	x29, x30, [sp], #32
    82613afc:	d65f03c0 	ret

0000000082613b00 <sotpReadEccRow>:
    82613b00:	a9bc7bfd 	stp	x29, x30, [sp, #-64]!
    82613b04:	910003fd 	mov	x29, sp
    82613b08:	a90153f3 	stp	x19, x20, [sp, #16]
    82613b0c:	a9025bf5 	stp	x21, x22, [sp, #32]
    82613b10:	2a0103f5 	mov	w21, w1
    82613b14:	51004021 	sub	w1, w1, #0x10
    82613b18:	f9001bf7 	str	x23, [sp, #48]
    82613b1c:	71017c3f 	cmp	w1, #0x5f
    82613b20:	54000e28 	b.hi	82613ce4 <sotpReadEccRow+0x1e4>  // b.pmore
    82613b24:	aa0203f7 	mov	x23, x2
    82613b28:	52800781 	mov	w1, #0x3c                  	// #60
    82613b2c:	aa0003f3 	mov	x19, x0
    82613b30:	2a0303f6 	mov	w22, w3
    82613b34:	97ffff9e 	bl	826139ac <sotp_hw_readl>
    82613b38:	53027ea2 	lsr	w2, w21, #2
    82613b3c:	52800021 	mov	w1, #0x1                   	// #1
    82613b40:	1ac22021 	lsl	w1, w1, w2
    82613b44:	6a00003f 	tst	w1, w0
    82613b48:	54000d21 	b.ne	82613cec <sotpReadEccRow+0x1ec>  // b.any
    82613b4c:	aa1303e0 	mov	x0, x19
    82613b50:	97ffff9c 	bl	826139c0 <sotpPollForFDone>
    82613b54:	2a0003f4 	mov	w20, w0
    82613b58:	7100181f 	cmp	w0, #0x6
    82613b5c:	540001a1 	b.ne	82613b90 <sotpReadEccRow+0x90>  // b.any
    82613b60:	b0000081 	adrp	x1, 82624000 <blk_find_max_devnum+0x3c>
    82613b64:	d0000080 	adrp	x0, 82625000 <_ctype+0x35c>
    82613b68:	2a1503e2 	mov	w2, w21
    82613b6c:	912ff421 	add	x1, x1, #0xbfd
    82613b70:	91339c00 	add	x0, x0, #0xce7
    82613b74:	940026f4 	bl	8261d744 <printf>
    82613b78:	2a1403e0 	mov	w0, w20
    82613b7c:	a94153f3 	ldp	x19, x20, [sp, #16]
    82613b80:	a9425bf5 	ldp	x21, x22, [sp, #32]
    82613b84:	f9401bf7 	ldr	x23, [sp, #48]
    82613b88:	a8c47bfd 	ldp	x29, x30, [sp], #64
    82613b8c:	d65f03c0 	ret
    82613b90:	52800042 	mov	w2, #0x2                   	// #2
    82613b94:	aa1303e0 	mov	x0, x19
    82613b98:	72a00062 	movk	w2, #0x3, lsl #16
    82613b9c:	52800381 	mov	w1, #0x1c                  	// #28
    82613ba0:	97ffffa4 	bl	82613a30 <sotp_hw_writel>
    82613ba4:	52800001 	mov	w1, #0x0                   	// #0
    82613ba8:	aa1303e0 	mov	x0, x19
    82613bac:	97ffff80 	bl	826139ac <sotp_hw_readl>
    82613bb0:	529fbfe2 	mov	w2, #0xfdff                	// #65023
    82613bb4:	52800001 	mov	w1, #0x0                   	// #0
    82613bb8:	72bffc22 	movk	w2, #0xffe1, lsl #16
    82613bbc:	0a020002 	and	w2, w0, w2
    82613bc0:	aa1303e0 	mov	x0, x19
    82613bc4:	97ffff9b 	bl	82613a30 <sotp_hw_writel>
    82613bc8:	aa1303e0 	mov	x0, x19
    82613bcc:	52800001 	mov	w1, #0x0                   	// #0
    82613bd0:	34000416 	cbz	w22, 82613c50 <sotpReadEccRow+0x150>
    82613bd4:	97ffff76 	bl	826139ac <sotp_hw_readl>
    82613bd8:	52904002 	mov	w2, #0x8200                	// #33280
    82613bdc:	72a00142 	movk	w2, #0xa, lsl #16
    82613be0:	2a020002 	orr	w2, w0, w2
    82613be4:	52800001 	mov	w1, #0x0                   	// #0
    82613be8:	aa1303e0 	mov	x0, x19
    82613bec:	97ffff91 	bl	82613a30 <sotp_hw_writel>
    82613bf0:	531a66a2 	lsl	w2, w21, #6
    82613bf4:	aa1303e0 	mov	x0, x19
    82613bf8:	52800181 	mov	w1, #0xc                   	// #12
    82613bfc:	97ffff8d 	bl	82613a30 <sotp_hw_writel>
    82613c00:	52800002 	mov	w2, #0x0                   	// #0
    82613c04:	52800201 	mov	w1, #0x10                  	// #16
    82613c08:	aa1303e0 	mov	x0, x19
    82613c0c:	97ffff89 	bl	82613a30 <sotp_hw_writel>
    82613c10:	aa1303e0 	mov	x0, x19
    82613c14:	97ffff8c 	bl	82613a44 <sotpSetStartAndPollForCmdDone>
    82613c18:	2a0003f4 	mov	w20, w0
    82613c1c:	35fffae0 	cbnz	w0, 82613b78 <sotpReadEccRow+0x78>
    82613c20:	35000436 	cbnz	w22, 82613ca4 <sotpReadEccRow+0x1a4>
    82613c24:	aa1303e0 	mov	x0, x19
    82613c28:	52800481 	mov	w1, #0x24                  	// #36
    82613c2c:	97ffff60 	bl	826139ac <sotp_hw_readl>
    82613c30:	7219041f 	tst	w0, #0x180
    82613c34:	54000160 	b.eq	82613c60 <sotpReadEccRow+0x160>  // b.none
    82613c38:	2a1503e1 	mov	w1, w21
    82613c3c:	d0000080 	adrp	x0, 82625000 <_ctype+0x35c>
    82613c40:	52800074 	mov	w20, #0x3                   	// #3
    82613c44:	91341000 	add	x0, x0, #0xd04
    82613c48:	940026bf 	bl	8261d744 <printf>
    82613c4c:	17ffffcb 	b	82613b78 <sotpReadEccRow+0x78>
    82613c50:	97ffff57 	bl	826139ac <sotp_hw_readl>
    82613c54:	52900002 	mov	w2, #0x8000                	// #32768
    82613c58:	72a00282 	movk	w2, #0x14, lsl #16
    82613c5c:	17ffffe1 	b	82613be0 <sotpReadEccRow+0xe0>
    82613c60:	aa1303e0 	mov	x0, x19
    82613c64:	52800381 	mov	w1, #0x1c                  	// #28
    82613c68:	97ffff51 	bl	826139ac <sotp_hw_readl>
    82613c6c:	368800c0 	tbz	w0, #17, 82613c84 <sotpReadEccRow+0x184>
    82613c70:	d0000080 	adrp	x0, 82625000 <_ctype+0x35c>
    82613c74:	52800054 	mov	w20, #0x2                   	// #2
    82613c78:	91348c00 	add	x0, x0, #0xd23
    82613c7c:	940026b2 	bl	8261d744 <printf>
    82613c80:	17ffffbe 	b	82613b78 <sotpReadEccRow+0x78>
    82613c84:	aa1303e0 	mov	x0, x19
    82613c88:	52800381 	mov	w1, #0x1c                  	// #28
    82613c8c:	97ffff48 	bl	826139ac <sotp_hw_readl>
    82613c90:	368000a0 	tbz	w0, #16, 82613ca4 <sotpReadEccRow+0x1a4>
    82613c94:	52800034 	mov	w20, #0x1                   	// #1
    82613c98:	d0000080 	adrp	x0, 82625000 <_ctype+0x35c>
    82613c9c:	91353c00 	add	x0, x0, #0xd4f
    82613ca0:	940026a9 	bl	8261d744 <printf>
    82613ca4:	aa1303e0 	mov	x0, x19
    82613ca8:	52800401 	mov	w1, #0x20                  	// #32
    82613cac:	97ffff40 	bl	826139ac <sotp_hw_readl>
    82613cb0:	b90002e0 	str	w0, [x23]
    82613cb4:	52800042 	mov	w2, #0x2                   	// #2
    82613cb8:	aa1303e0 	mov	x0, x19
    82613cbc:	52800381 	mov	w1, #0x1c                  	// #28
    82613cc0:	97ffff5c 	bl	82613a30 <sotp_hw_writel>
    82613cc4:	aa1303e0 	mov	x0, x19
    82613cc8:	52800001 	mov	w1, #0x0                   	// #0
    82613ccc:	97ffff38 	bl	826139ac <sotp_hw_readl>
    82613cd0:	12107802 	and	w2, w0, #0xffff7fff
    82613cd4:	52800001 	mov	w1, #0x0                   	// #0
    82613cd8:	aa1303e0 	mov	x0, x19
    82613cdc:	97ffff55 	bl	82613a30 <sotp_hw_writel>
    82613ce0:	17ffffa6 	b	82613b78 <sotpReadEccRow+0x78>
    82613ce4:	528000f4 	mov	w20, #0x7                   	// #7
    82613ce8:	17ffffa4 	b	82613b78 <sotpReadEccRow+0x78>
    82613cec:	52800094 	mov	w20, #0x4                   	// #4
    82613cf0:	17ffffa2 	b	82613b78 <sotpReadEccRow+0x78>

0000000082613cf4 <sotpReadKeyslotData>:
    82613cf4:	a9b97bfd 	stp	x29, x30, [sp, #-112]!
    82613cf8:	f100005f 	cmp	x2, #0x0
    82613cfc:	910003fd 	mov	x29, sp
    82613d00:	a90153f3 	stp	x19, x20, [sp, #16]
    82613d04:	a9025bf5 	stp	x21, x22, [sp, #32]
    82613d08:	2a0103f6 	mov	w22, w1
    82613d0c:	a90363f7 	stp	x23, x24, [sp, #48]
    82613d10:	a9046bf9 	stp	x25, x26, [sp, #64]
    82613d14:	f9002bfb 	str	x27, [sp, #80]
    82613d18:	aa0003fb 	mov	x27, x0
    82613d1c:	900000a0 	adrp	x0, 82627000 <multipliers+0x16ba>
    82613d20:	f9421c01 	ldr	x1, [x0, #1080]
    82613d24:	f90037e1 	str	x1, [sp, #104]
    82613d28:	d2800001 	mov	x1, #0x0                   	// #0
    82613d2c:	51000460 	sub	w0, w3, #0x1
    82613d30:	7a471802 	ccmp	w0, #0x7, #0x2, ne  // ne = any
    82613d34:	54000188 	b.hi	82613d64 <sotpReadKeyslotData+0x70>  // b.pmore
    82613d38:	51001ec0 	sub	w0, w22, #0x7
    82613d3c:	7100181f 	cmp	w0, #0x6
    82613d40:	54000169 	b.ls	82613d6c <sotpReadKeyslotData+0x78>  // b.plast
    82613d44:	b0000081 	adrp	x1, 82624000 <blk_find_max_devnum+0x3c>
    82613d48:	d0000080 	adrp	x0, 82625000 <_ctype+0x35c>
    82613d4c:	2a1603e2 	mov	w2, w22
    82613d50:	912fa421 	add	x1, x1, #0xbe9
    82613d54:	9135e800 	add	x0, x0, #0xd7a
    82613d58:	528001a4 	mov	w4, #0xd                   	// #13
    82613d5c:	528000e3 	mov	w3, #0x7                   	// #7
    82613d60:	94002679 	bl	8261d744 <printf>
    82613d64:	52800053 	mov	w19, #0x2                   	// #2
    82613d68:	14000037 	b	82613e44 <sotpReadKeyslotData+0x150>
    82613d6c:	52800197 	mov	w23, #0xc                   	// #12
    82613d70:	b000009a 	adrp	x26, 82624000 <blk_find_max_devnum+0x3c>
    82613d74:	aa0203f8 	mov	x24, x2
    82613d78:	2a0303f5 	mov	w21, w3
    82613d7c:	1b177ed7 	mul	w23, w22, w23
    82613d80:	912c635a 	add	x26, x26, #0xb18
    82613d84:	52800013 	mov	w19, #0x0                   	// #0
    82613d88:	52800019 	mov	w25, #0x0                   	// #0
    82613d8c:	5100e2f4 	sub	w20, w23, #0x38
    82613d90:	5100b2f7 	sub	w23, w23, #0x2c
    82613d94:	6b17029f 	cmp	w20, w23
    82613d98:	540000e3 	b.cc	82613db4 <sotpReadKeyslotData+0xc0>  // b.lo, b.ul, b.last
    82613d9c:	2a1603e1 	mov	w1, w22
    82613da0:	d0000080 	adrp	x0, 82625000 <_ctype+0x35c>
    82613da4:	52800093 	mov	w19, #0x4                   	// #4
    82613da8:	913b8c00 	add	x0, x0, #0xee3
    82613dac:	94002666 	bl	8261d744 <printf>
    82613db0:	14000025 	b	82613e44 <sotpReadKeyslotData+0x150>
    82613db4:	6b1902bf 	cmp	w21, w25
    82613db8:	540001a9 	b.ls	82613dec <sotpReadKeyslotData+0xf8>  // b.plast
    82613dbc:	8b394b02 	add	x2, x24, w25, uxtw #2
    82613dc0:	52800003 	mov	w3, #0x0                   	// #0
    82613dc4:	2a1403e1 	mov	w1, w20
    82613dc8:	aa1b03e0 	mov	x0, x27
    82613dcc:	97ffff4d 	bl	82613b00 <sotpReadEccRow>
    82613dd0:	2a0003f3 	mov	w19, w0
    82613dd4:	71001a7f 	cmp	w19, #0x6
    82613dd8:	54000648 	b.hi	82613ea0 <sotpReadKeyslotData+0x1ac>  // b.pmore
    82613ddc:	38734b40 	ldrb	w0, [x26, w19, uxtw]
    82613de0:	10000061 	adr	x1, 82613dec <sotpReadKeyslotData+0xf8>
    82613de4:	8b208820 	add	x0, x1, w0, sxtb #2
    82613de8:	d61f0000 	br	x0
    82613dec:	54ffff41 	b.ne	82613dd4 <sotpReadKeyslotData+0xe0>  // b.any
    82613df0:	910193e2 	add	x2, sp, #0x64
    82613df4:	52800003 	mov	w3, #0x0                   	// #0
    82613df8:	17fffff3 	b	82613dc4 <sotpReadKeyslotData+0xd0>
    82613dfc:	11000739 	add	w25, w25, #0x1
    82613e00:	6b1902bf 	cmp	w21, w25
    82613e04:	54000562 	b.cs	82613eb0 <sotpReadKeyslotData+0x1bc>  // b.hs, b.nlast
    82613e08:	aa1803e1 	mov	x1, x24
    82613e0c:	531e76a2 	lsl	w2, w21, #2
    82613e10:	12800000 	mov	w0, #0xffffffff            	// #-1
    82613e14:	9400207a 	bl	8261bffc <crc32_no_comp>
    82613e18:	b94067e1 	ldr	w1, [sp, #100]
    82613e1c:	6b00003f 	cmp	w1, w0
    82613e20:	540004c0 	b.eq	82613eb8 <sotpReadKeyslotData+0x1c4>  // b.none
    82613e24:	d2800000 	mov	x0, #0x0                   	// #0
    82613e28:	b8607b01 	ldr	w1, [x24, x0, lsl #2]
    82613e2c:	340001a1 	cbz	w1, 82613e60 <sotpReadKeyslotData+0x16c>
    82613e30:	528000b3 	mov	w19, #0x5                   	// #5
    82613e34:	2a1403e1 	mov	w1, w20
    82613e38:	d0000080 	adrp	x0, 82625000 <_ctype+0x35c>
    82613e3c:	9136b800 	add	x0, x0, #0xdae
    82613e40:	94002641 	bl	8261d744 <printf>
    82613e44:	900000a0 	adrp	x0, 82627000 <multipliers+0x16ba>
    82613e48:	f94037e1 	ldr	x1, [sp, #104]
    82613e4c:	f9421c02 	ldr	x2, [x0, #1080]
    82613e50:	eb020021 	subs	x1, x1, x2
    82613e54:	d2800002 	mov	x2, #0x0                   	// #0
    82613e58:	54000340 	b.eq	82613ec0 <sotpReadKeyslotData+0x1cc>  // b.none
    82613e5c:	97fff968 	bl	826123fc <__stack_chk_fail>
    82613e60:	91000400 	add	x0, x0, #0x1
    82613e64:	6b0002bf 	cmp	w21, w0
    82613e68:	54fffe08 	b.hi	82613e28 <sotpReadKeyslotData+0x134>  // b.pmore
    82613e6c:	52800033 	mov	w19, #0x1                   	// #1
    82613e70:	17fffff5 	b	82613e44 <sotpReadKeyslotData+0x150>
    82613e74:	d0000080 	adrp	x0, 82625000 <_ctype+0x35c>
    82613e78:	2a1403e1 	mov	w1, w20
    82613e7c:	91380000 	add	x0, x0, #0xe00
    82613e80:	94002631 	bl	8261d744 <printf>
    82613e84:	528000d3 	mov	w19, #0x6                   	// #6
    82613e88:	17ffffef 	b	82613e44 <sotpReadKeyslotData+0x150>
    82613e8c:	2a1403e1 	mov	w1, w20
    82613e90:	d0000080 	adrp	x0, 82625000 <_ctype+0x35c>
    82613e94:	91393000 	add	x0, x0, #0xe4c
    82613e98:	9400262b 	bl	8261d744 <printf>
    82613e9c:	17ffffea 	b	82613e44 <sotpReadKeyslotData+0x150>
    82613ea0:	d0000080 	adrp	x0, 82625000 <_ctype+0x35c>
    82613ea4:	2a1403e1 	mov	w1, w20
    82613ea8:	913a7c00 	add	x0, x0, #0xe9f
    82613eac:	17fffff5 	b	82613e80 <sotpReadKeyslotData+0x18c>
    82613eb0:	11000694 	add	w20, w20, #0x1
    82613eb4:	17ffffb8 	b	82613d94 <sotpReadKeyslotData+0xa0>
    82613eb8:	52800013 	mov	w19, #0x0                   	// #0
    82613ebc:	17ffffe2 	b	82613e44 <sotpReadKeyslotData+0x150>
    82613ec0:	2a1303e0 	mov	w0, w19
    82613ec4:	a94153f3 	ldp	x19, x20, [sp, #16]
    82613ec8:	a9425bf5 	ldp	x21, x22, [sp, #32]
    82613ecc:	a94363f7 	ldp	x23, x24, [sp, #48]
    82613ed0:	a9446bf9 	ldp	x25, x26, [sp, #64]
    82613ed4:	f9402bfb 	ldr	x27, [sp, #80]
    82613ed8:	a8c77bfd 	ldp	x29, x30, [sp], #112
    82613edc:	d65f03c0 	ret

0000000082613ee0 <sotp_hw_read>:
    82613ee0:	a9be7bfd 	stp	x29, x30, [sp, #-32]!
    82613ee4:	aa0203e5 	mov	x5, x2
    82613ee8:	aa0303e6 	mov	x6, x3
    82613eec:	910003fd 	mov	x29, sp
    82613ef0:	900000a2 	adrp	x2, 82627000 <multipliers+0x16ba>
    82613ef4:	f9421c43 	ldr	x3, [x2, #1080]
    82613ef8:	f9000fe3 	str	x3, [sp, #24]
    82613efc:	d2800003 	mov	x3, #0x0                   	// #0
    82613f00:	aa0003e7 	mov	x7, x0
    82613f04:	2a0103ea 	mov	w10, w1
    82613f08:	2a0403e8 	mov	w8, w4
    82613f0c:	b4000205 	cbz	x5, 82613f4c <sotp_hw_read+0x6c>
    82613f10:	b94004a2 	ldr	w2, [x5, #4]
    82613f14:	7100045f 	cmp	w2, #0x1
    82613f18:	540001a1 	b.ne	82613f4c <sotp_hw_read+0x6c>  // b.any
    82613f1c:	b94000a2 	ldr	w2, [x5]
    82613f20:	7100805f 	cmp	w2, #0x20
    82613f24:	aa0603e2 	mov	x2, x6
    82613f28:	1a9f07e3 	cset	w3, ne  // ne = any
    82613f2c:	97fffef5 	bl	82613b00 <sotpReadEccRow>
    82613f30:	7100041f 	cmp	w0, #0x1
    82613f34:	2a0003e1 	mov	w1, w0
    82613f38:	5a9f93e0 	csetm	w0, hi  // hi = pmore
    82613f3c:	7100043f 	cmp	w1, #0x1
    82613f40:	12800041 	mov	w1, #0xfffffffd            	// #-3
    82613f44:	1a811000 	csel	w0, w0, w1, ne  // ne = any
    82613f48:	14000007 	b	82613f64 <sotp_hw_read+0x84>
    82613f4c:	910053e1 	add	x1, sp, #0x14
    82613f50:	2a0a03e0 	mov	w0, w10
    82613f54:	b90017ff 	str	wzr, [sp, #20]
    82613f58:	97fffe5f 	bl	826138d4 <row2sect>
    82613f5c:	34000120 	cbz	w0, 82613f80 <sotp_hw_read+0xa0>
    82613f60:	12800020 	mov	w0, #0xfffffffe            	// #-2
    82613f64:	900000a1 	adrp	x1, 82627000 <multipliers+0x16ba>
    82613f68:	f9400fe2 	ldr	x2, [sp, #24]
    82613f6c:	f9421c23 	ldr	x3, [x1, #1080]
    82613f70:	eb030042 	subs	x2, x2, x3
    82613f74:	d2800003 	mov	x3, #0x0                   	// #0
    82613f78:	54000160 	b.eq	82613fa4 <sotp_hw_read+0xc4>  // b.none
    82613f7c:	97fff920 	bl	826123fc <__stack_chk_fail>
    82613f80:	b94017e1 	ldr	w1, [sp, #20]
    82613f84:	53027d03 	lsr	w3, w8, #2
    82613f88:	aa0603e2 	mov	x2, x6
    82613f8c:	aa0703e0 	mov	x0, x7
    82613f90:	97ffff59 	bl	82613cf4 <sotpReadKeyslotData>
    82613f94:	7100081f 	cmp	w0, #0x2
    82613f98:	2a0003e1 	mov	w1, w0
    82613f9c:	5a9f33e0 	csetm	w0, cs  // cs = hs, nlast
    82613fa0:	17ffffe7 	b	82613f3c <sotp_hw_read+0x5c>
    82613fa4:	a8c27bfd 	ldp	x29, x30, [sp], #32
    82613fa8:	d65f03c0 	ret

0000000082613fac <sotpReadNonEccRow>:
    82613fac:	a9bd7bfd 	stp	x29, x30, [sp, #-48]!
    82613fb0:	910003fd 	mov	x29, sp
    82613fb4:	a90153f3 	stp	x19, x20, [sp, #16]
    82613fb8:	aa0003f3 	mov	x19, x0
    82613fbc:	a9025bf5 	stp	x21, x22, [sp, #32]
    82613fc0:	2a0103f5 	mov	w21, w1
    82613fc4:	aa0203f6 	mov	x22, x2
    82613fc8:	97fffe7e 	bl	826139c0 <sotpPollForFDone>
    82613fcc:	2a0003f4 	mov	w20, w0
    82613fd0:	7100181f 	cmp	w0, #0x6
    82613fd4:	540006e0 	b.eq	826140b0 <sotpReadNonEccRow+0x104>  // b.none
    82613fd8:	52800042 	mov	w2, #0x2                   	// #2
    82613fdc:	aa1303e0 	mov	x0, x19
    82613fe0:	72a00062 	movk	w2, #0x3, lsl #16
    82613fe4:	52800381 	mov	w1, #0x1c                  	// #28
    82613fe8:	97fffe92 	bl	82613a30 <sotp_hw_writel>
    82613fec:	52800001 	mov	w1, #0x0                   	// #0
    82613ff0:	aa1303e0 	mov	x0, x19
    82613ff4:	97fffe6e 	bl	826139ac <sotp_hw_readl>
    82613ff8:	120b6c02 	and	w2, w0, #0xffe1ffff
    82613ffc:	52800001 	mov	w1, #0x0                   	// #0
    82614000:	aa1303e0 	mov	x0, x19
    82614004:	97fffe8b 	bl	82613a30 <sotp_hw_writel>
    82614008:	52800001 	mov	w1, #0x0                   	// #0
    8261400c:	aa1303e0 	mov	x0, x19
    82614010:	97fffe67 	bl	826139ac <sotp_hw_readl>
    82614014:	52904002 	mov	w2, #0x8200                	// #33280
    82614018:	52800001 	mov	w1, #0x0                   	// #0
    8261401c:	72a00142 	movk	w2, #0xa, lsl #16
    82614020:	2a020002 	orr	w2, w0, w2
    82614024:	aa1303e0 	mov	x0, x19
    82614028:	97fffe82 	bl	82613a30 <sotp_hw_writel>
    8261402c:	531a66a2 	lsl	w2, w21, #6
    82614030:	aa1303e0 	mov	x0, x19
    82614034:	52800181 	mov	w1, #0xc                   	// #12
    82614038:	97fffe7e 	bl	82613a30 <sotp_hw_writel>
    8261403c:	52800002 	mov	w2, #0x0                   	// #0
    82614040:	52800201 	mov	w1, #0x10                  	// #16
    82614044:	aa1303e0 	mov	x0, x19
    82614048:	97fffe7a 	bl	82613a30 <sotp_hw_writel>
    8261404c:	aa1303e0 	mov	x0, x19
    82614050:	97fffe7d 	bl	82613a44 <sotpSetStartAndPollForCmdDone>
    82614054:	2a0003f4 	mov	w20, w0
    82614058:	350002c0 	cbnz	w0, 826140b0 <sotpReadNonEccRow+0x104>
    8261405c:	52800481 	mov	w1, #0x24                  	// #36
    82614060:	aa1303e0 	mov	x0, x19
    82614064:	97fffe52 	bl	826139ac <sotp_hw_readl>
    82614068:	2a0003f5 	mov	w21, w0
    8261406c:	52800401 	mov	w1, #0x20                  	// #32
    82614070:	aa1303e0 	mov	x0, x19
    82614074:	97fffe4e 	bl	826139ac <sotp_hw_readl>
    82614078:	2a0003e0 	mov	w0, w0
    8261407c:	aa158015 	orr	x21, x0, x21, lsl #32
    82614080:	f90002d5 	str	x21, [x22]
    82614084:	52800042 	mov	w2, #0x2                   	// #2
    82614088:	aa1303e0 	mov	x0, x19
    8261408c:	52800381 	mov	w1, #0x1c                  	// #28
    82614090:	97fffe68 	bl	82613a30 <sotp_hw_writel>
    82614094:	52800001 	mov	w1, #0x0                   	// #0
    82614098:	aa1303e0 	mov	x0, x19
    8261409c:	97fffe44 	bl	826139ac <sotp_hw_readl>
    826140a0:	12107802 	and	w2, w0, #0xffff7fff
    826140a4:	52800001 	mov	w1, #0x0                   	// #0
    826140a8:	aa1303e0 	mov	x0, x19
    826140ac:	97fffe61 	bl	82613a30 <sotp_hw_writel>
    826140b0:	2a1403e0 	mov	w0, w20
    826140b4:	a94153f3 	ldp	x19, x20, [sp, #16]
    826140b8:	a9425bf5 	ldp	x21, x22, [sp, #32]
    826140bc:	a8c37bfd 	ldp	x29, x30, [sp], #48
    826140c0:	d65f03c0 	ret

00000000826140c4 <sotpIsRegionFuseLocked>:
    826140c4:	a9bd7bfd 	stp	x29, x30, [sp, #-48]!
    826140c8:	910003fd 	mov	x29, sp
    826140cc:	a90153f3 	stp	x19, x20, [sp, #16]
    826140d0:	2a0103f3 	mov	w19, w1
    826140d4:	f0000081 	adrp	x1, 82627000 <multipliers+0x16ba>
    826140d8:	f9421c22 	ldr	x2, [x1, #1080]
    826140dc:	f90017e2 	str	x2, [sp, #40]
    826140e0:	d2800002 	mov	x2, #0x0                   	// #0
    826140e4:	aa0003f4 	mov	x20, x0
    826140e8:	7100527f 	cmp	w19, #0x14
    826140ec:	540001e9 	b.ls	82614128 <sotpIsRegionFuseLocked+0x64>  // b.plast
    826140f0:	51005260 	sub	w0, w19, #0x14
    826140f4:	71001c1f 	cmp	w0, #0x7
    826140f8:	54000148 	b.hi	82614120 <sotpIsRegionFuseLocked+0x5c>  // b.pmore
    826140fc:	910083e2 	add	x2, sp, #0x20
    82614100:	aa1403e0 	mov	x0, x20
    82614104:	52800121 	mov	w1, #0x9                   	// #9
    82614108:	97ffffa9 	bl	82613fac <sotpReadNonEccRow>
    8261410c:	35000240 	cbnz	w0, 82614154 <sotpIsRegionFuseLocked+0x90>
    82614110:	f94013e1 	ldr	x1, [sp, #32]
    82614114:	7100527f 	cmp	w19, #0x14
    82614118:	540002c1 	b.ne	82614170 <sotpIsRegionFuseLocked+0xac>  // b.any
    8261411c:	370001a1 	tbnz	w1, #0, 82614150 <sotpIsRegionFuseLocked+0x8c>
    82614120:	52800000 	mov	w0, #0x0                   	// #0
    82614124:	1400000c 	b	82614154 <sotpIsRegionFuseLocked+0x90>
    82614128:	910083e2 	add	x2, sp, #0x20
    8261412c:	52800101 	mov	w1, #0x8                   	// #8
    82614130:	97ffff9f 	bl	82613fac <sotpReadNonEccRow>
    82614134:	35000100 	cbnz	w0, 82614154 <sotpIsRegionFuseLocked+0x90>
    82614138:	531f7a61 	lsl	w1, w19, #1
    8261413c:	d2800060 	mov	x0, #0x3                   	// #3
    82614140:	9ac12000 	lsl	x0, x0, x1
    82614144:	f94013e1 	ldr	x1, [sp, #32]
    82614148:	ea01001f 	tst	x0, x1
    8261414c:	54fffd20 	b.eq	826140f0 <sotpIsRegionFuseLocked+0x2c>  // b.none
    82614150:	528000a0 	mov	w0, #0x5                   	// #5
    82614154:	f0000081 	adrp	x1, 82627000 <multipliers+0x16ba>
    82614158:	f94017e2 	ldr	x2, [sp, #40]
    8261415c:	f9421c23 	ldr	x3, [x1, #1080]
    82614160:	eb030042 	subs	x2, x2, x3
    82614164:	d2800003 	mov	x3, #0x0                   	// #0
    82614168:	54000120 	b.eq	8261418c <sotpIsRegionFuseLocked+0xc8>  // b.none
    8261416c:	97fff8a4 	bl	826123fc <__stack_chk_fail>
    82614170:	531f7a73 	lsl	w19, w19, #1
    82614174:	d2800060 	mov	x0, #0x3                   	// #3
    82614178:	5100a673 	sub	w19, w19, #0x29
    8261417c:	9ad32013 	lsl	x19, x0, x19
    82614180:	ea01027f 	tst	x19, x1
    82614184:	54fffce0 	b.eq	82614120 <sotpIsRegionFuseLocked+0x5c>  // b.none
    82614188:	17fffff2 	b	82614150 <sotpIsRegionFuseLocked+0x8c>
    8261418c:	a94153f3 	ldp	x19, x20, [sp, #16]
    82614190:	a8c37bfd 	ldp	x29, x30, [sp], #48
    82614194:	d65f03c0 	ret

0000000082614198 <sotpPrepForFusing>:
    82614198:	a9bb7bfd 	stp	x29, x30, [sp, #-80]!
    8261419c:	f0000081 	adrp	x1, 82627000 <multipliers+0x16ba>
    826141a0:	910003fd 	mov	x29, sp
    826141a4:	a90153f3 	stp	x19, x20, [sp, #16]
    826141a8:	52800094 	mov	w20, #0x4                   	// #4
    826141ac:	aa0003f3 	mov	x19, x0
    826141b0:	f90013f5 	str	x21, [sp, #32]
    826141b4:	f9421c22 	ldr	x2, [x1, #1080]
    826141b8:	f90027e2 	str	x2, [sp, #72]
    826141bc:	d2800002 	mov	x2, #0x0                   	// #0
    826141c0:	528001e1 	mov	w1, #0xf                   	// #15
    826141c4:	290753e1 	stp	w1, w20, [sp, #56]
    826141c8:	52800101 	mov	w1, #0x8                   	// #8
    826141cc:	b90043e1 	str	w1, [sp, #64]
    826141d0:	528001a1 	mov	w1, #0xd                   	// #13
    826141d4:	b90047e1 	str	w1, [sp, #68]
    826141d8:	97fffdfa 	bl	826139c0 <sotpPollForFDone>
    826141dc:	7100181f 	cmp	w0, #0x6
    826141e0:	54000600 	b.eq	826142a0 <sotpPrepForFusing+0x108>  // b.none
    826141e4:	52800001 	mov	w1, #0x0                   	// #0
    826141e8:	aa1303e0 	mov	x0, x19
    826141ec:	97fffdf0 	bl	826139ac <sotp_hw_readl>
    826141f0:	9100e3f5 	add	x21, sp, #0x38
    826141f4:	32110002 	orr	w2, w0, #0x8000
    826141f8:	52800001 	mov	w1, #0x0                   	// #0
    826141fc:	aa1303e0 	mov	x0, x19
    82614200:	97fffe0c 	bl	82613a30 <sotp_hw_writel>
    82614204:	2a1403e2 	mov	w2, w20
    82614208:	d2800014 	mov	x20, #0x0                   	// #0
    8261420c:	aa1303e0 	mov	x0, x19
    82614210:	52800201 	mov	w1, #0x10                  	// #16
    82614214:	97fffe07 	bl	82613a30 <sotp_hw_writel>
    82614218:	b8747aa2 	ldr	w2, [x21, x20, lsl #2]
    8261421c:	52800081 	mov	w1, #0x4                   	// #4
    82614220:	aa1303e0 	mov	x0, x19
    82614224:	97fffe03 	bl	82613a30 <sotp_hw_writel>
    82614228:	aa1303e0 	mov	x0, x19
    8261422c:	97fffe06 	bl	82613a44 <sotpSetStartAndPollForCmdDone>
    82614230:	35000380 	cbnz	w0, 826142a0 <sotpPrepForFusing+0x108>
    82614234:	aa1303e0 	mov	x0, x19
    82614238:	52800042 	mov	w2, #0x2                   	// #2
    8261423c:	52800381 	mov	w1, #0x1c                  	// #28
    82614240:	91000694 	add	x20, x20, #0x1
    82614244:	97fffdfb 	bl	82613a30 <sotp_hw_writel>
    82614248:	f100129f 	cmp	x20, #0x4
    8261424c:	54fffe61 	b.ne	82614218 <sotpPrepForFusing+0x80>  // b.any
    82614250:	52800981 	mov	w1, #0x4c                  	// #76
    82614254:	aa1303e0 	mov	x0, x19
    82614258:	97fffdd5 	bl	826139ac <sotp_hw_readl>
    8261425c:	52800981 	mov	w1, #0x4c                  	// #76
    82614260:	52801602 	mov	w2, #0xb0                  	// #176
    82614264:	2a020002 	orr	w2, w0, w2
    82614268:	aa1303e0 	mov	x0, x19
    8261426c:	97fffdf1 	bl	82613a30 <sotp_hw_writel>
    82614270:	f0000080 	adrp	x0, 82627000 <multipliers+0x16ba>
    82614274:	f94027e1 	ldr	x1, [sp, #72]
    82614278:	f9421c02 	ldr	x2, [x0, #1080]
    8261427c:	eb020021 	subs	x1, x1, x2
    82614280:	d2800002 	mov	x2, #0x0                   	// #0
    82614284:	54000040 	b.eq	8261428c <sotpPrepForFusing+0xf4>  // b.none
    82614288:	97fff85d 	bl	826123fc <__stack_chk_fail>
    8261428c:	aa1303e0 	mov	x0, x19
    82614290:	a94153f3 	ldp	x19, x20, [sp, #16]
    82614294:	f94013f5 	ldr	x21, [sp, #32]
    82614298:	a8c57bfd 	ldp	x29, x30, [sp], #80
    8261429c:	17fffdc9 	b	826139c0 <sotpPollForFDone>
    826142a0:	f0000081 	adrp	x1, 82627000 <multipliers+0x16ba>
    826142a4:	f94027e2 	ldr	x2, [sp, #72]
    826142a8:	f9421c23 	ldr	x3, [x1, #1080]
    826142ac:	eb030042 	subs	x2, x2, x3
    826142b0:	d2800003 	mov	x3, #0x0                   	// #0
    826142b4:	54fffea1 	b.ne	82614288 <sotpPrepForFusing+0xf0>  // b.any
    826142b8:	a94153f3 	ldp	x19, x20, [sp, #16]
    826142bc:	f94013f5 	ldr	x21, [sp, #32]
    826142c0:	a8c57bfd 	ldp	x29, x30, [sp], #80
    826142c4:	d65f03c0 	ret

00000000826142c8 <sotpFinishFusing>:
    826142c8:	a9be7bfd 	stp	x29, x30, [sp, #-32]!
    826142cc:	52800282 	mov	w2, #0x14                  	// #20
    826142d0:	52800201 	mov	w1, #0x10                  	// #16
    826142d4:	910003fd 	mov	x29, sp
    826142d8:	a90153f3 	stp	x19, x20, [sp, #16]
    826142dc:	aa0003f3 	mov	x19, x0
    826142e0:	97fffdd4 	bl	82613a30 <sotp_hw_writel>
    826142e4:	aa1303e0 	mov	x0, x19
    826142e8:	97fffdd7 	bl	82613a44 <sotpSetStartAndPollForCmdDone>
    826142ec:	2a0003f4 	mov	w20, w0
    826142f0:	35000180 	cbnz	w0, 82614320 <sotpFinishFusing+0x58>
    826142f4:	52800042 	mov	w2, #0x2                   	// #2
    826142f8:	aa1303e0 	mov	x0, x19
    826142fc:	52800381 	mov	w1, #0x1c                  	// #28
    82614300:	97fffdcc 	bl	82613a30 <sotp_hw_writel>
    82614304:	52800001 	mov	w1, #0x0                   	// #0
    82614308:	aa1303e0 	mov	x0, x19
    8261430c:	97fffda8 	bl	826139ac <sotp_hw_readl>
    82614310:	12107802 	and	w2, w0, #0xffff7fff
    82614314:	52800001 	mov	w1, #0x0                   	// #0
    82614318:	aa1303e0 	mov	x0, x19
    8261431c:	97fffdc5 	bl	82613a30 <sotp_hw_writel>
    82614320:	2a1403e0 	mov	w0, w20
    82614324:	a94153f3 	ldp	x19, x20, [sp, #16]
    82614328:	a8c27bfd 	ldp	x29, x30, [sp], #32
    8261432c:	d65f03c0 	ret

0000000082614330 <sotpWriteEccRow>:
    82614330:	a9bc7bfd 	stp	x29, x30, [sp, #-64]!
    82614334:	910003fd 	mov	x29, sp
    82614338:	a90153f3 	stp	x19, x20, [sp, #16]
    8261433c:	a9025bf5 	stp	x21, x22, [sp, #32]
    82614340:	2a0103f5 	mov	w21, w1
    82614344:	51004021 	sub	w1, w1, #0x10
    82614348:	f9001bf7 	str	x23, [sp, #48]
    8261434c:	71017c3f 	cmp	w1, #0x5f
    82614350:	54000209 	b.ls	82614390 <sotpWriteEccRow+0x60>  // b.plast
    82614354:	528000f4 	mov	w20, #0x7                   	// #7
    82614358:	2a1503e2 	mov	w2, w21
    8261435c:	52800de4 	mov	w4, #0x6f                  	// #111
    82614360:	52800203 	mov	w3, #0x10                  	// #16
    82614364:	90000081 	adrp	x1, 82624000 <blk_find_max_devnum+0x3c>
    82614368:	b0000080 	adrp	x0, 82625000 <_ctype+0x35c>
    8261436c:	912ee021 	add	x1, x1, #0xbb8
    82614370:	913df000 	add	x0, x0, #0xf7c
    82614374:	940024f4 	bl	8261d744 <printf>
    82614378:	2a1403e0 	mov	w0, w20
    8261437c:	a94153f3 	ldp	x19, x20, [sp, #16]
    82614380:	a9425bf5 	ldp	x21, x22, [sp, #32]
    82614384:	f9401bf7 	ldr	x23, [sp, #48]
    82614388:	a8c47bfd 	ldp	x29, x30, [sp], #64
    8261438c:	d65f03c0 	ret
    82614390:	aa0003f3 	mov	x19, x0
    82614394:	2a0203f6 	mov	w22, w2
    82614398:	2a0303f7 	mov	w23, w3
    8261439c:	53027ea1 	lsr	w1, w21, #2
    826143a0:	97ffff49 	bl	826140c4 <sotpIsRegionFuseLocked>
    826143a4:	2a0003f4 	mov	w20, w0
    826143a8:	7100141f 	cmp	w0, #0x5
    826143ac:	54000101 	b.ne	826143cc <sotpWriteEccRow+0x9c>  // b.any
    826143b0:	2a1503e2 	mov	w2, w21
    826143b4:	90000081 	adrp	x1, 82624000 <blk_find_max_devnum+0x3c>
    826143b8:	b0000080 	adrp	x0, 82625000 <_ctype+0x35c>
    826143bc:	912ee021 	add	x1, x1, #0xbb8
    826143c0:	913ea000 	add	x0, x0, #0xfa8
    826143c4:	940024e0 	bl	8261d744 <printf>
    826143c8:	17ffffec 	b	82614378 <sotpWriteEccRow+0x48>
    826143cc:	aa1303e0 	mov	x0, x19
    826143d0:	97ffff72 	bl	82614198 <sotpPrepForFusing>
    826143d4:	2a0003f4 	mov	w20, w0
    826143d8:	35fffd00 	cbnz	w0, 82614378 <sotpWriteEccRow+0x48>
    826143dc:	aa1303e0 	mov	x0, x19
    826143e0:	52800001 	mov	w1, #0x0                   	// #0
    826143e4:	340003f7 	cbz	w23, 82614460 <sotpWriteEccRow+0x130>
    826143e8:	97fffd71 	bl	826139ac <sotp_hw_readl>
    826143ec:	32170002 	orr	w2, w0, #0x200
    826143f0:	52800001 	mov	w1, #0x0                   	// #0
    826143f4:	aa1303e0 	mov	x0, x19
    826143f8:	97fffd8e 	bl	82613a30 <sotp_hw_writel>
    826143fc:	aa1303e0 	mov	x0, x19
    82614400:	52800001 	mov	w1, #0x0                   	// #0
    82614404:	97fffd6a 	bl	826139ac <sotp_hw_readl>
    82614408:	12177802 	and	w2, w0, #0xfffffeff
    8261440c:	aa1303e0 	mov	x0, x19
    82614410:	52800001 	mov	w1, #0x0                   	// #0
    82614414:	97fffd87 	bl	82613a30 <sotp_hw_writel>
    82614418:	531a66a2 	lsl	w2, w21, #6
    8261441c:	aa1303e0 	mov	x0, x19
    82614420:	52800181 	mov	w1, #0xc                   	// #12
    82614424:	97fffd83 	bl	82613a30 <sotp_hw_writel>
    82614428:	2a1603e2 	mov	w2, w22
    8261442c:	aa1303e0 	mov	x0, x19
    82614430:	52800081 	mov	w1, #0x4                   	// #4
    82614434:	97fffd7f 	bl	82613a30 <sotp_hw_writel>
    82614438:	aa1303e0 	mov	x0, x19
    8261443c:	52800002 	mov	w2, #0x0                   	// #0
    82614440:	52800101 	mov	w1, #0x8                   	// #8
    82614444:	97fffd7b 	bl	82613a30 <sotp_hw_writel>
    82614448:	aa1303e0 	mov	x0, x19
    8261444c:	a94153f3 	ldp	x19, x20, [sp, #16]
    82614450:	a9425bf5 	ldp	x21, x22, [sp, #32]
    82614454:	f9401bf7 	ldr	x23, [sp, #48]
    82614458:	a8c47bfd 	ldp	x29, x30, [sp], #64
    8261445c:	17ffff9b 	b	826142c8 <sotpFinishFusing>
    82614460:	97fffd53 	bl	826139ac <sotp_hw_readl>
    82614464:	12167802 	and	w2, w0, #0xfffffdff
    82614468:	52800001 	mov	w1, #0x0                   	// #0
    8261446c:	aa1303e0 	mov	x0, x19
    82614470:	97fffd70 	bl	82613a30 <sotp_hw_writel>
    82614474:	aa1303e0 	mov	x0, x19
    82614478:	52800001 	mov	w1, #0x0                   	// #0
    8261447c:	97fffd4c 	bl	826139ac <sotp_hw_readl>
    82614480:	32180002 	orr	w2, w0, #0x100
    82614484:	17ffffe2 	b	8261440c <sotpWriteEccRow+0xdc>

0000000082614488 <sotpFuseNonEccRow>:
    82614488:	a9bd7bfd 	stp	x29, x30, [sp, #-48]!
    8261448c:	910003fd 	mov	x29, sp
    82614490:	a90153f3 	stp	x19, x20, [sp, #16]
    82614494:	aa0003f3 	mov	x19, x0
    82614498:	aa0203f4 	mov	x20, x2
    8261449c:	f90013f5 	str	x21, [sp, #32]
    826144a0:	2a0103f5 	mov	w21, w1
    826144a4:	97ffff3d 	bl	82614198 <sotpPrepForFusing>
    826144a8:	35000320 	cbnz	w0, 8261450c <sotpFuseNonEccRow+0x84>
    826144ac:	aa1303e0 	mov	x0, x19
    826144b0:	52800001 	mov	w1, #0x0                   	// #0
    826144b4:	97fffd3e 	bl	826139ac <sotp_hw_readl>
    826144b8:	12177802 	and	w2, w0, #0xfffffeff
    826144bc:	52800001 	mov	w1, #0x0                   	// #0
    826144c0:	aa1303e0 	mov	x0, x19
    826144c4:	97fffd5b 	bl	82613a30 <sotp_hw_writel>
    826144c8:	531a66a2 	lsl	w2, w21, #6
    826144cc:	aa1303e0 	mov	x0, x19
    826144d0:	52800181 	mov	w1, #0xc                   	// #12
    826144d4:	97fffd57 	bl	82613a30 <sotp_hw_writel>
    826144d8:	2a1403e2 	mov	w2, w20
    826144dc:	aa1303e0 	mov	x0, x19
    826144e0:	52800081 	mov	w1, #0x4                   	// #4
    826144e4:	97fffd53 	bl	82613a30 <sotp_hw_writel>
    826144e8:	d360fe82 	lsr	x2, x20, #32
    826144ec:	aa1303e0 	mov	x0, x19
    826144f0:	52800101 	mov	w1, #0x8                   	// #8
    826144f4:	97fffd4f 	bl	82613a30 <sotp_hw_writel>
    826144f8:	aa1303e0 	mov	x0, x19
    826144fc:	a94153f3 	ldp	x19, x20, [sp, #16]
    82614500:	f94013f5 	ldr	x21, [sp, #32]
    82614504:	a8c37bfd 	ldp	x29, x30, [sp], #48
    82614508:	17ffff70 	b	826142c8 <sotpFinishFusing>
    8261450c:	a94153f3 	ldp	x19, x20, [sp, #16]
    82614510:	f94013f5 	ldr	x21, [sp, #32]
    82614514:	a8c37bfd 	ldp	x29, x30, [sp], #48
    82614518:	d65f03c0 	ret

000000008261451c <sotp_hw_write>:
    8261451c:	a9b87bfd 	stp	x29, x30, [sp, #-128]!
    82614520:	910003fd 	mov	x29, sp
    82614524:	a90153f3 	stp	x19, x20, [sp, #16]
    82614528:	2a0103f3 	mov	w19, w1
    8261452c:	a9025bf5 	stp	x21, x22, [sp, #32]
    82614530:	aa0003f5 	mov	x21, x0
    82614534:	a90363f7 	stp	x23, x24, [sp, #48]
    82614538:	aa0303f8 	mov	x24, x3
    8261453c:	2a0403f7 	mov	w23, w4
    82614540:	a9046bf9 	stp	x25, x26, [sp, #64]
    82614544:	f0000083 	adrp	x3, 82627000 <multipliers+0x16ba>
    82614548:	a90573fb 	stp	x27, x28, [sp, #80]
    8261454c:	f9421c64 	ldr	x4, [x3, #1080]
    82614550:	f9003fe4 	str	x4, [sp, #120]
    82614554:	d2800004 	mov	x4, #0x0                   	// #0
    82614558:	b4000442 	cbz	x2, 826145e0 <sotp_hw_write+0xc4>
    8261455c:	b9400443 	ldr	w3, [x2, #4]
    82614560:	7100047f 	cmp	w3, #0x1
    82614564:	540003e1 	b.ne	826145e0 <sotp_hw_write+0xc4>  // b.any
    82614568:	b9400042 	ldr	w2, [x2]
    8261456c:	7100805f 	cmp	w2, #0x20
    82614570:	540002a1 	b.ne	826145c4 <sotp_hw_write+0xa8>  // b.any
    82614574:	9101d3e2 	add	x2, sp, #0x74
    82614578:	52800003 	mov	w3, #0x0                   	// #0
    8261457c:	b90077ff 	str	wzr, [sp, #116]
    82614580:	97fffd60 	bl	82613b00 <sotpReadEccRow>
    82614584:	350005e0 	cbnz	w0, 82614640 <sotp_hw_write+0x124>
    82614588:	b94077e3 	ldr	w3, [sp, #116]
    8261458c:	340001c3 	cbz	w3, 826145c4 <sotp_hw_write+0xa8>
    82614590:	12800096 	mov	w22, #0xfffffffb            	// #-5
    82614594:	90000081 	adrp	x1, 82624000 <blk_find_max_devnum+0x3c>
    82614598:	b0000080 	adrp	x0, 82625000 <_ctype+0x35c>
    8261459c:	912f6c21 	add	x1, x1, #0xbdb
    826145a0:	913f9400 	add	x0, x0, #0xfe5
    826145a4:	94002468 	bl	8261d744 <printf>
    826145a8:	f0000080 	adrp	x0, 82627000 <multipliers+0x16ba>
    826145ac:	f9403fe1 	ldr	x1, [sp, #120]
    826145b0:	f9421c02 	ldr	x2, [x0, #1080]
    826145b4:	eb020021 	subs	x1, x1, x2
    826145b8:	d2800002 	mov	x2, #0x0                   	// #0
    826145bc:	54001fa0 	b.eq	826149b0 <sotp_hw_write+0x494>  // b.none
    826145c0:	97fff78f 	bl	826123fc <__stack_chk_fail>
    826145c4:	b9400302 	ldr	w2, [x24]
    826145c8:	2a1303e1 	mov	w1, w19
    826145cc:	aa1503e0 	mov	x0, x21
    826145d0:	97ffff58 	bl	82614330 <sotpWriteEccRow>
    826145d4:	7100001f 	cmp	w0, #0x0
    826145d8:	5a9f03f6 	csetm	w22, ne  // ne = any
    826145dc:	17fffff3 	b	826145a8 <sotp_hw_write+0x8c>
    826145e0:	9101c3e1 	add	x1, sp, #0x70
    826145e4:	2a1303e0 	mov	w0, w19
    826145e8:	b90073ff 	str	wzr, [sp, #112]
    826145ec:	97fffcba 	bl	826138d4 <row2sect>
    826145f0:	2a0003f6 	mov	w22, w0
    826145f4:	35000260 	cbnz	w0, 82614640 <sotp_hw_write+0x124>
    826145f8:	53027ef7 	lsr	w23, w23, #2
    826145fc:	b90077ff 	str	wzr, [sp, #116]
    82614600:	510006e0 	sub	w0, w23, #0x1
    82614604:	f100031f 	cmp	x24, #0x0
    82614608:	b94073f3 	ldr	w19, [sp, #112]
    8261460c:	7a471802 	ccmp	w0, #0x7, #0x2, ne  // ne = any
    82614610:	54000188 	b.hi	82614640 <sotp_hw_write+0x124>  // b.pmore
    82614614:	51001e60 	sub	w0, w19, #0x7
    82614618:	7100181f 	cmp	w0, #0x6
    8261461c:	54000169 	b.ls	82614648 <sotp_hw_write+0x12c>  // b.plast
    82614620:	90000081 	adrp	x1, 82624000 <blk_find_max_devnum+0x3c>
    82614624:	b0000080 	adrp	x0, 82625000 <_ctype+0x35c>
    82614628:	2a1303e2 	mov	w2, w19
    8261462c:	912e5821 	add	x1, x1, #0xb96
    82614630:	9135e800 	add	x0, x0, #0xd7a
    82614634:	528001a4 	mov	w4, #0xd                   	// #13
    82614638:	528000e3 	mov	w3, #0x7                   	// #7
    8261463c:	94002442 	bl	8261d744 <printf>
    82614640:	12800016 	mov	w22, #0xffffffff            	// #-1
    82614644:	17ffffd9 	b	826145a8 <sotp_hw_write+0x8c>
    82614648:	5280019b 	mov	w27, #0xc                   	// #12
    8261464c:	531e76e2 	lsl	w2, w23, #2
    82614650:	aa1803e1 	mov	x1, x24
    82614654:	12800000 	mov	w0, #0xffffffff            	// #-1
    82614658:	1b1b7e7b 	mul	w27, w19, w27
    8261465c:	94001e68 	bl	8261bffc <crc32_no_comp>
    82614660:	b9006fe0 	str	w0, [sp, #108]
    82614664:	5100e37a 	sub	w26, w27, #0x38
    82614668:	53027f59 	lsr	w25, w26, #2
    8261466c:	11000f3c 	add	w28, w25, #0x3
    82614670:	2a1903e1 	mov	w1, w25
    82614674:	aa1503e0 	mov	x0, x21
    82614678:	97fffe93 	bl	826140c4 <sotpIsRegionFuseLocked>
    8261467c:	2a0003f4 	mov	w20, w0
    82614680:	52800781 	mov	w1, #0x3c                  	// #60
    82614684:	aa1503e0 	mov	x0, x21
    82614688:	97fffcc9 	bl	826139ac <sotp_hw_readl>
    8261468c:	52800022 	mov	w2, #0x1                   	// #1
    82614690:	1ad92041 	lsl	w1, w2, w25
    82614694:	6a00003f 	tst	w1, w0
    82614698:	540000a1 	b.ne	826146ac <sotp_hw_write+0x190>  // b.any
    8261469c:	34000254 	cbz	w20, 826146e4 <sotp_hw_write+0x1c8>
    826146a0:	b0000084 	adrp	x4, 82625000 <_ctype+0x35c>
    826146a4:	913f6c84 	add	x4, x4, #0xfdb
    826146a8:	14000007 	b	826146c4 <sotp_hw_write+0x1a8>
    826146ac:	7100029f 	cmp	w20, #0x0
    826146b0:	b0000080 	adrp	x0, 82625000 <_ctype+0x35c>
    826146b4:	b0000084 	adrp	x4, 82625000 <_ctype+0x35c>
    826146b8:	913f8000 	add	x0, x0, #0xfe0
    826146bc:	913f6c84 	add	x4, x4, #0xfdb
    826146c0:	9a801084 	csel	x4, x4, x0, ne  // ne = any
    826146c4:	2a1903e3 	mov	w3, w25
    826146c8:	2a1303e2 	mov	w2, w19
    826146cc:	90000081 	adrp	x1, 82624000 <blk_find_max_devnum+0x3c>
    826146d0:	d0000080 	adrp	x0, 82626000 <multipliers+0x6ba>
    826146d4:	912e5821 	add	x1, x1, #0xb96
    826146d8:	91006c00 	add	x0, x0, #0x1b
    826146dc:	9400241a 	bl	8261d744 <printf>
    826146e0:	17ffffd8 	b	82614640 <sotp_hw_write+0x124>
    826146e4:	11000739 	add	w25, w25, #0x1
    826146e8:	6b1c033f 	cmp	w25, w28
    826146ec:	54fffc23 	b.cc	82614670 <sotp_hw_write+0x154>  // b.lo, b.ul, b.last
    826146f0:	2a1a03f9 	mov	w25, w26
    826146f4:	5100b37b 	sub	w27, w27, #0x2c
    826146f8:	6b1b033f 	cmp	w25, w27
    826146fc:	54000163 	b.cc	82614728 <sotp_hw_write+0x20c>  // b.lo, b.ul, b.last
    82614700:	9000009c 	adrp	x28, 82624000 <blk_find_max_devnum+0x3c>
    82614704:	912c839c 	add	x28, x28, #0xb20
    82614708:	52800019 	mov	w25, #0x0                   	// #0
    8261470c:	6b1a037f 	cmp	w27, w26
    82614710:	540003e8 	b.hi	8261478c <sotp_hw_write+0x270>  // b.pmore
    82614714:	2a1303e1 	mov	w1, w19
    82614718:	d0000080 	adrp	x0, 82626000 <multipliers+0x6ba>
    8261471c:	910c7000 	add	x0, x0, #0x31c
    82614720:	94002409 	bl	8261d744 <printf>
    82614724:	17ffffc7 	b	82614640 <sotp_hw_write+0x124>
    82614728:	9101d3e2 	add	x2, sp, #0x74
    8261472c:	2a1903e1 	mov	w1, w25
    82614730:	aa1503e0 	mov	x0, x21
    82614734:	52800003 	mov	w3, #0x0                   	// #0
    82614738:	97fffcf2 	bl	82613b00 <sotpReadEccRow>
    8261473c:	34000120 	cbz	w0, 82614760 <sotp_hw_write+0x244>
    82614740:	90000081 	adrp	x1, 82624000 <blk_find_max_devnum+0x3c>
    82614744:	d0000080 	adrp	x0, 82626000 <multipliers+0x6ba>
    82614748:	2a1903e3 	mov	w3, w25
    8261474c:	2a1303e2 	mov	w2, w19
    82614750:	912e5821 	add	x1, x1, #0xb96
    82614754:	91016c00 	add	x0, x0, #0x5b
    82614758:	940023fb 	bl	8261d744 <printf>
    8261475c:	17ffffb9 	b	82614640 <sotp_hw_write+0x124>
    82614760:	b94077e0 	ldr	w0, [sp, #116]
    82614764:	34000100 	cbz	w0, 82614784 <sotp_hw_write+0x268>
    82614768:	90000081 	adrp	x1, 82624000 <blk_find_max_devnum+0x3c>
    8261476c:	d0000080 	adrp	x0, 82626000 <multipliers+0x6ba>
    82614770:	2a1903e3 	mov	w3, w25
    82614774:	2a1303e2 	mov	w2, w19
    82614778:	912e5821 	add	x1, x1, #0xb96
    8261477c:	91028000 	add	x0, x0, #0xa0
    82614780:	17fffff6 	b	82614758 <sotp_hw_write+0x23c>
    82614784:	11000739 	add	w25, w25, #0x1
    82614788:	17ffffdc 	b	826146f8 <sotp_hw_write+0x1dc>
    8261478c:	6b1902ff 	cmp	w23, w25
    82614790:	54000309 	b.ls	826147f0 <sotp_hw_write+0x2d4>  // b.plast
    82614794:	b8795b02 	ldr	w2, [x24, w25, uxtw #2]
    82614798:	52800003 	mov	w3, #0x0                   	// #0
    8261479c:	2a1a03e1 	mov	w1, w26
    826147a0:	aa1503e0 	mov	x0, x21
    826147a4:	97fffee3 	bl	82614330 <sotpWriteEccRow>
    826147a8:	2a0003f4 	mov	w20, w0
    826147ac:	7100141f 	cmp	w0, #0x5
    826147b0:	54000e20 	b.eq	82614974 <sotp_hw_write+0x458>  // b.none
    826147b4:	7100181f 	cmp	w0, #0x6
    826147b8:	54000e80 	b.eq	82614988 <sotp_hw_write+0x46c>  // b.none
    826147bc:	35000f14 	cbnz	w20, 8261499c <sotp_hw_write+0x480>
    826147c0:	9101d3e2 	add	x2, sp, #0x74
    826147c4:	2a1a03e1 	mov	w1, w26
    826147c8:	aa1503e0 	mov	x0, x21
    826147cc:	52800003 	mov	w3, #0x0                   	// #0
    826147d0:	97fffccc 	bl	82613b00 <sotpReadEccRow>
    826147d4:	2a0003f4 	mov	w20, w0
    826147d8:	7100101f 	cmp	w0, #0x4
    826147dc:	54000c28 	b.hi	82614960 <sotp_hw_write+0x444>  // b.pmore
    826147e0:	38744b80 	ldrb	w0, [x28, w20, uxtw]
    826147e4:	10000061 	adr	x1, 826147f0 <sotp_hw_write+0x2d4>
    826147e8:	8b208820 	add	x0, x1, w0, sxtb #2
    826147ec:	d61f0000 	br	x0
    826147f0:	54fffe61 	b.ne	826147bc <sotp_hw_write+0x2a0>  // b.any
    826147f4:	b9406fe2 	ldr	w2, [sp, #108]
    826147f8:	52800003 	mov	w3, #0x0                   	// #0
    826147fc:	17ffffe8 	b	8261479c <sotp_hw_write+0x280>
    82614800:	b94077e0 	ldr	w0, [sp, #116]
    82614804:	6b1902ff 	cmp	w23, w25
    82614808:	540001a9 	b.ls	8261483c <sotp_hw_write+0x320>  // b.plast
    8261480c:	b8795b01 	ldr	w1, [x24, w25, uxtw #2]
    82614810:	6b00003f 	cmp	w1, w0
    82614814:	54000081 	b.ne	82614824 <sotp_hw_write+0x308>  // b.any
    82614818:	11000739 	add	w25, w25, #0x1
    8261481c:	1100075a 	add	w26, w26, #0x1
    82614820:	17ffffbb 	b	8261470c <sotp_hw_write+0x1f0>
    82614824:	d0000080 	adrp	x0, 82626000 <multipliers+0x6ba>
    82614828:	2a1303e2 	mov	w2, w19
    8261482c:	2a1a03e1 	mov	w1, w26
    82614830:	91039400 	add	x0, x0, #0xe5
    82614834:	940023c4 	bl	8261d744 <printf>
    82614838:	17ffff82 	b	82614640 <sotp_hw_write+0x124>
    8261483c:	b9406fe1 	ldr	w1, [sp, #108]
    82614840:	6b00003f 	cmp	w1, w0
    82614844:	540003a1 	b.ne	826148b8 <sotp_hw_write+0x39c>  // b.any
    82614848:	0b130673 	add	w19, w19, w19, lsl #1
    8261484c:	d2800077 	mov	x23, #0x3                   	// #3
    82614850:	51003a74 	sub	w20, w19, #0xe
    82614854:	51002e73 	sub	w19, w19, #0xb
    82614858:	6b13029f 	cmp	w20, w19
    8261485c:	54ffea62 	b.cs	826145a8 <sotp_hw_write+0x8c>  // b.hs, b.nlast
    82614860:	7100529f 	cmp	w20, #0x14
    82614864:	531f7a82 	lsl	w2, w20, #1
    82614868:	54000168 	b.hi	82614894 <sotp_hw_write+0x378>  // b.pmore
    8261486c:	9ac222e2 	lsl	x2, x23, x2
    82614870:	aa1503e0 	mov	x0, x21
    82614874:	9240a042 	and	x2, x2, #0x1ffffffffff
    82614878:	52800101 	mov	w1, #0x8                   	// #8
    8261487c:	97ffff03 	bl	82614488 <sotpFuseNonEccRow>
    82614880:	35ffee00 	cbnz	w0, 82614640 <sotp_hw_write+0x124>
    82614884:	7100529f 	cmp	w20, #0x14
    82614888:	54000140 	b.eq	826148b0 <sotp_hw_write+0x394>  // b.none
    8261488c:	11000694 	add	w20, w20, #0x1
    82614890:	17fffff2 	b	82614858 <sotp_hw_write+0x33c>
    82614894:	5100a442 	sub	w2, w2, #0x29
    82614898:	9ac222e2 	lsl	x2, x23, x2
    8261489c:	aa1503e0 	mov	x0, x21
    826148a0:	52800121 	mov	w1, #0x9                   	// #9
    826148a4:	97fffef9 	bl	82614488 <sotpFuseNonEccRow>
    826148a8:	34ffff20 	cbz	w0, 8261488c <sotp_hw_write+0x370>
    826148ac:	17ffff65 	b	82614640 <sotp_hw_write+0x124>
    826148b0:	d2800022 	mov	x2, #0x1                   	// #1
    826148b4:	17fffffa 	b	8261489c <sotp_hw_write+0x380>
    826148b8:	d0000080 	adrp	x0, 82626000 <multipliers+0x6ba>
    826148bc:	2a1303e2 	mov	w2, w19
    826148c0:	2a1a03e1 	mov	w1, w26
    826148c4:	9104c000 	add	x0, x0, #0x130
    826148c8:	17ffffdb 	b	82614834 <sotp_hw_write+0x318>
    826148cc:	aa1503e0 	mov	x0, x21
    826148d0:	97fffe32 	bl	82614198 <sotpPrepForFusing>
    826148d4:	340000c0 	cbz	w0, 826148ec <sotp_hw_write+0x3d0>
    826148d8:	d0000080 	adrp	x0, 82626000 <multipliers+0x6ba>
    826148dc:	2a1303e2 	mov	w2, w19
    826148e0:	2a1a03e1 	mov	w1, w26
    826148e4:	9105f400 	add	x0, x0, #0x17d
    826148e8:	17ffffd3 	b	82614834 <sotp_hw_write+0x318>
    826148ec:	52800001 	mov	w1, #0x0                   	// #0
    826148f0:	aa1503e0 	mov	x0, x21
    826148f4:	97fffc2e 	bl	826139ac <sotp_hw_readl>
    826148f8:	32180002 	orr	w2, w0, #0x100
    826148fc:	52800001 	mov	w1, #0x0                   	// #0
    82614900:	aa1503e0 	mov	x0, x21
    82614904:	97fffc4b 	bl	82613a30 <sotp_hw_writel>
    82614908:	531a6742 	lsl	w2, w26, #6
    8261490c:	aa1503e0 	mov	x0, x21
    82614910:	52800181 	mov	w1, #0xc                   	// #12
    82614914:	97fffc47 	bl	82613a30 <sotp_hw_writel>
    82614918:	aa1503e0 	mov	x0, x21
    8261491c:	52800002 	mov	w2, #0x0                   	// #0
    82614920:	52800081 	mov	w1, #0x4                   	// #4
    82614924:	97fffc43 	bl	82613a30 <sotp_hw_writel>
    82614928:	52803002 	mov	w2, #0x180                 	// #384
    8261492c:	52800101 	mov	w1, #0x8                   	// #8
    82614930:	aa1503e0 	mov	x0, x21
    82614934:	97fffc3f 	bl	82613a30 <sotp_hw_writel>
    82614938:	aa1503e0 	mov	x0, x21
    8261493c:	97fffe63 	bl	826142c8 <sotpFinishFusing>
    82614940:	2a0003f4 	mov	w20, w0
    82614944:	34fff6c0 	cbz	w0, 8261481c <sotp_hw_write+0x300>
    82614948:	17ffffe4 	b	826148d8 <sotp_hw_write+0x3bc>
    8261494c:	d0000080 	adrp	x0, 82626000 <multipliers+0x6ba>
    82614950:	2a1303e2 	mov	w2, w19
    82614954:	2a1a03e1 	mov	w1, w26
    82614958:	9106f800 	add	x0, x0, #0x1be
    8261495c:	17ffffb6 	b	82614834 <sotp_hw_write+0x318>
    82614960:	d0000080 	adrp	x0, 82626000 <multipliers+0x6ba>
    82614964:	2a1303e2 	mov	w2, w19
    82614968:	2a1a03e1 	mov	w1, w26
    8261496c:	91082c00 	add	x0, x0, #0x20b
    82614970:	17ffffb1 	b	82614834 <sotp_hw_write+0x318>
    82614974:	d0000080 	adrp	x0, 82626000 <multipliers+0x6ba>
    82614978:	2a1303e2 	mov	w2, w19
    8261497c:	2a1a03e1 	mov	w1, w26
    82614980:	91093400 	add	x0, x0, #0x24d
    82614984:	17ffffac 	b	82614834 <sotp_hw_write+0x318>
    82614988:	d0000080 	adrp	x0, 82626000 <multipliers+0x6ba>
    8261498c:	2a1303e2 	mov	w2, w19
    82614990:	2a1a03e1 	mov	w1, w26
    82614994:	910a2000 	add	x0, x0, #0x288
    82614998:	17ffffa7 	b	82614834 <sotp_hw_write+0x318>
    8261499c:	d0000080 	adrp	x0, 82626000 <multipliers+0x6ba>
    826149a0:	2a1303e2 	mov	w2, w19
    826149a4:	2a1a03e1 	mov	w1, w26
    826149a8:	910b6000 	add	x0, x0, #0x2d8
    826149ac:	17ffffa2 	b	82614834 <sotp_hw_write+0x318>
    826149b0:	2a1603e0 	mov	w0, w22
    826149b4:	a94153f3 	ldp	x19, x20, [sp, #16]
    826149b8:	a9425bf5 	ldp	x21, x22, [sp, #32]
    826149bc:	a94363f7 	ldp	x23, x24, [sp, #48]
    826149c0:	a9446bf9 	ldp	x25, x26, [sp, #64]
    826149c4:	a94573fb 	ldp	x27, x28, [sp, #80]
    826149c8:	a8c87bfd 	ldp	x29, x30, [sp], #128
    826149cc:	d65f03c0 	ret

00000000826149d0 <sotpKeySlotReadLockStatus.part.0>:
    826149d0:	a9bc7bfd 	stp	x29, x30, [sp, #-64]!
    826149d4:	910003fd 	mov	x29, sp
    826149d8:	a90153f3 	stp	x19, x20, [sp, #16]
    826149dc:	2a0103f3 	mov	w19, w1
    826149e0:	aa0003f4 	mov	x20, x0
    826149e4:	52800001 	mov	w1, #0x0                   	// #0
    826149e8:	a9025bf5 	stp	x21, x22, [sp, #32]
    826149ec:	0b130673 	add	w19, w19, w19, lsl #1
    826149f0:	f9001bf7 	str	x23, [sp, #48]
    826149f4:	97fffbee 	bl	826139ac <sotp_hw_readl>
    826149f8:	120b6c02 	and	w2, w0, #0xffe1ffff
    826149fc:	52800001 	mov	w1, #0x0                   	// #0
    82614a00:	aa1403e0 	mov	x0, x20
    82614a04:	51003a76 	sub	w22, w19, #0xe
    82614a08:	97fffc0a 	bl	82613a30 <sotp_hw_writel>
    82614a0c:	51002e73 	sub	w19, w19, #0xb
    82614a10:	52800001 	mov	w1, #0x0                   	// #0
    82614a14:	aa1403e0 	mov	x0, x20
    82614a18:	52800037 	mov	w23, #0x1                   	// #1
    82614a1c:	97fffbe4 	bl	826139ac <sotp_hw_readl>
    82614a20:	52900002 	mov	w2, #0x8000                	// #32768
    82614a24:	52800001 	mov	w1, #0x0                   	// #0
    82614a28:	72a00142 	movk	w2, #0xa, lsl #16
    82614a2c:	2a020002 	orr	w2, w0, w2
    82614a30:	aa1403e0 	mov	x0, x20
    82614a34:	97fffbff 	bl	82613a30 <sotp_hw_writel>
    82614a38:	aa1403e0 	mov	x0, x20
    82614a3c:	52800781 	mov	w1, #0x3c                  	// #60
    82614a40:	1ad622f5 	lsl	w21, w23, w22
    82614a44:	97fffbda 	bl	826139ac <sotp_hw_readl>
    82614a48:	6a0002b5 	ands	w21, w21, w0
    82614a4c:	54000221 	b.ne	82614a90 <sotpKeySlotReadLockStatus.part.0+0xc0>  // b.any
    82614a50:	110006d6 	add	w22, w22, #0x1
    82614a54:	6b16027f 	cmp	w19, w22
    82614a58:	54ffff01 	b.ne	82614a38 <sotpKeySlotReadLockStatus.part.0+0x68>  // b.any
    82614a5c:	52800001 	mov	w1, #0x0                   	// #0
    82614a60:	aa1403e0 	mov	x0, x20
    82614a64:	97fffbd2 	bl	826139ac <sotp_hw_readl>
    82614a68:	12107802 	and	w2, w0, #0xffff7fff
    82614a6c:	52800001 	mov	w1, #0x0                   	// #0
    82614a70:	aa1403e0 	mov	x0, x20
    82614a74:	97fffbef 	bl	82613a30 <sotp_hw_writel>
    82614a78:	2a1503e0 	mov	w0, w21
    82614a7c:	a94153f3 	ldp	x19, x20, [sp, #16]
    82614a80:	a9425bf5 	ldp	x21, x22, [sp, #32]
    82614a84:	f9401bf7 	ldr	x23, [sp, #48]
    82614a88:	a8c47bfd 	ldp	x29, x30, [sp], #64
    82614a8c:	d65f03c0 	ret
    82614a90:	52800095 	mov	w21, #0x4                   	// #4
    82614a94:	17fffff9 	b	82614a78 <sotpKeySlotReadLockStatus.part.0+0xa8>

0000000082614a98 <sotpLockRegion.part.0>:
    82614a98:	a9be7bfd 	stp	x29, x30, [sp, #-32]!
    82614a9c:	910003fd 	mov	x29, sp
    82614aa0:	a90153f3 	stp	x19, x20, [sp, #16]
    82614aa4:	aa0003f3 	mov	x19, x0
    82614aa8:	2a0103f4 	mov	w20, w1
    82614aac:	52800001 	mov	w1, #0x0                   	// #0
    82614ab0:	97fffbbf 	bl	826139ac <sotp_hw_readl>
    82614ab4:	120b6c02 	and	w2, w0, #0xffe1ffff
    82614ab8:	52800001 	mov	w1, #0x0                   	// #0
    82614abc:	aa1303e0 	mov	x0, x19
    82614ac0:	97fffbdc 	bl	82613a30 <sotp_hw_writel>
    82614ac4:	aa1303e0 	mov	x0, x19
    82614ac8:	52800001 	mov	w1, #0x0                   	// #0
    82614acc:	97fffbb8 	bl	826139ac <sotp_hw_readl>
    82614ad0:	52900002 	mov	w2, #0x8000                	// #32768
    82614ad4:	52800001 	mov	w1, #0x0                   	// #0
    82614ad8:	72a00142 	movk	w2, #0xa, lsl #16
    82614adc:	2a020002 	orr	w2, w0, w2
    82614ae0:	aa1303e0 	mov	x0, x19
    82614ae4:	97fffbd3 	bl	82613a30 <sotp_hw_writel>
    82614ae8:	d2807d00 	mov	x0, #0x3e8                 	// #1000
    82614aec:	94001e7f 	bl	8261c4e8 <udelay>
    82614af0:	aa1303e0 	mov	x0, x19
    82614af4:	52800781 	mov	w1, #0x3c                  	// #60
    82614af8:	97fffbad 	bl	826139ac <sotp_hw_readl>
    82614afc:	2a140002 	orr	w2, w0, w20
    82614b00:	52800781 	mov	w1, #0x3c                  	// #60
    82614b04:	aa1303e0 	mov	x0, x19
    82614b08:	97fffbca 	bl	82613a30 <sotp_hw_writel>
    82614b0c:	aa1303e0 	mov	x0, x19
    82614b10:	52800701 	mov	w1, #0x38                  	// #56
    82614b14:	97fffba6 	bl	826139ac <sotp_hw_readl>
    82614b18:	2a000282 	orr	w2, w20, w0
    82614b1c:	52800701 	mov	w1, #0x38                  	// #56
    82614b20:	aa1303e0 	mov	x0, x19
    82614b24:	97fffbc3 	bl	82613a30 <sotp_hw_writel>
    82614b28:	d2807d00 	mov	x0, #0x3e8                 	// #1000
    82614b2c:	94001e6f 	bl	8261c4e8 <udelay>
    82614b30:	aa1303e0 	mov	x0, x19
    82614b34:	52800001 	mov	w1, #0x0                   	// #0
    82614b38:	97fffb9d 	bl	826139ac <sotp_hw_readl>
    82614b3c:	12107802 	and	w2, w0, #0xffff7fff
    82614b40:	aa1303e0 	mov	x0, x19
    82614b44:	52800001 	mov	w1, #0x0                   	// #0
    82614b48:	a94153f3 	ldp	x19, x20, [sp, #16]
    82614b4c:	a8c27bfd 	ldp	x29, x30, [sp], #32
    82614b50:	17fffbb8 	b	82613a30 <sotp_hw_writel>

0000000082614b54 <sotp_hw_ctl>:
    82614b54:	a9b77bfd 	stp	x29, x30, [sp, #-144]!
    82614b58:	910003fd 	mov	x29, sp
    82614b5c:	a90153f3 	stp	x19, x20, [sp, #16]
    82614b60:	aa0103f3 	mov	x19, x1
    82614b64:	aa0003f4 	mov	x20, x0
    82614b68:	a9025bf5 	stp	x21, x22, [sp, #32]
    82614b6c:	f0000080 	adrp	x0, 82627000 <multipliers+0x16ba>
    82614b70:	a90363f7 	stp	x23, x24, [sp, #48]
    82614b74:	f90023f9 	str	x25, [sp, #64]
    82614b78:	f9421c01 	ldr	x1, [x0, #1080]
    82614b7c:	f90047e1 	str	x1, [sp, #136]
    82614b80:	d2800001 	mov	x1, #0x0                   	// #0
    82614b84:	b9400260 	ldr	w0, [x19]
    82614b88:	7100101f 	cmp	w0, #0x4
    82614b8c:	54000cc0 	b.eq	82614d24 <sotp_hw_ctl+0x1d0>  // b.none
    82614b90:	54000108 	b.hi	82614bb0 <sotp_hw_ctl+0x5c>  // b.pmore
    82614b94:	7100041f 	cmp	w0, #0x1
    82614b98:	540003a0 	b.eq	82614c0c <sotp_hw_ctl+0xb8>  // b.none
    82614b9c:	52800017 	mov	w23, #0x0                   	// #0
    82614ba0:	7100081f 	cmp	w0, #0x2
    82614ba4:	54000c20 	b.eq	82614d28 <sotp_hw_ctl+0x1d4>  // b.none
    82614ba8:	12800035 	mov	w21, #0xfffffffe            	// #-2
    82614bac:	14000011 	b	82614bf0 <sotp_hw_ctl+0x9c>
    82614bb0:	7104001f 	cmp	w0, #0x100
    82614bb4:	540000c0 	b.eq	82614bcc <sotp_hw_ctl+0x78>  // b.none
    82614bb8:	3104041f 	cmn	w0, #0x101
    82614bbc:	54ffff61 	b.ne	82614ba8 <sotp_hw_ctl+0x54>  // b.any
    82614bc0:	b9403a80 	ldr	w0, [x20, #56]
    82614bc4:	12180000 	and	w0, w0, #0x100
    82614bc8:	14000008 	b	82614be8 <sotp_hw_ctl+0x94>
    82614bcc:	b9401262 	ldr	w2, [x19, #16]
    82614bd0:	91008280 	add	x0, x20, #0x20
    82614bd4:	f9400661 	ldr	x1, [x19, #8]
    82614bd8:	94001dcc 	bl	8261c308 <memcpy>
    82614bdc:	b9400261 	ldr	w1, [x19]
    82614be0:	b9403a80 	ldr	w0, [x20, #56]
    82614be4:	2a010000 	orr	w0, w0, w1
    82614be8:	52800015 	mov	w21, #0x0                   	// #0
    82614bec:	b9003a80 	str	w0, [x20, #56]
    82614bf0:	f0000080 	adrp	x0, 82627000 <multipliers+0x16ba>
    82614bf4:	f94047e1 	ldr	x1, [sp, #136]
    82614bf8:	f9421c02 	ldr	x2, [x0, #1080]
    82614bfc:	eb020021 	subs	x1, x1, x2
    82614c00:	d2800002 	mov	x2, #0x0                   	// #0
    82614c04:	540016c0 	b.eq	82614edc <sotp_hw_ctl+0x388>  // b.none
    82614c08:	97fff5fd 	bl	826123fc <__stack_chk_fail>
    82614c0c:	f9400665 	ldr	x5, [x19, #8]
    82614c10:	aa0203f8 	mov	x24, x2
    82614c14:	910183e1 	add	x1, sp, #0x60
    82614c18:	b94000a0 	ldr	w0, [x5]
    82614c1c:	97fffb2e 	bl	826138d4 <row2sect>
    82614c20:	2a0003f5 	mov	w21, w0
    82614c24:	35fffc20 	cbnz	w0, 82614ba8 <sotp_hw_ctl+0x54>
    82614c28:	b94004b3 	ldr	w19, [x5, #4]
    82614c2c:	b94063f7 	ldr	w23, [sp, #96]
    82614c30:	7218067f 	tst	w19, #0x300
    82614c34:	54fffba1 	b.ne	82614ba8 <sotp_hw_ctl+0x54>  // b.any
    82614c38:	aa1403e0 	mov	x0, x20
    82614c3c:	52800e01 	mov	w1, #0x70                  	// #112
    82614c40:	97fffb5b 	bl	826139ac <sotp_hw_readl>
    82614c44:	2a0003f6 	mov	w22, w0
    82614c48:	36600113 	tbz	w19, #12, 82614c68 <sotp_hw_ctl+0x114>
    82614c4c:	9101a3e2 	add	x2, sp, #0x68
    82614c50:	2a1703e1 	mov	w1, w23
    82614c54:	aa1403e0 	mov	x0, x20
    82614c58:	52800103 	mov	w3, #0x8                   	// #8
    82614c5c:	97fffc26 	bl	82613cf4 <sotpReadKeyslotData>
    82614c60:	34000440 	cbz	w0, 82614ce8 <sotp_hw_ctl+0x194>
    82614c64:	12137a73 	and	w19, w19, #0xffffefff
    82614c68:	36500133 	tbz	w19, #10, 82614c8c <sotp_hw_ctl+0x138>
    82614c6c:	710036ff 	cmp	w23, #0xd
    82614c70:	54fff9c8 	b.hi	82614ba8 <sotp_hw_ctl+0x54>  // b.pmore
    82614c74:	2a1703e1 	mov	w1, w23
    82614c78:	aa1403e0 	mov	x0, x20
    82614c7c:	97fffd12 	bl	826140c4 <sotpIsRegionFuseLocked>
    82614c80:	7100141f 	cmp	w0, #0x5
    82614c84:	54000040 	b.eq	82614c8c <sotp_hw_ctl+0x138>  // b.none
    82614c88:	12157a73 	and	w19, w19, #0xfffffbff
    82614c8c:	365800b3 	tbz	w19, #11, 82614ca0 <sotp_hw_ctl+0x14c>
    82614c90:	51001ee0 	sub	w0, w23, #0x7
    82614c94:	7100181f 	cmp	w0, #0x6
    82614c98:	540003a9 	b.ls	82614d0c <sotp_hw_ctl+0x1b8>  // b.plast
    82614c9c:	12147a73 	and	w19, w19, #0xfffff7ff
    82614ca0:	37000056 	tbnz	w22, #0, 82614ca8 <sotp_hw_ctl+0x154>
    82614ca4:	12187a73 	and	w19, w19, #0xffffff7f
    82614ca8:	37100056 	tbnz	w22, #2, 82614cb0 <sotp_hw_ctl+0x15c>
    82614cac:	12197a73 	and	w19, w19, #0xffffffbf
    82614cb0:	37080056 	tbnz	w22, #1, 82614cb8 <sotp_hw_ctl+0x164>
    82614cb4:	121a7a73 	and	w19, w19, #0xffffffdf
    82614cb8:	37180056 	tbnz	w22, #3, 82614cc0 <sotp_hw_ctl+0x16c>
    82614cbc:	121b7a73 	and	w19, w19, #0xffffffef
    82614cc0:	37300056 	tbnz	w22, #6, 82614cc8 <sotp_hw_ctl+0x174>
    82614cc4:	121f7a73 	and	w19, w19, #0xfffffffe
    82614cc8:	37200056 	tbnz	w22, #4, 82614cd0 <sotp_hw_ctl+0x17c>
    82614ccc:	121d7a73 	and	w19, w19, #0xfffffffb
    82614cd0:	37380056 	tbnz	w22, #7, 82614cd8 <sotp_hw_ctl+0x184>
    82614cd4:	121e7a73 	and	w19, w19, #0xfffffffd
    82614cd8:	37280056 	tbnz	w22, #5, 82614ce0 <sotp_hw_ctl+0x18c>
    82614cdc:	121c7a73 	and	w19, w19, #0xfffffff7
    82614ce0:	b9000313 	str	w19, [x24]
    82614ce4:	17ffffc3 	b	82614bf0 <sotp_hw_ctl+0x9c>
    82614ce8:	51001ee0 	sub	w0, w23, #0x7
    82614cec:	7100181f 	cmp	w0, #0x6
    82614cf0:	54fffbc8 	b.hi	82614c68 <sotp_hw_ctl+0x114>  // b.pmore
    82614cf4:	2a1703e1 	mov	w1, w23
    82614cf8:	aa1403e0 	mov	x0, x20
    82614cfc:	97ffff35 	bl	826149d0 <sotpKeySlotReadLockStatus.part.0>
    82614d00:	7100101f 	cmp	w0, #0x4
    82614d04:	54fffb00 	b.eq	82614c64 <sotp_hw_ctl+0x110>  // b.none
    82614d08:	17ffffd8 	b	82614c68 <sotp_hw_ctl+0x114>
    82614d0c:	2a1703e1 	mov	w1, w23
    82614d10:	aa1403e0 	mov	x0, x20
    82614d14:	97ffff2f 	bl	826149d0 <sotpKeySlotReadLockStatus.part.0>
    82614d18:	7100101f 	cmp	w0, #0x4
    82614d1c:	54fffc20 	b.eq	82614ca0 <sotp_hw_ctl+0x14c>  // b.none
    82614d20:	17ffffdf 	b	82614c9c <sotp_hw_ctl+0x148>
    82614d24:	52800037 	mov	w23, #0x1                   	// #1
    82614d28:	f9400665 	ldr	x5, [x19, #8]
    82614d2c:	910173e1 	add	x1, sp, #0x5c
    82614d30:	b94000a0 	ldr	w0, [x5]
    82614d34:	97fffae8 	bl	826138d4 <row2sect>
    82614d38:	2a0003f5 	mov	w21, w0
    82614d3c:	35fff360 	cbnz	w0, 82614ba8 <sotp_hw_ctl+0x54>
    82614d40:	b94004b6 	ldr	w22, [x5, #4]
    82614d44:	364000f6 	tbz	w22, #8, 82614d60 <sotp_hw_ctl+0x20c>
    82614d48:	34000c77 	cbz	w23, 82614ed4 <sotp_hw_ctl+0x380>
    82614d4c:	52801f82 	mov	w2, #0xfc                  	// #252
    82614d50:	aa1403e0 	mov	x0, x20
    82614d54:	52800e01 	mov	w1, #0x70                  	// #112
    82614d58:	97fffb36 	bl	82613a30 <sotp_hw_writel>
    82614d5c:	17ffffa5 	b	82614bf0 <sotp_hw_ctl+0x9c>
    82614d60:	365800d6 	tbz	w22, #11, 82614d78 <sotp_hw_ctl+0x224>
    82614d64:	34000077 	cbz	w23, 82614d70 <sotp_hw_ctl+0x21c>
    82614d68:	52801982 	mov	w2, #0xcc                  	// #204
    82614d6c:	17fffff9 	b	82614d50 <sotp_hw_ctl+0x1fc>
    82614d70:	52800002 	mov	w2, #0x0                   	// #0
    82614d74:	17fffff7 	b	82614d50 <sotp_hw_ctl+0x1fc>
    82614d78:	721706df 	tst	w22, #0x600
    82614d7c:	540005e0 	b.eq	82614e38 <sotp_hw_ctl+0x2e4>  // b.none
    82614d80:	34000197 	cbz	w23, 82614db0 <sotp_hw_ctl+0x25c>
    82614d84:	52801f82 	mov	w2, #0xfc                  	// #252
    82614d88:	aa1403e0 	mov	x0, x20
    82614d8c:	52800e01 	mov	w1, #0x70                  	// #112
    82614d90:	97fffb28 	bl	82613a30 <sotp_hw_writel>
    82614d94:	3657f2f6 	tbz	w22, #10, 82614bf0 <sotp_hw_ctl+0x9c>
    82614d98:	52800193 	mov	w19, #0xc                   	// #12
    82614d9c:	528000f7 	mov	w23, #0x7                   	// #7
    82614da0:	52800076 	mov	w22, #0x3                   	// #3
    82614da4:	52800039 	mov	w25, #0x1                   	// #1
    82614da8:	11001278 	add	w24, w19, #0x4
    82614dac:	14000010 	b	82614dec <sotp_hw_ctl+0x298>
    82614db0:	aa1403e0 	mov	x0, x20
    82614db4:	52800e01 	mov	w1, #0x70                  	// #112
    82614db8:	97fffafd 	bl	826139ac <sotp_hw_readl>
    82614dbc:	52801982 	mov	w2, #0xcc                  	// #204
    82614dc0:	0a020002 	and	w2, w0, w2
    82614dc4:	17fffff1 	b	82614d88 <sotp_hw_ctl+0x234>
    82614dc8:	910183e2 	add	x2, sp, #0x60
    82614dcc:	2a1303e1 	mov	w1, w19
    82614dd0:	aa1403e0 	mov	x0, x20
    82614dd4:	52800023 	mov	w3, #0x1                   	// #1
    82614dd8:	97fffb4a 	bl	82613b00 <sotpReadEccRow>
    82614ddc:	1400000b 	b	82614e08 <sotp_hw_ctl+0x2b4>
    82614de0:	11000673 	add	w19, w19, #0x1
    82614de4:	6b13031f 	cmp	w24, w19
    82614de8:	54000180 	b.eq	82614e18 <sotp_hw_ctl+0x2c4>  // b.none
    82614dec:	f90033ff 	str	xzr, [sp, #96]
    82614df0:	71003e7f 	cmp	w19, #0xf
    82614df4:	54fffeac 	b.gt	82614dc8 <sotp_hw_ctl+0x274>
    82614df8:	910183e2 	add	x2, sp, #0x60
    82614dfc:	2a1303e1 	mov	w1, w19
    82614e00:	aa1403e0 	mov	x0, x20
    82614e04:	97fffc6a 	bl	82613fac <sotpReadNonEccRow>
    82614e08:	f94033e0 	ldr	x0, [sp, #96]
    82614e0c:	b4fffea0 	cbz	x0, 82614de0 <sotp_hw_ctl+0x28c>
    82614e10:	1ad62320 	lsl	w0, w25, w22
    82614e14:	2a0002f7 	orr	w23, w23, w0
    82614e18:	110006d6 	add	w22, w22, #0x1
    82614e1c:	2a1803f3 	mov	w19, w24
    82614e20:	710072df 	cmp	w22, #0x1c
    82614e24:	54fffc21 	b.ne	82614da8 <sotp_hw_ctl+0x254>  // b.any
    82614e28:	2a1703e1 	mov	w1, w23
    82614e2c:	aa1403e0 	mov	x0, x20
    82614e30:	97ffff1a 	bl	82614a98 <sotpLockRegion.part.0>
    82614e34:	17ffff6f 	b	82614bf0 <sotp_hw_ctl+0x9c>
    82614e38:	36600196 	tbz	w22, #12, 82614e68 <sotp_hw_ctl+0x314>
    82614e3c:	35000177 	cbnz	w23, 82614e68 <sotp_hw_ctl+0x314>
    82614e40:	b9405fe1 	ldr	w1, [sp, #92]
    82614e44:	51001c20 	sub	w0, w1, #0x7
    82614e48:	7100181f 	cmp	w0, #0x6
    82614e4c:	54000448 	b.hi	82614ed4 <sotp_hw_ctl+0x380>  // b.pmore
    82614e50:	0b010421 	add	w1, w1, w1, lsl #1
    82614e54:	528000e0 	mov	w0, #0x7                   	// #7
    82614e58:	51003821 	sub	w1, w1, #0xe
    82614e5c:	1ac12001 	lsl	w1, w0, w1
    82614e60:	aa1403e0 	mov	x0, x20
    82614e64:	97ffff0d 	bl	82614a98 <sotpLockRegion.part.0>
    82614e68:	d3420ad3 	ubfx	x19, x22, #2, #1
    82614e6c:	36180056 	tbz	w22, #3, 82614e74 <sotp_hw_ctl+0x320>
    82614e70:	321e0273 	orr	w19, w19, #0x4
    82614e74:	36080056 	tbz	w22, #1, 82614e7c <sotp_hw_ctl+0x328>
    82614e78:	321f0273 	orr	w19, w19, #0x2
    82614e7c:	36000056 	tbz	w22, #0, 82614e84 <sotp_hw_ctl+0x330>
    82614e80:	321d0273 	orr	w19, w19, #0x8
    82614e84:	36200056 	tbz	w22, #4, 82614e8c <sotp_hw_ctl+0x338>
    82614e88:	321a0273 	orr	w19, w19, #0x40
    82614e8c:	36280056 	tbz	w22, #5, 82614e94 <sotp_hw_ctl+0x340>
    82614e90:	321c0273 	orr	w19, w19, #0x10
    82614e94:	36300056 	tbz	w22, #6, 82614e9c <sotp_hw_ctl+0x348>
    82614e98:	32190273 	orr	w19, w19, #0x80
    82614e9c:	36380196 	tbz	w22, #7, 82614ecc <sotp_hw_ctl+0x378>
    82614ea0:	321b0273 	orr	w19, w19, #0x20
    82614ea4:	34000117 	cbz	w23, 82614ec4 <sotp_hw_ctl+0x370>
    82614ea8:	52800e01 	mov	w1, #0x70                  	// #112
    82614eac:	aa1403e0 	mov	x0, x20
    82614eb0:	97fffabf 	bl	826139ac <sotp_hw_readl>
    82614eb4:	0a330002 	bic	w2, w0, w19
    82614eb8:	52800e01 	mov	w1, #0x70                  	// #112
    82614ebc:	aa1403e0 	mov	x0, x20
    82614ec0:	97fffadc 	bl	82613a30 <sotp_hw_writel>
    82614ec4:	2a1303e2 	mov	w2, w19
    82614ec8:	17ffffa2 	b	82614d50 <sotp_hw_ctl+0x1fc>
    82614ecc:	35fffed3 	cbnz	w19, 82614ea4 <sotp_hw_ctl+0x350>
    82614ed0:	17ffff36 	b	82614ba8 <sotp_hw_ctl+0x54>
    82614ed4:	12800015 	mov	w21, #0xffffffff            	// #-1
    82614ed8:	17ffff46 	b	82614bf0 <sotp_hw_ctl+0x9c>
    82614edc:	2a1503e0 	mov	w0, w21
    82614ee0:	a94153f3 	ldp	x19, x20, [sp, #16]
    82614ee4:	a9425bf5 	ldp	x21, x22, [sp, #32]
    82614ee8:	a94363f7 	ldp	x23, x24, [sp, #48]
    82614eec:	f94023f9 	ldr	x25, [sp, #64]
    82614ef0:	a8c97bfd 	ldp	x29, x30, [sp], #144
    82614ef4:	d65f03c0 	ret

0000000082614ef8 <sotp_hw_dev_mmap>:
    82614ef8:	d2818001 	mov	x1, #0xc00                 	// #3072
    82614efc:	f2bff001 	movk	x1, #0xff80, lsl #16
    82614f00:	f9000401 	str	x1, [x0, #8]
    82614f04:	52800000 	mov	w0, #0x0                   	// #0
    82614f08:	d65f03c0 	ret

0000000082614f0c <sotp_hw_init>:
    82614f0c:	a9be7bfd 	stp	x29, x30, [sp, #-32]!
    82614f10:	910003fd 	mov	x29, sp
    82614f14:	f9000bf3 	str	x19, [sp, #16]
    82614f18:	aa0003f3 	mov	x19, x0
    82614f1c:	97fffff7 	bl	82614ef8 <sotp_hw_dev_mmap>
    82614f20:	35000240 	cbnz	w0, 82614f68 <sotp_hw_init+0x5c>
    82614f24:	f0000081 	adrp	x1, 82627000 <multipliers+0x16ba>
    82614f28:	911ec021 	add	x1, x1, #0x7b0
    82614f2c:	f9000a61 	str	x1, [x19, #16]
    82614f30:	52800101 	mov	w1, #0x8                   	// #8
    82614f34:	b9001a61 	str	w1, [x19, #24]
    82614f38:	f0000081 	adrp	x1, 82627000 <multipliers+0x16ba>
    82614f3c:	9126c021 	add	x1, x1, #0x9b0
    82614f40:	52800022 	mov	w2, #0x1                   	// #1
    82614f44:	29400c24 	ldp	w4, w3, [x1]
    82614f48:	11000442 	add	w2, w2, #0x1
    82614f4c:	0b040063 	add	w3, w3, w4
    82614f50:	b8004c23 	str	w3, [x1, #4]!
    82614f54:	7100385f 	cmp	w2, #0xe
    82614f58:	54ffff61 	b.ne	82614f44 <sotp_hw_init+0x38>  // b.any
    82614f5c:	f9400bf3 	ldr	x19, [sp, #16]
    82614f60:	a8c27bfd 	ldp	x29, x30, [sp], #32
    82614f64:	d65f03c0 	ret
    82614f68:	12800000 	mov	w0, #0xffffffff            	// #-1
    82614f6c:	17fffffc 	b	82614f5c <sotp_hw_init+0x50>

0000000082614f70 <bcm_early_find_strap_node>:
    82614f70:	90000081 	adrp	x1, 82624000 <blk_find_max_devnum+0x3c>
    82614f74:	92800000 	mov	x0, #0xffffffffffffffff    	// #-1
    82614f78:	913a6c21 	add	x1, x1, #0xe9b
    82614f7c:	14002b32 	b	8261fc44 <ofnode_by_compatible>

0000000082614f80 <bcm_strap_drv_probe>:
    82614f80:	a9ba7bfd 	stp	x29, x30, [sp, #-96]!
    82614f84:	910003fd 	mov	x29, sp
    82614f88:	f9000bf3 	str	x19, [sp, #16]
    82614f8c:	aa0003f3 	mov	x19, x0
    82614f90:	f0000080 	adrp	x0, 82627000 <multipliers+0x16ba>
    82614f94:	910083e2 	add	x2, sp, #0x20
    82614f98:	f9421c01 	ldr	x1, [x0, #1080]
    82614f9c:	f9002fe1 	str	x1, [sp, #88]
    82614fa0:	d2800001 	mov	x1, #0x0                   	// #0
    82614fa4:	f9401660 	ldr	x0, [x19, #40]
    82614fa8:	94002aee 	bl	8261fb60 <ofnode_read_resource>
    82614fac:	35000180 	cbnz	w0, 82614fdc <bcm_strap_drv_probe+0x5c>
    82614fb0:	f0000083 	adrp	x3, 82627000 <multipliers+0x16ba>
    82614fb4:	9127a062 	add	x2, x3, #0x9e8
    82614fb8:	f94013e1 	ldr	x1, [sp, #32]
    82614fbc:	f904f461 	str	x1, [x3, #2536]
    82614fc0:	b140043f 	cmn	x1, #0x1, lsl #12
    82614fc4:	540001a8 	b.hi	82614ff8 <bcm_strap_drv_probe+0x78>  // b.pmore
    82614fc8:	f9401663 	ldr	x3, [x19, #40]
    82614fcc:	f9000843 	str	x3, [x2, #16]
    82614fd0:	b9400021 	ldr	w1, [x1]
    82614fd4:	d5033fbf 	dmb	sy
    82614fd8:	b9000841 	str	w1, [x2, #8]
    82614fdc:	f0000081 	adrp	x1, 82627000 <multipliers+0x16ba>
    82614fe0:	f9402fe2 	ldr	x2, [sp, #88]
    82614fe4:	f9421c23 	ldr	x3, [x1, #1080]
    82614fe8:	eb030042 	subs	x2, x2, x3
    82614fec:	d2800003 	mov	x3, #0x0                   	// #0
    82614ff0:	54000080 	b.eq	82615000 <bcm_strap_drv_probe+0x80>  // b.none
    82614ff4:	97fff502 	bl	826123fc <__stack_chk_fail>
    82614ff8:	128000a0 	mov	w0, #0xfffffffa            	// #-6
    82614ffc:	17fffff8 	b	82614fdc <bcm_strap_drv_probe+0x5c>
    82615000:	f9400bf3 	ldr	x19, [sp, #16]
    82615004:	a8c67bfd 	ldp	x29, x30, [sp], #96
    82615008:	d65f03c0 	ret

000000008261500c <bcm_strap_get_val>:
    8261500c:	a9bb7bfd 	stp	x29, x30, [sp, #-80]!
    82615010:	d0000080 	adrp	x0, 82627000 <multipliers+0x16ba>
    82615014:	910003fd 	mov	x29, sp
    82615018:	f9421c01 	ldr	x1, [x0, #1080]
    8261501c:	f90027e1 	str	x1, [sp, #72]
    82615020:	d2800001 	mov	x1, #0x0                   	// #0
    82615024:	d0000080 	adrp	x0, 82627000 <multipliers+0x16ba>
    82615028:	9127a001 	add	x1, x0, #0x9e8
    8261502c:	f944f400 	ldr	x0, [x0, #2536]
    82615030:	b4000120 	cbz	x0, 82615054 <bcm_strap_get_val+0x48>
    82615034:	b9400820 	ldr	w0, [x1, #8]
    82615038:	d0000081 	adrp	x1, 82627000 <multipliers+0x16ba>
    8261503c:	f94027e2 	ldr	x2, [sp, #72]
    82615040:	f9421c23 	ldr	x3, [x1, #1080]
    82615044:	eb030042 	subs	x2, x2, x3
    82615048:	d2800003 	mov	x3, #0x0                   	// #0
    8261504c:	54000260 	b.eq	82615098 <bcm_strap_get_val+0x8c>  // b.none
    82615050:	97fff4eb 	bl	826123fc <__stack_chk_fail>
    82615054:	97ffffc7 	bl	82614f70 <bcm_early_find_strap_node>
    82615058:	b100041f 	cmn	x0, #0x1
    8261505c:	54000140 	b.eq	82615084 <bcm_strap_get_val+0x78>  // b.none
    82615060:	910043e2 	add	x2, sp, #0x10
    82615064:	52800001 	mov	w1, #0x0                   	// #0
    82615068:	94002abe 	bl	8261fb60 <ofnode_read_resource>
    8261506c:	350000c0 	cbnz	w0, 82615084 <bcm_strap_get_val+0x78>
    82615070:	f9400be0 	ldr	x0, [sp, #16]
    82615074:	92820001 	mov	x1, #0xffffffffffffefff    	// #-4097
    82615078:	d1000402 	sub	x2, x0, #0x1
    8261507c:	eb01005f 	cmp	x2, x1
    82615080:	54000069 	b.ls	8261508c <bcm_strap_get_val+0x80>  // b.plast
    82615084:	12800000 	mov	w0, #0xffffffff            	// #-1
    82615088:	17ffffec 	b	82615038 <bcm_strap_get_val+0x2c>
    8261508c:	b9400000 	ldr	w0, [x0]
    82615090:	d5033fbf 	dmb	sy
    82615094:	17ffffe9 	b	82615038 <bcm_strap_get_val+0x2c>
    82615098:	a8c57bfd 	ldp	x29, x30, [sp], #80
    8261509c:	d65f03c0 	ret

00000000826150a0 <bcm_strap_parse_and_test>:
    826150a0:	a9bc7bfd 	stp	x29, x30, [sp, #-64]!
    826150a4:	910003fd 	mov	x29, sp
    826150a8:	a90153f3 	stp	x19, x20, [sp, #16]
    826150ac:	aa0103f3 	mov	x19, x1
    826150b0:	d0000081 	adrp	x1, 82627000 <multipliers+0x16ba>
    826150b4:	f90013f5 	str	x21, [sp, #32]
    826150b8:	f9421c22 	ldr	x2, [x1, #1080]
    826150bc:	f9001fe2 	str	x2, [sp, #56]
    826150c0:	d2800002 	mov	x2, #0x0                   	// #0
    826150c4:	b100041f 	cmn	x0, #0x1
    826150c8:	540000c1 	b.ne	826150e0 <bcm_strap_parse_and_test+0x40>  // b.any
    826150cc:	d0000080 	adrp	x0, 82627000 <multipliers+0x16ba>
    826150d0:	f944fc00 	ldr	x0, [x0, #2552]
    826150d4:	b100041f 	cmn	x0, #0x1
    826150d8:	54000041 	b.ne	826150e0 <bcm_strap_parse_and_test+0x40>  // b.any
    826150dc:	97ffffa5 	bl	82614f70 <bcm_early_find_strap_node>
    826150e0:	9100c3e2 	add	x2, sp, #0x30
    826150e4:	aa1303e1 	mov	x1, x19
    826150e8:	d2800043 	mov	x3, #0x2                   	// #2
    826150ec:	94002a27 	bl	8261f988 <ofnode_read_u32_array>
    826150f0:	35000320 	cbnz	w0, 82615154 <bcm_strap_parse_and_test+0xb4>
    826150f4:	294603f4 	ldp	w20, w0, [sp, #48]
    826150f8:	7100001f 	cmp	w0, #0x0
    826150fc:	1a9f07f5 	cset	w21, ne  // ne = any
    82615100:	97ffffc3 	bl	8261500c <bcm_strap_get_val>
    82615104:	71007e9f 	cmp	w20, #0x1f
    82615108:	540001c9 	b.ls	82615140 <bcm_strap_parse_and_test+0xa0>  // b.plast
    8261510c:	2a1403e2 	mov	w2, w20
    82615110:	aa1303e1 	mov	x1, x19
    82615114:	90000080 	adrp	x0, 82625000 <_ctype+0x35c>
    82615118:	9101f400 	add	x0, x0, #0x7d
    8261511c:	9400218a 	bl	8261d744 <printf>
    82615120:	128002a0 	mov	w0, #0xffffffea            	// #-22
    82615124:	d0000081 	adrp	x1, 82627000 <multipliers+0x16ba>
    82615128:	f9401fe2 	ldr	x2, [sp, #56]
    8261512c:	f9421c23 	ldr	x3, [x1, #1080]
    82615130:	eb030042 	subs	x2, x2, x3
    82615134:	d2800003 	mov	x3, #0x0                   	// #0
    82615138:	54000120 	b.eq	8261515c <bcm_strap_parse_and_test+0xbc>  // b.none
    8261513c:	97fff4b0 	bl	826123fc <__stack_chk_fail>
    82615140:	1ad42400 	lsr	w0, w0, w20
    82615144:	12000000 	and	w0, w0, #0x1
    82615148:	6b15001f 	cmp	w0, w21
    8261514c:	1a9f17e0 	cset	w0, eq  // eq = none
    82615150:	17fffff5 	b	82615124 <bcm_strap_parse_and_test+0x84>
    82615154:	12800240 	mov	w0, #0xffffffed            	// #-19
    82615158:	17fffff3 	b	82615124 <bcm_strap_parse_and_test+0x84>
    8261515c:	a94153f3 	ldp	x19, x20, [sp, #16]
    82615160:	f94013f5 	ldr	x21, [sp, #32]
    82615164:	a8c47bfd 	ldp	x29, x30, [sp], #64
    82615168:	d65f03c0 	ret

000000008261516c <bcm_get_boot_device>:
    8261516c:	a9be7bfd 	stp	x29, x30, [sp, #-32]!
    82615170:	f0000061 	adrp	x1, 82624000 <blk_find_max_devnum+0x3c>
    82615174:	92800000 	mov	x0, #0xffffffffffffffff    	// #-1
    82615178:	910003fd 	mov	x29, sp
    8261517c:	913a9821 	add	x1, x1, #0xea6
    82615180:	f9000bf3 	str	x19, [sp, #16]
    82615184:	97ffffc7 	bl	826150a0 <bcm_strap_parse_and_test>
    82615188:	2a0003f3 	mov	w19, w0
    8261518c:	f0000061 	adrp	x1, 82624000 <blk_find_max_devnum+0x3c>
    82615190:	913ad021 	add	x1, x1, #0xeb4
    82615194:	92800000 	mov	x0, #0xffffffffffffffff    	// #-1
    82615198:	97ffffc2 	bl	826150a0 <bcm_strap_parse_and_test>
    8261519c:	531c6c01 	lsl	w1, w0, #4
    826151a0:	92800000 	mov	x0, #0xffffffffffffffff    	// #-1
    826151a4:	2a130c33 	orr	w19, w1, w19, lsl #3
    826151a8:	f0000061 	adrp	x1, 82624000 <blk_find_max_devnum+0x3c>
    826151ac:	913b0821 	add	x1, x1, #0xec2
    826151b0:	97ffffbc 	bl	826150a0 <bcm_strap_parse_and_test>
    826151b4:	31004c1f 	cmn	w0, #0x13
    826151b8:	540001c1 	b.ne	826151f0 <bcm_get_boot_device+0x84>  // b.any
    826151bc:	7100627f 	cmp	w19, #0x18
    826151c0:	54000440 	b.eq	82615248 <bcm_get_boot_device+0xdc>  // b.none
    826151c4:	540000a8 	b.hi	826151d8 <bcm_get_boot_device+0x6c>  // b.pmore
    826151c8:	7100427f 	cmp	w19, #0x10
    826151cc:	54000460 	b.eq	82615258 <bcm_get_boot_device+0xec>  // b.none
    826151d0:	721c6e7f 	tst	w19, #0xfffffff0
    826151d4:	54000420 	b.eq	82615258 <bcm_get_boot_device+0xec>  // b.none
    826151d8:	2a1303e1 	mov	w1, w19
    826151dc:	f0000060 	adrp	x0, 82624000 <blk_find_max_devnum+0x3c>
    826151e0:	913b4000 	add	x0, x0, #0xed0
    826151e4:	94002158 	bl	8261d744 <printf>
    826151e8:	128002a0 	mov	w0, #0xffffffea            	// #-22
    826151ec:	14000014 	b	8261523c <bcm_get_boot_device+0xd0>
    826151f0:	2a001661 	orr	w1, w19, w0, lsl #5
    826151f4:	7100a03f 	cmp	w1, #0x28
    826151f8:	540002c0 	b.eq	82615250 <bcm_get_boot_device+0xe4>  // b.none
    826151fc:	54000168 	b.hi	82615228 <bcm_get_boot_device+0xbc>  // b.pmore
    82615200:	7100803f 	cmp	w1, #0x20
    82615204:	54fffec8 	b.hi	826151dc <bcm_get_boot_device+0x70>  // b.pmore
    82615208:	d2800020 	mov	x0, #0x1                   	// #1
    8261520c:	3200c3e2 	mov	w2, #0x1010101             	// #16843009
    82615210:	9ac12000 	lsl	x0, x0, x1
    82615214:	ea02001f 	tst	x0, x2
    82615218:	54000201 	b.ne	82615258 <bcm_get_boot_device+0xec>  // b.any
    8261521c:	b607fe00 	tbz	x0, #32, 826151dc <bcm_get_boot_device+0x70>
    82615220:	52801c00 	mov	w0, #0xe0                  	// #224
    82615224:	14000006 	b	8261523c <bcm_get_boot_device+0xd0>
    82615228:	7100c03f 	cmp	w1, #0x30
    8261522c:	540001a0 	b.eq	82615260 <bcm_get_boot_device+0xf4>  // b.none
    82615230:	528000c0 	mov	w0, #0x6                   	// #6
    82615234:	7100e03f 	cmp	w1, #0x38
    82615238:	54fffd21 	b.ne	826151dc <bcm_get_boot_device+0x70>  // b.any
    8261523c:	f9400bf3 	ldr	x19, [sp, #16]
    82615240:	a8c27bfd 	ldp	x29, x30, [sp], #32
    82615244:	d65f03c0 	ret
    82615248:	528000c0 	mov	w0, #0x6                   	// #6
    8261524c:	17fffffc 	b	8261523c <bcm_get_boot_device+0xd0>
    82615250:	52800100 	mov	w0, #0x8                   	// #8
    82615254:	17fffffa 	b	8261523c <bcm_get_boot_device+0xd0>
    82615258:	52800080 	mov	w0, #0x4                   	// #4
    8261525c:	17fffff8 	b	8261523c <bcm_get_boot_device+0xd0>
    82615260:	52800020 	mov	w0, #0x1                   	// #1
    82615264:	17fffff6 	b	8261523c <bcm_get_boot_device+0xd0>

0000000082615268 <bcm_strap_drv_reg>:
    82615268:	a9bd7bfd 	stp	x29, x30, [sp, #-48]!
    8261526c:	d0000080 	adrp	x0, 82627000 <multipliers+0x16ba>
    82615270:	910003fd 	mov	x29, sp
    82615274:	f9000bf3 	str	x19, [sp, #16]
    82615278:	910083e2 	add	x2, sp, #0x20
    8261527c:	f9421c01 	ldr	x1, [x0, #1080]
    82615280:	f90017e1 	str	x1, [sp, #40]
    82615284:	d2800001 	mov	x1, #0x0                   	// #0
    82615288:	52800600 	mov	w0, #0x30                  	// #48
    8261528c:	f0000081 	adrp	x1, 82628000 <ovl+0xf0>
    82615290:	91254021 	add	x1, x1, #0x950
    82615294:	94002827 	bl	8261f330 <uclass_get_device_by_driver>
    82615298:	2a0003f3 	mov	w19, w0
    8261529c:	97ffff5c 	bl	8261500c <bcm_strap_get_val>
    826152a0:	2a0003e1 	mov	w1, w0
    826152a4:	90000080 	adrp	x0, 82625000 <_ctype+0x35c>
    826152a8:	91019800 	add	x0, x0, #0x66
    826152ac:	94002126 	bl	8261d744 <printf>
    826152b0:	d0000080 	adrp	x0, 82627000 <multipliers+0x16ba>
    826152b4:	f94017e1 	ldr	x1, [sp, #40]
    826152b8:	f9421c02 	ldr	x2, [x0, #1080]
    826152bc:	eb020021 	subs	x1, x1, x2
    826152c0:	d2800002 	mov	x2, #0x0                   	// #0
    826152c4:	54000040 	b.eq	826152cc <bcm_strap_drv_reg+0x64>  // b.none
    826152c8:	97fff44d 	bl	826123fc <__stack_chk_fail>
    826152cc:	2a1303e0 	mov	w0, w19
    826152d0:	f9400bf3 	ldr	x19, [sp, #16]
    826152d4:	a8c37bfd 	ldp	x29, x30, [sp], #48
    826152d8:	d65f03c0 	ret

00000000826152dc <board_fdt_blob_setup>:
    826152dc:	a9be7bfd 	stp	x29, x30, [sp, #-32]!
    826152e0:	900000a0 	adrp	x0, 82629000 <_u_boot_list_2_uclass_2_nop+0x20>
    826152e4:	910003fd 	mov	x29, sp
    826152e8:	a90153f3 	stp	x19, x20, [sp, #16]
    826152ec:	910e6013 	add	x19, x0, #0x398
    826152f0:	394e6000 	ldrb	w0, [x0, #920]
    826152f4:	d0000094 	adrp	x20, 82627000 <multipliers+0x16ba>
    826152f8:	39400661 	ldrb	w1, [x19, #1]
    826152fc:	aa012001 	orr	x1, x0, x1, lsl #8
    82615300:	39400a60 	ldrb	w0, [x19, #2]
    82615304:	aa004021 	orr	x1, x1, x0, lsl #16
    82615308:	39400e60 	ldrb	w0, [x19, #3]
    8261530c:	aa006020 	orr	x0, x1, x0, lsl #24
    82615310:	5281ba01 	mov	w1, #0xdd0                 	// #3536
    82615314:	72bdbfc1 	movk	w1, #0xedfe, lsl #16
    82615318:	6b01001f 	cmp	w0, w1
    8261531c:	540002c1 	b.ne	82615374 <board_fdt_blob_setup+0x98>  // b.any
    82615320:	39401260 	ldrb	w0, [x19, #4]
    82615324:	39401661 	ldrb	w1, [x19, #5]
    82615328:	aa012001 	orr	x1, x0, x1, lsl #8
    8261532c:	39401a60 	ldrb	w0, [x19, #6]
    82615330:	aa004021 	orr	x1, x1, x0, lsl #16
    82615334:	39401e60 	ldrb	w0, [x19, #7]
    82615338:	aa006020 	orr	x0, x1, x0, lsl #24
    8261533c:	5ac00800 	rev	w0, w0
    82615340:	94000c6d 	bl	826184f4 <malloc_simple>
    82615344:	f9021a80 	str	x0, [x20, #1072]
    82615348:	b4000160 	cbz	x0, 82615374 <board_fdt_blob_setup+0x98>
    8261534c:	39401262 	ldrb	w2, [x19, #4]
    82615350:	39401661 	ldrb	w1, [x19, #5]
    82615354:	aa012041 	orr	x1, x2, x1, lsl #8
    82615358:	39401a62 	ldrb	w2, [x19, #6]
    8261535c:	aa024021 	orr	x1, x1, x2, lsl #16
    82615360:	39401e62 	ldrb	w2, [x19, #7]
    82615364:	aa026022 	orr	x2, x1, x2, lsl #24
    82615368:	aa1303e1 	mov	x1, x19
    8261536c:	5ac00842 	rev	w2, w2
    82615370:	94001be6 	bl	8261c308 <memcpy>
    82615374:	f9421a80 	ldr	x0, [x20, #1072]
    82615378:	a94153f3 	ldp	x19, x20, [sp, #16]
    8261537c:	a8c27bfd 	ldp	x29, x30, [sp], #32
    82615380:	d65f03c0 	ret

0000000082615384 <sw_complete_wait.constprop.0>:
    82615384:	2a0003e1 	mov	w1, w0
    82615388:	d2800c00 	mov	x0, #0x60                  	// #96
    8261538c:	52807d02 	mov	w2, #0x3e8                 	// #1000
    82615390:	f2bff640 	movk	x0, #0xffb2, lsl #16
    82615394:	b9400003 	ldr	w3, [x0]
    82615398:	367800e3 	tbz	w3, #15, 826153b4 <sw_complete_wait.constprop.0+0x30>
    8261539c:	35000082 	cbnz	w2, 826153ac <sw_complete_wait.constprop.0+0x28>
    826153a0:	d0000080 	adrp	x0, 82627000 <multipliers+0x16ba>
    826153a4:	910ad400 	add	x0, x0, #0x2b5
    826153a8:	140020e7 	b	8261d744 <printf>
    826153ac:	51000442 	sub	w2, w2, #0x1
    826153b0:	17fffff9 	b	82615394 <sw_complete_wait.constprop.0+0x10>
    826153b4:	34ffff62 	cbz	w2, 826153a0 <sw_complete_wait.constprop.0+0x1c>
    826153b8:	d65f03c0 	ret

00000000826153bc <swr_write>:
    826153bc:	a9bc7bfd 	stp	x29, x30, [sp, #-64]!
    826153c0:	910003fd 	mov	x29, sp
    826153c4:	a90153f3 	stp	x19, x20, [sp, #16]
    826153c8:	d2800c14 	mov	x20, #0x60                  	// #96
    826153cc:	f2bff654 	movk	x20, #0xffb2, lsl #16
    826153d0:	a9025bf5 	stp	x21, x22, [sp, #32]
    826153d4:	2a0103f3 	mov	w19, w1
    826153d8:	52820001 	mov	w1, #0x1000                	// #4096
    826153dc:	a90363f7 	stp	x23, x24, [sp, #48]
    826153e0:	52805ff5 	mov	w21, #0x2ff                 	// #767
    826153e4:	2a0203f7 	mov	w23, w2
    826153e8:	b9000281 	str	w1, [x20]
    826153ec:	531b6818 	lsl	w24, w0, #5
    826153f0:	0a0016b5 	and	w21, w21, w0, lsl #5
    826153f4:	34000493 	cbz	w19, 82615484 <swr_write+0xc8>
    826153f8:	52970000 	mov	w0, #0xb800                	// #47104
    826153fc:	2a0002a0 	orr	w0, w21, w0
    82615400:	b9000280 	str	w0, [x20]
    82615404:	52800020 	mov	w0, #0x1                   	// #1
    82615408:	97ffffdf 	bl	82615384 <sw_complete_wait.constprop.0>
    8261540c:	b9400a96 	ldr	w22, [x20, #8]
    82615410:	12001273 	and	w19, w19, #0x1f
    82615414:	52805fe0 	mov	w0, #0x2ff                 	// #767
    82615418:	2a180273 	orr	w19, w19, w24
    8261541c:	b9000697 	str	w23, [x20, #4]
    82615420:	0a000273 	and	w19, w19, w0
    82615424:	52968017 	mov	w23, #0xb400                	// #46080
    82615428:	2a170273 	orr	w19, w19, w23
    8261542c:	b9000293 	str	w19, [x20]
    82615430:	2a1702b7 	orr	w23, w21, w23
    82615434:	52800040 	mov	w0, #0x2                   	// #2
    82615438:	121e7ad5 	and	w21, w22, #0xfffffffd
    8261543c:	97ffffd2 	bl	82615384 <sw_complete_wait.constprop.0>
    82615440:	b9000695 	str	w21, [x20, #4]
    82615444:	321f02d6 	orr	w22, w22, #0x2
    82615448:	b9000297 	str	w23, [x20]
    8261544c:	52800060 	mov	w0, #0x3                   	// #3
    82615450:	97ffffcd 	bl	82615384 <sw_complete_wait.constprop.0>
    82615454:	b9000696 	str	w22, [x20, #4]
    82615458:	b9000297 	str	w23, [x20]
    8261545c:	52800080 	mov	w0, #0x4                   	// #4
    82615460:	97ffffc9 	bl	82615384 <sw_complete_wait.constprop.0>
    82615464:	b9000695 	str	w21, [x20, #4]
    82615468:	b9000297 	str	w23, [x20]
    8261546c:	528000a0 	mov	w0, #0x5                   	// #5
    82615470:	a94153f3 	ldp	x19, x20, [sp, #16]
    82615474:	a9425bf5 	ldp	x21, x22, [sp, #32]
    82615478:	a94363f7 	ldp	x23, x24, [sp, #48]
    8261547c:	a8c47bfd 	ldp	x29, x30, [sp], #64
    82615480:	17ffffc1 	b	82615384 <sw_complete_wait.constprop.0>
    82615484:	2a0203f6 	mov	w22, w2
    82615488:	17ffffe2 	b	82615410 <swr_write+0x54>

000000008261548c <load_mcb>:
    8261548c:	a9bd7bfd 	stp	x29, x30, [sp, #-48]!
    82615490:	aa0203e3 	mov	x3, x2
    82615494:	910003fd 	mov	x29, sp
    82615498:	a90153f3 	stp	x19, x20, [sp, #16]
    8261549c:	2a0003f3 	mov	w19, w0
    826154a0:	aa0103f4 	mov	x20, x1
    826154a4:	f90013f5 	str	x21, [sp, #32]
    826154a8:	aa0203f5 	mov	x21, x2
    826154ac:	aa0103e2 	mov	x2, x1
    826154b0:	2a0003e1 	mov	w1, w0
    826154b4:	52801960 	mov	w0, #0xcb                  	// #203
    826154b8:	72a01960 	movk	w0, #0xcb, lsl #16
    826154bc:	94000426 	bl	82616554 <load_boot_blob>
    826154c0:	3100041f 	cmn	w0, #0x1
    826154c4:	540001a1 	b.ne	826154f8 <load_mcb+0x6c>  // b.any
    826154c8:	52a0e461 	mov	w1, #0x7230000             	// #119734272
    826154cc:	6a01027f 	tst	w19, w1
    826154d0:	54000141 	b.ne	826154f8 <load_mcb+0x6c>  // b.any
    826154d4:	aa1503e3 	mov	x3, x21
    826154d8:	aa1403e2 	mov	x2, x20
    826154dc:	320f0261 	orr	w1, w19, #0x20000
    826154e0:	52801960 	mov	w0, #0xcb                  	// #203
    826154e4:	a94153f3 	ldp	x19, x20, [sp, #16]
    826154e8:	72a01960 	movk	w0, #0xcb, lsl #16
    826154ec:	f94013f5 	ldr	x21, [sp, #32]
    826154f0:	a8c37bfd 	ldp	x29, x30, [sp], #48
    826154f4:	14000418 	b	82616554 <load_boot_blob>
    826154f8:	a94153f3 	ldp	x19, x20, [sp, #16]
    826154fc:	f94013f5 	ldr	x21, [sp, #32]
    82615500:	a8c37bfd 	ldp	x29, x30, [sp], #48
    82615504:	d65f03c0 	ret

0000000082615508 <get_ddr_size>:
    82615508:	f0000140 	adrp	x0, 82640000 <pmc>
    8261550c:	b9404000 	ldr	w0, [x0, #64]
    82615510:	d65f03c0 	ret

0000000082615514 <spl_list_mcb_sel>:
    82615514:	a9bd7bfd 	stp	x29, x30, [sp, #-48]!
    82615518:	b0000080 	adrp	x0, 82626000 <multipliers+0x6ba>
    8261551c:	9115fc00 	add	x0, x0, #0x57f
    82615520:	910003fd 	mov	x29, sp
    82615524:	a90153f3 	stp	x19, x20, [sp, #16]
    82615528:	b0000094 	adrp	x20, 82626000 <multipliers+0x6ba>
    8261552c:	91166694 	add	x20, x20, #0x599
    82615530:	f90013f5 	str	x21, [sp, #32]
    82615534:	52801975 	mov	w21, #0xcb                  	// #203
    82615538:	52800013 	mov	w19, #0x0                   	// #0
    8261553c:	72a01975 	movk	w21, #0xcb, lsl #16
    82615540:	94002081 	bl	8261d744 <printf>
    82615544:	2a1303e0 	mov	w0, w19
    82615548:	940004c1 	bl	8261684c <get_boot_blob_hash_entry>
    8261554c:	b4000140 	cbz	x0, 82615574 <spl_list_mcb_sel+0x60>
    82615550:	b9400001 	ldr	w1, [x0]
    82615554:	6b15003f 	cmp	w1, w21
    82615558:	540000a1 	b.ne	8261556c <spl_list_mcb_sel+0x58>  // b.any
    8261555c:	b9400401 	ldr	w1, [x0, #4]
    82615560:	aa1403e0 	mov	x0, x20
    82615564:	12007421 	and	w1, w1, #0x3fffffff
    82615568:	94002077 	bl	8261d744 <printf>
    8261556c:	11000673 	add	w19, w19, #0x1
    82615570:	17fffff5 	b	82615544 <spl_list_mcb_sel+0x30>
    82615574:	a94153f3 	ldp	x19, x20, [sp, #16]
    82615578:	f94013f5 	ldr	x21, [sp, #32]
    8261557c:	a8c37bfd 	ldp	x29, x30, [sp], #48
    82615580:	d65f03c0 	ret

0000000082615584 <spl_ddrinit_prepare>:
    82615584:	d2b00301 	mov	x1, #0x80180000            	// #2149056512
    82615588:	b9423020 	ldr	w0, [x1, #560]
    8261558c:	3607ffe0 	tbz	w0, #0, 82615588 <spl_ddrinit_prepare+0x4>
    82615590:	d2b00341 	mov	x1, #0x801a0000            	// #2149187584
    82615594:	52810402 	mov	w2, #0x820                 	// #2080
    82615598:	b9419420 	ldr	w0, [x1, #404]
    8261559c:	12106c00 	and	w0, w0, #0xffff0fff
    826155a0:	b9019420 	str	w0, [x1, #404]
    826155a4:	b9419420 	ldr	w0, [x1, #404]
    826155a8:	12144c00 	and	w0, w0, #0xfffff000
    826155ac:	2a020000 	orr	w0, w0, w2
    826155b0:	b9019420 	str	w0, [x1, #404]
    826155b4:	d65f03c0 	ret

00000000826155b8 <spl_ddrinit>:
    826155b8:	d10c83ff 	sub	sp, sp, #0x320
    826155bc:	d0000082 	adrp	x2, 82627000 <multipliers+0x16ba>
    826155c0:	a9007bfd 	stp	x29, x30, [sp]
    826155c4:	910003fd 	mov	x29, sp
    826155c8:	a90153f3 	stp	x19, x20, [sp, #16]
    826155cc:	f0000153 	adrp	x19, 82640000 <pmc>
    826155d0:	b0fffff4 	adrp	x20, 82612000 <_start>
    826155d4:	a9025bf5 	stp	x21, x22, [sp, #32]
    826155d8:	910263f6 	add	x22, sp, #0x98
    826155dc:	f0000155 	adrp	x21, 82640000 <pmc>
    826155e0:	f9421c43 	ldr	x3, [x2, #1080]
    826155e4:	f9018fe3 	str	x3, [sp, #792]
    826155e8:	d2800003 	mov	x3, #0x0                   	// #0
    826155ec:	52804c02 	mov	w2, #0x260                 	// #608
    826155f0:	b9003fe2 	str	w2, [sp, #60]
    826155f4:	5282a4e2 	mov	w2, #0x1527                	// #5415
    826155f8:	b9005662 	str	w2, [x19, #84]
    826155fc:	b9420282 	ldr	w2, [x20, #512]
    82615600:	370008a2 	tbnz	w2, #0, 82615714 <spl_ddrinit+0x15c>
    82615604:	36000460 	tbz	w0, #0, 82615690 <spl_ddrinit+0xd8>
    82615608:	360803e0 	tbz	w0, #1, 82615684 <spl_ddrinit+0xcc>
    8261560c:	b9005661 	str	w1, [x19, #84]
    82615610:	b9405660 	ldr	w0, [x19, #84]
    82615614:	9100f3e2 	add	x2, sp, #0x3c
    82615618:	aa1603e1 	mov	x1, x22
    8261561c:	12007400 	and	w0, w0, #0x3fffffff
    82615620:	97ffff9b 	bl	8261548c <load_mcb>
    82615624:	340008a0 	cbz	w0, 82615738 <spl_ddrinit+0x180>
    82615628:	b9405661 	ldr	w1, [x19, #84]
    8261562c:	b0000080 	adrp	x0, 82626000 <multipliers+0x6ba>
    82615630:	91125c00 	add	x0, x0, #0x497
    82615634:	12007421 	and	w1, w1, #0x3fffffff
    82615638:	94002043 	bl	8261d744 <printf>
    8261563c:	52800020 	mov	w0, #0x1                   	// #1
    82615640:	5282a4e1 	mov	w1, #0x1527                	// #5415
    82615644:	b9005aa0 	str	w0, [x21, #88]
    82615648:	b0000080 	adrp	x0, 82626000 <multipliers+0x6ba>
    8261564c:	b9005661 	str	w1, [x19, #84]
    82615650:	9112d000 	add	x0, x0, #0x4b4
    82615654:	9400203c 	bl	8261d744 <printf>
    82615658:	52804c00 	mov	w0, #0x260                 	// #608
    8261565c:	b9003fe0 	str	w0, [sp, #60]
    82615660:	b9405660 	ldr	w0, [x19, #84]
    82615664:	9100f3e2 	add	x2, sp, #0x3c
    82615668:	aa1603e1 	mov	x1, x22
    8261566c:	97ffff88 	bl	8261548c <load_mcb>
    82615670:	34000640 	cbz	w0, 82615738 <spl_ddrinit+0x180>
    82615674:	b0000080 	adrp	x0, 82626000 <multipliers+0x6ba>
    82615678:	91132400 	add	x0, x0, #0x4c9
    8261567c:	94002032 	bl	8261d744 <printf>
    82615680:	94001a9b 	bl	8261c0ec <hang>
    82615684:	52800020 	mov	w0, #0x1                   	// #1
    82615688:	b9005aa0 	str	w0, [x21, #88]
    8261568c:	17ffffe1 	b	82615610 <spl_ddrinit+0x58>
    82615690:	d2808000 	mov	x0, #0x400                 	// #1024
    82615694:	f2b04c00 	movk	x0, #0x8260, lsl #16
    82615698:	94000423 	bl	82616724 <load_spl_env>
    8261569c:	b4000300 	cbz	x0, 826156fc <spl_ddrinit+0x144>
    826156a0:	b0000081 	adrp	x1, 82626000 <multipliers+0x6ba>
    826156a4:	910be3e2 	add	x2, sp, #0x2f8
    826156a8:	91112821 	add	x1, x1, #0x44a
    826156ac:	52800403 	mov	w3, #0x20                  	// #32
    826156b0:	94000592 	bl	82616cf8 <get_spl_env_val>
    826156b4:	35000240 	cbnz	w0, 826156fc <spl_ddrinit+0x144>
    826156b8:	52800202 	mov	w2, #0x10                  	// #16
    826156bc:	d2800001 	mov	x1, #0x0                   	// #0
    826156c0:	910be3e0 	add	x0, sp, #0x2f8
    826156c4:	94002079 	bl	8261d8a8 <simple_strtoul>
    826156c8:	b0000081 	adrp	x1, 82626000 <multipliers+0x6ba>
    826156cc:	b9005660 	str	w0, [x19, #84]
    826156d0:	91113821 	add	x1, x1, #0x44e
    826156d4:	910be3e0 	add	x0, sp, #0x2f8
    826156d8:	94001b32 	bl	8261c3a0 <strstr>
    826156dc:	b4fff9a0 	cbz	x0, 82615610 <spl_ddrinit+0x58>
    826156e0:	b0000080 	adrp	x0, 82626000 <multipliers+0x6ba>
    826156e4:	91115000 	add	x0, x0, #0x454
    826156e8:	94002017 	bl	8261d744 <printf>
    826156ec:	f0000140 	adrp	x0, 82640000 <pmc>
    826156f0:	52800021 	mov	w1, #0x1                   	// #1
    826156f4:	b9005001 	str	w1, [x0, #80]
    826156f8:	17ffffc6 	b	82615610 <spl_ddrinit+0x58>
    826156fc:	52800020 	mov	w0, #0x1                   	// #1
    82615700:	b9005aa0 	str	w0, [x21, #88]
    82615704:	b0000080 	adrp	x0, 82626000 <multipliers+0x6ba>
    82615708:	9111ac00 	add	x0, x0, #0x46b
    8261570c:	9400200e 	bl	8261d744 <printf>
    82615710:	17ffffc0 	b	82615610 <spl_ddrinit+0x58>
    82615714:	d2808101 	mov	x1, #0x408                 	// #1032
    82615718:	aa1603e0 	mov	x0, x22
    8261571c:	d2804c02 	mov	x2, #0x260                 	// #608
    82615720:	f2b04c21 	movk	x1, #0x8261, lsl #16
    82615724:	94001af9 	bl	8261c308 <memcpy>
    82615728:	d2808000 	mov	x0, #0x400                 	// #1024
    8261572c:	f2b04c20 	movk	x0, #0x8261, lsl #16
    82615730:	b9400000 	ldr	w0, [x0]
    82615734:	b9005660 	str	w0, [x19, #84]
    82615738:	f0000140 	adrp	x0, 82640000 <pmc>
    8261573c:	d2808002 	mov	x2, #0x400                 	// #1024
    82615740:	f2b04c02 	movk	x2, #0x8260, lsl #16
    82615744:	f9002402 	str	x2, [x0, #72]
    82615748:	b9420280 	ldr	w0, [x20, #512]
    8261574c:	370001e0 	tbnz	w0, #0, 82615788 <spl_ddrinit+0x1d0>
    82615750:	b9405661 	ldr	w1, [x19, #84]
    82615754:	52a0e600 	mov	w0, #0x7300000             	// #120586240
    82615758:	6a00003f 	tst	w1, w0
    8261575c:	54000080 	b.eq	8261576c <spl_ddrinit+0x1b4>  // b.none
    82615760:	b0000080 	adrp	x0, 82626000 <multipliers+0x6ba>
    82615764:	91136800 	add	x0, x0, #0x4da
    82615768:	17ffffc5 	b	8261567c <spl_ddrinit+0xc4>
    8261576c:	528e4660 	mov	w0, #0x7233                	// #29235
    82615770:	d0000083 	adrp	x3, 82627000 <multipliers+0x16ba>
    82615774:	52800001 	mov	w1, #0x0                   	// #0
    82615778:	91280063 	add	x3, x3, #0xa00
    8261577c:	72ac8880 	movk	w0, #0x6444, lsl #16
    82615780:	94000375 	bl	82616554 <load_boot_blob>
    82615784:	35fffee0 	cbnz	w0, 82615760 <spl_ddrinit+0x1a8>
    82615788:	940001ea 	bl	82615f30 <dcache_status>
    8261578c:	34000040 	cbz	w0, 82615794 <spl_ddrinit+0x1dc>
    82615790:	94000161 	bl	82615d14 <flush_dcache_all>
    82615794:	9400020d 	bl	82615fc8 <icache_status>
    82615798:	34000040 	cbz	w0, 826157a0 <spl_ddrinit+0x1e8>
    8261579c:	94000218 	bl	82615ffc <invalidate_icache_all>
    826157a0:	d2800202 	mov	x2, #0x10                  	// #16
    826157a4:	52800001 	mov	w1, #0x0                   	// #0
    826157a8:	910103e0 	add	x0, sp, #0x40
    826157ac:	94001abc 	bl	8261c29c <memset>
    826157b0:	d2800902 	mov	x2, #0x48                  	// #72
    826157b4:	52800001 	mov	w1, #0x0                   	// #0
    826157b8:	910143e0 	add	x0, sp, #0x50
    826157bc:	94001ab8 	bl	8261c29c <memset>
    826157c0:	b9405aa3 	ldr	w3, [x21, #88]
    826157c4:	b0000080 	adrp	x0, 82626000 <multipliers+0x6ba>
    826157c8:	b9405661 	ldr	w1, [x19, #84]
    826157cc:	91140400 	add	x0, x0, #0x501
    826157d0:	b940a7e2 	ldr	w2, [sp, #164]
    826157d4:	94001fdc 	bl	8261d744 <printf>
    826157d8:	b940abe1 	ldr	w1, [sp, #168]
    826157dc:	b0000080 	adrp	x0, 82626000 <multipliers+0x6ba>
    826157e0:	9114bc00 	add	x0, x0, #0x52f
    826157e4:	d3505c23 	ubfx	x3, x1, #16, #8
    826157e8:	d3483c22 	ubfx	x2, x1, #8, #8
    826157ec:	12001c21 	and	w1, w1, #0xff
    826157f0:	94001fd5 	bl	8261d744 <printf>
    826157f4:	b940b3e1 	ldr	w1, [sp, #176]
    826157f8:	b0000080 	adrp	x0, 82626000 <multipliers+0x6ba>
    826157fc:	91150400 	add	x0, x0, #0x541
    82615800:	53147c22 	lsr	w2, w1, #20
    82615804:	12004c21 	and	w1, w1, #0xfffff
    82615808:	94001fcf 	bl	8261d744 <printf>
    8261580c:	f9002ff6 	str	x22, [sp, #88]
    82615810:	b9405660 	ldr	w0, [x19, #84]
    82615814:	910103e1 	add	x1, sp, #0x40
    82615818:	d2800202 	mov	x2, #0x10                  	// #16
    8261581c:	b90053e0 	str	w0, [sp, #80]
    82615820:	910183e0 	add	x0, sp, #0x60
    82615824:	94001ab9 	bl	8261c308 <memcpy>
    82615828:	b9405aa0 	ldr	w0, [x21, #88]
    8261582c:	d2808001 	mov	x1, #0x400                 	// #1024
    82615830:	b90073e0 	str	w0, [sp, #112]
    82615834:	f2b04c01 	movk	x1, #0x8260, lsl #16
    82615838:	f0000140 	adrp	x0, 82640000 <pmc>
    8261583c:	91010000 	add	x0, x0, #0x40
    82615840:	f9003fe0 	str	x0, [sp, #120]
    82615844:	910143e0 	add	x0, sp, #0x50
    82615848:	d63f0020 	blr	x1
    8261584c:	35fff1a0 	cbnz	w0, 82615680 <spl_ddrinit+0xc8>
    82615850:	b9420280 	ldr	w0, [x20, #512]
    82615854:	360000e0 	tbz	w0, #0, 82615870 <spl_ddrinit+0x2b8>
    82615858:	b0000080 	adrp	x0, 82626000 <multipliers+0x6ba>
    8261585c:	91157c00 	add	x0, x0, #0x55f
    82615860:	94001fb9 	bl	8261d744 <printf>
    82615864:	940001c0 	bl	82615f64 <icache_disable>
    82615868:	94000175 	bl	82615e3c <dcache_disable>
    8261586c:	14000000 	b	8261586c <spl_ddrinit+0x2b4>
    82615870:	f0000140 	adrp	x0, 82640000 <pmc>
    82615874:	b9405000 	ldr	w0, [x0, #80]
    82615878:	34000080 	cbz	w0, 82615888 <spl_ddrinit+0x2d0>
    8261587c:	b0000080 	adrp	x0, 82626000 <multipliers+0x6ba>
    82615880:	9115b000 	add	x0, x0, #0x56c
    82615884:	94001fb0 	bl	8261d744 <printf>
    82615888:	d0000080 	adrp	x0, 82627000 <multipliers+0x16ba>
    8261588c:	f9418fe1 	ldr	x1, [sp, #792]
    82615890:	f9421c02 	ldr	x2, [x0, #1080]
    82615894:	eb020021 	subs	x1, x1, x2
    82615898:	d2800002 	mov	x2, #0x0                   	// #0
    8261589c:	54000040 	b.eq	826158a4 <spl_ddrinit+0x2ec>  // b.none
    826158a0:	97fff2d7 	bl	826123fc <__stack_chk_fail>
    826158a4:	52800000 	mov	w0, #0x0                   	// #0
    826158a8:	a9407bfd 	ldp	x29, x30, [sp]
    826158ac:	a94153f3 	ldp	x19, x20, [sp, #16]
    826158b0:	a9425bf5 	ldp	x21, x22, [sp, #32]
    826158b4:	910c83ff 	add	sp, sp, #0x320
    826158b8:	d65f03c0 	ret

00000000826158bc <cleanup_before_linux>:
    826158bc:	a9bf7bfd 	stp	x29, x30, [sp, #-16]!
    826158c0:	910003fd 	mov	x29, sp
    826158c4:	94000293 	bl	82616310 <disable_interrupts>
    826158c8:	940001a7 	bl	82615f64 <icache_disable>
    826158cc:	940001cc 	bl	82615ffc <invalidate_icache_all>
    826158d0:	9400015b 	bl	82615e3c <dcache_disable>
    826158d4:	9400010b 	bl	82615d00 <invalidate_dcache_all>
    826158d8:	52800000 	mov	w0, #0x0                   	// #0
    826158dc:	a8c17bfd 	ldp	x29, x30, [sp], #16
    826158e0:	d65f03c0 	ret

00000000826158e4 <get_tbclk>:
    826158e4:	d53be000 	mrs	x0, cntfrq_el0
    826158e8:	d65f03c0 	ret

00000000826158ec <get_ticks>:
    826158ec:	d5033fdf 	isb
    826158f0:	d53be020 	mrs	x0, cntpct_el0
    826158f4:	b9013e40 	str	w0, [x18, #316]
    826158f8:	d65f03c0 	ret

00000000826158fc <create_table>:
    826158fc:	a9be7bfd 	stp	x29, x30, [sp, #-32]!
    82615900:	910003fd 	mov	x29, sp
    82615904:	f9000bf3 	str	x19, [sp, #16]
    82615908:	f940b253 	ldr	x19, [x18, #352]
    8261590c:	f940b241 	ldr	x1, [x18, #352]
    82615910:	91400421 	add	x1, x1, #0x1, lsl #12
    82615914:	f900b241 	str	x1, [x18, #352]
    82615918:	f940b241 	ldr	x1, [x18, #352]
    8261591c:	f940aa43 	ldr	x3, [x18, #336]
    82615920:	f940ae42 	ldr	x2, [x18, #344]
    82615924:	cb030021 	sub	x1, x1, x3
    82615928:	eb02003f 	cmp	x1, x2
    8261592c:	54000109 	b.ls	8261594c <create_table+0x50>  // b.plast
    82615930:	f940b243 	ldr	x3, [x18, #352]
    82615934:	90000080 	adrp	x0, 82625000 <_ctype+0x35c>
    82615938:	f940aa41 	ldr	x1, [x18, #336]
    8261593c:	91073800 	add	x0, x0, #0x1ce
    82615940:	f940ae42 	ldr	x2, [x18, #344]
    82615944:	cb010061 	sub	x1, x3, x1
    82615948:	94001b00 	bl	8261c548 <panic>
    8261594c:	aa1303e0 	mov	x0, x19
    82615950:	d2820002 	mov	x2, #0x1000                	// #4096
    82615954:	52800001 	mov	w1, #0x0                   	// #0
    82615958:	94001a51 	bl	8261c29c <memset>
    8261595c:	aa1303e0 	mov	x0, x19
    82615960:	f9400bf3 	ldr	x19, [sp, #16]
    82615964:	a8c27bfd 	ldp	x29, x30, [sp], #32
    82615968:	d65f03c0 	ret

000000008261596c <split_block>:
    8261596c:	a9bd7bfd 	stp	x29, x30, [sp, #-48]!
    82615970:	52800043 	mov	w3, #0x2                   	// #2
    82615974:	4b010063 	sub	w3, w3, w1
    82615978:	910003fd 	mov	x29, sp
    8261597c:	a90153f3 	stp	x19, x20, [sp, #16]
    82615980:	aa0003f4 	mov	x20, x0
    82615984:	0b030c63 	add	w3, w3, w3, lsl #3
    82615988:	a9025bf5 	stp	x21, x22, [sp, #32]
    8261598c:	f9400016 	ldr	x22, [x0]
    82615990:	120006c0 	and	w0, w22, #0x3
    82615994:	7100041f 	cmp	w0, #0x1
    82615998:	540000c0 	b.eq	826159b0 <split_block+0x44>  // b.none
    8261599c:	b0000080 	adrp	x0, 82626000 <multipliers+0x6ba>
    826159a0:	aa1603e2 	mov	x2, x22
    826159a4:	aa1403e1 	mov	x1, x20
    826159a8:	911adc00 	add	x0, x0, #0x6b7
    826159ac:	94001ae7 	bl	8261c548 <panic>
    826159b0:	2a0103f5 	mov	w21, w1
    826159b4:	11003073 	add	w19, w3, #0xc
    826159b8:	97ffffd1 	bl	826158fc <create_table>
    826159bc:	d2800004 	mov	x4, #0x0                   	// #0
    826159c0:	9ad32083 	lsl	x3, x4, x19
    826159c4:	aa160063 	orr	x3, x3, x22
    826159c8:	b2400461 	orr	x1, x3, #0x3
    826159cc:	71000abf 	cmp	w21, #0x2
    826159d0:	9a811063 	csel	x3, x3, x1, ne  // ne = any
    826159d4:	f8247803 	str	x3, [x0, x4, lsl #3]
    826159d8:	91000484 	add	x4, x4, #0x1
    826159dc:	f108009f 	cmp	x4, #0x200
    826159e0:	54ffff01 	b.ne	826159c0 <split_block+0x54>  // b.any
    826159e4:	b2400402 	orr	x2, x0, #0x3
    826159e8:	a9425bf5 	ldp	x21, x22, [sp, #32]
    826159ec:	f9000282 	str	x2, [x20]
    826159f0:	a94153f3 	ldp	x19, x20, [sp, #16]
    826159f4:	a8c37bfd 	ldp	x29, x30, [sp], #48
    826159f8:	d65f03c0 	ret

00000000826159fc <get_tcr>:
    826159fc:	d0000083 	adrp	x3, 82627000 <multipliers+0x16ba>
    82615a00:	f9429066 	ldr	x6, [x3, #1312]
    82615a04:	d2800003 	mov	x3, #0x0                   	// #0
    82615a08:	f94008c5 	ldr	x5, [x6, #16]
    82615a0c:	b5000485 	cbnz	x5, 82615a9c <get_tcr+0xa0>
    82615a10:	f9400cc4 	ldr	x4, [x6, #24]
    82615a14:	b5000444 	cbnz	x4, 82615a9c <get_tcr+0xa0>
    82615a18:	d2c20004 	mov	x4, #0x100000000000        	// #17592186044416
    82615a1c:	eb04007f 	cmp	x3, x4
    82615a20:	54000488 	b.hi	82615ab0 <get_tcr+0xb4>  // b.pmore
    82615a24:	d2c08004 	mov	x4, #0x40000000000         	// #4398046511104
    82615a28:	eb04007f 	cmp	x3, x4
    82615a2c:	54000488 	b.hi	82615abc <get_tcr+0xc0>  // b.pmore
    82615a30:	d2c02004 	mov	x4, #0x10000000000         	// #1099511627776
    82615a34:	eb04007f 	cmp	x3, x4
    82615a38:	54000488 	b.hi	82615ac8 <get_tcr+0xcc>  // b.pmore
    82615a3c:	d2c00204 	mov	x4, #0x1000000000          	// #68719476736
    82615a40:	eb04007f 	cmp	x3, x4
    82615a44:	54000488 	b.hi	82615ad4 <get_tcr+0xd8>  // b.pmore
    82615a48:	d2c00024 	mov	x4, #0x100000000           	// #4294967296
    82615a4c:	eb04007f 	cmp	x3, x4
    82615a50:	d2800404 	mov	x4, #0x20                  	// #32
    82615a54:	d2800483 	mov	x3, #0x24                  	// #36
    82615a58:	9a848063 	csel	x3, x3, x4, hi  // hi = pmore
    82615a5c:	9a9f97e4 	cset	x4, hi  // hi = pmore
    82615a60:	929fffe6 	mov	x6, #0xffffffffffff0000    	// #-65536
    82615a64:	7100041f 	cmp	w0, #0x1
    82615a68:	f2b01006 	movk	x6, #0x8080, lsl #16
    82615a6c:	d2800800 	mov	x0, #0x40                  	// #64
    82615a70:	aa0440c5 	orr	x5, x6, x4, lsl #16
    82615a74:	cb030000 	sub	x0, x0, x3
    82615a78:	9a8610a5 	csel	x5, x5, x6, ne  // ne = any
    82615a7c:	aa050000 	orr	x0, x0, x5
    82615a80:	d286a005 	mov	x5, #0x3500                	// #13568
    82615a84:	aa050000 	orr	x0, x0, x5
    82615a88:	b4000041 	cbz	x1, 82615a90 <get_tcr+0x94>
    82615a8c:	f9000024 	str	x4, [x1]
    82615a90:	b4000042 	cbz	x2, 82615a98 <get_tcr+0x9c>
    82615a94:	f9000043 	str	x3, [x2]
    82615a98:	d65f03c0 	ret
    82615a9c:	f84204c4 	ldr	x4, [x6], #32
    82615aa0:	8b0400a5 	add	x5, x5, x4
    82615aa4:	eb05007f 	cmp	x3, x5
    82615aa8:	9a852063 	csel	x3, x3, x5, cs  // cs = hs, nlast
    82615aac:	17ffffd7 	b	82615a08 <get_tcr+0xc>
    82615ab0:	d2800603 	mov	x3, #0x30                  	// #48
    82615ab4:	d28000a4 	mov	x4, #0x5                   	// #5
    82615ab8:	17ffffea 	b	82615a60 <get_tcr+0x64>
    82615abc:	d2800583 	mov	x3, #0x2c                  	// #44
    82615ac0:	d2800084 	mov	x4, #0x4                   	// #4
    82615ac4:	17ffffe7 	b	82615a60 <get_tcr+0x64>
    82615ac8:	d2800543 	mov	x3, #0x2a                  	// #42
    82615acc:	d2800064 	mov	x4, #0x3                   	// #3
    82615ad0:	17ffffe4 	b	82615a60 <get_tcr+0x64>
    82615ad4:	d2800503 	mov	x3, #0x28                  	// #40
    82615ad8:	d2800044 	mov	x4, #0x2                   	// #2
    82615adc:	17ffffe1 	b	82615a60 <get_tcr+0x64>

0000000082615ae0 <find_pte>:
    82615ae0:	a9be7bfd 	stp	x29, x30, [sp, #-32]!
    82615ae4:	aa0003e8 	mov	x8, x0
    82615ae8:	d0000080 	adrp	x0, 82627000 <multipliers+0x16ba>
    82615aec:	910003fd 	mov	x29, sp
    82615af0:	2a0103e7 	mov	w7, w1
    82615af4:	910043e2 	add	x2, sp, #0x10
    82615af8:	f9421c01 	ldr	x1, [x0, #1080]
    82615afc:	f9000fe1 	str	x1, [sp, #24]
    82615b00:	d2800001 	mov	x1, #0x0                   	// #0
    82615b04:	52800000 	mov	w0, #0x0                   	// #0
    82615b08:	97ffffbd 	bl	826159fc <get_tcr>
    82615b0c:	f9400be0 	ldr	x0, [sp, #16]
    82615b10:	f100981f 	cmp	x0, #0x26
    82615b14:	54000388 	b.hi	82615b84 <find_pte+0xa4>  // b.pmore
    82615b18:	34000267 	cbz	w7, 82615b64 <find_pte+0x84>
    82615b1c:	52800023 	mov	w3, #0x1                   	// #1
    82615b20:	f940aa44 	ldr	x4, [x18, #336]
    82615b24:	12800101 	mov	w1, #0xfffffff7            	// #-9
    82615b28:	1b017c62 	mul	w2, w3, w1
    82615b2c:	11009c42 	add	w2, w2, #0x27
    82615b30:	9ac22502 	lsr	x2, x8, x2
    82615b34:	d37d2042 	ubfiz	x2, x2, #3, #9
    82615b38:	8b020080 	add	x0, x4, x2
    82615b3c:	6b0300ff 	cmp	w7, w3
    82615b40:	54000140 	b.eq	82615b68 <find_pte+0x88>  // b.none
    82615b44:	f8626884 	ldr	x4, [x4, x2]
    82615b48:	12000480 	and	w0, w4, #0x3
    82615b4c:	71000c1f 	cmp	w0, #0x3
    82615b50:	540000a1 	b.ne	82615b64 <find_pte+0x84>  // b.any
    82615b54:	11000463 	add	w3, w3, #0x1
    82615b58:	92748c84 	and	x4, x4, #0xfffffffff000
    82615b5c:	7100107f 	cmp	w3, #0x4
    82615b60:	54fffe41 	b.ne	82615b28 <find_pte+0x48>  // b.any
    82615b64:	d2800000 	mov	x0, #0x0                   	// #0
    82615b68:	d0000081 	adrp	x1, 82627000 <multipliers+0x16ba>
    82615b6c:	f9400fe2 	ldr	x2, [sp, #24]
    82615b70:	f9421c23 	ldr	x3, [x1, #1080]
    82615b74:	eb030042 	subs	x2, x2, x3
    82615b78:	d2800003 	mov	x3, #0x0                   	// #0
    82615b7c:	54000080 	b.eq	82615b8c <find_pte+0xac>  // b.none
    82615b80:	97fff21f 	bl	826123fc <__stack_chk_fail>
    82615b84:	52800003 	mov	w3, #0x0                   	// #0
    82615b88:	17ffffe6 	b	82615b20 <find_pte+0x40>
    82615b8c:	a8c27bfd 	ldp	x29, x30, [sp], #32
    82615b90:	d65f03c0 	ret

0000000082615b94 <setup_pgtables>:
    82615b94:	a9ba7bfd 	stp	x29, x30, [sp, #-96]!
    82615b98:	910003fd 	mov	x29, sp
    82615b9c:	a90153f3 	stp	x19, x20, [sp, #16]
    82615ba0:	a9025bf5 	stp	x21, x22, [sp, #32]
    82615ba4:	a90363f7 	stp	x23, x24, [sp, #48]
    82615ba8:	a9046bf9 	stp	x25, x26, [sp, #64]
    82615bac:	a90573fb 	stp	x27, x28, [sp, #80]
    82615bb0:	f940b241 	ldr	x1, [x18, #352]
    82615bb4:	b4000061 	cbz	x1, 82615bc0 <setup_pgtables+0x2c>
    82615bb8:	f940aa40 	ldr	x0, [x18, #336]
    82615bbc:	b5000080 	cbnz	x0, 82615bcc <setup_pgtables+0x38>
    82615bc0:	90000080 	adrp	x0, 82625000 <_ctype+0x35c>
    82615bc4:	91327000 	add	x0, x0, #0xc9c
    82615bc8:	94001a60 	bl	8261c548 <panic>
    82615bcc:	d2800016 	mov	x22, #0x0                   	// #0
    82615bd0:	d0000098 	adrp	x24, 82627000 <multipliers+0x16ba>
    82615bd4:	12800119 	mov	w25, #0xfffffff7            	// #-9
    82615bd8:	97ffff49 	bl	826158fc <create_table>
    82615bdc:	f9429301 	ldr	x1, [x24, #1312]
    82615be0:	8b160020 	add	x0, x1, x22
    82615be4:	a9415413 	ldp	x19, x21, [x0, #16]
    82615be8:	aa150262 	orr	x2, x19, x21
    82615bec:	b5000102 	cbnz	x2, 82615c0c <setup_pgtables+0x78>
    82615bf0:	a94153f3 	ldp	x19, x20, [sp, #16]
    82615bf4:	a9425bf5 	ldp	x21, x22, [sp, #32]
    82615bf8:	a94363f7 	ldp	x23, x24, [sp, #48]
    82615bfc:	a9446bf9 	ldp	x25, x26, [sp, #64]
    82615c00:	a94573fb 	ldp	x27, x28, [sp, #80]
    82615c04:	a8c67bfd 	ldp	x29, x30, [sp], #96
    82615c08:	d65f03c0 	ret
    82615c0c:	f8766834 	ldr	x20, [x1, x22]
    82615c10:	d280003a 	mov	x26, #0x1                   	// #1
    82615c14:	f9400417 	ldr	x23, [x0, #8]
    82615c18:	d2808020 	mov	x0, #0x401                 	// #1025
    82615c1c:	aa0002b5 	orr	x21, x21, x0
    82615c20:	b5000073 	cbnz	x19, 82615c2c <setup_pgtables+0x98>
    82615c24:	910082d6 	add	x22, x22, #0x20
    82615c28:	17ffffed 	b	82615bdc <setup_pgtables+0x48>
    82615c2c:	aa1403e0 	mov	x0, x20
    82615c30:	52800001 	mov	w1, #0x0                   	// #0
    82615c34:	97ffffab 	bl	82615ae0 <find_pte>
    82615c38:	aa0003fb 	mov	x27, x0
    82615c3c:	b40000e0 	cbz	x0, 82615c58 <setup_pgtables+0xc4>
    82615c40:	f9400000 	ldr	x0, [x0]
    82615c44:	f240041f 	tst	x0, #0x3
    82615c48:	54000081 	b.ne	82615c58 <setup_pgtables+0xc4>  // b.any
    82615c4c:	97ffff2c 	bl	826158fc <create_table>
    82615c50:	b2400400 	orr	x0, x0, #0x3
    82615c54:	f9000360 	str	x0, [x27]
    82615c58:	5280003b 	mov	w27, #0x1                   	// #1
    82615c5c:	2a1b03e1 	mov	w1, w27
    82615c60:	aa1403e0 	mov	x0, x20
    82615c64:	97ffff9f 	bl	82615ae0 <find_pte>
    82615c68:	aa0003fc 	mov	x28, x0
    82615c6c:	b5000080 	cbnz	x0, 82615c7c <setup_pgtables+0xe8>
    82615c70:	90000080 	adrp	x0, 82625000 <_ctype+0x35c>
    82615c74:	9132e800 	add	x0, x0, #0xcba
    82615c78:	17ffffd4 	b	82615bc8 <setup_pgtables+0x34>
    82615c7c:	1b197f62 	mul	w2, w27, w25
    82615c80:	11009c42 	add	w2, w2, #0x27
    82615c84:	9ac22342 	lsl	x2, x26, x2
    82615c88:	eb13005f 	cmp	x2, x19
    82615c8c:	540001a8 	b.hi	82615cc0 <setup_pgtables+0x12c>  // b.pmore
    82615c90:	d1000440 	sub	x0, x2, #0x1
    82615c94:	ea14001f 	tst	x0, x20
    82615c98:	54000141 	b.ne	82615cc0 <setup_pgtables+0x12c>  // b.any
    82615c9c:	aa1702a0 	orr	x0, x21, x23
    82615ca0:	71000f7f 	cmp	w27, #0x3
    82615ca4:	54000041 	b.ne	82615cac <setup_pgtables+0x118>  // b.any
    82615ca8:	b2400400 	orr	x0, x0, #0x3
    82615cac:	8b020294 	add	x20, x20, x2
    82615cb0:	8b0202f7 	add	x23, x23, x2
    82615cb4:	cb020273 	sub	x19, x19, x2
    82615cb8:	f9000380 	str	x0, [x28]
    82615cbc:	17ffffd9 	b	82615c20 <setup_pgtables+0x8c>
    82615cc0:	f9400380 	ldr	x0, [x28]
    82615cc4:	72000400 	ands	w0, w0, #0x3
    82615cc8:	54000101 	b.ne	82615ce8 <setup_pgtables+0x154>  // b.any
    82615ccc:	97ffff0c 	bl	826158fc <create_table>
    82615cd0:	b2400400 	orr	x0, x0, #0x3
    82615cd4:	f9000380 	str	x0, [x28]
    82615cd8:	1100077b 	add	w27, w27, #0x1
    82615cdc:	7100137f 	cmp	w27, #0x4
    82615ce0:	54fffbe1 	b.ne	82615c5c <setup_pgtables+0xc8>  // b.any
    82615ce4:	17ffffcf 	b	82615c20 <setup_pgtables+0x8c>
    82615ce8:	7100041f 	cmp	w0, #0x1
    82615cec:	54ffff61 	b.ne	82615cd8 <setup_pgtables+0x144>  // b.any
    82615cf0:	2a1b03e1 	mov	w1, w27
    82615cf4:	aa1c03e0 	mov	x0, x28
    82615cf8:	97ffff1d 	bl	8261596c <split_block>
    82615cfc:	17fffff7 	b	82615cd8 <setup_pgtables+0x144>

0000000082615d00 <invalidate_dcache_all>:
    82615d00:	a9bf7bfd 	stp	x29, x30, [sp, #-16]!
    82615d04:	910003fd 	mov	x29, sp
    82615d08:	94000112 	bl	82616150 <__asm_invalidate_dcache_all>
    82615d0c:	a8c17bfd 	ldp	x29, x30, [sp], #16
    82615d10:	14000122 	b	82616198 <__asm_invalidate_l3_dcache>

0000000082615d14 <flush_dcache_all>:
    82615d14:	a9bf7bfd 	stp	x29, x30, [sp, #-16]!
    82615d18:	910003fd 	mov	x29, sp
    82615d1c:	9400010b 	bl	82616148 <__asm_flush_dcache_all>
    82615d20:	a8c17bfd 	ldp	x29, x30, [sp], #16
    82615d24:	1400011f 	b	826161a0 <__asm_flush_l3_dcache>

0000000082615d28 <flush_dcache_range>:
    82615d28:	1400010c 	b	82616158 <__asm_flush_dcache_range>

0000000082615d2c <dcache_enable>:
    82615d2c:	d5384240 	mrs	x0, currentel
    82615d30:	53027c00 	lsr	w0, w0, #2
    82615d34:	7100041f 	cmp	w0, #0x1
    82615d38:	540002c1 	b.ne	82615d90 <dcache_enable+0x64>  // b.any
    82615d3c:	d5381000 	mrs	x0, sctlr_el1
    82615d40:	370004c0 	tbnz	w0, #0, 82615dd8 <dcache_enable+0xac>
    82615d44:	a9bf7bfd 	stp	x29, x30, [sp, #-16]!
    82615d48:	910003fd 	mov	x29, sp
    82615d4c:	97ffffed 	bl	82615d00 <invalidate_dcache_all>
    82615d50:	94000118 	bl	826161b0 <__asm_invalidate_tlb_all>
    82615d54:	97fff161 	bl	826122d8 <mmu_setup>
    82615d58:	d5384240 	mrs	x0, currentel
    82615d5c:	53027c00 	lsr	w0, w0, #2
    82615d60:	7100041f 	cmp	w0, #0x1
    82615d64:	54000221 	b.ne	82615da8 <dcache_enable+0x7c>  // b.any
    82615d68:	d5381000 	mrs	x0, sctlr_el1
    82615d6c:	321e0000 	orr	w0, w0, #0x4
    82615d70:	d5384241 	mrs	x1, currentel
    82615d74:	53027c21 	lsr	w1, w1, #2
    82615d78:	7100043f 	cmp	w1, #0x1
    82615d7c:	54000221 	b.ne	82615dc0 <dcache_enable+0x94>  // b.any
    82615d80:	d5181000 	msr	sctlr_el1, x0
    82615d84:	d5033fdf 	isb
    82615d88:	a8c17bfd 	ldp	x29, x30, [sp], #16
    82615d8c:	d65f03c0 	ret
    82615d90:	7100081f 	cmp	w0, #0x2
    82615d94:	54000061 	b.ne	82615da0 <dcache_enable+0x74>  // b.any
    82615d98:	d53c1000 	mrs	x0, sctlr_el2
    82615d9c:	17ffffe9 	b	82615d40 <dcache_enable+0x14>
    82615da0:	d53e1000 	mrs	x0, sctlr_el3
    82615da4:	17ffffe7 	b	82615d40 <dcache_enable+0x14>
    82615da8:	7100081f 	cmp	w0, #0x2
    82615dac:	54000061 	b.ne	82615db8 <dcache_enable+0x8c>  // b.any
    82615db0:	d53c1000 	mrs	x0, sctlr_el2
    82615db4:	17ffffee 	b	82615d6c <dcache_enable+0x40>
    82615db8:	d53e1000 	mrs	x0, sctlr_el3
    82615dbc:	17ffffec 	b	82615d6c <dcache_enable+0x40>
    82615dc0:	7100083f 	cmp	w1, #0x2
    82615dc4:	54000061 	b.ne	82615dd0 <dcache_enable+0xa4>  // b.any
    82615dc8:	d51c1000 	msr	sctlr_el2, x0
    82615dcc:	17ffffee 	b	82615d84 <dcache_enable+0x58>
    82615dd0:	d51e1000 	msr	sctlr_el3, x0
    82615dd4:	17ffffec 	b	82615d84 <dcache_enable+0x58>
    82615dd8:	d5384240 	mrs	x0, currentel
    82615ddc:	53027c00 	lsr	w0, w0, #2
    82615de0:	7100041f 	cmp	w0, #0x1
    82615de4:	54000141 	b.ne	82615e0c <dcache_enable+0xe0>  // b.any
    82615de8:	d5381000 	mrs	x0, sctlr_el1
    82615dec:	321e0000 	orr	w0, w0, #0x4
    82615df0:	d5384241 	mrs	x1, currentel
    82615df4:	53027c21 	lsr	w1, w1, #2
    82615df8:	7100043f 	cmp	w1, #0x1
    82615dfc:	54000141 	b.ne	82615e24 <dcache_enable+0xf8>  // b.any
    82615e00:	d5181000 	msr	sctlr_el1, x0
    82615e04:	d5033fdf 	isb
    82615e08:	d65f03c0 	ret
    82615e0c:	7100081f 	cmp	w0, #0x2
    82615e10:	54000061 	b.ne	82615e1c <dcache_enable+0xf0>  // b.any
    82615e14:	d53c1000 	mrs	x0, sctlr_el2
    82615e18:	17fffff5 	b	82615dec <dcache_enable+0xc0>
    82615e1c:	d53e1000 	mrs	x0, sctlr_el3
    82615e20:	17fffff3 	b	82615dec <dcache_enable+0xc0>
    82615e24:	7100083f 	cmp	w1, #0x2
    82615e28:	54000061 	b.ne	82615e34 <dcache_enable+0x108>  // b.any
    82615e2c:	d51c1000 	msr	sctlr_el2, x0
    82615e30:	17fffff5 	b	82615e04 <dcache_enable+0xd8>
    82615e34:	d51e1000 	msr	sctlr_el3, x0
    82615e38:	17fffff3 	b	82615e04 <dcache_enable+0xd8>

0000000082615e3c <dcache_disable>:
    82615e3c:	d5384240 	mrs	x0, currentel
    82615e40:	53027c00 	lsr	w0, w0, #2
    82615e44:	7100041f 	cmp	w0, #0x1
    82615e48:	54000221 	b.ne	82615e8c <dcache_disable+0x50>  // b.any
    82615e4c:	d5381000 	mrs	x0, sctlr_el1
    82615e50:	36100360 	tbz	w0, #2, 82615ebc <dcache_disable+0x80>
    82615e54:	a9bf7bfd 	stp	x29, x30, [sp, #-16]!
    82615e58:	128000a1 	mov	w1, #0xfffffffa            	// #-6
    82615e5c:	0a010000 	and	w0, w0, w1
    82615e60:	910003fd 	mov	x29, sp
    82615e64:	d5384241 	mrs	x1, currentel
    82615e68:	53027c21 	lsr	w1, w1, #2
    82615e6c:	7100043f 	cmp	w1, #0x1
    82615e70:	540001a1 	b.ne	82615ea4 <dcache_disable+0x68>  // b.any
    82615e74:	d5181000 	msr	sctlr_el1, x0
    82615e78:	d5033fdf 	isb
    82615e7c:	940000b3 	bl	82616148 <__asm_flush_dcache_all>
    82615e80:	940000c8 	bl	826161a0 <__asm_flush_l3_dcache>
    82615e84:	a8c17bfd 	ldp	x29, x30, [sp], #16
    82615e88:	140000ca 	b	826161b0 <__asm_invalidate_tlb_all>
    82615e8c:	7100081f 	cmp	w0, #0x2
    82615e90:	54000061 	b.ne	82615e9c <dcache_disable+0x60>  // b.any
    82615e94:	d53c1000 	mrs	x0, sctlr_el2
    82615e98:	17ffffee 	b	82615e50 <dcache_disable+0x14>
    82615e9c:	d53e1000 	mrs	x0, sctlr_el3
    82615ea0:	17ffffec 	b	82615e50 <dcache_disable+0x14>
    82615ea4:	7100083f 	cmp	w1, #0x2
    82615ea8:	54000061 	b.ne	82615eb4 <dcache_disable+0x78>  // b.any
    82615eac:	d51c1000 	msr	sctlr_el2, x0
    82615eb0:	17fffff2 	b	82615e78 <dcache_disable+0x3c>
    82615eb4:	d51e1000 	msr	sctlr_el3, x0
    82615eb8:	17fffff0 	b	82615e78 <dcache_disable+0x3c>
    82615ebc:	d65f03c0 	ret

0000000082615ec0 <dcache_sanitize_disable>:
    82615ec0:	a9be7bfd 	stp	x29, x30, [sp, #-32]!
    82615ec4:	aa0103e2 	mov	x2, x1
    82615ec8:	910003fd 	mov	x29, sp
    82615ecc:	f9000bf3 	str	x19, [sp, #16]
    82615ed0:	d5384241 	mrs	x1, currentel
    82615ed4:	6b410bff 	cmp	wzr, w1, lsr #2
    82615ed8:	54000280 	b.eq	82615f28 <dcache_sanitize_disable+0x68>  // b.none
    82615edc:	d539f213 	mrs	x19, s3_1_c15_c2_0
    82615ee0:	92407e73 	and	x19, x19, #0xffffffff
    82615ee4:	d5384241 	mrs	x1, currentel
    82615ee8:	6b410bff 	cmp	wzr, w1, lsr #2
    82615eec:	54000060 	b.eq	82615ef8 <dcache_sanitize_disable+0x38>  // b.none
    82615ef0:	b2670e61 	orr	x1, x19, #0x1e000000
    82615ef4:	d519f201 	msr	s3_1_c15_c2_0, x1
    82615ef8:	d5033fdf 	isb
    82615efc:	52800001 	mov	w1, #0x0                   	// #0
    82615f00:	940018e7 	bl	8261c29c <memset>
    82615f04:	97ffffce 	bl	82615e3c <dcache_disable>
    82615f08:	d5384240 	mrs	x0, currentel
    82615f0c:	6b400bff 	cmp	wzr, w0, lsr #2
    82615f10:	54000040 	b.eq	82615f18 <dcache_sanitize_disable+0x58>  // b.none
    82615f14:	d519f213 	msr	s3_1_c15_c2_0, x19
    82615f18:	d5033fdf 	isb
    82615f1c:	f9400bf3 	ldr	x19, [sp, #16]
    82615f20:	a8c27bfd 	ldp	x29, x30, [sp], #32
    82615f24:	d65f03c0 	ret
    82615f28:	d2800013 	mov	x19, #0x0                   	// #0
    82615f2c:	17ffffed 	b	82615ee0 <dcache_sanitize_disable+0x20>

0000000082615f30 <dcache_status>:
    82615f30:	d5384240 	mrs	x0, currentel
    82615f34:	53027c00 	lsr	w0, w0, #2
    82615f38:	7100041f 	cmp	w0, #0x1
    82615f3c:	54000081 	b.ne	82615f4c <dcache_status+0x1c>  // b.any
    82615f40:	d5381000 	mrs	x0, sctlr_el1
    82615f44:	d3420800 	ubfx	x0, x0, #2, #1
    82615f48:	d65f03c0 	ret
    82615f4c:	7100081f 	cmp	w0, #0x2
    82615f50:	54000061 	b.ne	82615f5c <dcache_status+0x2c>  // b.any
    82615f54:	d53c1000 	mrs	x0, sctlr_el2
    82615f58:	17fffffb 	b	82615f44 <dcache_status+0x14>
    82615f5c:	d53e1000 	mrs	x0, sctlr_el3
    82615f60:	17fffff9 	b	82615f44 <dcache_status+0x14>

0000000082615f64 <icache_disable>:
    82615f64:	d5384240 	mrs	x0, currentel
    82615f68:	53027c00 	lsr	w0, w0, #2
    82615f6c:	7100041f 	cmp	w0, #0x1
    82615f70:	54000141 	b.ne	82615f98 <icache_disable+0x34>  // b.any
    82615f74:	d5381000 	mrs	x0, sctlr_el1
    82615f78:	12137800 	and	w0, w0, #0xffffefff
    82615f7c:	d5384241 	mrs	x1, currentel
    82615f80:	53027c21 	lsr	w1, w1, #2
    82615f84:	7100043f 	cmp	w1, #0x1
    82615f88:	54000141 	b.ne	82615fb0 <icache_disable+0x4c>  // b.any
    82615f8c:	d5181000 	msr	sctlr_el1, x0
    82615f90:	d5033fdf 	isb
    82615f94:	d65f03c0 	ret
    82615f98:	7100081f 	cmp	w0, #0x2
    82615f9c:	54000061 	b.ne	82615fa8 <icache_disable+0x44>  // b.any
    82615fa0:	d53c1000 	mrs	x0, sctlr_el2
    82615fa4:	17fffff5 	b	82615f78 <icache_disable+0x14>
    82615fa8:	d53e1000 	mrs	x0, sctlr_el3
    82615fac:	17fffff3 	b	82615f78 <icache_disable+0x14>
    82615fb0:	7100083f 	cmp	w1, #0x2
    82615fb4:	54000061 	b.ne	82615fc0 <icache_disable+0x5c>  // b.any
    82615fb8:	d51c1000 	msr	sctlr_el2, x0
    82615fbc:	17fffff5 	b	82615f90 <icache_disable+0x2c>
    82615fc0:	d51e1000 	msr	sctlr_el3, x0
    82615fc4:	17fffff3 	b	82615f90 <icache_disable+0x2c>

0000000082615fc8 <icache_status>:
    82615fc8:	d5384240 	mrs	x0, currentel
    82615fcc:	53027c00 	lsr	w0, w0, #2
    82615fd0:	7100041f 	cmp	w0, #0x1
    82615fd4:	54000081 	b.ne	82615fe4 <icache_status+0x1c>  // b.any
    82615fd8:	d5381000 	mrs	x0, sctlr_el1
    82615fdc:	d34c3000 	ubfx	x0, x0, #12, #1
    82615fe0:	d65f03c0 	ret
    82615fe4:	7100081f 	cmp	w0, #0x2
    82615fe8:	54000061 	b.ne	82615ff4 <icache_status+0x2c>  // b.any
    82615fec:	d53c1000 	mrs	x0, sctlr_el2
    82615ff0:	17fffffb 	b	82615fdc <icache_status+0x14>
    82615ff4:	d53e1000 	mrs	x0, sctlr_el3
    82615ff8:	17fffff9 	b	82615fdc <icache_status+0x14>

0000000082615ffc <invalidate_icache_all>:
    82615ffc:	a9bf7bfd 	stp	x29, x30, [sp, #-16]!
    82616000:	910003fd 	mov	x29, sp
    82616004:	94000062 	bl	8261618c <__asm_invalidate_icache_all>
    82616008:	a8c17bfd 	ldp	x29, x30, [sp], #16
    8261600c:	14000067 	b	826161a8 <__asm_invalidate_l3_icache>

0000000082616010 <icache_enable>:
    82616010:	a9bf7bfd 	stp	x29, x30, [sp, #-16]!
    82616014:	910003fd 	mov	x29, sp
    82616018:	97fffff9 	bl	82615ffc <invalidate_icache_all>
    8261601c:	d5384240 	mrs	x0, currentel
    82616020:	53027c00 	lsr	w0, w0, #2
    82616024:	7100041f 	cmp	w0, #0x1
    82616028:	54000161 	b.ne	82616054 <icache_enable+0x44>  // b.any
    8261602c:	d5381000 	mrs	x0, sctlr_el1
    82616030:	32140000 	orr	w0, w0, #0x1000
    82616034:	d5384241 	mrs	x1, currentel
    82616038:	53027c21 	lsr	w1, w1, #2
    8261603c:	7100043f 	cmp	w1, #0x1
    82616040:	54000161 	b.ne	8261606c <icache_enable+0x5c>  // b.any
    82616044:	d5181000 	msr	sctlr_el1, x0
    82616048:	d5033fdf 	isb
    8261604c:	a8c17bfd 	ldp	x29, x30, [sp], #16
    82616050:	d65f03c0 	ret
    82616054:	7100081f 	cmp	w0, #0x2
    82616058:	54000061 	b.ne	82616064 <icache_enable+0x54>  // b.any
    8261605c:	d53c1000 	mrs	x0, sctlr_el2
    82616060:	17fffff4 	b	82616030 <icache_enable+0x20>
    82616064:	d53e1000 	mrs	x0, sctlr_el3
    82616068:	17fffff2 	b	82616030 <icache_enable+0x20>
    8261606c:	7100083f 	cmp	w1, #0x2
    82616070:	54000061 	b.ne	8261607c <icache_enable+0x6c>  // b.any
    82616074:	d51c1000 	msr	sctlr_el2, x0
    82616078:	17fffff4 	b	82616048 <icache_enable+0x38>
    8261607c:	d51e1000 	msr	sctlr_el3, x0
    82616080:	17fffff2 	b	82616048 <icache_enable+0x38>

0000000082616084 <__asm_dcache_level>:
    82616084:	d37ff80c 	lsl	x12, x0, #1
    82616088:	d51a000c 	msr	csselr_el1, x12
    8261608c:	d5033fdf 	isb
    82616090:	d5390006 	mrs	x6, ccsidr_el1
    82616094:	924008c2 	and	x2, x6, #0x7
    82616098:	91001042 	add	x2, x2, #0x4
    8261609c:	d2807fe3 	mov	x3, #0x3ff                 	// #1023
    826160a0:	8a460c63 	and	x3, x3, x6, lsr #3
    826160a4:	5ac01065 	clz	w5, w3
    826160a8:	d28fffe4 	mov	x4, #0x7fff                	// #32767
    826160ac:	8a463484 	and	x4, x4, x6, lsr #13

00000000826160b0 <loop_set>:
    826160b0:	aa0303e6 	mov	x6, x3

00000000826160b4 <loop_way>:
    826160b4:	9ac520c7 	lsl	x7, x6, x5
    826160b8:	aa070189 	orr	x9, x12, x7
    826160bc:	9ac22087 	lsl	x7, x4, x2
    826160c0:	aa070129 	orr	x9, x9, x7
    826160c4:	36000061 	tbz	w1, #0, 826160d0 <loop_way+0x1c>
    826160c8:	d5087649 	dc	isw, x9
    826160cc:	14000002 	b	826160d4 <loop_way+0x20>
    826160d0:	d5087e49 	dc	cisw, x9
    826160d4:	f10004c6 	subs	x6, x6, #0x1
    826160d8:	54fffeea 	b.ge	826160b4 <loop_way>  // b.tcont
    826160dc:	f1000484 	subs	x4, x4, #0x1
    826160e0:	54fffe8a 	b.ge	826160b0 <loop_set>  // b.tcont
    826160e4:	d65f03c0 	ret

00000000826160e8 <__asm_dcache_all>:
    826160e8:	aa0003e1 	mov	x1, x0
    826160ec:	d5033f9f 	dsb	sy
    826160f0:	d539002a 	mrs	x10, clidr_el1
    826160f4:	d358fd4b 	lsr	x11, x10, #24
    826160f8:	9240096b 	and	x11, x11, #0x7
    826160fc:	b400024b 	cbz	x11, 82616144 <finished>
    82616100:	aa1e03ef 	mov	x15, x30
    82616104:	d2800000 	mov	x0, #0x0                   	// #0

0000000082616108 <loop_level>:
    82616108:	d37ff80c 	lsl	x12, x0, #1
    8261610c:	8b00018c 	add	x12, x12, x0
    82616110:	9acc254c 	lsr	x12, x10, x12
    82616114:	9240098c 	and	x12, x12, #0x7
    82616118:	f100099f 	cmp	x12, #0x2
    8261611c:	5400004b 	b.lt	82616124 <skip>  // b.tstop
    82616120:	97ffffd9 	bl	82616084 <__asm_dcache_level>

0000000082616124 <skip>:
    82616124:	91000400 	add	x0, x0, #0x1
    82616128:	eb00017f 	cmp	x11, x0
    8261612c:	54fffeec 	b.gt	82616108 <loop_level>
    82616130:	d2800000 	mov	x0, #0x0                   	// #0
    82616134:	d51a0000 	msr	csselr_el1, x0
    82616138:	d5033f9f 	dsb	sy
    8261613c:	d5033fdf 	isb
    82616140:	aa0f03fe 	mov	x30, x15

0000000082616144 <finished>:
    82616144:	d65f03c0 	ret

0000000082616148 <__asm_flush_dcache_all>:
    82616148:	d2800000 	mov	x0, #0x0                   	// #0
    8261614c:	17ffffe7 	b	826160e8 <__asm_dcache_all>

0000000082616150 <__asm_invalidate_dcache_all>:
    82616150:	d2800020 	mov	x0, #0x1                   	// #1
    82616154:	17ffffe5 	b	826160e8 <__asm_dcache_all>

0000000082616158 <__asm_flush_dcache_range>:
    82616158:	d53b0023 	mrs	x3, ctr_el0
    8261615c:	d350fc63 	lsr	x3, x3, #16
    82616160:	92400c63 	and	x3, x3, #0xf
    82616164:	d2800082 	mov	x2, #0x4                   	// #4
    82616168:	9ac32042 	lsl	x2, x2, x3
    8261616c:	d1000443 	sub	x3, x2, #0x1
    82616170:	8a230000 	bic	x0, x0, x3
    82616174:	d50b7e20 	dc	civac, x0
    82616178:	8b020000 	add	x0, x0, x2
    8261617c:	eb01001f 	cmp	x0, x1
    82616180:	54ffffa3 	b.cc	82616174 <__asm_flush_dcache_range+0x1c>  // b.lo, b.ul, b.last
    82616184:	d5033f9f 	dsb	sy
    82616188:	d65f03c0 	ret

000000008261618c <__asm_invalidate_icache_all>:
    8261618c:	d508711f 	ic	ialluis
    82616190:	d5033fdf 	isb
    82616194:	d65f03c0 	ret

0000000082616198 <__asm_invalidate_l3_dcache>:
    82616198:	d2800000 	mov	x0, #0x0                   	// #0
    8261619c:	d65f03c0 	ret

00000000826161a0 <__asm_flush_l3_dcache>:
    826161a0:	d2800000 	mov	x0, #0x0                   	// #0
    826161a4:	d65f03c0 	ret

00000000826161a8 <__asm_invalidate_l3_icache>:
    826161a8:	d2800000 	mov	x0, #0x0                   	// #0
    826161ac:	d65f03c0 	ret

00000000826161b0 <__asm_invalidate_tlb_all>:
    826161b0:	d5384249 	mrs	x9, currentel
    826161b4:	f100313f 	cmp	x9, #0xc
    826161b8:	540000a0 	b.eq	826161cc <__asm_invalidate_tlb_all+0x1c>  // b.none
    826161bc:	f100213f 	cmp	x9, #0x8
    826161c0:	540000e0 	b.eq	826161dc <__asm_invalidate_tlb_all+0x2c>  // b.none
    826161c4:	f100113f 	cmp	x9, #0x4
    826161c8:	54000120 	b.eq	826161ec <__asm_invalidate_tlb_all+0x3c>  // b.none
    826161cc:	d50e871f 	tlbi	alle3
    826161d0:	d5033f9f 	dsb	sy
    826161d4:	d5033fdf 	isb
    826161d8:	14000008 	b	826161f8 <__asm_invalidate_tlb_all+0x48>
    826161dc:	d50c871f 	tlbi	alle2
    826161e0:	d5033f9f 	dsb	sy
    826161e4:	d5033fdf 	isb
    826161e8:	14000004 	b	826161f8 <__asm_invalidate_tlb_all+0x48>
    826161ec:	d508871f 	tlbi	vmalle1
    826161f0:	d5033f9f 	dsb	sy
    826161f4:	d5033fdf 	isb
    826161f8:	d65f03c0 	ret
    826161fc:	00000000 	udf	#0

0000000082616200 <_main>:
    82616200:	58000300 	ldr	x0, 82616260 <clear_loop+0x18>
    82616204:	927cec1f 	and	sp, x0, #0xfffffffffffffff0
    82616208:	910003e0 	mov	x0, sp
    8261620c:	940006b9 	bl	82617cf0 <board_init_f_alloc_reserve>
    82616210:	9100001f 	mov	sp, x0
    82616214:	aa0003f2 	mov	x18, x0
    82616218:	940006ba 	bl	82617d00 <board_init_f_init_reserve>
    8261621c:	d2800000 	mov	x0, #0x0                   	// #0
    82616220:	940001d6 	bl	82616978 <board_init_f>
    82616224:	9400062d 	bl	82617ad8 <spl_relocate_stack_gd>
    82616228:	f100001f 	cmp	x0, #0x0
    8261622c:	9a921012 	csel	x18, x0, x18, ne  // ne = any
    82616230:	910003e1 	mov	x1, sp
    82616234:	f100001f 	cmp	x0, #0x0
    82616238:	9a811000 	csel	x0, x0, x1, ne  // ne = any
    8261623c:	9100001f 	mov	sp, x0
    82616240:	58000140 	ldr	x0, 82616268 <clear_loop+0x20>
    82616244:	58000161 	ldr	x1, 82616270 <clear_loop+0x28>

0000000082616248 <clear_loop>:
    82616248:	f800841f 	str	xzr, [x0], #8
    8261624c:	eb01001f 	cmp	x0, x1
    82616250:	54ffffc3 	b.cc	82616248 <clear_loop>  // b.lo, b.ul, b.last
    82616254:	aa1203e0 	mov	x0, x18
    82616258:	f9403a41 	ldr	x1, [x18, #112]
    8261625c:	14000598 	b	826178bc <board_init_r>
    82616260:	8267fe60 	.word	0x8267fe60
    82616264:	00000000 	.word	0x00000000
    82616268:	82640000 	.word	0x82640000
    8261626c:	00000000 	.word	0x00000000
    82616270:	82640370 	.word	0x82640370
    82616274:	00000000 	.word	0x00000000

0000000082616278 <gic_init_secure>:
    82616278:	52800069 	mov	w9, #0x3                   	// #3
    8261627c:	b9000009 	str	w9, [x0]
    82616280:	b9400409 	ldr	w9, [x0, #4]
    82616284:	1200112a 	and	w10, w9, #0x1f
    82616288:	3400018a 	cbz	w10, 826162b8 <gic_init_secure+0x40>
    8261628c:	9102000b 	add	x11, x0, #0x80
    82616290:	12800009 	mov	w9, #0xffffffff            	// #-1
    82616294:	b8004569 	str	w9, [x11], #4
    82616298:	b8004569 	str	w9, [x11], #4
    8261629c:	5100054a 	sub	w10, w10, #0x1
    826162a0:	35ffffca 	cbnz	w10, 82616298 <gic_init_secure+0x20>
    826162a4:	58000321 	ldr	x1, 82616308 <gic_wait_for_interrupt+0x18>
    826162a8:	52800060 	mov	w0, #0x3                   	// #3
    826162ac:	b9000020 	str	w0, [x1]
    826162b0:	52801000 	mov	w0, #0x80                  	// #128
    826162b4:	b9000420 	str	w0, [x1, #4]
    826162b8:	d65f03c0 	ret

00000000826162bc <gic_init_secure_percpu>:
    826162bc:	12800009 	mov	w9, #0xffffffff            	// #-1
    826162c0:	b9008009 	str	w9, [x0, #128]
    826162c4:	52800029 	mov	w9, #0x1                   	// #1
    826162c8:	b9010009 	str	w9, [x0, #256]
    826162cc:	52803ce9 	mov	w9, #0x1e7                 	// #487
    826162d0:	b9000029 	str	w9, [x1]
    826162d4:	52801009 	mov	w9, #0x80                  	// #128
    826162d8:	b9000429 	str	w9, [x1, #4]
    826162dc:	d65f03c0 	ret

00000000826162e0 <gic_kick_secondary_cpus>:
    826162e0:	52900009 	mov	w9, #0x8000                	// #32768
    826162e4:	72a02009 	movk	w9, #0x100, lsl #16
    826162e8:	b90f0009 	str	w9, [x0, #3840]
    826162ec:	d65f03c0 	ret

00000000826162f0 <gic_wait_for_interrupt>:
    826162f0:	d503207f 	wfi
    826162f4:	b9402009 	ldr	w9, [x0, #32]
    826162f8:	b9002409 	str	w9, [x0, #36]
    826162fc:	12002529 	and	w9, w9, #0x3ff
    82616300:	35ffff89 	cbnz	w9, 826162f0 <gic_wait_for_interrupt>
    82616304:	d65f03c0 	ret
    82616308:	81002000 	.word	0x81002000
    8261630c:	00000000 	.word	0x00000000

0000000082616310 <disable_interrupts>:
    82616310:	52800000 	mov	w0, #0x0                   	// #0
    82616314:	d65f03c0 	ret

0000000082616318 <find_magic>:
    82616318:	a9b97bfd 	stp	x29, x30, [sp, #-112]!
    8261631c:	52866002 	mov	w2, #0x3300                	// #13056
    82616320:	72ac8a02 	movk	w2, #0x6450, lsl #16
    82616324:	910003fd 	mov	x29, sp
    82616328:	a90153f3 	stp	x19, x20, [sp, #16]
    8261632c:	2a0003f4 	mov	w20, w0
    82616330:	b0000080 	adrp	x0, 82627000 <multipliers+0x16ba>
    82616334:	a9025bf5 	stp	x21, x22, [sp, #32]
    82616338:	d0000155 	adrp	x21, 82640000 <pmc>
    8261633c:	910172b3 	add	x19, x21, #0x5c
    82616340:	a90363f7 	stp	x23, x24, [sp, #48]
    82616344:	a9046bf9 	stp	x25, x26, [sp, #64]
    82616348:	f9421c01 	ldr	x1, [x0, #1080]
    8261634c:	f90037e1 	str	x1, [sp, #104]
    82616350:	d2800001 	mov	x1, #0x0                   	// #0
    82616354:	b9400660 	ldr	w0, [x19, #4]
    82616358:	12185c01 	and	w1, w0, #0xffffff00
    8261635c:	6b02003f 	cmp	w1, w2
    82616360:	11040042 	add	w2, w2, #0x100
    82616364:	7a421024 	ccmp	w1, w2, #0x4, ne  // ne = any
    82616368:	540000c0 	b.eq	82616380 <find_magic+0x68>  // b.none
    8261636c:	528d8001 	mov	w1, #0x6c00                	// #27648
    82616370:	12175802 	and	w2, w0, #0xfffffe00
    82616374:	72ac8a01 	movk	w1, #0x6450, lsl #16
    82616378:	6b01005f 	cmp	w2, w1
    8261637c:	54000261 	b.ne	826163c8 <find_magic+0xb0>  // b.any
    82616380:	4a000280 	eor	w0, w20, w0
    82616384:	72185c1f 	tst	w0, #0xffffff00
    82616388:	54000240 	b.eq	826163d0 <find_magic+0xb8>  // b.none
    8261638c:	f0000060 	adrp	x0, 82625000 <_ctype+0x35c>
    82616390:	9115a000 	add	x0, x0, #0x568
    82616394:	94001cec 	bl	8261d744 <printf>
    82616398:	b9400660 	ldr	w0, [x19, #4]
    8261639c:	35000120 	cbnz	w0, 826163c0 <find_magic+0xa8>
    826163a0:	b0000080 	adrp	x0, 82627000 <multipliers+0x16ba>
    826163a4:	913c4000 	add	x0, x0, #0xf10
    826163a8:	d2800385 	mov	x5, #0x1c                  	// #28
    826163ac:	b9400001 	ldr	w1, [x0]
    826163b0:	350002a1 	cbnz	w1, 82616404 <find_magic+0xec>
    826163b4:	f0000060 	adrp	x0, 82625000 <_ctype+0x35c>
    826163b8:	9115c000 	add	x0, x0, #0x570
    826163bc:	94001ce2 	bl	8261d744 <printf>
    826163c0:	b9005ebf 	str	wzr, [x21, #92]
    826163c4:	14000003 	b	826163d0 <find_magic+0xb8>
    826163c8:	6b00029f 	cmp	w20, w0
    826163cc:	54fffe01 	b.ne	8261638c <find_magic+0x74>  // b.any
    826163d0:	52866017 	mov	w23, #0x3300                	// #13056
    826163d4:	52868018 	mov	w24, #0x3400                	// #13312
    826163d8:	528d801a 	mov	w26, #0x6c00                	// #27648
    826163dc:	12bffc16 	mov	w22, #0x1fffff              	// #2097151
    826163e0:	72ac8a17 	movk	w23, #0x6450, lsl #16
    826163e4:	72ac8a18 	movk	w24, #0x6450, lsl #16
    826163e8:	52820179 	mov	w25, #0x100b                	// #4107
    826163ec:	72ac8a1a 	movk	w26, #0x6450, lsl #16
    826163f0:	b9400262 	ldr	w2, [x19]
    826163f4:	6b16005f 	cmp	w2, w22
    826163f8:	54000269 	b.ls	82616444 <find_magic+0x12c>  // b.plast
    826163fc:	12800015 	mov	w21, #0xffffffff            	// #-1
    82616400:	14000043 	b	8261650c <find_magic+0x1f4>
    82616404:	aa1303e3 	mov	x3, x19
    82616408:	52800002 	mov	w2, #0x0                   	// #0
    8261640c:	b9401064 	ldr	w4, [x3, #16]
    82616410:	6b01009f 	cmp	w4, w1
    82616414:	540000a0 	b.eq	82616428 <find_magic+0x110>  // b.none
    82616418:	350000c4 	cbnz	w4, 82616430 <find_magic+0x118>
    8261641c:	93407c42 	sxtw	x2, w2
    82616420:	9b054c42 	madd	x2, x2, x5, x19
    82616424:	b9001041 	str	w1, [x2, #16]
    82616428:	9100c000 	add	x0, x0, #0x30
    8261642c:	17ffffe0 	b	826163ac <find_magic+0x94>
    82616430:	11000442 	add	w2, w2, #0x1
    82616434:	91007063 	add	x3, x3, #0x1c
    82616438:	7100185f 	cmp	w2, #0x6
    8261643c:	54fffe81 	b.ne	8261640c <find_magic+0xf4>  // b.any
    82616440:	17fffffa 	b	82616428 <find_magic+0x110>
    82616444:	b9400661 	ldr	w1, [x19, #4]
    82616448:	12185c20 	and	w0, w1, #0xffffff00
    8261644c:	6b17001f 	cmp	w0, w23
    82616450:	7a581004 	ccmp	w0, w24, #0x4, ne  // ne = any
    82616454:	54000080 	b.eq	82616464 <find_magic+0x14c>  // b.none
    82616458:	12175820 	and	w0, w1, #0xfffffe00
    8261645c:	6b1a001f 	cmp	w0, w26
    82616460:	54000161 	b.ne	8261648c <find_magic+0x174>  // b.any
    82616464:	11000421 	add	w1, w1, #0x1
    82616468:	6b14003f 	cmp	w1, w20
    8261646c:	54000101 	b.ne	8261648c <find_magic+0x174>  // b.any
    82616470:	b9400e60 	ldr	w0, [x19, #12]
    82616474:	340000c0 	cbz	w0, 8261648c <find_magic+0x174>
    82616478:	b9400a60 	ldr	w0, [x19, #8]
    8261647c:	0b190000 	add	w0, w0, w25
    82616480:	12144c00 	and	w0, w0, #0xfffff000
    82616484:	0b020000 	add	w0, w0, w2
    82616488:	b9000260 	str	w0, [x19]
    8261648c:	b9400260 	ldr	w0, [x19]
    82616490:	910163e1 	add	x1, sp, #0x58
    82616494:	52800182 	mov	w2, #0xc                   	// #12
    82616498:	290b7fff 	stp	wzr, wzr, [sp, #88]
    8261649c:	9400010d 	bl	826168d0 <read_boot_device>
    826164a0:	36f80040 	tbz	w0, #31, 826164a8 <find_magic+0x190>
    826164a4:	b9000e7f 	str	wzr, [x19, #12]
    826164a8:	b9405be0 	ldr	w0, [sp, #88]
    826164ac:	b9400275 	ldr	w21, [x19]
    826164b0:	6b14001f 	cmp	w0, w20
    826164b4:	540003a1 	b.ne	82616528 <find_magic+0x210>  // b.any
    826164b8:	2a1503e2 	mov	w2, w21
    826164bc:	2a1403e1 	mov	w1, w20
    826164c0:	f0000060 	adrp	x0, 82625000 <_ctype+0x35c>
    826164c4:	9115d800 	add	x0, x0, #0x576
    826164c8:	94001c9f 	bl	8261d744 <printf>
    826164cc:	294b07e0 	ldp	w0, w1, [sp, #88]
    826164d0:	52866002 	mov	w2, #0x3300                	// #13056
    826164d4:	29008660 	stp	w0, w1, [x19, #4]
    826164d8:	72ac8a02 	movk	w2, #0x6450, lsl #16
    826164dc:	12185c01 	and	w1, w0, #0xffffff00
    826164e0:	6b02003f 	cmp	w1, w2
    826164e4:	11040042 	add	w2, w2, #0x100
    826164e8:	7a421024 	ccmp	w1, w2, #0x4, ne  // ne = any
    826164ec:	540000c0 	b.eq	82616504 <find_magic+0x1ec>  // b.none
    826164f0:	528d8001 	mov	w1, #0x6c00                	// #27648
    826164f4:	12175800 	and	w0, w0, #0xfffffe00
    826164f8:	72ac8a01 	movk	w1, #0x6450, lsl #16
    826164fc:	6b01001f 	cmp	w0, w1
    82616500:	54000061 	b.ne	8261650c <find_magic+0x1f4>  // b.any
    82616504:	52800020 	mov	w0, #0x1                   	// #1
    82616508:	b9000e60 	str	w0, [x19, #12]
    8261650c:	b0000080 	adrp	x0, 82627000 <multipliers+0x16ba>
    82616510:	f94037e1 	ldr	x1, [sp, #104]
    82616514:	f9421c02 	ldr	x2, [x0, #1080]
    82616518:	eb020021 	subs	x1, x1, x2
    8261651c:	d2800002 	mov	x2, #0x0                   	// #0
    82616520:	540000c0 	b.eq	82616538 <find_magic+0x220>  // b.none
    82616524:	97ffefb6 	bl	826123fc <__stack_chk_fail>
    82616528:	114006b5 	add	w21, w21, #0x1, lsl #12
    8261652c:	b9000275 	str	w21, [x19]
    82616530:	b9000e7f 	str	wzr, [x19, #12]
    82616534:	17ffffaf 	b	826163f0 <find_magic+0xd8>
    82616538:	2a1503e0 	mov	w0, w21
    8261653c:	a94153f3 	ldp	x19, x20, [sp, #16]
    82616540:	a9425bf5 	ldp	x21, x22, [sp, #32]
    82616544:	a94363f7 	ldp	x23, x24, [sp, #48]
    82616548:	a9446bf9 	ldp	x25, x26, [sp, #64]
    8261654c:	a8c77bfd 	ldp	x29, x30, [sp], #112
    82616550:	d65f03c0 	ret

0000000082616554 <load_boot_blob>:
    82616554:	a9b07bfd 	stp	x29, x30, [sp, #-256]!
    82616558:	910003fd 	mov	x29, sp
    8261655c:	a90153f3 	stp	x19, x20, [sp, #16]
    82616560:	b0000093 	adrp	x19, 82627000 <multipliers+0x16ba>
    82616564:	913c4273 	add	x19, x19, #0xf10
    82616568:	a9025bf5 	stp	x21, x22, [sp, #32]
    8261656c:	aa0203f6 	mov	x22, x2
    82616570:	a90363f7 	stp	x23, x24, [sp, #48]
    82616574:	aa0303f8 	mov	x24, x3
    82616578:	a9046bf9 	stp	x25, x26, [sp, #64]
    8261657c:	2a0003f9 	mov	w25, w0
    82616580:	2a0103fa 	mov	w26, w1
    82616584:	b0000080 	adrp	x0, 82627000 <multipliers+0x16ba>
    82616588:	f9421c01 	ldr	x1, [x0, #1080]
    8261658c:	f9007fe1 	str	x1, [sp, #248]
    82616590:	d2800001 	mov	x1, #0x0                   	// #0
    82616594:	aa1303e1 	mov	x1, x19
    82616598:	910143e0 	add	x0, sp, #0x50
    8261659c:	d2800602 	mov	x2, #0x30                  	// #48
    826165a0:	9400175a 	bl	8261c308 <memcpy>
    826165a4:	b94053f7 	ldr	w23, [sp, #80]
    826165a8:	340001d7 	cbz	w23, 826165e0 <load_boot_blob+0x8c>
    826165ac:	6b17033f 	cmp	w25, w23
    826165b0:	54000261 	b.ne	826165fc <load_boot_blob+0xa8>  // b.any
    826165b4:	b94057e0 	ldr	w0, [sp, #84]
    826165b8:	6b00035f 	cmp	w26, w0
    826165bc:	54000201 	b.ne	826165fc <load_boot_blob+0xa8>  // b.any
    826165c0:	b9405bf5 	ldr	w21, [sp, #88]
    826165c4:	910183e1 	add	x1, sp, #0x60
    826165c8:	9102e3e0 	add	x0, sp, #0xb8
    826165cc:	d2800402 	mov	x2, #0x20                  	// #32
    826165d0:	9400174e 	bl	8261c308 <memcpy>
    826165d4:	b9405ff4 	ldr	w20, [sp, #92]
    826165d8:	310006bf 	cmn	w21, #0x1
    826165dc:	54000141 	b.ne	82616604 <load_boot_blob+0xb0>  // b.any
    826165e0:	f0000060 	adrp	x0, 82625000 <_ctype+0x35c>
    826165e4:	2a1a03e2 	mov	w2, w26
    826165e8:	2a1903e1 	mov	w1, w25
    826165ec:	9117c800 	add	x0, x0, #0x5f2
    826165f0:	94001c55 	bl	8261d744 <printf>
    826165f4:	12800013 	mov	w19, #0xffffffff            	// #-1
    826165f8:	1400000b 	b	82616624 <load_boot_blob+0xd0>
    826165fc:	9100c273 	add	x19, x19, #0x30
    82616600:	17ffffe5 	b	82616594 <load_boot_blob+0x40>
    82616604:	37ffff95 	tbnz	w21, #31, 826165f4 <load_boot_blob+0xa0>
    82616608:	b9400300 	ldr	w0, [x24]
    8261660c:	6b14001f 	cmp	w0, w20
    82616610:	5400018a 	b.ge	82616640 <load_boot_blob+0xec>  // b.tcont
    82616614:	12800033 	mov	w19, #0xfffffffe            	// #-2
    82616618:	f0000060 	adrp	x0, 82625000 <_ctype+0x35c>
    8261661c:	91186c00 	add	x0, x0, #0x61b
    82616620:	94001c49 	bl	8261d744 <printf>
    82616624:	b0000080 	adrp	x0, 82627000 <multipliers+0x16ba>
    82616628:	f9407fe1 	ldr	x1, [sp, #248]
    8261662c:	f9421c02 	ldr	x2, [x0, #1080]
    82616630:	eb020021 	subs	x1, x1, x2
    82616634:	d2800002 	mov	x2, #0x0                   	// #0
    82616638:	54000680 	b.eq	82616708 <load_boot_blob+0x1b4>  // b.none
    8261663c:	97ffef70 	bl	826123fc <__stack_chk_fail>
    82616640:	f0000079 	adrp	x25, 82625000 <_ctype+0x35c>
    82616644:	9119ab39 	add	x25, x25, #0x66a
    82616648:	b9000314 	str	w20, [x24]
    8261664c:	f0000078 	adrp	x24, 82625000 <_ctype+0x35c>
    82616650:	9118b718 	add	x24, x24, #0x62d
    82616654:	12bffc1a 	mov	w26, #0x1fffff              	// #2097151
    82616658:	2a1703e0 	mov	w0, w23
    8261665c:	97ffff2f 	bl	82616318 <find_magic>
    82616660:	2a0003f3 	mov	w19, w0
    82616664:	6b1a001f 	cmp	w0, w26
    82616668:	54000069 	b.ls	82616674 <load_boot_blob+0x120>  // b.plast
    8261666c:	12800053 	mov	w19, #0xfffffffd            	// #-3
    82616670:	17ffffed 	b	82616624 <load_boot_blob+0xd0>
    82616674:	2a1403e3 	mov	w3, w20
    82616678:	2a1303e1 	mov	w1, w19
    8261667c:	2a1503e2 	mov	w2, w21
    82616680:	aa1803e0 	mov	x0, x24
    82616684:	94001c30 	bl	8261d744 <printf>
    82616688:	2a1403e2 	mov	w2, w20
    8261668c:	aa1603e1 	mov	x1, x22
    82616690:	0b1302a0 	add	w0, w21, w19
    82616694:	9400008f 	bl	826168d0 <read_boot_device>
    82616698:	910143e0 	add	x0, sp, #0x50
    8261669c:	94000fd4 	bl	8261a5ec <sha256_starts>
    826166a0:	2a1403e2 	mov	w2, w20
    826166a4:	aa1603e1 	mov	x1, x22
    826166a8:	910143e0 	add	x0, sp, #0x50
    826166ac:	94000fea 	bl	8261a654 <sha256_update>
    826166b0:	910363e1 	add	x1, sp, #0xd8
    826166b4:	910143e0 	add	x0, sp, #0x50
    826166b8:	94000fea 	bl	8261a660 <sha256_finish>
    826166bc:	910363e1 	add	x1, sp, #0xd8
    826166c0:	9102e3e0 	add	x0, sp, #0xb8
    826166c4:	d2800402 	mov	x2, #0x20                  	// #32
    826166c8:	9400172a 	bl	8261c370 <memcmp>
    826166cc:	2a0003f3 	mov	w19, w0
    826166d0:	350000a0 	cbnz	w0, 826166e4 <load_boot_blob+0x190>
    826166d4:	f0000060 	adrp	x0, 82625000 <_ctype+0x35c>
    826166d8:	91196000 	add	x0, x0, #0x658
    826166dc:	94001c1a 	bl	8261d744 <printf>
    826166e0:	17ffffd1 	b	82616624 <load_boot_blob+0xd0>
    826166e4:	aa1903e0 	mov	x0, x25
    826166e8:	94001c17 	bl	8261d744 <printf>
    826166ec:	d0000140 	adrp	x0, 82640000 <pmc>
    826166f0:	91017002 	add	x2, x0, #0x5c
    826166f4:	b9405c01 	ldr	w1, [x0, #92]
    826166f8:	b9000c5f 	str	wzr, [x2, #12]
    826166fc:	11400421 	add	w1, w1, #0x1, lsl #12
    82616700:	b9005c01 	str	w1, [x0, #92]
    82616704:	17ffffd5 	b	82616658 <load_boot_blob+0x104>
    82616708:	2a1303e0 	mov	w0, w19
    8261670c:	a94153f3 	ldp	x19, x20, [sp, #16]
    82616710:	a9425bf5 	ldp	x21, x22, [sp, #32]
    82616714:	a94363f7 	ldp	x23, x24, [sp, #48]
    82616718:	a9446bf9 	ldp	x25, x26, [sp, #64]
    8261671c:	a8d07bfd 	ldp	x29, x30, [sp], #256
    82616720:	d65f03c0 	ret

0000000082616724 <load_spl_env>:
    82616724:	a9bb7bfd 	stp	x29, x30, [sp, #-80]!
    82616728:	910003fd 	mov	x29, sp
    8261672c:	a90153f3 	stp	x19, x20, [sp, #16]
    82616730:	aa0003f3 	mov	x19, x0
    82616734:	b0000080 	adrp	x0, 82627000 <multipliers+0x16ba>
    82616738:	a9025bf5 	stp	x21, x22, [sp, #32]
    8261673c:	f0000076 	adrp	x22, 82625000 <_ctype+0x35c>
    82616740:	911a0ad6 	add	x22, x22, #0x682
    82616744:	a90363f7 	stp	x23, x24, [sp, #48]
    82616748:	528dced8 	mov	w24, #0x6e76                	// #28278
    8261674c:	f0000077 	adrp	x23, 82625000 <_ctype+0x35c>
    82616750:	f9421c01 	ldr	x1, [x0, #1080]
    82616754:	f90027e1 	str	x1, [sp, #72]
    82616758:	d2800001 	mov	x1, #0x0                   	// #0
    8261675c:	911a66f7 	add	x23, x23, #0x699
    82616760:	72aea8b8 	movk	w24, #0x7545, lsl #16
    82616764:	2a1803e0 	mov	w0, w24
    82616768:	97fffeec 	bl	82616318 <find_magic>
    8261676c:	12bffc01 	mov	w1, #0x1fffff              	// #2097151
    82616770:	2a0003f4 	mov	w20, w0
    82616774:	6b01001f 	cmp	w0, w1
    82616778:	54000129 	b.ls	8261679c <load_spl_env+0x78>  // b.plast
    8261677c:	d2800013 	mov	x19, #0x0                   	// #0
    82616780:	b0000080 	adrp	x0, 82627000 <multipliers+0x16ba>
    82616784:	f94027e1 	ldr	x1, [sp, #72]
    82616788:	f9421c02 	ldr	x2, [x0, #1080]
    8261678c:	eb020021 	subs	x1, x1, x2
    82616790:	d2800002 	mov	x2, #0x0                   	// #0
    82616794:	54000500 	b.eq	82616834 <load_spl_env+0x110>  // b.none
    82616798:	97ffef19 	bl	826123fc <__stack_chk_fail>
    8261679c:	aa1303e1 	mov	x1, x19
    826167a0:	52800102 	mov	w2, #0x8                   	// #8
    826167a4:	9400004b 	bl	826168d0 <read_boot_device>
    826167a8:	b9400675 	ldr	w21, [x19, #4]
    826167ac:	714042bf 	cmp	w21, #0x10, lsl #12
    826167b0:	540000c9 	b.ls	826167c8 <load_spl_env+0xa4>  // b.plast
    826167b4:	d0000141 	adrp	x1, 82640000 <pmc>
    826167b8:	b9405c20 	ldr	w0, [x1, #92]
    826167bc:	11400400 	add	w0, w0, #0x1, lsl #12
    826167c0:	b9005c20 	str	w0, [x1, #92]
    826167c4:	17ffffe8 	b	82616764 <load_spl_env+0x40>
    826167c8:	110032a2 	add	w2, w21, #0xc
    826167cc:	aa1303e1 	mov	x1, x19
    826167d0:	2a1403e0 	mov	w0, w20
    826167d4:	9400003f 	bl	826168d0 <read_boot_device>
    826167d8:	91002261 	add	x1, x19, #0x8
    826167dc:	d2800082 	mov	x2, #0x4                   	// #4
    826167e0:	910113e0 	add	x0, sp, #0x44
    826167e4:	940016c9 	bl	8261c308 <memcpy>
    826167e8:	510012a2 	sub	w2, w21, #0x4
    826167ec:	91003261 	add	x1, x19, #0xc
    826167f0:	52800000 	mov	w0, #0x0                   	// #0
    826167f4:	94001637 	bl	8261c0d0 <crc32>
    826167f8:	2a0003f4 	mov	w20, w0
    826167fc:	b94047e0 	ldr	w0, [sp, #68]
    82616800:	6b14001f 	cmp	w0, w20
    82616804:	54fffbe0 	b.eq	82616780 <load_spl_env+0x5c>  // b.none
    82616808:	2a1503e1 	mov	w1, w21
    8261680c:	aa1603e0 	mov	x0, x22
    82616810:	94001bcd 	bl	8261d744 <printf>
    82616814:	2a1403e1 	mov	w1, w20
    82616818:	aa1703e0 	mov	x0, x23
    8261681c:	94001bca 	bl	8261d744 <printf>
    82616820:	b94047e1 	ldr	w1, [sp, #68]
    82616824:	f0000060 	adrp	x0, 82625000 <_ctype+0x35c>
    82616828:	911a9c00 	add	x0, x0, #0x6a7
    8261682c:	94001bc6 	bl	8261d744 <printf>
    82616830:	17ffffe1 	b	826167b4 <load_spl_env+0x90>
    82616834:	aa1303e0 	mov	x0, x19
    82616838:	a94153f3 	ldp	x19, x20, [sp, #16]
    8261683c:	a9425bf5 	ldp	x21, x22, [sp, #32]
    82616840:	a94363f7 	ldp	x23, x24, [sp, #48]
    82616844:	a8c57bfd 	ldp	x29, x30, [sp], #80
    82616848:	d65f03c0 	ret

000000008261684c <get_boot_blob_hash_entry>:
    8261684c:	b0000081 	adrp	x1, 82627000 <multipliers+0x16ba>
    82616850:	913c4022 	add	x2, x1, #0xf10
    82616854:	52800601 	mov	w1, #0x30                  	// #48
    82616858:	7100881f 	cmp	w0, #0x22
    8261685c:	9b210801 	smaddl	x1, w0, w1, x2
    82616860:	9a9f3020 	csel	x0, x1, xzr, cc  // cc = lo, ul, last
    82616864:	d65f03c0 	ret

0000000082616868 <boot_flash_init>:
    82616868:	a9be7bfd 	stp	x29, x30, [sp, #-32]!
    8261686c:	d0000140 	adrp	x0, 82640000 <pmc>
    82616870:	910003fd 	mov	x29, sp
    82616874:	f9008c1f 	str	xzr, [x0, #280]
    82616878:	d2800000 	mov	x0, #0x0                   	// #0
    8261687c:	f9000bf3 	str	x19, [sp, #16]
    82616880:	94002b22 	bl	82621508 <mmc_initialize>
    82616884:	340000a0 	cbz	w0, 82616898 <boot_flash_init+0x30>
    82616888:	f0000060 	adrp	x0, 82625000 <_ctype+0x35c>
    8261688c:	9104dc00 	add	x0, x0, #0x137
    82616890:	94001bad 	bl	8261d744 <printf>
    82616894:	94000361 	bl	82617618 <bcm_sec_abort>
    82616898:	52800000 	mov	w0, #0x0                   	// #0
    8261689c:	94002c60 	bl	82621a1c <find_mmc_device>
    826168a0:	aa0003f3 	mov	x19, x0
    826168a4:	940028b5 	bl	82620b78 <mmc_init>
    826168a8:	d0000141 	adrp	x1, 82640000 <pmc>
    826168ac:	3941c660 	ldrb	w0, [x19, #113]
    826168b0:	f9400bf3 	ldr	x19, [sp, #16]
    826168b4:	d3431400 	ubfx	x0, x0, #3, #3
    826168b8:	7100001f 	cmp	w0, #0x0
    826168bc:	1a9f1400 	csinc	w0, w0, wzr, ne  // ne = any
    826168c0:	b9012020 	str	w0, [x1, #288]
    826168c4:	a8c27bfd 	ldp	x29, x30, [sp], #32
    826168c8:	52800000 	mov	w0, #0x0                   	// #0
    826168cc:	d65f03c0 	ret

00000000826168d0 <read_boot_device>:
    826168d0:	a9bd7bfd 	stp	x29, x30, [sp, #-48]!
    826168d4:	910003fd 	mov	x29, sp
    826168d8:	a90153f3 	stp	x19, x20, [sp, #16]
    826168dc:	2a0003f4 	mov	w20, w0
    826168e0:	d0000140 	adrp	x0, 82640000 <pmc>
    826168e4:	2a0203f3 	mov	w19, w2
    826168e8:	f90013f5 	str	x21, [sp, #32]
    826168ec:	b9412002 	ldr	w2, [x0, #288]
    826168f0:	aa0103f5 	mov	x21, x1
    826168f4:	528000c0 	mov	w0, #0x6                   	// #6
    826168f8:	52800001 	mov	w1, #0x0                   	// #0
    826168fc:	94003591 	bl	82623f40 <blk_select_hwpart_devnum>
    82616900:	aa1503e2 	mov	x2, x21
    82616904:	2a1303e1 	mov	w1, w19
    82616908:	2a1403e0 	mov	w0, w20
    8261690c:	94002cd1 	bl	82621c50 <mmc_spl_load_image>
    82616910:	52800002 	mov	w2, #0x0                   	// #0
    82616914:	52800001 	mov	w1, #0x0                   	// #0
    82616918:	528000c0 	mov	w0, #0x6                   	// #6
    8261691c:	94003589 	bl	82623f40 <blk_select_hwpart_devnum>
    82616920:	2a1303e0 	mov	w0, w19
    82616924:	a94153f3 	ldp	x19, x20, [sp, #16]
    82616928:	f94013f5 	ldr	x21, [sp, #32]
    8261692c:	a8c37bfd 	ldp	x29, x30, [sp], #48
    82616930:	d65f03c0 	ret

0000000082616934 <decrypt_tpl>:
    82616934:	52800000 	mov	w0, #0x0                   	// #0
    82616938:	d65f03c0 	ret

000000008261693c <arch_cpu_deinit>:
    8261693c:	d65f03c0 	ret

0000000082616940 <spl_boot_device>:
    82616940:	52800200 	mov	w0, #0x10                  	// #16
    82616944:	d65f03c0 	ret

0000000082616948 <reserve_mmu>:
    82616948:	a9bf7bfd 	stp	x29, x30, [sp, #-16]!
    8261694c:	d2a00021 	mov	x1, #0x10000               	// #65536
    82616950:	d2afffe0 	mov	x0, #0x7fff0000            	// #2147418112
    82616954:	910003fd 	mov	x29, sp
    82616958:	97ffeed9 	bl	826124bc <bcmbca_enable_memc_sram>
    8261695c:	d2afffe1 	mov	x1, #0x7fff0000            	// #2147418112
    82616960:	f900aa41 	str	x1, [x18, #336]
    82616964:	d2a00021 	mov	x1, #0x10000               	// #65536
    82616968:	f900ae41 	str	x1, [x18, #344]
    8261696c:	52800000 	mov	w0, #0x0                   	// #0
    82616970:	a8c17bfd 	ldp	x29, x30, [sp], #16
    82616974:	d65f03c0 	ret

0000000082616978 <board_init_f>:
    82616978:	a9bf7bfd 	stp	x29, x30, [sp, #-16]!
    8261697c:	910003fd 	mov	x29, sp
    82616980:	97ffeeef 	bl	8261253c <arch_cpu_init>
    82616984:	940016ac 	bl	8261c434 <timer_init>
    82616988:	940003aa 	bl	82617830 <spl_early_init>
    8261698c:	34000040 	cbz	w0, 82616994 <board_init_f+0x1c>
    82616990:	94000322 	bl	82617618 <bcm_sec_abort>
    82616994:	94000445 	bl	82617aa8 <preloader_console_init>
    82616998:	d2bff000 	mov	x0, #0xff800000            	// #4286578688
    8261699c:	b9400001 	ldr	w1, [x0]
    826169a0:	f0000060 	adrp	x0, 82625000 <_ctype+0x35c>
    826169a4:	9102c800 	add	x0, x0, #0xb2
    826169a8:	94001b67 	bl	8261d744 <printf>
    826169ac:	97fffa2f 	bl	82615268 <bcm_strap_drv_reg>
    826169b0:	97ffefdd 	bl	82612924 <bcm_otp_init>
    826169b4:	34000040 	cbz	w0, 826169bc <board_init_f+0x44>
    826169b8:	94000318 	bl	82617618 <bcm_sec_abort>
    826169bc:	9400027e 	bl	826173b4 <bcm_sec_init>
    826169c0:	f0000060 	adrp	x0, 82625000 <_ctype+0x35c>
    826169c4:	9102f400 	add	x0, x0, #0xbd
    826169c8:	94001b5f 	bl	8261d744 <printf>
    826169cc:	940000e5 	bl	82616d60 <early_abort>
    826169d0:	97ffee94 	bl	82612420 <bcm_setsw>
    826169d4:	97ffffdd 	bl	82616948 <reserve_mmu>
    826169d8:	a8c17bfd 	ldp	x29, x30, [sp], #16
    826169dc:	17ffee83 	b	826123e8 <enable_caches>

00000000826169e0 <spl_board_deinit>:
    826169e0:	a9bf7bfd 	stp	x29, x30, [sp, #-16]!
    826169e4:	910003fd 	mov	x29, sp
    826169e8:	94000231 	bl	826172ac <bcm_sec>
    826169ec:	9400025b 	bl	82617358 <bcm_sec_clean_keys>
    826169f0:	97fff012 	bl	82612a38 <bcm_otp_deinit>
    826169f4:	97fffbb2 	bl	826158bc <cleanup_before_linux>
    826169f8:	97ffffd1 	bl	8261693c <arch_cpu_deinit>
    826169fc:	a8c17bfd 	ldp	x29, x30, [sp], #16
    82616a00:	17ffeecb 	b	8261252c <bcmbca_disable_memc_sram>

0000000082616a04 <start_tpl>:
    82616a04:	a9be7bfd 	stp	x29, x30, [sp, #-32]!
    82616a08:	b0000081 	adrp	x1, 82627000 <multipliers+0x16ba>
    82616a0c:	910003fd 	mov	x29, sp
    82616a10:	f9421c22 	ldr	x2, [x1, #1080]
    82616a14:	f9000fe2 	str	x2, [sp, #24]
    82616a18:	d2800002 	mov	x2, #0x0                   	// #0
    82616a1c:	52a00201 	mov	w1, #0x100000              	// #1048576
    82616a20:	b90017e1 	str	w1, [sp, #20]
    82616a24:	aa0003e1 	mov	x1, x0
    82616a28:	d29fc000 	mov	x0, #0xfe00                	// #65024
    82616a2c:	d2800302 	mov	x2, #0x18                  	// #24
    82616a30:	f2a09fc0 	movk	x0, #0x4fe, lsl #16
    82616a34:	94001635 	bl	8261c308 <memcpy>
    82616a38:	528d8421 	mov	w1, #0x6c21                	// #27681
    82616a3c:	52a0a002 	mov	w2, #0x5000000             	// #83886080
    82616a40:	72ae8a01 	movk	w1, #0x7450, lsl #16
    82616a44:	90000080 	adrp	x0, 82626000 <multipliers+0x6ba>
    82616a48:	911cac00 	add	x0, x0, #0x72b
    82616a4c:	94001b3e 	bl	8261d744 <printf>
    82616a50:	528d8420 	mov	w0, #0x6c21                	// #27681
    82616a54:	910053e3 	add	x3, sp, #0x14
    82616a58:	d2a0a002 	mov	x2, #0x5000000             	// #83886080
    82616a5c:	52800001 	mov	w1, #0x0                   	// #0
    82616a60:	72ae8a00 	movk	w0, #0x7450, lsl #16
    82616a64:	97fffebc 	bl	82616554 <load_boot_blob>
    82616a68:	350001a0 	cbnz	w0, 82616a9c <start_tpl+0x98>
    82616a6c:	b94017e1 	ldr	w1, [sp, #20]
    82616a70:	90000080 	adrp	x0, 82626000 <multipliers+0x6ba>
    82616a74:	911d4800 	add	x0, x0, #0x752
    82616a78:	94001b33 	bl	8261d744 <printf>
    82616a7c:	b94017e1 	ldr	w1, [sp, #20]
    82616a80:	d2a0a000 	mov	x0, #0x5000000             	// #83886080
    82616a84:	97ffffac 	bl	82616934 <decrypt_tpl>
    82616a88:	97ffffd6 	bl	826169e0 <spl_board_deinit>
    82616a8c:	d29fc000 	mov	x0, #0xfe00                	// #65024
    82616a90:	d2a0a001 	mov	x1, #0x5000000             	// #83886080
    82616a94:	f2a09fc0 	movk	x0, #0x4fe, lsl #16
    82616a98:	d63f0020 	blr	x1
    82616a9c:	90000080 	adrp	x0, 82626000 <multipliers+0x6ba>
    82616aa0:	911ddc00 	add	x0, x0, #0x777
    82616aa4:	94001b28 	bl	8261d744 <printf>
    82616aa8:	940002dc 	bl	82617618 <bcm_sec_abort>
    82616aac:	b0000080 	adrp	x0, 82627000 <multipliers+0x16ba>
    82616ab0:	f9400fe1 	ldr	x1, [sp, #24]
    82616ab4:	f9421c02 	ldr	x2, [x0, #1080]
    82616ab8:	eb020021 	subs	x1, x1, x2
    82616abc:	d2800002 	mov	x2, #0x0                   	// #0
    82616ac0:	54000040 	b.eq	82616ac8 <start_tpl+0xc4>  // b.none
    82616ac4:	97ffee4e 	bl	826123fc <__stack_chk_fail>
    82616ac8:	a8c27bfd 	ldp	x29, x30, [sp], #32
    82616acc:	d65f03c0 	ret

0000000082616ad0 <spl_board_ddrinit>:
    82616ad0:	b9400002 	ldr	w2, [x0]
    82616ad4:	36300082 	tbz	w2, #6, 82616ae4 <spl_board_ddrinit+0x14>
    82616ad8:	b9400401 	ldr	w1, [x0, #4]
    82616adc:	52800060 	mov	w0, #0x3                   	// #3
    82616ae0:	17fffab6 	b	826155b8 <spl_ddrinit>
    82616ae4:	12000041 	and	w1, w2, #0x1
    82616ae8:	36000082 	tbz	w2, #0, 82616af8 <spl_board_ddrinit+0x28>
    82616aec:	52800001 	mov	w1, #0x0                   	// #0
    82616af0:	528000a0 	mov	w0, #0x5                   	// #5
    82616af4:	17fffffb 	b	82616ae0 <spl_board_ddrinit+0x10>
    82616af8:	52800000 	mov	w0, #0x0                   	// #0
    82616afc:	17fffff9 	b	82616ae0 <spl_board_ddrinit+0x10>

0000000082616b00 <spl_board_init>:
    82616b00:	a9bd7bfd 	stp	x29, x30, [sp, #-48]!
    82616b04:	910003fd 	mov	x29, sp
    82616b08:	a90153f3 	stp	x19, x20, [sp, #16]
    82616b0c:	f90013f5 	str	x21, [sp, #32]
    82616b10:	97ffff56 	bl	82616868 <boot_flash_init>
    82616b14:	94000182 	bl	8261711c <early_abort_info>
    82616b18:	aa0003f4 	mov	x20, x0
    82616b1c:	97ffffed 	bl	82616ad0 <spl_board_ddrinit>
    82616b20:	d0000155 	adrp	x21, 82640000 <pmc>
    82616b24:	97fffa79 	bl	82615508 <get_ddr_size>
    82616b28:	53147c01 	lsr	w1, w0, #20
    82616b2c:	90000080 	adrp	x0, 82626000 <multipliers+0x6ba>
    82616b30:	910f5000 	add	x0, x0, #0x3d4
    82616b34:	94001b04 	bl	8261d744 <printf>
    82616b38:	9104a2b3 	add	x19, x21, #0x128
    82616b3c:	b9400280 	ldr	w0, [x20]
    82616b40:	36400540 	tbz	w0, #8, 82616be8 <spl_board_init+0xe8>
    82616b44:	52802000 	mov	w0, #0x100                 	// #256
    82616b48:	b9000a60 	str	w0, [x19, #8]
    82616b4c:	b9400280 	ldr	w0, [x20]
    82616b50:	36480080 	tbz	w0, #9, 82616b60 <spl_board_init+0x60>
    82616b54:	b9400a60 	ldr	w0, [x19, #8]
    82616b58:	32170000 	orr	w0, w0, #0x200
    82616b5c:	b9000a60 	str	w0, [x19, #8]
    82616b60:	b9400280 	ldr	w0, [x20]
    82616b64:	72001400 	ands	w0, w0, #0x3f
    82616b68:	54000080 	b.eq	82616b78 <spl_board_init+0x78>  // b.none
    82616b6c:	b9400a61 	ldr	w1, [x19, #8]
    82616b70:	2a000020 	orr	w0, w1, w0
    82616b74:	b9000a60 	str	w0, [x19, #8]
    82616b78:	f90096bf 	str	xzr, [x21, #296]
    82616b7c:	97fffa63 	bl	82615508 <get_ddr_size>
    82616b80:	b9000e60 	str	w0, [x19, #12]
    82616b84:	97fff97a 	bl	8261516c <bcm_get_boot_device>
    82616b88:	39004260 	strb	w0, [x19, #16]
    82616b8c:	d2a09fe0 	mov	x0, #0x4ff0000             	// #83820544
    82616b90:	97fffee5 	bl	82616724 <load_spl_env>
    82616b94:	f90096a0 	str	x0, [x21, #296]
    82616b98:	b9400280 	ldr	w0, [x20]
    82616b9c:	375801c0 	tbnz	w0, #11, 82616bd4 <spl_board_init+0xd4>
    82616ba0:	91064242 	add	x2, x18, #0x190
    82616ba4:	52800001 	mov	w1, #0x0                   	// #0
    82616ba8:	52800be0 	mov	w0, #0x5f                  	// #95
    82616bac:	94002234 	bl	8261f47c <uclass_get_device_by_seq>
    82616bb0:	34000220 	cbz	w0, 82616bf4 <spl_board_init+0xf4>
    82616bb4:	91064242 	add	x2, x18, #0x190
    82616bb8:	52800001 	mov	w1, #0x0                   	// #0
    82616bbc:	52800be0 	mov	w0, #0x5f                  	// #95
    82616bc0:	94002216 	bl	8261f418 <uclass_get_device>
    82616bc4:	34000180 	cbz	w0, 82616bf4 <spl_board_init+0xf4>
    82616bc8:	90000080 	adrp	x0, 82626000 <multipliers+0x6ba>
    82616bcc:	910ff000 	add	x0, x0, #0x3fc
    82616bd0:	94001add 	bl	8261d744 <printf>
    82616bd4:	aa1303e0 	mov	x0, x19
    82616bd8:	a94153f3 	ldp	x19, x20, [sp, #16]
    82616bdc:	f94013f5 	ldr	x21, [sp, #32]
    82616be0:	a8c37bfd 	ldp	x29, x30, [sp], #48
    82616be4:	17ffff88 	b	82616a04 <start_tpl>
    82616be8:	363ffb20 	tbz	w0, #7, 82616b4c <spl_board_init+0x4c>
    82616bec:	52801000 	mov	w0, #0x80                  	// #128
    82616bf0:	17ffffd6 	b	82616b48 <spl_board_init+0x48>
    82616bf4:	f940ca40 	ldr	x0, [x18, #400]
    82616bf8:	52800782 	mov	w2, #0x3c                  	// #60
    82616bfc:	90000081 	adrp	x1, 82626000 <multipliers+0x6ba>
    82616c00:	91103c21 	add	x1, x1, #0x40f
    82616c04:	f9401400 	ldr	x0, [x0, #40]
    82616c08:	94002358 	bl	8261f968 <ofnode_read_u32_default>
    82616c0c:	2a0003f4 	mov	w20, w0
    82616c10:	52807d01 	mov	w1, #0x3e8                 	// #1000
    82616c14:	d2800002 	mov	x2, #0x0                   	// #0
    82616c18:	1b017c01 	mul	w1, w0, w1
    82616c1c:	f940ca40 	ldr	x0, [x18, #400]
    82616c20:	940033f8 	bl	82623c00 <wdt_start>
    82616c24:	f9400640 	ldr	x0, [x18, #8]
    82616c28:	2a1403e2 	mov	w2, w20
    82616c2c:	f0000061 	adrp	x1, 82625000 <_ctype+0x35c>
    82616c30:	910b8421 	add	x1, x1, #0x2e1
    82616c34:	b2700000 	orr	x0, x0, #0x10000
    82616c38:	f9000640 	str	x0, [x18, #8]
    82616c3c:	90000080 	adrp	x0, 82626000 <multipliers+0x6ba>
    82616c40:	91106c00 	add	x0, x0, #0x41b
    82616c44:	94001ac0 	bl	8261d744 <printf>
    82616c48:	17ffffe3 	b	82616bd4 <spl_board_init+0xd4>

0000000082616c4c <find_spl_env_val>:
    82616c4c:	b5000060 	cbnz	x0, 82616c58 <find_spl_env_val+0xc>
    82616c50:	d2800000 	mov	x0, #0x0                   	// #0
    82616c54:	d65f03c0 	ret
    82616c58:	a9bd7bfd 	stp	x29, x30, [sp, #-48]!
    82616c5c:	910003fd 	mov	x29, sp
    82616c60:	a90153f3 	stp	x19, x20, [sp, #16]
    82616c64:	aa0003f4 	mov	x20, x0
    82616c68:	91003293 	add	x19, x20, #0xc
    82616c6c:	a9025bf5 	stp	x21, x22, [sp, #32]
    82616c70:	aa0103e0 	mov	x0, x1
    82616c74:	aa0103f6 	mov	x22, x1
    82616c78:	b9400695 	ldr	w21, [x20, #4]
    82616c7c:	94001554 	bl	8261c1cc <strlen>
    82616c80:	52800001 	mov	w1, #0x0                   	// #0
    82616c84:	510012b5 	sub	w21, w21, #0x4
    82616c88:	8b150294 	add	x20, x20, x21
    82616c8c:	93407c15 	sxtw	x21, w0
    82616c90:	91003294 	add	x20, x20, #0xc
    82616c94:	eb14027f 	cmp	x19, x20
    82616c98:	540000a2 	b.cs	82616cac <find_spl_env_val+0x60>  // b.hs, b.nlast
    82616c9c:	39400260 	ldrb	w0, [x19]
    82616ca0:	35000100 	cbnz	w0, 82616cc0 <find_spl_env_val+0x74>
    82616ca4:	39400660 	ldrb	w0, [x19, #1]
    82616ca8:	350000c0 	cbnz	w0, 82616cc0 <find_spl_env_val+0x74>
    82616cac:	d2800000 	mov	x0, #0x0                   	// #0
    82616cb0:	a94153f3 	ldp	x19, x20, [sp, #16]
    82616cb4:	a9425bf5 	ldp	x21, x22, [sp, #32]
    82616cb8:	a8c37bfd 	ldp	x29, x30, [sp], #48
    82616cbc:	d65f03c0 	ret
    82616cc0:	35000181 	cbnz	w1, 82616cf0 <find_spl_env_val+0xa4>
    82616cc4:	aa1503e2 	mov	x2, x21
    82616cc8:	aa1303e1 	mov	x1, x19
    82616ccc:	aa1603e0 	mov	x0, x22
    82616cd0:	94001527 	bl	8261c16c <strncmp>
    82616cd4:	350000e0 	cbnz	w0, 82616cf0 <find_spl_env_val+0xa4>
    82616cd8:	38756a60 	ldrb	w0, [x19, x21]
    82616cdc:	7100f41f 	cmp	w0, #0x3d
    82616ce0:	54000081 	b.ne	82616cf0 <find_spl_env_val+0xa4>  // b.any
    82616ce4:	910006a0 	add	x0, x21, #0x1
    82616ce8:	8b000260 	add	x0, x19, x0
    82616cec:	17fffff1 	b	82616cb0 <find_spl_env_val+0x64>
    82616cf0:	38401661 	ldrb	w1, [x19], #1
    82616cf4:	17ffffe8 	b	82616c94 <find_spl_env_val+0x48>

0000000082616cf8 <get_spl_env_val>:
    82616cf8:	a9be7bfd 	stp	x29, x30, [sp, #-32]!
    82616cfc:	910003fd 	mov	x29, sp
    82616d00:	a90153f3 	stp	x19, x20, [sp, #16]
    82616d04:	aa0203f3 	mov	x19, x2
    82616d08:	2a0303f4 	mov	w20, w3
    82616d0c:	97ffffd0 	bl	82616c4c <find_spl_env_val>
    82616d10:	b4000120 	cbz	x0, 82616d34 <get_spl_env_val+0x3c>
    82616d14:	aa0003e1 	mov	x1, x0
    82616d18:	93407e82 	sxtw	x2, w20
    82616d1c:	aa1303e0 	mov	x0, x19
    82616d20:	94001501 	bl	8261c124 <strncpy>
    82616d24:	52800000 	mov	w0, #0x0                   	// #0
    82616d28:	a94153f3 	ldp	x19, x20, [sp, #16]
    82616d2c:	a8c27bfd 	ldp	x29, x30, [sp], #32
    82616d30:	d65f03c0 	ret
    82616d34:	52800020 	mov	w0, #0x1                   	// #1
    82616d38:	17fffffc 	b	82616d28 <get_spl_env_val+0x30>

0000000082616d3c <_get_char>:
    82616d3c:	a9bf7bfd 	stp	x29, x30, [sp, #-16]!
    82616d40:	910003fd 	mov	x29, sp
    82616d44:	940005ce 	bl	8261847c <tstc>
    82616d48:	72001c00 	ands	w0, w0, #0xff
    82616d4c:	54000060 	b.eq	82616d58 <_get_char+0x1c>  // b.none
    82616d50:	9400059d 	bl	826183c4 <getc>
    82616d54:	12001c00 	and	w0, w0, #0xff
    82616d58:	a8c17bfd 	ldp	x29, x30, [sp], #16
    82616d5c:	d65f03c0 	ret

0000000082616d60 <early_abort>:
    82616d60:	a9b17bfd 	stp	x29, x30, [sp, #-240]!
    82616d64:	b0000080 	adrp	x0, 82627000 <multipliers+0x16ba>
    82616d68:	910003fd 	mov	x29, sp
    82616d6c:	a90153f3 	stp	x19, x20, [sp, #16]
    82616d70:	52801913 	mov	w19, #0xc8                  	// #200
    82616d74:	a9025bf5 	stp	x21, x22, [sp, #32]
    82616d78:	a90363f7 	stp	x23, x24, [sp, #48]
    82616d7c:	a9046bf9 	stp	x25, x26, [sp, #64]
    82616d80:	a90573fb 	stp	x27, x28, [sp, #80]
    82616d84:	f9421c01 	ldr	x1, [x0, #1080]
    82616d88:	f90077e1 	str	x1, [sp, #232]
    82616d8c:	d2800001 	mov	x1, #0x0                   	// #0
    82616d90:	97ffffeb 	bl	82616d3c <_get_char>
    82616d94:	12001c00 	and	w0, w0, #0xff
    82616d98:	7101841f 	cmp	w0, #0x61
    82616d9c:	540011c0 	b.eq	82616fd4 <early_abort+0x274>  // b.none
    82616da0:	d2807d00 	mov	x0, #0x3e8                 	// #1000
    82616da4:	940015d1 	bl	8261c4e8 <udelay>
    82616da8:	71000673 	subs	w19, w19, #0x1
    82616dac:	54ffff21 	b.ne	82616d90 <early_abort+0x30>  // b.any
    82616db0:	b0000080 	adrp	x0, 82627000 <multipliers+0x16ba>
    82616db4:	f94077e1 	ldr	x1, [sp, #232]
    82616db8:	f9421c02 	ldr	x2, [x0, #1080]
    82616dbc:	eb020021 	subs	x1, x1, x2
    82616dc0:	d2800002 	mov	x2, #0x0                   	// #0
    82616dc4:	540019e0 	b.eq	82617100 <early_abort+0x3a0>  // b.none
    82616dc8:	97ffed8d 	bl	826123fc <__stack_chk_fail>
    82616dcc:	7100341f 	cmp	w0, #0xd
    82616dd0:	54001600 	b.eq	82617090 <early_abort+0x330>  // b.none
    82616dd4:	2a1303e0 	mov	w0, w19
    82616dd8:	94000591 	bl	8261841c <putc>
    82616ddc:	38001793 	strb	w19, [x28], #1
    82616de0:	140000a9 	b	82617084 <early_abort+0x324>
    82616de4:	91000673 	add	x19, x19, #0x1
    82616de8:	140000ac 	b	82617098 <early_abort+0x338>
    82616dec:	91000673 	add	x19, x19, #0x1
    82616df0:	140000b4 	b	826170c0 <early_abort+0x360>
    82616df4:	d2800001 	mov	x1, #0x0                   	// #0
    82616df8:	aa1303e0 	mov	x0, x19
    82616dfc:	52800202 	mov	w2, #0x10                  	// #16
    82616e00:	94001aaa 	bl	8261d8a8 <simple_strtoul>
    82616e04:	aa0003e1 	mov	x1, x0
    82616e08:	b100581f 	cmn	x0, #0x16
    82616e0c:	54000240 	b.eq	82616e54 <early_abort+0xf4>  // b.none
    82616e10:	f0000060 	adrp	x0, 82625000 <_ctype+0x35c>
    82616e14:	5280081b 	mov	w27, #0x40                  	// #64
    82616e18:	910a7c00 	add	x0, x0, #0x29f
    82616e1c:	b9000681 	str	w1, [x20, #4]
    82616e20:	94001a49 	bl	8261d744 <printf>
    82616e24:	b9400280 	ldr	w0, [x20]
    82616e28:	2a1b0000 	orr	w0, w0, w27
    82616e2c:	b9000280 	str	w0, [x20]
    82616e30:	f10006f7 	subs	x23, x23, #0x1
    82616e34:	540010a1 	b.ne	82617048 <early_abort+0x2e8>  // b.any
    82616e38:	2a1a037a 	orr	w26, w27, w26
    82616e3c:	2a150355 	orr	w21, w26, w21
    82616e40:	34fffb95 	cbz	w21, 82616db0 <early_abort+0x50>
    82616e44:	b94a0ada 	ldr	w26, [x22, #2568]
    82616e48:	2a150355 	orr	w21, w26, w21
    82616e4c:	b90a0ad5 	str	w21, [x22, #2568]
    82616e50:	17ffffd8 	b	82616db0 <early_abort+0x50>
    82616e54:	f0000060 	adrp	x0, 82625000 <_ctype+0x35c>
    82616e58:	910ad800 	add	x0, x0, #0x2b6
    82616e5c:	140000a6 	b	826170f4 <early_abort+0x394>
    82616e60:	f0000061 	adrp	x1, 82625000 <_ctype+0x35c>
    82616e64:	aa1303e0 	mov	x0, x19
    82616e68:	910b2c21 	add	x1, x1, #0x2cb
    82616e6c:	d2800042 	mov	x2, #0x2                   	// #2
    82616e70:	940014bf 	bl	8261c16c <strncmp>
    82616e74:	34fffe20 	cbz	w0, 82616e38 <early_abort+0xd8>
    82616e78:	39400260 	ldrb	w0, [x19]
    82616e7c:	7101c81f 	cmp	w0, #0x72
    82616e80:	54000401 	b.ne	82616f00 <early_abort+0x1a0>  // b.any
    82616e84:	39400660 	ldrb	w0, [x19, #1]
    82616e88:	91000661 	add	x1, x19, #0x1
    82616e8c:	7100c41f 	cmp	w0, #0x31
    82616e90:	aa0103e0 	mov	x0, x1
    82616e94:	54000180 	b.eq	82616ec4 <early_abort+0x164>  // b.none
    82616e98:	39400002 	ldrb	w2, [x0]
    82616e9c:	7100805f 	cmp	w2, #0x20
    82616ea0:	540000e0 	b.eq	82616ebc <early_abort+0x15c>  // b.none
    82616ea4:	eb00003f 	cmp	x1, x0
    82616ea8:	540000e1 	b.ne	82616ec4 <early_abort+0x164>  // b.any
    82616eac:	f0000061 	adrp	x1, 82625000 <_ctype+0x35c>
    82616eb0:	52802015 	mov	w21, #0x100                 	// #256
    82616eb4:	9109d021 	add	x1, x1, #0x274
    82616eb8:	1400000e 	b	82616ef0 <early_abort+0x190>
    82616ebc:	91000400 	add	x0, x0, #0x1
    82616ec0:	17fffff6 	b	82616e98 <early_abort+0x138>
    82616ec4:	39400001 	ldrb	w1, [x0]
    82616ec8:	7100c43f 	cmp	w1, #0x31
    82616ecc:	54ffff01 	b.ne	82616eac <early_abort+0x14c>  // b.any
    82616ed0:	39400401 	ldrb	w1, [x0, #1]
    82616ed4:	34000061 	cbz	w1, 82616ee0 <early_abort+0x180>
    82616ed8:	3861cb21 	ldrb	w1, [x25, w1, sxtw]
    82616edc:	362ffe81 	tbz	w1, #5, 82616eac <early_abort+0x14c>
    82616ee0:	b4fffe60 	cbz	x0, 82616eac <early_abort+0x14c>
    82616ee4:	f0000061 	adrp	x1, 82625000 <_ctype+0x35c>
    82616ee8:	9109f421 	add	x1, x1, #0x27d
    82616eec:	52801015 	mov	w21, #0x80                  	// #128
    82616ef0:	f0000060 	adrp	x0, 82625000 <_ctype+0x35c>
    82616ef4:	910b3800 	add	x0, x0, #0x2ce
    82616ef8:	94001a13 	bl	8261d744 <printf>
    82616efc:	17ffffcd 	b	82616e30 <early_abort+0xd0>
    82616f00:	7101a01f 	cmp	w0, #0x68
    82616f04:	540000c1 	b.ne	82616f1c <early_abort+0x1bc>  // b.any
    82616f08:	f0000060 	adrp	x0, 82625000 <_ctype+0x35c>
    82616f0c:	92800017 	mov	x23, #0xffffffffffffffff    	// #-1
    82616f10:	910b8800 	add	x0, x0, #0x2e2
    82616f14:	94001a0c 	bl	8261d744 <printf>
    82616f18:	17ffffc6 	b	82616e30 <early_abort+0xd0>
    82616f1c:	7101dc1f 	cmp	w0, #0x77
    82616f20:	54000101 	b.ne	82616f40 <early_abort+0x1e0>  // b.any
    82616f24:	b9400280 	ldr	w0, [x20]
    82616f28:	32150000 	orr	w0, w0, #0x800
    82616f2c:	b9000280 	str	w0, [x20]
    82616f30:	f0000060 	adrp	x0, 82625000 <_ctype+0x35c>
    82616f34:	910bb400 	add	x0, x0, #0x2ed
    82616f38:	94001a03 	bl	8261d744 <printf>
    82616f3c:	17ffffbd 	b	82616e30 <early_abort+0xd0>
    82616f40:	b0000081 	adrp	x1, 82627000 <multipliers+0x16ba>
    82616f44:	aa1303e0 	mov	x0, x19
    82616f48:	9109e421 	add	x1, x1, #0x279
    82616f4c:	d2800062 	mov	x2, #0x3                   	// #3
    82616f50:	94001487 	bl	8261c16c <strncmp>
    82616f54:	34fffe80 	cbz	w0, 82616f24 <early_abort+0x1c4>
    82616f58:	f0000061 	adrp	x1, 82625000 <_ctype+0x35c>
    82616f5c:	aa1303e0 	mov	x0, x19
    82616f60:	910c1421 	add	x1, x1, #0x305
    82616f64:	d2800062 	mov	x2, #0x3                   	// #3
    82616f68:	94001481 	bl	8261c16c <strncmp>
    82616f6c:	350000c0 	cbnz	w0, 82616f84 <early_abort+0x224>
    82616f70:	f0000060 	adrp	x0, 82625000 <_ctype+0x35c>
    82616f74:	5280401a 	mov	w26, #0x200                 	// #512
    82616f78:	910c2400 	add	x0, x0, #0x309
    82616f7c:	940019f2 	bl	8261d744 <printf>
    82616f80:	17ffffac 	b	82616e30 <early_abort+0xd0>
    82616f84:	f0000061 	adrp	x1, 82625000 <_ctype+0x35c>
    82616f88:	aa1303e0 	mov	x0, x19
    82616f8c:	910ca821 	add	x1, x1, #0x32a
    82616f90:	d2800062 	mov	x2, #0x3                   	// #3
    82616f94:	94001476 	bl	8261c16c <strncmp>
    82616f98:	35000060 	cbnz	w0, 82616fa4 <early_abort+0x244>
    82616f9c:	97fff95e 	bl	82615514 <spl_list_mcb_sel>
    82616fa0:	17ffffa4 	b	82616e30 <early_abort+0xd0>
    82616fa4:	cb18039c 	sub	x28, x28, x24
    82616fa8:	2a1c03f3 	mov	w19, w28
    82616fac:	34fff43c 	cbz	w28, 82616e30 <early_abort+0xd0>
    82616fb0:	528001a0 	mov	w0, #0xd                   	// #13
    82616fb4:	9400051a 	bl	8261841c <putc>
    82616fb8:	52800400 	mov	w0, #0x20                  	// #32
    82616fbc:	94000518 	bl	8261841c <putc>
    82616fc0:	71000673 	subs	w19, w19, #0x1
    82616fc4:	54ffffa1 	b.ne	82616fb8 <early_abort+0x258>  // b.any
    82616fc8:	528001a0 	mov	w0, #0xd                   	// #13
    82616fcc:	94000514 	bl	8261841c <putc>
    82616fd0:	17ffff98 	b	82616e30 <early_abort+0xd0>
    82616fd4:	d2800102 	mov	x2, #0x8                   	// #8
    82616fd8:	b0000096 	adrp	x22, 82627000 <multipliers+0x16ba>
    82616fdc:	912822d4 	add	x20, x22, #0xa08
    82616fe0:	52800001 	mov	w1, #0x0                   	// #0
    82616fe4:	aa1403e0 	mov	x0, x20
    82616fe8:	f0000073 	adrp	x19, 82625000 <_ctype+0x35c>
    82616fec:	940014ac 	bl	8261c29c <memset>
    82616ff0:	9102be73 	add	x19, x19, #0xaf
    82616ff4:	aa1303e0 	mov	x0, x19
    82616ff8:	f0000061 	adrp	x1, 82625000 <_ctype+0x35c>
    82616ffc:	910cb821 	add	x1, x1, #0x32e
    82617000:	940019d1 	bl	8261d744 <printf>
    82617004:	d0000061 	adrp	x1, 82625000 <_ctype+0x35c>
    82617008:	91105c21 	add	x1, x1, #0x417
    8261700c:	aa1303e0 	mov	x0, x19
    82617010:	940019cd 	bl	8261d744 <printf>
    82617014:	d29c6c00 	mov	x0, #0xe360                	// #58208
    82617018:	f2a002c0 	movk	x0, #0x16, lsl #16
    8261701c:	94001533 	bl	8261c4e8 <udelay>
    82617020:	97ffff47 	bl	82616d3c <_get_char>
    82617024:	72001c1f 	tst	w0, #0xff
    82617028:	54ffffc1 	b.ne	82617020 <early_abort+0x2c0>  // b.any
    8261702c:	b0000079 	adrp	x25, 82624000 <blk_find_max_devnum+0x3c>
    82617030:	9101a3f8 	add	x24, sp, #0x68
    82617034:	91329339 	add	x25, x25, #0xca4
    82617038:	52800015 	mov	w21, #0x0                   	// #0
    8261703c:	5280001a 	mov	w26, #0x0                   	// #0
    82617040:	5280001b 	mov	w27, #0x0                   	// #0
    82617044:	d29d4c17 	mov	x23, #0xea60                	// #60000
    82617048:	d2807d00 	mov	x0, #0x3e8                 	// #1000
    8261704c:	94001527 	bl	8261c4e8 <udelay>
    82617050:	94002f9b 	bl	82622ebc <serial_tstc>
    82617054:	34ffeee0 	cbz	w0, 82616e30 <early_abort+0xd0>
    82617058:	aa1803fc 	mov	x28, x24
    8261705c:	97ffff38 	bl	82616d3c <_get_char>
    82617060:	2a0003f3 	mov	w19, w0
    82617064:	72001c00 	ands	w0, w0, #0xff
    82617068:	540000e0 	b.eq	82617084 <early_abort+0x324>  // b.none
    8261706c:	3860cb21 	ldrb	w1, [x25, w0, sxtw]
    82617070:	f240083f 	tst	x1, #0x7
    82617074:	54ffeac1 	b.ne	82616dcc <early_abort+0x6c>  // b.any
    82617078:	7100341f 	cmp	w0, #0xd
    8261707c:	540000a0 	b.eq	82617090 <early_abort+0x330>  // b.none
    82617080:	372feaa1 	tbnz	w1, #5, 82616dd4 <early_abort+0x74>
    82617084:	cb180380 	sub	x0, x28, x24
    82617088:	f101f81f 	cmp	x0, #0x7e
    8261708c:	54fffe8d 	b.le	8261705c <early_abort+0x2fc>
    82617090:	aa1803f3 	mov	x19, x24
    82617094:	3900039f 	strb	wzr, [x28]
    82617098:	39400260 	ldrb	w0, [x19]
    8261709c:	7100801f 	cmp	w0, #0x20
    826170a0:	54ffea20 	b.eq	82616de4 <early_abort+0x84>  // b.none
    826170a4:	d0000061 	adrp	x1, 82625000 <_ctype+0x35c>
    826170a8:	aa1303e0 	mov	x0, x19
    826170ac:	910a1821 	add	x1, x1, #0x286
    826170b0:	d2800082 	mov	x2, #0x4                   	// #4
    826170b4:	9400142e 	bl	8261c16c <strncmp>
    826170b8:	35ffed40 	cbnz	w0, 82616e60 <early_abort+0x100>
    826170bc:	91000e73 	add	x19, x19, #0x3
    826170c0:	39400260 	ldrb	w0, [x19]
    826170c4:	7100801f 	cmp	w0, #0x20
    826170c8:	54ffe920 	b.eq	82616dec <early_abort+0x8c>  // b.none
    826170cc:	b9400280 	ldr	w0, [x20]
    826170d0:	b0000061 	adrp	x1, 82624000 <blk_find_max_devnum+0x3c>
    826170d4:	913ac821 	add	x1, x1, #0xeb2
    826170d8:	12196000 	and	w0, w0, #0xffffff80
    826170dc:	b9000280 	str	w0, [x20]
    826170e0:	aa1303e0 	mov	x0, x19
    826170e4:	94001418 	bl	8261c144 <strcmp>
    826170e8:	35ffe860 	cbnz	w0, 82616df4 <early_abort+0x94>
    826170ec:	d0000060 	adrp	x0, 82625000 <_ctype+0x35c>
    826170f0:	910a2c00 	add	x0, x0, #0x28b
    826170f4:	5280003b 	mov	w27, #0x1                   	// #1
    826170f8:	94001993 	bl	8261d744 <printf>
    826170fc:	17ffff4a 	b	82616e24 <early_abort+0xc4>
    82617100:	a94153f3 	ldp	x19, x20, [sp, #16]
    82617104:	a9425bf5 	ldp	x21, x22, [sp, #32]
    82617108:	a94363f7 	ldp	x23, x24, [sp, #48]
    8261710c:	a9446bf9 	ldp	x25, x26, [sp, #64]
    82617110:	a94573fb 	ldp	x27, x28, [sp, #80]
    82617114:	a8cf7bfd 	ldp	x29, x30, [sp], #240
    82617118:	d65f03c0 	ret

000000008261711c <early_abort_info>:
    8261711c:	90000080 	adrp	x0, 82627000 <multipliers+0x16ba>
    82617120:	91282000 	add	x0, x0, #0xa08
    82617124:	d65f03c0 	ret

0000000082617128 <bcm_sec_boot_state>:
    82617128:	a9b87bfd 	stp	x29, x30, [sp, #-128]!
    8261712c:	910003fd 	mov	x29, sp
    82617130:	a90153f3 	stp	x19, x20, [sp, #16]
    82617134:	aa0003f4 	mov	x20, x0
    82617138:	90000080 	adrp	x0, 82627000 <multipliers+0x16ba>
    8261713c:	a9025bf5 	stp	x21, x22, [sp, #32]
    82617140:	52800316 	mov	w22, #0x18                  	// #24
    82617144:	52800035 	mov	w21, #0x1                   	// #1
    82617148:	f9421c01 	ldr	x1, [x0, #1080]
    8261714c:	f9003fe1 	str	x1, [sp, #120]
    82617150:	d2800001 	mov	x1, #0x0                   	// #0
    82617154:	52830000 	mov	w0, #0x1800                	// #6144
    82617158:	b900029f 	str	wzr, [x20]
    8261715c:	9100e3e2 	add	x2, sp, #0x38
    82617160:	290803f6 	stp	w22, w0, [sp, #64]
    82617164:	910103e0 	add	x0, sp, #0x40
    82617168:	f90037e0 	str	x0, [sp, #104]
    8261716c:	52800100 	mov	w0, #0x8                   	// #8
    82617170:	910143e1 	add	x1, sp, #0x50
    82617174:	29077fff 	stp	wzr, wzr, [sp, #56]
    82617178:	a904ffff 	stp	xzr, xzr, [sp, #72]
    8261717c:	f9002fff 	str	xzr, [sp, #88]
    82617180:	b90063f5 	str	w21, [sp, #96]
    82617184:	b90073e0 	str	w0, [sp, #112]
    82617188:	52800160 	mov	w0, #0xb                   	// #11
    8261718c:	97ffee5b 	bl	82612af8 <bcm_otp_read>
    82617190:	34000120 	cbz	w0, 826171b4 <bcm_sec_boot_state+0x8c>
    82617194:	12800013 	mov	w19, #0xffffffff            	// #-1
    82617198:	90000080 	adrp	x0, 82627000 <multipliers+0x16ba>
    8261719c:	f9403fe1 	ldr	x1, [sp, #120]
    826171a0:	f9421c02 	ldr	x2, [x0, #1080]
    826171a4:	eb020021 	subs	x1, x1, x2
    826171a8:	d2800002 	mov	x2, #0x0                   	// #0
    826171ac:	54000760 	b.eq	82617298 <bcm_sec_boot_state+0x170>  // b.none
    826171b0:	97ffec93 	bl	826123fc <__stack_chk_fail>
    826171b4:	9100e3e2 	add	x2, sp, #0x38
    826171b8:	910123e1 	add	x1, sp, #0x48
    826171bc:	52800140 	mov	w0, #0xa                   	// #10
    826171c0:	97ffee4e 	bl	82612af8 <bcm_otp_read>
    826171c4:	35fffe80 	cbnz	w0, 82617194 <bcm_sec_boot_state+0x6c>
    826171c8:	9100e3e2 	add	x2, sp, #0x38
    826171cc:	910163e1 	add	x1, sp, #0x58
    826171d0:	528001a0 	mov	w0, #0xd                   	// #13
    826171d4:	97ffee49 	bl	82612af8 <bcm_otp_read>
    826171d8:	2a0003f3 	mov	w19, w0
    826171dc:	35fffdc0 	cbnz	w0, 82617194 <bcm_sec_boot_state+0x6c>
    826171e0:	f94027e0 	ldr	x0, [sp, #72]
    826171e4:	b9400000 	ldr	w0, [x0]
    826171e8:	34fffd80 	cbz	w0, 82617198 <bcm_sec_boot_state+0x70>
    826171ec:	f9402be0 	ldr	x0, [sp, #80]
    826171f0:	b9400000 	ldr	w0, [x0]
    826171f4:	34fffd20 	cbz	w0, 82617198 <bcm_sec_boot_state+0x70>
    826171f8:	f9402fe0 	ldr	x0, [sp, #88]
    826171fc:	b9000295 	str	w21, [x20]
    82617200:	79400000 	ldrh	w0, [x0]
    82617204:	34fffca0 	cbz	w0, 82617198 <bcm_sec_boot_state+0x70>
    82617208:	9100f3e2 	add	x2, sp, #0x3c
    8261720c:	910183e1 	add	x1, sp, #0x60
    82617210:	2a1503e0 	mov	w0, w21
    82617214:	97ffee49 	bl	82612b38 <bcm_otp_ctl>
    82617218:	2a0003f3 	mov	w19, w0
    8261721c:	35fffbc0 	cbnz	w0, 82617194 <bcm_sec_boot_state+0x6c>
    82617220:	b9403fe0 	ldr	w0, [sp, #60]
    82617224:	7215041f 	tst	w0, #0x1800
    82617228:	54000101 	b.ne	82617248 <bcm_sec_boot_state+0x120>  // b.any
    8261722c:	f9402fe0 	ldr	x0, [sp, #88]
    82617230:	2a1603e1 	mov	w1, w22
    82617234:	b9400002 	ldr	w2, [x0]
    82617238:	b0000060 	adrp	x0, 82624000 <blk_find_max_devnum+0x3c>
    8261723c:	913ea400 	add	x0, x0, #0xfa9
    82617240:	94001941 	bl	8261d744 <printf>
    82617244:	17ffffd5 	b	82617198 <bcm_sec_boot_state+0x70>
    82617248:	52800340 	mov	w0, #0x1a                  	// #26
    8261724c:	9100f3e2 	add	x2, sp, #0x3c
    82617250:	910183e1 	add	x1, sp, #0x60
    82617254:	290783ff 	stp	wzr, w0, [sp, #60]
    82617258:	2a1503e0 	mov	w0, w21
    8261725c:	97ffee37 	bl	82612b38 <bcm_otp_ctl>
    82617260:	2a0003f3 	mov	w19, w0
    82617264:	35fff980 	cbnz	w0, 82617194 <bcm_sec_boot_state+0x6c>
    82617268:	b9403fe0 	ldr	w0, [sp, #60]
    8261726c:	7215041f 	tst	w0, #0x1800
    82617270:	540000e1 	b.ne	8261728c <bcm_sec_boot_state+0x164>  // b.any
    82617274:	f9402fe0 	ldr	x0, [sp, #88]
    82617278:	52800341 	mov	w1, #0x1a                  	// #26
    8261727c:	b9400002 	ldr	w2, [x0]
    82617280:	b0000060 	adrp	x0, 82624000 <blk_find_max_devnum+0x3c>
    82617284:	913f9c00 	add	x0, x0, #0xfe7
    82617288:	17ffffee 	b	82617240 <bcm_sec_boot_state+0x118>
    8261728c:	52800040 	mov	w0, #0x2                   	// #2
    82617290:	b9000280 	str	w0, [x20]
    82617294:	17ffffc1 	b	82617198 <bcm_sec_boot_state+0x70>
    82617298:	2a1303e0 	mov	w0, w19
    8261729c:	a94153f3 	ldp	x19, x20, [sp, #16]
    826172a0:	a9425bf5 	ldp	x21, x22, [sp, #32]
    826172a4:	a8c87bfd 	ldp	x29, x30, [sp], #128
    826172a8:	d65f03c0 	ret

00000000826172ac <bcm_sec>:
    826172ac:	90000080 	adrp	x0, 82627000 <multipliers+0x16ba>
    826172b0:	91284000 	add	x0, x0, #0xa10
    826172b4:	d65f03c0 	ret
    826172b8:	d65f03c0 	ret

00000000826172bc <bcm_sec_clean_secmem>:
    826172bc:	b9424000 	ldr	w0, [x0, #576]
    826172c0:	f240041f 	tst	x0, #0x3
    826172c4:	540000c0 	b.eq	826172dc <bcm_sec_clean_secmem+0x20>  // b.none
    826172c8:	d28e0000 	mov	x0, #0x7000                	// #28672
    826172cc:	d2804802 	mov	x2, #0x240                 	// #576
    826172d0:	52800001 	mov	w1, #0x0                   	// #0
    826172d4:	f2bfff00 	movk	x0, #0xfff8, lsl #16
    826172d8:	140013f1 	b	8261c29c <memset>
    826172dc:	d65f03c0 	ret

00000000826172e0 <bcm_sec_btrm_key_info>:
    826172e0:	a9be7bfd 	stp	x29, x30, [sp, #-32]!
    826172e4:	d28e0001 	mov	x1, #0x7000                	// #28672
    826172e8:	d2802002 	mov	x2, #0x100                 	// #256
    826172ec:	910003fd 	mov	x29, sp
    826172f0:	f2bfff01 	movk	x1, #0xfff8, lsl #16
    826172f4:	a90153f3 	stp	x19, x20, [sp, #16]
    826172f8:	aa0003f3 	mov	x19, x0
    826172fc:	94001403 	bl	8261c308 <memcpy>
    82617300:	91081274 	add	x20, x19, #0x204
    82617304:	d28e4001 	mov	x1, #0x7200                	// #29184
    82617308:	aa1403e0 	mov	x0, x20
    8261730c:	d2800202 	mov	x2, #0x10                  	// #16
    82617310:	f2bfff01 	movk	x1, #0xfff8, lsl #16
    82617314:	940013fd 	bl	8261c308 <memcpy>
    82617318:	d28e4401 	mov	x1, #0x7220                	// #29216
    8261731c:	91085260 	add	x0, x19, #0x214
    82617320:	d2800202 	mov	x2, #0x10                  	// #16
    82617324:	f2bfff01 	movk	x1, #0xfff8, lsl #16
    82617328:	940013f8 	bl	8261c308 <memcpy>
    8261732c:	f9011673 	str	x19, [x19, #552]
    82617330:	52802000 	mov	w0, #0x100                 	// #256
    82617334:	b9020260 	str	w0, [x19, #512]
    82617338:	52800200 	mov	w0, #0x10                  	// #16
    8261733c:	b9022660 	str	w0, [x19, #548]
    82617340:	f9011a74 	str	x20, [x19, #560]
    82617344:	52800000 	mov	w0, #0x0                   	// #0
    82617348:	f9011e7f 	str	xzr, [x19, #568]
    8261734c:	a94153f3 	ldp	x19, x20, [sp, #16]
    82617350:	a8c27bfd 	ldp	x29, x30, [sp], #32
    82617354:	d65f03c0 	ret

0000000082617358 <bcm_sec_clean_keys>:
    82617358:	a9be7bfd 	stp	x29, x30, [sp, #-32]!
    8261735c:	910003fd 	mov	x29, sp
    82617360:	f9000bf3 	str	x19, [sp, #16]
    82617364:	aa0003f3 	mov	x19, x0
    82617368:	f9411800 	ldr	x0, [x0, #560]
    8261736c:	b4000080 	cbz	x0, 8261737c <bcm_sec_clean_keys+0x24>
    82617370:	d2800402 	mov	x2, #0x20                  	// #32
    82617374:	52800001 	mov	w1, #0x0                   	// #0
    82617378:	940013c9 	bl	8261c29c <memset>
    8261737c:	aa1303e0 	mov	x0, x19
    82617380:	d2804702 	mov	x2, #0x238                 	// #568
    82617384:	f9400bf3 	ldr	x19, [sp, #16]
    82617388:	52800001 	mov	w1, #0x0                   	// #0
    8261738c:	a8c27bfd 	ldp	x29, x30, [sp], #32
    82617390:	140013c3 	b	8261c29c <memset>
    82617394:	d65f03c0 	ret

0000000082617398 <bcm_sec_cb_init>:
    82617398:	90000001 	adrp	x1, 82617000 <early_abort+0x2a0>
    8261739c:	911aa021 	add	x1, x1, #0x6a8
    826173a0:	f9017c01 	str	x1, [x0, #760]
    826173a4:	90000001 	adrp	x1, 82617000 <early_abort+0x2a0>
    826173a8:	91198021 	add	x1, x1, #0x660
    826173ac:	f901d001 	str	x1, [x0, #928]
    826173b0:	d65f03c0 	ret

00000000826173b4 <bcm_sec_init>:
    826173b4:	a9be7bfd 	stp	x29, x30, [sp, #-32]!
    826173b8:	910003fd 	mov	x29, sp
    826173bc:	f9000bf3 	str	x19, [sp, #16]
    826173c0:	90000093 	adrp	x19, 82627000 <multipliers+0x16ba>
    826173c4:	91284273 	add	x19, x19, #0xa10
    826173c8:	aa1303e0 	mov	x0, x19
    826173cc:	97fffff3 	bl	82617398 <bcm_sec_cb_init>
    826173d0:	d2c00020 	mov	x0, #0x100000000           	// #4294967296
    826173d4:	f9027a60 	str	x0, [x19, #1264]
    826173d8:	d2800040 	mov	x0, #0x2                   	// #2
    826173dc:	f2c00060 	movk	x0, #0x3, lsl #32
    826173e0:	f9027e60 	str	x0, [x19, #1272]
    826173e4:	91090260 	add	x0, x19, #0x240
    826173e8:	97ffff50 	bl	82617128 <bcm_sec_boot_state>
    826173ec:	b9424260 	ldr	w0, [x19, #576]
    826173f0:	7100041f 	cmp	w0, #0x1
    826173f4:	540000c0 	b.eq	8261740c <bcm_sec_init+0x58>  // b.none
    826173f8:	7100081f 	cmp	w0, #0x2
    826173fc:	54000120 	b.eq	82617420 <bcm_sec_init+0x6c>  // b.none
    82617400:	d0000060 	adrp	x0, 82625000 <_ctype+0x35c>
    82617404:	91014400 	add	x0, x0, #0x51
    82617408:	14000003 	b	82617414 <bcm_sec_init+0x60>
    8261740c:	d0000060 	adrp	x0, 82625000 <_ctype+0x35c>
    82617410:	91009800 	add	x0, x0, #0x26
    82617414:	f9400bf3 	ldr	x19, [sp, #16]
    82617418:	a8c27bfd 	ldp	x29, x30, [sp], #32
    8261741c:	140018ca 	b	8261d744 <printf>
    82617420:	d0000060 	adrp	x0, 82625000 <_ctype+0x35c>
    82617424:	9100ec00 	add	x0, x0, #0x3b
    82617428:	17fffffb 	b	82617414 <bcm_sec_init+0x60>

000000008261742c <bcm_sec_do>:
    8261742c:	a9bb7bfd 	stp	x29, x30, [sp, #-80]!
    82617430:	910003fd 	mov	x29, sp
    82617434:	a90153f3 	stp	x19, x20, [sp, #16]
    82617438:	90000094 	adrp	x20, 82627000 <multipliers+0x16ba>
    8261743c:	91284294 	add	x20, x20, #0xa10
    82617440:	a9025bf5 	stp	x21, x22, [sp, #32]
    82617444:	2a0003f5 	mov	w21, w0
    82617448:	a90363f7 	stp	x23, x24, [sp, #48]
    8261744c:	f90023f9 	str	x25, [sp, #64]
    82617450:	b5000141 	cbnz	x1, 82617478 <bcm_sec_do+0x4c>
    82617454:	36480435 	tbz	w21, #9, 826174d8 <bcm_sec_do+0xac>
    82617458:	b9024a9f 	str	wzr, [x20, #584]
    8261745c:	12800000 	mov	w0, #0xffffffff            	// #-1
    82617460:	a94153f3 	ldp	x19, x20, [sp, #16]
    82617464:	a9425bf5 	ldp	x21, x22, [sp, #32]
    82617468:	a94363f7 	ldp	x23, x24, [sp, #48]
    8261746c:	f94023f9 	ldr	x25, [sp, #64]
    82617470:	a8c57bfd 	ldp	x29, x30, [sp], #80
    82617474:	d65f03c0 	ret
    82617478:	910be282 	add	x2, x20, #0x2f8
    8261747c:	910a0025 	add	x5, x1, #0x280
    82617480:	91028026 	add	x6, x1, #0xa0
    82617484:	b9400023 	ldr	w3, [x1]
    82617488:	34000123 	cbz	w3, 826174ac <bcm_sec_do+0x80>
    8261748c:	d1028040 	sub	x0, x2, #0xa0
    82617490:	b9400004 	ldr	w4, [x0]
    82617494:	6b04007f 	cmp	w3, w4
    82617498:	54000040 	b.eq	826174a0 <bcm_sec_do+0x74>  // b.none
    8261749c:	35000164 	cbnz	w4, 826174c8 <bcm_sec_do+0x9c>
    826174a0:	b9000003 	str	w3, [x0]
    826174a4:	f9400423 	ldr	x3, [x1, #8]
    826174a8:	f9000403 	str	x3, [x0, #8]
    826174ac:	91004021 	add	x1, x1, #0x10
    826174b0:	eb06003f 	cmp	x1, x6
    826174b4:	54fffe81 	b.ne	82617484 <bcm_sec_do+0x58>  // b.any
    826174b8:	9102a042 	add	x2, x2, #0xa8
    826174bc:	eb0100bf 	cmp	x5, x1
    826174c0:	54fffe01 	b.ne	82617480 <bcm_sec_do+0x54>  // b.any
    826174c4:	17ffffe4 	b	82617454 <bcm_sec_do+0x28>
    826174c8:	91004000 	add	x0, x0, #0x10
    826174cc:	eb02001f 	cmp	x0, x2
    826174d0:	54fffe01 	b.ne	82617490 <bcm_sec_do+0x64>  // b.any
    826174d4:	17fffff6 	b	826174ac <bcm_sec_do+0x80>
    826174d8:	b9424a80 	ldr	w0, [x20, #584]
    826174dc:	36400200 	tbz	w0, #8, 8261751c <bcm_sec_do+0xf0>
    826174e0:	12177815 	and	w21, w0, #0xfffffeff
    826174e4:	d2800016 	mov	x22, #0x0                   	// #0
    826174e8:	d2801518 	mov	x24, #0xa8                  	// #168
    826174ec:	8b160280 	add	x0, x20, x22
    826174f0:	b944f013 	ldr	w19, [x0, #1264]
    826174f4:	9b187e73 	mul	x19, x19, x24
    826174f8:	8b130297 	add	x23, x20, x19
    826174fc:	f9412ae0 	ldr	x0, [x23, #592]
    82617500:	b5000140 	cbnz	x0, 82617528 <bcm_sec_do+0xfc>
    82617504:	910012d6 	add	x22, x22, #0x4
    82617508:	f10042df 	cmp	x22, #0x10
    8261750c:	54ffff01 	b.ne	826174ec <bcm_sec_do+0xc0>  // b.any
    82617510:	52800000 	mov	w0, #0x0                   	// #0
    82617514:	b9024695 	str	w21, [x20, #580]
    82617518:	17ffffd2 	b	82617460 <bcm_sec_do+0x34>
    8261751c:	3647fe55 	tbz	w21, #8, 826174e4 <bcm_sec_do+0xb8>
    82617520:	b9024a95 	str	w21, [x20, #584]
    82617524:	17ffffce 	b	8261745c <bcm_sec_do+0x30>
    82617528:	91096273 	add	x19, x19, #0x258
    8261752c:	8b130293 	add	x19, x20, x19
    82617530:	91028279 	add	x25, x19, #0xa0
    82617534:	b9400261 	ldr	w1, [x19]
    82617538:	aa1403e0 	mov	x0, x20
    8261753c:	f9400662 	ldr	x2, [x19, #8]
    82617540:	f9412ae3 	ldr	x3, [x23, #592]
    82617544:	d63f0060 	blr	x3
    82617548:	b900027f 	str	wzr, [x19]
    8261754c:	f900067f 	str	xzr, [x19, #8]
    82617550:	35fff860 	cbnz	w0, 8261745c <bcm_sec_do+0x30>
    82617554:	91004273 	add	x19, x19, #0x10
    82617558:	eb19027f 	cmp	x19, x25
    8261755c:	54fffec1 	b.ne	82617534 <bcm_sec_do+0x108>  // b.any
    82617560:	17ffffe9 	b	82617504 <bcm_sec_do+0xd8>
    82617564:	d65f03c0 	ret

0000000082617568 <bcm_sec_lock>:
    82617568:	d10a83ff 	sub	sp, sp, #0x2a0
    8261756c:	90000080 	adrp	x0, 82627000 <multipliers+0x16ba>
    82617570:	d2805002 	mov	x2, #0x280                 	// #640
    82617574:	a9007bfd 	stp	x29, x30, [sp]
    82617578:	910003fd 	mov	x29, sp
    8261757c:	f9421c01 	ldr	x1, [x0, #1080]
    82617580:	f9014fe1 	str	x1, [sp, #664]
    82617584:	d2800001 	mov	x1, #0x0                   	// #0
    82617588:	910063e0 	add	x0, sp, #0x18
    8261758c:	94001344 	bl	8261c29c <memset>
    82617590:	52800080 	mov	w0, #0x4                   	// #4
    82617594:	b9015be0 	str	w0, [sp, #344]
    82617598:	52800200 	mov	w0, #0x10                  	// #16
    8261759c:	910063e1 	add	x1, sp, #0x18
    826175a0:	b900bbe0 	str	w0, [sp, #184]
    826175a4:	52800040 	mov	w0, #0x2                   	// #2
    826175a8:	97ffffa1 	bl	8261742c <bcm_sec_do>
    826175ac:	90000080 	adrp	x0, 82627000 <multipliers+0x16ba>
    826175b0:	f9414fe1 	ldr	x1, [sp, #664]
    826175b4:	f9421c02 	ldr	x2, [x0, #1080]
    826175b8:	eb020021 	subs	x1, x1, x2
    826175bc:	d2800002 	mov	x2, #0x0                   	// #0
    826175c0:	54000040 	b.eq	826175c8 <bcm_sec_lock+0x60>  // b.none
    826175c4:	97ffeb8e 	bl	826123fc <__stack_chk_fail>
    826175c8:	a9407bfd 	ldp	x29, x30, [sp]
    826175cc:	910a83ff 	add	sp, sp, #0x2a0
    826175d0:	d65f03c0 	ret

00000000826175d4 <bcm_sec_deinit>:
    826175d4:	a9be7bfd 	stp	x29, x30, [sp, #-32]!
    826175d8:	910003fd 	mov	x29, sp
    826175dc:	f9000bf3 	str	x19, [sp, #16]
    826175e0:	90000093 	adrp	x19, 82627000 <multipliers+0x16ba>
    826175e4:	91284273 	add	x19, x19, #0xa10
    826175e8:	aa1303e0 	mov	x0, x19
    826175ec:	97ffffdf 	bl	82617568 <bcm_sec_lock>
    826175f0:	aa1303e0 	mov	x0, x19
    826175f4:	97ffff32 	bl	826172bc <bcm_sec_clean_secmem>
    826175f8:	aa1303e0 	mov	x0, x19
    826175fc:	97ffff57 	bl	82617358 <bcm_sec_clean_keys>
    82617600:	aa1303e0 	mov	x0, x19
    82617604:	d280a002 	mov	x2, #0x500                 	// #1280
    82617608:	f9400bf3 	ldr	x19, [sp, #16]
    8261760c:	52800001 	mov	w1, #0x0                   	// #0
    82617610:	a8c27bfd 	ldp	x29, x30, [sp], #32
    82617614:	14001322 	b	8261c29c <memset>

0000000082617618 <bcm_sec_abort>:
    82617618:	a9bf7bfd 	stp	x29, x30, [sp, #-16]!
    8261761c:	910003fd 	mov	x29, sp
    82617620:	97ffffed 	bl	826175d4 <bcm_sec_deinit>
    82617624:	97ffed05 	bl	82612a38 <bcm_otp_deinit>
    82617628:	94003186 	bl	82623c40 <watchdog_reset>
    8261762c:	b0000060 	adrp	x0, 82624000 <blk_find_max_devnum+0x3c>
    82617630:	913dc400 	add	x0, x0, #0xf71
    82617634:	9400036d 	bl	826183e8 <puts>
    82617638:	128003a0 	mov	w0, #0xffffffe2            	// #-30
    8261763c:	94000030 	bl	826176fc <show_boot_progress>
    82617640:	f9408a40 	ldr	x0, [x18, #272]
    82617644:	52800001 	mov	w1, #0x0                   	// #0
    82617648:	f9408e42 	ldr	x2, [x18, #280]
    8261764c:	94001314 	bl	8261c29c <memset>
    82617650:	d2900001 	mov	x1, #0x8000                	// #32768
    82617654:	d2a0a000 	mov	x0, #0x5000000             	// #83886080
    82617658:	97fffa1a 	bl	82615ec0 <dcache_sanitize_disable>
    8261765c:	14000000 	b	8261765c <bcm_sec_abort+0x44>

0000000082617660 <sec_otp_ctrl>:
    82617660:	7100103f 	cmp	w1, #0x4
    82617664:	540001e1 	b.ne	826176a0 <sec_otp_ctrl+0x40>  // b.any
    82617668:	a9bf7bfd 	stp	x29, x30, [sp, #-16]!
    8261766c:	d2800002 	mov	x2, #0x0                   	// #0
    82617670:	52802001 	mov	w1, #0x100                 	// #256
    82617674:	910003fd 	mov	x29, sp
    82617678:	52800040 	mov	w0, #0x2                   	// #2
    8261767c:	97ffed3c 	bl	82612b6c <bcm_sotp_ctl_perm>
    82617680:	3100081f 	cmn	w0, #0x2
    82617684:	54000081 	b.ne	82617694 <sec_otp_ctrl+0x34>  // b.any
    82617688:	d0000060 	adrp	x0, 82625000 <_ctype+0x35c>
    8261768c:	91314400 	add	x0, x0, #0xc51
    82617690:	9400182d 	bl	8261d744 <printf>
    82617694:	52800000 	mov	w0, #0x0                   	// #0
    82617698:	a8c17bfd 	ldp	x29, x30, [sp], #16
    8261769c:	d65f03c0 	ret
    826176a0:	52800000 	mov	w0, #0x0                   	// #0
    826176a4:	d65f03c0 	ret

00000000826176a8 <sec_key_ctrl>:
    826176a8:	a9be7bfd 	stp	x29, x30, [sp, #-32]!
    826176ac:	910003fd 	mov	x29, sp
    826176b0:	f9000bf3 	str	x19, [sp, #16]
    826176b4:	aa0003f3 	mov	x19, x0
    826176b8:	7100283f 	cmp	w1, #0xa
    826176bc:	540000e0 	b.eq	826176d8 <sec_key_ctrl+0x30>  // b.none
    826176c0:	7100403f 	cmp	w1, #0x10
    826176c4:	54000140 	b.eq	826176ec <sec_key_ctrl+0x44>  // b.none
    826176c8:	52800000 	mov	w0, #0x0                   	// #0
    826176cc:	f9400bf3 	ldr	x19, [sp, #16]
    826176d0:	a8c27bfd 	ldp	x29, x30, [sp], #32
    826176d4:	d65f03c0 	ret
    826176d8:	b9424001 	ldr	w1, [x0, #576]
    826176dc:	f240043f 	tst	x1, #0x3
    826176e0:	54ffff40 	b.eq	826176c8 <sec_key_ctrl+0x20>  // b.none
    826176e4:	97fffeff 	bl	826172e0 <bcm_sec_btrm_key_info>
    826176e8:	17fffff8 	b	826176c8 <sec_key_ctrl+0x20>
    826176ec:	97fffef4 	bl	826172bc <bcm_sec_clean_secmem>
    826176f0:	aa1303e0 	mov	x0, x19
    826176f4:	97ffff19 	bl	82617358 <bcm_sec_clean_keys>
    826176f8:	17fffff4 	b	826176c8 <sec_key_ctrl+0x20>

00000000826176fc <show_boot_progress>:
    826176fc:	d65f03c0 	ret

0000000082617700 <spl_common_init.constprop.0>:
    82617700:	a9bf7bfd 	stp	x29, x30, [sp, #-16]!
    82617704:	d2860001 	mov	x1, #0x3000                	// #12288
    82617708:	52801440 	mov	w0, #0xa2                  	// #162
    8261770c:	910003fd 	mov	x29, sp
    82617710:	f9008e41 	str	x1, [x18, #280]
    82617714:	f900925f 	str	xzr, [x18, #288]
    82617718:	97fffff9 	bl	826176fc <show_boot_progress>
    8261771c:	9400122f 	bl	8261bfd8 <fdtdec_setup>
    82617720:	35000080 	cbnz	w0, 82617730 <spl_common_init.constprop.0+0x30>
    82617724:	a8c17bfd 	ldp	x29, x30, [sp], #16
    82617728:	52800020 	mov	w0, #0x1                   	// #1
    8261772c:	14001dc7 	b	8261ee48 <dm_init_and_scan>
    82617730:	a8c17bfd 	ldp	x29, x30, [sp], #16
    82617734:	d65f03c0 	ret

0000000082617738 <spl_perform_fixups>:
    82617738:	d65f03c0 	ret

000000008261773c <spl_board_prepare_for_boot>:
    8261773c:	d65f03c0 	ret

0000000082617740 <spl_get_load_buffer>:
    82617740:	d2a02001 	mov	x1, #0x1000000             	// #16777216
    82617744:	8b010000 	add	x0, x0, x1
    82617748:	d65f03c0 	ret

000000008261774c <spl_set_header_raw_uboot>:
    8261774c:	52840001 	mov	w1, #0x2000                	// #8192
    82617750:	72a00061 	movk	w1, #0x3, lsl #16
    82617754:	b9002401 	str	w1, [x0, #36]
    82617758:	d2a02001 	mov	x1, #0x1000000             	// #16777216
    8261775c:	a9010401 	stp	x1, x1, [x0, #16]
    82617760:	52800221 	mov	w1, #0x11                  	// #17
    82617764:	39002001 	strb	w1, [x0, #8]
    82617768:	f0000061 	adrp	x1, 82626000 <multipliers+0x6ba>
    8261776c:	911ac021 	add	x1, x1, #0x6b0
    82617770:	f9000001 	str	x1, [x0]
    82617774:	d65f03c0 	ret

0000000082617778 <spl_parse_image_header>:
    82617778:	b9400024 	ldr	w4, [x1]
    8261777c:	5280a4e3 	mov	w3, #0x527                 	// #1319
    82617780:	72aac323 	movk	w3, #0x5619, lsl #16
    82617784:	6b03009f 	cmp	w4, w3
    82617788:	54000341 	b.ne	826177f0 <spl_parse_image_header+0x78>  // b.any
    8261778c:	aa0003e2 	mov	x2, x0
    82617790:	b9401020 	ldr	w0, [x1, #16]
    82617794:	5ac00800 	rev	w0, w0
    82617798:	b9402843 	ldr	w3, [x2, #40]
    8261779c:	360001c3 	tbz	w3, #0, 826177d4 <spl_parse_image_header+0x5c>
    826177a0:	f9000840 	str	x0, [x2, #16]
    826177a4:	b9401420 	ldr	w0, [x1, #20]
    826177a8:	5ac00800 	rev	w0, w0
    826177ac:	f9000c40 	str	x0, [x2, #24]
    826177b0:	b9400c20 	ldr	w0, [x1, #12]
    826177b4:	5ac00800 	rev	w0, w0
    826177b8:	b9002440 	str	w0, [x2, #36]
    826177bc:	91008021 	add	x1, x1, #0x20
    826177c0:	385fc020 	ldurb	w0, [x1, #-4]
    826177c4:	f9000041 	str	x1, [x2]
    826177c8:	39002040 	strb	w0, [x2, #8]
    826177cc:	52800000 	mov	w0, #0x0                   	// #0
    826177d0:	d65f03c0 	ret
    826177d4:	f9000c40 	str	x0, [x2, #24]
    826177d8:	d1010000 	sub	x0, x0, #0x40
    826177dc:	f9000840 	str	x0, [x2, #16]
    826177e0:	b9400c20 	ldr	w0, [x1, #12]
    826177e4:	5ac00800 	rev	w0, w0
    826177e8:	11010000 	add	w0, w0, #0x40
    826177ec:	17fffff3 	b	826177b8 <spl_parse_image_header+0x40>
    826177f0:	a9bf7bfd 	stp	x29, x30, [sp, #-16]!
    826177f4:	910003fd 	mov	x29, sp
    826177f8:	97ffffd5 	bl	8261774c <spl_set_header_raw_uboot>
    826177fc:	52800000 	mov	w0, #0x0                   	// #0
    82617800:	a8c17bfd 	ldp	x29, x30, [sp], #16
    82617804:	d65f03c0 	ret

0000000082617808 <jump_to_image_no_args>:
    82617808:	a9bf7bfd 	stp	x29, x30, [sp, #-16]!
    8261780c:	910003fd 	mov	x29, sp
    82617810:	f9400c00 	ldr	x0, [x0, #24]
    82617814:	d63f0000 	blr	x0

0000000082617818 <spl_set_bd>:
    82617818:	f9400240 	ldr	x0, [x18]
    8261781c:	b5000080 	cbnz	x0, 8261782c <spl_set_bd+0x14>
    82617820:	b0000080 	adrp	x0, 82628000 <ovl+0xf0>
    82617824:	9115c000 	add	x0, x0, #0x570
    82617828:	f9000240 	str	x0, [x18]
    8261782c:	d65f03c0 	ret

0000000082617830 <spl_early_init>:
    82617830:	a9bf7bfd 	stp	x29, x30, [sp, #-16]!
    82617834:	910003fd 	mov	x29, sp
    82617838:	97ffffb2 	bl	82617700 <spl_common_init.constprop.0>
    8261783c:	35000080 	cbnz	w0, 8261784c <spl_early_init+0x1c>
    82617840:	f9400641 	ldr	x1, [x18, #8]
    82617844:	b2720021 	orr	x1, x1, #0x4000
    82617848:	f9000641 	str	x1, [x18, #8]
    8261784c:	a8c17bfd 	ldp	x29, x30, [sp], #16
    82617850:	d65f03c0 	ret

0000000082617854 <spl_init>:
    82617854:	f9400640 	ldr	x0, [x18, #8]
    82617858:	367000c0 	tbz	w0, #14, 82617870 <spl_init+0x1c>
    8261785c:	f9400640 	ldr	x0, [x18, #8]
    82617860:	b2760000 	orr	x0, x0, #0x400
    82617864:	f9000640 	str	x0, [x18, #8]
    82617868:	52800000 	mov	w0, #0x0                   	// #0
    8261786c:	d65f03c0 	ret
    82617870:	a9bf7bfd 	stp	x29, x30, [sp, #-16]!
    82617874:	910003fd 	mov	x29, sp
    82617878:	97ffffa2 	bl	82617700 <spl_common_init.constprop.0>
    8261787c:	350000a0 	cbnz	w0, 82617890 <spl_init+0x3c>
    82617880:	f9400640 	ldr	x0, [x18, #8]
    82617884:	b2760000 	orr	x0, x0, #0x400
    82617888:	f9000640 	str	x0, [x18, #8]
    8261788c:	52800000 	mov	w0, #0x0                   	// #0
    82617890:	a8c17bfd 	ldp	x29, x30, [sp], #16
    82617894:	d65f03c0 	ret

0000000082617898 <board_boot_order>:
    82617898:	a9be7bfd 	stp	x29, x30, [sp, #-32]!
    8261789c:	910003fd 	mov	x29, sp
    826178a0:	f9000bf3 	str	x19, [sp, #16]
    826178a4:	aa0003f3 	mov	x19, x0
    826178a8:	97fffc26 	bl	82616940 <spl_boot_device>
    826178ac:	b9000260 	str	w0, [x19]
    826178b0:	f9400bf3 	ldr	x19, [sp, #16]
    826178b4:	a8c27bfd 	ldp	x29, x30, [sp], #32
    826178b8:	d65f03c0 	ret

00000000826178bc <board_init_r>:
    826178bc:	a9b47bfd 	stp	x29, x30, [sp, #-192]!
    826178c0:	90000080 	adrp	x0, 82627000 <multipliers+0x16ba>
    826178c4:	910003fd 	mov	x29, sp
    826178c8:	a90153f3 	stp	x19, x20, [sp, #16]
    826178cc:	a9025bf5 	stp	x21, x22, [sp, #32]
    826178d0:	a90363f7 	stp	x23, x24, [sp, #48]
    826178d4:	a9046bf9 	stp	x25, x26, [sp, #64]
    826178d8:	f9421c01 	ldr	x1, [x0, #1080]
    826178dc:	f9005fe1 	str	x1, [sp, #184]
    826178e0:	d2800001 	mov	x1, #0x0                   	// #0
    826178e4:	5297dde0 	mov	w0, #0xbeef                	// #48879
    826178e8:	72bbd5a0 	movk	w0, #0xdead, lsl #16
    826178ec:	291403e0 	stp	w0, w0, [sp, #160]
    826178f0:	291503e0 	stp	w0, w0, [sp, #168]
    826178f4:	b900b3e0 	str	w0, [sp, #176]
    826178f8:	97ffffc8 	bl	82617818 <spl_set_bd>
    826178fc:	f9400640 	ldr	x0, [x18, #8]
    82617900:	37500080 	tbnz	w0, #10, 82617910 <board_init_r+0x54>
    82617904:	97ffffd4 	bl	82617854 <spl_init>
    82617908:	34000040 	cbz	w0, 82617910 <board_init_r+0x54>
    8261790c:	940011f8 	bl	8261c0ec <hang>
    82617910:	940012c9 	bl	8261c434 <timer_init>
    82617914:	94000228 	bl	826181b4 <jumptable_init>
    82617918:	97fffc7a 	bl	82616b00 <spl_board_init>
    8261791c:	91064242 	add	x2, x18, #0x190
    82617920:	52800001 	mov	w1, #0x0                   	// #0
    82617924:	52800be0 	mov	w0, #0x5f                  	// #95
    82617928:	94001ed5 	bl	8261f47c <uclass_get_device_by_seq>
    8261792c:	34000500 	cbz	w0, 826179cc <board_init_r+0x110>
    82617930:	91064242 	add	x2, x18, #0x190
    82617934:	52800001 	mov	w1, #0x0                   	// #0
    82617938:	52800be0 	mov	w0, #0x5f                  	// #95
    8261793c:	94001eb7 	bl	8261f418 <uclass_get_device>
    82617940:	34000460 	cbz	w0, 826179cc <board_init_r+0x110>
    82617944:	f0000060 	adrp	x0, 82626000 <multipliers+0x6ba>
    82617948:	910ff000 	add	x0, x0, #0x3fc
    8261794c:	9400177e 	bl	8261d744 <printf>
    82617950:	d2800702 	mov	x2, #0x38                  	// #56
    82617954:	52800001 	mov	w1, #0x0                   	// #0
    82617958:	b0000096 	adrp	x22, 82628000 <ovl+0xf0>
    8261795c:	b0000093 	adrp	x19, 82628000 <ovl+0xf0>
    82617960:	913802d6 	add	x22, x22, #0xe00
    82617964:	91392273 	add	x19, x19, #0xe48
    82617968:	9101a3e0 	add	x0, sp, #0x68
    8261796c:	cb160273 	sub	x19, x19, x22
    82617970:	9400124b 	bl	8261c29c <memset>
    82617974:	5297ddf7 	mov	w23, #0xbeef                	// #48879
    82617978:	910283e0 	add	x0, sp, #0xa0
    8261797c:	72bbd5b7 	movk	w23, #0xdead, lsl #16
    82617980:	b9008bf7 	str	w23, [sp, #136]
    82617984:	97ffffc5 	bl	82617898 <board_boot_order>
    82617988:	9343fe73 	asr	x19, x19, #3
    8261798c:	b201f3e0 	mov	x0, #0xaaaaaaaaaaaaaaaa    	// #-6148914691236517206
    82617990:	f2955560 	movk	x0, #0xaaab
    82617994:	d0000078 	adrp	x24, 82625000 <_ctype+0x35c>
    82617998:	d000007a 	adrp	x26, 82625000 <_ctype+0x35c>
    8261799c:	910283f4 	add	x20, sp, #0xa0
    826179a0:	9b007e73 	mul	x19, x19, x0
    826179a4:	52800300 	mov	w0, #0x18                  	// #24
    826179a8:	9103b718 	add	x24, x24, #0xed
    826179ac:	9103575a 	add	x26, x26, #0xd5
    826179b0:	528000b9 	mov	w25, #0x5                   	// #5
    826179b4:	9b205a73 	smaddl	x19, w19, w0, x22
    826179b8:	b9400280 	ldr	w0, [x20]
    826179bc:	6b17001f 	cmp	w0, w23
    826179c0:	54000480 	b.eq	82617a50 <board_init_r+0x194>  // b.none
    826179c4:	aa1603f5 	mov	x21, x22
    826179c8:	1400001b 	b	82617a34 <board_init_r+0x178>
    826179cc:	f940ca40 	ldr	x0, [x18, #400]
    826179d0:	52800782 	mov	w2, #0x3c                  	// #60
    826179d4:	f0000061 	adrp	x1, 82626000 <multipliers+0x6ba>
    826179d8:	91103c21 	add	x1, x1, #0x40f
    826179dc:	f9401400 	ldr	x0, [x0, #40]
    826179e0:	94001fe2 	bl	8261f968 <ofnode_read_u32_default>
    826179e4:	2a0003f3 	mov	w19, w0
    826179e8:	52807d01 	mov	w1, #0x3e8                 	// #1000
    826179ec:	d2800002 	mov	x2, #0x0                   	// #0
    826179f0:	1b017c01 	mul	w1, w0, w1
    826179f4:	f940ca40 	ldr	x0, [x18, #400]
    826179f8:	94003082 	bl	82623c00 <wdt_start>
    826179fc:	f9400640 	ldr	x0, [x18, #8]
    82617a00:	2a1303e2 	mov	w2, w19
    82617a04:	d0000061 	adrp	x1, 82625000 <_ctype+0x35c>
    82617a08:	910b8421 	add	x1, x1, #0x2e1
    82617a0c:	b2700000 	orr	x0, x0, #0x10000
    82617a10:	f9000640 	str	x0, [x18, #8]
    82617a14:	f0000060 	adrp	x0, 82626000 <multipliers+0x6ba>
    82617a18:	91106c00 	add	x0, x0, #0x41b
    82617a1c:	9400174a 	bl	8261d744 <printf>
    82617a20:	17ffffcc 	b	82617950 <board_init_r+0x94>
    82617a24:	b9400aa1 	ldr	w1, [x21, #8]
    82617a28:	6b01001f 	cmp	w0, w1
    82617a2c:	540001a0 	b.eq	82617a60 <board_init_r+0x1a4>  // b.none
    82617a30:	910062b5 	add	x21, x21, #0x18
    82617a34:	eb1302bf 	cmp	x21, x19
    82617a38:	54ffff61 	b.ne	82617a24 <board_init_r+0x168>  // b.any
    82617a3c:	aa1803e0 	mov	x0, x24
    82617a40:	9400026a 	bl	826183e8 <puts>
    82617a44:	91001294 	add	x20, x20, #0x4
    82617a48:	71000739 	subs	w25, w25, #0x1
    82617a4c:	54fffb61 	b.ne	826179b8 <board_init_r+0xfc>  // b.any
    82617a50:	d0000060 	adrp	x0, 82625000 <_ctype+0x35c>
    82617a54:	91043000 	add	x0, x0, #0x10c
    82617a58:	94000264 	bl	826183e8 <puts>
    82617a5c:	17ffffac 	b	8261790c <board_init_r+0x50>
    82617a60:	f94002a1 	ldr	x1, [x21]
    82617a64:	aa1a03e0 	mov	x0, x26
    82617a68:	94001737 	bl	8261d744 <printf>
    82617a6c:	f90033ff 	str	xzr, [sp, #96]
    82617a70:	f9400aa2 	ldr	x2, [x21, #16]
    82617a74:	910163e1 	add	x1, sp, #0x58
    82617a78:	b9400aa0 	ldr	w0, [x21, #8]
    82617a7c:	b9005be0 	str	w0, [sp, #88]
    82617a80:	9101a3e0 	add	x0, sp, #0x68
    82617a84:	d63f0040 	blr	x2
    82617a88:	35fffde0 	cbnz	w0, 82617a44 <board_init_r+0x188>
    82617a8c:	b9400280 	ldr	w0, [x20]
    82617a90:	b9008be0 	str	w0, [sp, #136]
    82617a94:	9101a3e0 	add	x0, sp, #0x68
    82617a98:	97ffff28 	bl	82617738 <spl_perform_fixups>
    82617a9c:	97ffff28 	bl	8261773c <spl_board_prepare_for_boot>
    82617aa0:	9101a3e0 	add	x0, sp, #0x68
    82617aa4:	97ffff59 	bl	82617808 <jump_to_image_no_args>

0000000082617aa8 <preloader_console_init>:
    82617aa8:	a9bf7bfd 	stp	x29, x30, [sp, #-16]!
    82617aac:	52984001 	mov	w1, #0xc200                	// #49664
    82617ab0:	72a00021 	movk	w1, #0x1, lsl #16
    82617ab4:	910003fd 	mov	x29, sp
    82617ab8:	b9001241 	str	w1, [x18, #16]
    82617abc:	94002c66 	bl	82622c54 <serial_init>
    82617ac0:	d2800021 	mov	x1, #0x1                   	// #1
    82617ac4:	f9001e41 	str	x1, [x18, #56]
    82617ac8:	d0000060 	adrp	x0, 82625000 <_ctype+0x35c>
    82617acc:	9129bc00 	add	x0, x0, #0xa6f
    82617ad0:	a8c17bfd 	ldp	x29, x30, [sp], #16
    82617ad4:	14000245 	b	826183e8 <puts>

0000000082617ad8 <spl_relocate_stack_gd>:
    82617ad8:	d2800000 	mov	x0, #0x0                   	// #0
    82617adc:	d65f03c0 	ret

0000000082617ae0 <spl_boot_mode>:
    82617ae0:	52800060 	mov	w0, #0x3                   	// #3
    82617ae4:	d65f03c0 	ret

0000000082617ae8 <spl_mmc_load_image>:
    82617ae8:	a9bc7bfd 	stp	x29, x30, [sp, #-64]!
    82617aec:	910003fd 	mov	x29, sp
    82617af0:	a90153f3 	stp	x19, x20, [sp, #16]
    82617af4:	aa0103f4 	mov	x20, x1
    82617af8:	a9025bf5 	stp	x21, x22, [sp, #32]
    82617afc:	aa0003f5 	mov	x21, x0
    82617b00:	90000080 	adrp	x0, 82627000 <multipliers+0x16ba>
    82617b04:	f9421c01 	ldr	x1, [x0, #1080]
    82617b08:	f9001fe1 	str	x1, [sp, #56]
    82617b0c:	d2800001 	mov	x1, #0x0                   	// #0
    82617b10:	b9400280 	ldr	w0, [x20]
    82617b14:	7100041f 	cmp	w0, #0x1
    82617b18:	540001e0 	b.eq	82617b54 <spl_mmc_load_image+0x6c>  // b.none
    82617b1c:	51000800 	sub	w0, w0, #0x2
    82617b20:	7100041f 	cmp	w0, #0x1
    82617b24:	540002c9 	b.ls	82617b7c <spl_mmc_load_image+0x94>  // b.plast
    82617b28:	12800253 	mov	w19, #0xffffffed            	// #-19
    82617b2c:	f0000060 	adrp	x0, 82626000 <multipliers+0x6ba>
    82617b30:	91168800 	add	x0, x0, #0x5a2
    82617b34:	94001704 	bl	8261d744 <printf>
    82617b38:	90000080 	adrp	x0, 82627000 <multipliers+0x16ba>
    82617b3c:	f9401fe1 	ldr	x1, [sp, #56]
    82617b40:	f9421c02 	ldr	x2, [x0, #1080]
    82617b44:	eb020021 	subs	x1, x1, x2
    82617b48:	d2800002 	mov	x2, #0x0                   	// #0
    82617b4c:	54000c80 	b.eq	82617cdc <spl_mmc_load_image+0x1f4>  // b.none
    82617b50:	97ffea2b 	bl	826123fc <__stack_chk_fail>
    82617b54:	52800016 	mov	w22, #0x0                   	// #0
    82617b58:	d2800000 	mov	x0, #0x0                   	// #0
    82617b5c:	9400266b 	bl	82621508 <mmc_initialize>
    82617b60:	2a0003f3 	mov	w19, w0
    82617b64:	34000100 	cbz	w0, 82617b84 <spl_mmc_load_image+0x9c>
    82617b68:	2a0003e1 	mov	w1, w0
    82617b6c:	f0000060 	adrp	x0, 82626000 <multipliers+0x6ba>
    82617b70:	91171400 	add	x0, x0, #0x5c5
    82617b74:	940016f4 	bl	8261d744 <printf>
    82617b78:	17fffff0 	b	82617b38 <spl_mmc_load_image+0x50>
    82617b7c:	52800036 	mov	w22, #0x1                   	// #1
    82617b80:	17fffff6 	b	82617b58 <spl_mmc_load_image+0x70>
    82617b84:	9100c3e2 	add	x2, sp, #0x30
    82617b88:	2a1603e1 	mov	w1, w22
    82617b8c:	528005a0 	mov	w0, #0x2d                  	// #45
    82617b90:	94001e22 	bl	8261f418 <uclass_get_device>
    82617b94:	2a0003f3 	mov	w19, w0
    82617b98:	35000960 	cbnz	w0, 82617cc4 <spl_mmc_load_image+0x1dc>
    82617b9c:	f9401be0 	ldr	x0, [sp, #48]
    82617ba0:	9400275c 	bl	82621910 <mmc_get_mmc_dev>
    82617ba4:	aa0003f6 	mov	x22, x0
    82617ba8:	940023f4 	bl	82620b78 <mmc_init>
    82617bac:	2a0003f3 	mov	w19, w0
    82617bb0:	340000a0 	cbz	w0, 82617bc4 <spl_mmc_load_image+0xdc>
    82617bb4:	2a0003e1 	mov	w1, w0
    82617bb8:	f0000060 	adrp	x0, 82626000 <multipliers+0x6ba>
    82617bbc:	9117bc00 	add	x0, x0, #0x5ef
    82617bc0:	17ffffed 	b	82617b74 <spl_mmc_load_image+0x8c>
    82617bc4:	b9400280 	ldr	w0, [x20]
    82617bc8:	97ffffc6 	bl	82617ae0 <spl_boot_mode>
    82617bcc:	7100081f 	cmp	w0, #0x2
    82617bd0:	540002a0 	b.eq	82617c24 <spl_mmc_load_image+0x13c>  // b.none
    82617bd4:	71000c1f 	cmp	w0, #0x3
    82617bd8:	540002a0 	b.eq	82617c2c <spl_mmc_load_image+0x144>  // b.none
    82617bdc:	7100041f 	cmp	w0, #0x1
    82617be0:	54000681 	b.ne	82617cb0 <spl_mmc_load_image+0x1c8>  // b.any
    82617be4:	aa1603e0 	mov	x0, x22
    82617be8:	940027ad 	bl	82621a9c <mmc_get_blk_desc>
    82617bec:	aa0003f4 	mov	x20, x0
    82617bf0:	928007e0 	mov	x0, #0xffffffffffffffc0    	// #-64
    82617bf4:	f9400e81 	ldr	x1, [x20, #24]
    82617bf8:	97fffed2 	bl	82617740 <spl_get_load_buffer>
    82617bfc:	aa0003f3 	mov	x19, x0
    82617c00:	aa0003e3 	mov	x3, x0
    82617c04:	d2800022 	mov	x2, #0x1                   	// #1
    82617c08:	aa1403e0 	mov	x0, x20
    82617c0c:	d2820001 	mov	x1, #0x1000                	// #4096
    82617c10:	940030e4 	bl	82623fa0 <blk_dread>
    82617c14:	b5000280 	cbnz	x0, 82617c64 <spl_mmc_load_image+0x17c>
    82617c18:	f0000060 	adrp	x0, 82626000 <multipliers+0x6ba>
    82617c1c:	9118d800 	add	x0, x0, #0x636
    82617c20:	940001f2 	bl	826183e8 <puts>
    82617c24:	128004b3 	mov	w19, #0xffffffda            	// #-38
    82617c28:	17ffffc4 	b	82617b38 <spl_mmc_load_image+0x50>
    82617c2c:	3941c6d3 	ldrb	w19, [x22, #113]
    82617c30:	aa1603e0 	mov	x0, x22
    82617c34:	d3431673 	ubfx	x19, x19, #3, #3
    82617c38:	71001e7f 	cmp	w19, #0x7
    82617c3c:	1a9f1273 	csel	w19, w19, wzr, ne  // ne = any
    82617c40:	94002797 	bl	82621a9c <mmc_get_blk_desc>
    82617c44:	2a1303e1 	mov	w1, w19
    82617c48:	9400307c 	bl	82623e38 <blk_dselect_hwpart>
    82617c4c:	2a0003f3 	mov	w19, w0
    82617c50:	34fffca0 	cbz	w0, 82617be4 <spl_mmc_load_image+0xfc>
    82617c54:	f0000060 	adrp	x0, 82626000 <multipliers+0x6ba>
    82617c58:	91185000 	add	x0, x0, #0x614
    82617c5c:	940001e3 	bl	826183e8 <puts>
    82617c60:	17ffffb6 	b	82617b38 <spl_mmc_load_image+0x50>
    82617c64:	aa1303e1 	mov	x1, x19
    82617c68:	aa1503e0 	mov	x0, x21
    82617c6c:	97fffec3 	bl	82617778 <spl_parse_image_header>
    82617c70:	2a0003f3 	mov	w19, w0
    82617c74:	35fffd20 	cbnz	w0, 82617c18 <spl_mmc_load_image+0x130>
    82617c78:	b94026b4 	ldr	w20, [x21, #36]
    82617c7c:	aa1603e0 	mov	x0, x22
    82617c80:	b9407ec2 	ldr	w2, [x22, #124]
    82617c84:	51000694 	sub	w20, w20, #0x1
    82617c88:	0b020294 	add	w20, w20, w2
    82617c8c:	1ac20a94 	udiv	w20, w20, w2
    82617c90:	94002783 	bl	82621a9c <mmc_get_blk_desc>
    82617c94:	f9400aa3 	ldr	x3, [x21, #16]
    82617c98:	d2820001 	mov	x1, #0x1000                	// #4096
    82617c9c:	aa1403e2 	mov	x2, x20
    82617ca0:	940030c0 	bl	82623fa0 <blk_dread>
    82617ca4:	eb00029f 	cmp	x20, x0
    82617ca8:	54fff480 	b.eq	82617b38 <spl_mmc_load_image+0x50>  // b.none
    82617cac:	17ffffdb 	b	82617c18 <spl_mmc_load_image+0x130>
    82617cb0:	f0000060 	adrp	x0, 82626000 <multipliers+0x6ba>
    82617cb4:	128002b3 	mov	w19, #0xffffffea            	// #-22
    82617cb8:	91199c00 	add	x0, x0, #0x667
    82617cbc:	940001cb 	bl	826183e8 <puts>
    82617cc0:	17ffff9e 	b	82617b38 <spl_mmc_load_image+0x50>
    82617cc4:	2a0003e2 	mov	w2, w0
    82617cc8:	2a1603e1 	mov	w1, w22
    82617ccc:	f0000060 	adrp	x0, 82626000 <multipliers+0x6ba>
    82617cd0:	911a0800 	add	x0, x0, #0x682
    82617cd4:	9400169c 	bl	8261d744 <printf>
    82617cd8:	17ffff98 	b	82617b38 <spl_mmc_load_image+0x50>
    82617cdc:	2a1303e0 	mov	w0, w19
    82617ce0:	a94153f3 	ldp	x19, x20, [sp, #16]
    82617ce4:	a9425bf5 	ldp	x21, x22, [sp, #32]
    82617ce8:	a8c47bfd 	ldp	x29, x30, [sp], #64
    82617cec:	d65f03c0 	ret

0000000082617cf0 <board_init_f_alloc_reserve>:
    82617cf0:	928632e1 	mov	x1, #0xffffffffffffce68    	// #-12696
    82617cf4:	8b010000 	add	x0, x0, x1
    82617cf8:	927cec00 	and	x0, x0, #0xfffffffffffffff0
    82617cfc:	d65f03c0 	ret

0000000082617d00 <board_init_f_init_reserve>:
    82617d00:	a9be7bfd 	stp	x29, x30, [sp, #-32]!
    82617d04:	d2803302 	mov	x2, #0x198                 	// #408
    82617d08:	52800001 	mov	w1, #0x0                   	// #0
    82617d0c:	910003fd 	mov	x29, sp
    82617d10:	f9000bf3 	str	x19, [sp, #16]
    82617d14:	aa0003f3 	mov	x19, x0
    82617d18:	91068273 	add	x19, x19, #0x1a0
    82617d1c:	94001160 	bl	8261c29c <memset>
    82617d20:	f9008a53 	str	x19, [x18, #272]
    82617d24:	f9400bf3 	ldr	x19, [sp, #16]
    82617d28:	a8c27bfd 	ldp	x29, x30, [sp], #32
    82617d2c:	d65f03c0 	ret

0000000082617d30 <of_bus_default_map>:
    82617d30:	2a0203e8 	mov	w8, w2
    82617d34:	d2800006 	mov	x6, #0x0                   	// #0
    82617d38:	d2800005 	mov	x5, #0x0                   	// #0
    82617d3c:	eb06011f 	cmp	x8, x6
    82617d40:	540002a1 	b.ne	82617d94 <of_bus_default_map+0x64>  // b.any
    82617d44:	93407c84 	sxtw	x4, w4
    82617d48:	8b22c082 	add	x2, x4, w2, sxtw
    82617d4c:	d2800004 	mov	x4, #0x0                   	// #0
    82617d50:	8b020822 	add	x2, x1, x2, lsl #2
    82617d54:	2a0303e1 	mov	w1, w3
    82617d58:	d2800003 	mov	x3, #0x0                   	// #0
    82617d5c:	eb04003f 	cmp	x1, x4
    82617d60:	54000241 	b.ne	82617da8 <of_bus_default_map+0x78>  // b.any
    82617d64:	d2800002 	mov	x2, #0x0                   	// #0
    82617d68:	d2800001 	mov	x1, #0x0                   	// #0
    82617d6c:	eb02011f 	cmp	x8, x2
    82617d70:	54000261 	b.ne	82617dbc <of_bus_default_map+0x8c>  // b.any
    82617d74:	eb05003f 	cmp	x1, x5
    82617d78:	540002c3 	b.cc	82617dd0 <of_bus_default_map+0xa0>  // b.lo, b.ul, b.last
    82617d7c:	8b050063 	add	x3, x3, x5
    82617d80:	cb050025 	sub	x5, x1, x5
    82617d84:	eb01007f 	cmp	x3, x1
    82617d88:	b2407fe0 	mov	x0, #0xffffffff            	// #4294967295
    82617d8c:	9a8080a0 	csel	x0, x5, x0, hi  // hi = pmore
    82617d90:	d65f03c0 	ret
    82617d94:	b8667827 	ldr	w7, [x1, x6, lsl #2]
    82617d98:	910004c6 	add	x6, x6, #0x1
    82617d9c:	5ac008e7 	rev	w7, w7
    82617da0:	aa0580e5 	orr	x5, x7, x5, lsl #32
    82617da4:	17ffffe6 	b	82617d3c <of_bus_default_map+0xc>
    82617da8:	b8647846 	ldr	w6, [x2, x4, lsl #2]
    82617dac:	91000484 	add	x4, x4, #0x1
    82617db0:	5ac008c6 	rev	w6, w6
    82617db4:	aa0380c3 	orr	x3, x6, x3, lsl #32
    82617db8:	17ffffe9 	b	82617d5c <of_bus_default_map+0x2c>
    82617dbc:	b8627804 	ldr	w4, [x0, x2, lsl #2]
    82617dc0:	91000442 	add	x2, x2, #0x1
    82617dc4:	5ac00884 	rev	w4, w4
    82617dc8:	aa018081 	orr	x1, x4, x1, lsl #32
    82617dcc:	17ffffe8 	b	82617d6c <of_bus_default_map+0x3c>
    82617dd0:	b2407fe0 	mov	x0, #0xffffffff            	// #4294967295
    82617dd4:	17ffffef 	b	82617d90 <of_bus_default_map+0x60>

0000000082617dd8 <of_bus_default_translate>:
    82617dd8:	a9bc7bfd 	stp	x29, x30, [sp, #-64]!
    82617ddc:	2a0203e2 	mov	w2, w2
    82617de0:	910003fd 	mov	x29, sp
    82617de4:	a9025bf5 	stp	x21, x22, [sp, #32]
    82617de8:	aa0203f5 	mov	x21, x2
    82617dec:	f9001bf7 	str	x23, [sp, #48]
    82617df0:	aa0103f7 	mov	x23, x1
    82617df4:	a90153f3 	stp	x19, x20, [sp, #16]
    82617df8:	aa0003f3 	mov	x19, x0
    82617dfc:	d2800014 	mov	x20, #0x0                   	// #0
    82617e00:	d2800000 	mov	x0, #0x0                   	// #0
    82617e04:	eb02001f 	cmp	x0, x2
    82617e08:	540003a1 	b.ne	82617e7c <of_bus_default_translate+0xa4>  // b.any
    82617e0c:	531e76b6 	lsl	w22, w21, #2
    82617e10:	aa1303e0 	mov	x0, x19
    82617e14:	52800001 	mov	w1, #0x0                   	// #0
    82617e18:	8b170294 	add	x20, x20, x23
    82617e1c:	93407ed6 	sxtw	x22, w22
    82617e20:	aa1603e2 	mov	x2, x22
    82617e24:	9400111e 	bl	8261c29c <memset>
    82617e28:	710006bf 	cmp	w21, #0x1
    82617e2c:	8b160273 	add	x19, x19, x22
    82617e30:	5400016d 	b.le	82617e5c <of_bus_default_translate+0x84>
    82617e34:	d360fe81 	lsr	x1, x20, #32
    82617e38:	53185c20 	lsl	w0, w1, #8
    82617e3c:	53087c22 	lsr	w2, w1, #8
    82617e40:	12181c42 	and	w2, w2, #0xff00
    82617e44:	12101c00 	and	w0, w0, #0xff0000
    82617e48:	2a020000 	orr	w0, w0, w2
    82617e4c:	53187c22 	lsr	w2, w1, #24
    82617e50:	2a016041 	orr	w1, w2, w1, lsl #24
    82617e54:	2a010000 	orr	w0, w0, w1
    82617e58:	b81f8260 	stur	w0, [x19, #-8]
    82617e5c:	5ac00a94 	rev	w20, w20
    82617e60:	b81fc274 	stur	w20, [x19, #-4]
    82617e64:	52800000 	mov	w0, #0x0                   	// #0
    82617e68:	a94153f3 	ldp	x19, x20, [sp, #16]
    82617e6c:	a9425bf5 	ldp	x21, x22, [sp, #32]
    82617e70:	f9401bf7 	ldr	x23, [sp, #48]
    82617e74:	a8c47bfd 	ldp	x29, x30, [sp], #64
    82617e78:	d65f03c0 	ret
    82617e7c:	b8607a61 	ldr	w1, [x19, x0, lsl #2]
    82617e80:	91000400 	add	x0, x0, #0x1
    82617e84:	5ac00821 	rev	w1, w1
    82617e88:	aa148034 	orr	x20, x1, x20, lsl #32
    82617e8c:	17ffffde 	b	82617e04 <of_bus_default_translate+0x2c>

0000000082617e90 <fdt_support_default_count_cells>:
    82617e90:	a9bd7bfd 	stp	x29, x30, [sp, #-48]!
    82617e94:	910003fd 	mov	x29, sp
    82617e98:	a90153f3 	stp	x19, x20, [sp, #16]
    82617e9c:	aa0303f3 	mov	x19, x3
    82617ea0:	a9025bf5 	stp	x21, x22, [sp, #32]
    82617ea4:	aa0003f5 	mov	x21, x0
    82617ea8:	2a0103f6 	mov	w22, w1
    82617eac:	b4000082 	cbz	x2, 82617ebc <fdt_support_default_count_cells+0x2c>
    82617eb0:	aa0203f4 	mov	x20, x2
    82617eb4:	94000b6c 	bl	8261ac64 <fdt_address_cells>
    82617eb8:	b9000280 	str	w0, [x20]
    82617ebc:	b4000173 	cbz	x19, 82617ee8 <fdt_support_default_count_cells+0x58>
    82617ec0:	d0000062 	adrp	x2, 82625000 <_ctype+0x35c>
    82617ec4:	2a1603e1 	mov	w1, w22
    82617ec8:	91148042 	add	x2, x2, #0x520
    82617ecc:	aa1503e0 	mov	x0, x21
    82617ed0:	d2800003 	mov	x3, #0x0                   	// #0
    82617ed4:	94000cd1 	bl	8261b218 <fdt_getprop>
    82617ed8:	b4000100 	cbz	x0, 82617ef8 <fdt_support_default_count_cells+0x68>
    82617edc:	b9400000 	ldr	w0, [x0]
    82617ee0:	5ac00800 	rev	w0, w0
    82617ee4:	b9000260 	str	w0, [x19]
    82617ee8:	a94153f3 	ldp	x19, x20, [sp, #16]
    82617eec:	a9425bf5 	ldp	x21, x22, [sp, #32]
    82617ef0:	a8c37bfd 	ldp	x29, x30, [sp], #48
    82617ef4:	d65f03c0 	ret
    82617ef8:	52800020 	mov	w0, #0x1                   	// #1
    82617efc:	17fffffa 	b	82617ee4 <fdt_support_default_count_cells+0x54>

0000000082617f00 <fdt_translate_address>:
    82617f00:	a9b67bfd 	stp	x29, x30, [sp, #-160]!
    82617f04:	910003fd 	mov	x29, sp
    82617f08:	a90153f3 	stp	x19, x20, [sp, #16]
    82617f0c:	aa0003f3 	mov	x19, x0
    82617f10:	a9025bf5 	stp	x21, x22, [sp, #32]
    82617f14:	aa0203f5 	mov	x21, x2
    82617f18:	90000082 	adrp	x2, 82627000 <multipliers+0x16ba>
    82617f1c:	a90363f7 	stp	x23, x24, [sp, #48]
    82617f20:	2a0103f7 	mov	w23, w1
    82617f24:	a9046bf9 	stp	x25, x26, [sp, #64]
    82617f28:	a90573fb 	stp	x27, x28, [sp, #80]
    82617f2c:	f9421c43 	ldr	x3, [x2, #1080]
    82617f30:	f9004fe3 	str	x3, [sp, #152]
    82617f34:	d2800003 	mov	x3, #0x0                   	// #0
    82617f38:	94000da9 	bl	8261b5dc <fdt_parent_offset>
    82617f3c:	37f80360 	tbnz	w0, #31, 82617fa8 <fdt_translate_address+0xa8>
    82617f40:	b0000096 	adrp	x22, 82628000 <ovl+0xf0>
    82617f44:	911822d6 	add	x22, x22, #0x608
    82617f48:	2a0003e1 	mov	w1, w0
    82617f4c:	2a0003f4 	mov	w20, w0
    82617f50:	9101e3e3 	add	x3, sp, #0x78
    82617f54:	aa1303e0 	mov	x0, x19
    82617f58:	f9400ec4 	ldr	x4, [x22, #24]
    82617f5c:	9101d3e2 	add	x2, sp, #0x74
    82617f60:	d63f0080 	blr	x4
    82617f64:	b94077e0 	ldr	w0, [sp, #116]
    82617f68:	51000401 	sub	w1, w0, #0x1
    82617f6c:	71000c3f 	cmp	w1, #0x3
    82617f70:	54000088 	b.hi	82617f80 <fdt_translate_address+0x80>  // b.pmore
    82617f74:	b9407be1 	ldr	w1, [sp, #120]
    82617f78:	7100003f 	cmp	w1, #0x0
    82617f7c:	540001ac 	b.gt	82617fb0 <fdt_translate_address+0xb0>
    82617f80:	2a1703e1 	mov	w1, w23
    82617f84:	d2800002 	mov	x2, #0x0                   	// #0
    82617f88:	aa1303e0 	mov	x0, x19
    82617f8c:	94000bfd 	bl	8261af80 <fdt_get_name>
    82617f90:	b0000061 	adrp	x1, 82624000 <blk_find_max_devnum+0x3c>
    82617f94:	aa0003e2 	mov	x2, x0
    82617f98:	912dcc21 	add	x1, x1, #0xb73
    82617f9c:	d0000060 	adrp	x0, 82625000 <_ctype+0x35c>
    82617fa0:	9114b000 	add	x0, x0, #0x52c
    82617fa4:	940015e8 	bl	8261d744 <printf>
    82617fa8:	b2407fe0 	mov	x0, #0xffffffff            	// #4294967295
    82617fac:	14000014 	b	82617ffc <fdt_translate_address+0xfc>
    82617fb0:	d0000078 	adrp	x24, 82625000 <_ctype+0x35c>
    82617fb4:	91151f18 	add	x24, x24, #0x547
    82617fb8:	531e7400 	lsl	w0, w0, #2
    82617fbc:	b2407ffa 	mov	x26, #0xffffffff            	// #4294967295
    82617fc0:	aa1503e1 	mov	x1, x21
    82617fc4:	93407c02 	sxtw	x2, w0
    82617fc8:	910223e0 	add	x0, sp, #0x88
    82617fcc:	940010cf 	bl	8261c308 <memcpy>
    82617fd0:	2a1403e1 	mov	w1, w20
    82617fd4:	aa1303e0 	mov	x0, x19
    82617fd8:	94000d81 	bl	8261b5dc <fdt_parent_offset>
    82617fdc:	2a0003f7 	mov	w23, w0
    82617fe0:	36f80240 	tbz	w0, #31, 82618028 <fdt_translate_address+0x128>
    82617fe4:	b94077e1 	ldr	w1, [sp, #116]
    82617fe8:	910223e3 	add	x3, sp, #0x88
    82617fec:	d2800000 	mov	x0, #0x0                   	// #0
    82617ff0:	51000421 	sub	w1, w1, #0x1
    82617ff4:	3100043f 	cmn	w1, #0x1
    82617ff8:	54000101 	b.ne	82618018 <fdt_translate_address+0x118>  // b.any
    82617ffc:	90000081 	adrp	x1, 82627000 <multipliers+0x16ba>
    82618000:	f9404fe2 	ldr	x2, [sp, #152]
    82618004:	f9421c23 	ldr	x3, [x1, #1080]
    82618008:	eb030042 	subs	x2, x2, x3
    8261800c:	d2800003 	mov	x3, #0x0                   	// #0
    82618010:	54000b80 	b.eq	82618180 <fdt_translate_address+0x280>  // b.none
    82618014:	97ffe8fa 	bl	826123fc <__stack_chk_fail>
    82618018:	b8404462 	ldr	w2, [x3], #4
    8261801c:	5ac00842 	rev	w2, w2
    82618020:	aa008040 	orr	x0, x2, x0, lsl #32
    82618024:	17fffff3 	b	82617ff0 <fdt_translate_address+0xf0>
    82618028:	f9400ec4 	ldr	x4, [x22, #24]
    8261802c:	2a0003e1 	mov	w1, w0
    82618030:	910203e3 	add	x3, sp, #0x80
    82618034:	aa1303e0 	mov	x0, x19
    82618038:	9101f3e2 	add	x2, sp, #0x7c
    8261803c:	d63f0080 	blr	x4
    82618040:	b9407ffc 	ldr	w28, [sp, #124]
    82618044:	51000780 	sub	w0, w28, #0x1
    82618048:	71000c1f 	cmp	w0, #0x3
    8261804c:	54000088 	b.hi	8261805c <fdt_translate_address+0x15c>  // b.pmore
    82618050:	b94083e0 	ldr	w0, [sp, #128]
    82618054:	7100001f 	cmp	w0, #0x0
    82618058:	5400008c 	b.gt	82618068 <fdt_translate_address+0x168>
    8261805c:	2a1403e1 	mov	w1, w20
    82618060:	d2800002 	mov	x2, #0x0                   	// #0
    82618064:	17ffffc9 	b	82617f88 <fdt_translate_address+0x88>
    82618068:	2a1403e1 	mov	w1, w20
    8261806c:	910213e3 	add	x3, sp, #0x84
    82618070:	294ee7fb 	ldp	w27, w25, [sp, #116]
    82618074:	aa1803e2 	mov	x2, x24
    82618078:	aa1303e0 	mov	x0, x19
    8261807c:	94000c67 	bl	8261b218 <fdt_getprop>
    82618080:	aa0003f4 	mov	x20, x0
    82618084:	b4000060 	cbz	x0, 82618090 <fdt_translate_address+0x190>
    82618088:	b94087e0 	ldr	w0, [sp, #132]
    8261808c:	35000360 	cbnz	w0, 826180f8 <fdt_translate_address+0x1f8>
    82618090:	910223e1 	add	x1, sp, #0x88
    82618094:	d2800015 	mov	x21, #0x0                   	// #0
    82618098:	14000004 	b	826180a8 <fdt_translate_address+0x1a8>
    8261809c:	b8404420 	ldr	w0, [x1], #4
    826180a0:	5ac00800 	rev	w0, w0
    826180a4:	aa158015 	orr	x21, x0, x21, lsl #32
    826180a8:	5100077b 	sub	w27, w27, #0x1
    826180ac:	3100077f 	cmn	w27, #0x1
    826180b0:	54ffff61 	b.ne	8261809c <fdt_translate_address+0x19c>  // b.any
    826180b4:	531e7782 	lsl	w2, w28, #2
    826180b8:	910223e0 	add	x0, sp, #0x88
    826180bc:	52800001 	mov	w1, #0x0                   	// #0
    826180c0:	93407c42 	sxtw	x2, w2
    826180c4:	94001076 	bl	8261c29c <memset>
    826180c8:	f94016c3 	ldr	x3, [x22, #40]
    826180cc:	2a1c03e2 	mov	w2, w28
    826180d0:	aa1503e1 	mov	x1, x21
    826180d4:	910223e0 	add	x0, sp, #0x88
    826180d8:	d63f0060 	blr	x3
    826180dc:	35fff660 	cbnz	w0, 82617fa8 <fdt_translate_address+0xa8>
    826180e0:	b9407fe0 	ldr	w0, [sp, #124]
    826180e4:	2a1703f4 	mov	w20, w23
    826180e8:	b90077e0 	str	w0, [sp, #116]
    826180ec:	b94083e0 	ldr	w0, [sp, #128]
    826180f0:	b9007be0 	str	w0, [sp, #120]
    826180f4:	17ffffb7 	b	82617fd0 <fdt_translate_address+0xd0>
    826180f8:	52800081 	mov	w1, #0x4                   	// #4
    826180fc:	0b1b0385 	add	w5, w28, w27
    82618100:	0b1900a5 	add	w5, w5, w25
    82618104:	1ac10c00 	sdiv	w0, w0, w1
    82618108:	937e7ca6 	sbfiz	x6, x5, #2, #32
    8261810c:	b90087e0 	str	w0, [sp, #132]
    82618110:	b94087e0 	ldr	w0, [sp, #132]
    82618114:	6b0000bf 	cmp	w5, w0
    82618118:	54fff48c 	b.gt	82617fa8 <fdt_translate_address+0xa8>
    8261811c:	f94012c7 	ldr	x7, [x22, #32]
    82618120:	2a1c03e4 	mov	w4, w28
    82618124:	2a1903e3 	mov	w3, w25
    82618128:	2a1b03e2 	mov	w2, w27
    8261812c:	aa1403e1 	mov	x1, x20
    82618130:	910223e0 	add	x0, sp, #0x88
    82618134:	b90067e5 	str	w5, [sp, #100]
    82618138:	f90037e6 	str	x6, [sp, #104]
    8261813c:	d63f00e0 	blr	x7
    82618140:	aa0003f5 	mov	x21, x0
    82618144:	eb1a001f 	cmp	x0, x26
    82618148:	54000101 	b.ne	82618168 <fdt_translate_address+0x268>  // b.any
    8261814c:	f94037e6 	ldr	x6, [sp, #104]
    82618150:	b94087e0 	ldr	w0, [sp, #132]
    82618154:	b94067e5 	ldr	w5, [sp, #100]
    82618158:	8b060294 	add	x20, x20, x6
    8261815c:	4b050000 	sub	w0, w0, w5
    82618160:	b90087e0 	str	w0, [sp, #132]
    82618164:	17ffffeb 	b	82618110 <fdt_translate_address+0x210>
    82618168:	531e7782 	lsl	w2, w28, #2
    8261816c:	8b3bca81 	add	x1, x20, w27, sxtw #2
    82618170:	910223e0 	add	x0, sp, #0x88
    82618174:	93407c42 	sxtw	x2, w2
    82618178:	94001064 	bl	8261c308 <memcpy>
    8261817c:	17ffffd3 	b	826180c8 <fdt_translate_address+0x1c8>
    82618180:	a94153f3 	ldp	x19, x20, [sp, #16]
    82618184:	a9425bf5 	ldp	x21, x22, [sp, #32]
    82618188:	a94363f7 	ldp	x23, x24, [sp, #48]
    8261818c:	a9446bf9 	ldp	x25, x26, [sp, #64]
    82618190:	a94573fb 	ldp	x27, x28, [sp, #80]
    82618194:	a8ca7bfd 	ldp	x29, x30, [sp], #160
    82618198:	d65f03c0 	ret

000000008261819c <mdelay>:
    8261819c:	d2807d01 	mov	x1, #0x3e8                 	// #1000
    826181a0:	9b017c00 	mul	x0, x0, x1
    826181a4:	140010d1 	b	8261c4e8 <udelay>

00000000826181a8 <dummy>:
    826181a8:	d65f03c0 	ret

00000000826181ac <get_version>:
    826181ac:	d2800120 	mov	x0, #0x9                   	// #9
    826181b0:	d65f03c0 	ret

00000000826181b4 <jumptable_init>:
    826181b4:	a9be7bfd 	stp	x29, x30, [sp, #-32]!
    826181b8:	d2801f00 	mov	x0, #0xf8                  	// #248
    826181bc:	910003fd 	mov	x29, sp
    826181c0:	f9000bf3 	str	x19, [sp, #16]
    826181c4:	aa1203f3 	mov	x19, x18
    826181c8:	940000cb 	bl	826184f4 <malloc_simple>
    826181cc:	f9007260 	str	x0, [x19, #224]
    826181d0:	90000000 	adrp	x0, 82618000 <fdt_translate_address+0x100>
    826181d4:	9106b000 	add	x0, x0, #0x1ac
    826181d8:	f9407241 	ldr	x1, [x18, #224]
    826181dc:	f9000020 	str	x0, [x1]
    826181e0:	90000001 	adrp	x1, 82618000 <fdt_translate_address+0x100>
    826181e4:	910f1021 	add	x1, x1, #0x3c4
    826181e8:	90000020 	adrp	x0, 8261c000 <crc32_no_comp+0x4>
    826181ec:	f9407242 	ldr	x2, [x18, #224]
    826181f0:	910a7000 	add	x0, x0, #0x29c
    826181f4:	f9000441 	str	x1, [x2, #8]
    826181f8:	90000001 	adrp	x1, 82618000 <fdt_translate_address+0x100>
    826181fc:	9111f021 	add	x1, x1, #0x47c
    82618200:	f9407242 	ldr	x2, [x18, #224]
    82618204:	f9000841 	str	x1, [x2, #16]
    82618208:	90000001 	adrp	x1, 82618000 <fdt_translate_address+0x100>
    8261820c:	91107021 	add	x1, x1, #0x41c
    82618210:	f9407242 	ldr	x2, [x18, #224]
    82618214:	f9000c41 	str	x1, [x2, #24]
    82618218:	90000001 	adrp	x1, 82618000 <fdt_translate_address+0x100>
    8261821c:	910fa021 	add	x1, x1, #0x3e8
    82618220:	f9407242 	ldr	x2, [x18, #224]
    82618224:	f9001041 	str	x1, [x2, #32]
    82618228:	b0000021 	adrp	x1, 8261d000 <vsnprintf_internal+0x43c>
    8261822c:	911d1021 	add	x1, x1, #0x744
    82618230:	f9407242 	ldr	x2, [x18, #224]
    82618234:	f9001441 	str	x1, [x2, #40]
    82618238:	90000001 	adrp	x1, 82618000 <fdt_translate_address+0x100>
    8261823c:	9106a021 	add	x1, x1, #0x1a8
    82618240:	f9407242 	ldr	x2, [x18, #224]
    82618244:	f9001841 	str	x1, [x2, #48]
    82618248:	f9407242 	ldr	x2, [x18, #224]
    8261824c:	f9001c41 	str	x1, [x2, #56]
    82618250:	90000002 	adrp	x2, 82618000 <fdt_translate_address+0x100>
    82618254:	9113d042 	add	x2, x2, #0x4f4
    82618258:	f9407243 	ldr	x3, [x18, #224]
    8261825c:	f9002062 	str	x2, [x3, #64]
    82618260:	90000022 	adrp	x2, 8261c000 <crc32_no_comp+0x4>
    82618264:	9113a042 	add	x2, x2, #0x4e8
    82618268:	f9407243 	ldr	x3, [x18, #224]
    8261826c:	f9002462 	str	x2, [x3, #72]
    82618270:	90000022 	adrp	x2, 8261c000 <crc32_no_comp+0x4>
    82618274:	9110f042 	add	x2, x2, #0x43c
    82618278:	f9407243 	ldr	x3, [x18, #224]
    8261827c:	f9002862 	str	x2, [x3, #80]
    82618280:	b0000022 	adrp	x2, 8261d000 <vsnprintf_internal+0x43c>
    82618284:	91209042 	add	x2, x2, #0x824
    82618288:	f9407243 	ldr	x3, [x18, #224]
    8261828c:	f9002c62 	str	x2, [x3, #88]
    82618290:	f9407242 	ldr	x2, [x18, #224]
    82618294:	f9003041 	str	x1, [x2, #96]
    82618298:	f9407242 	ldr	x2, [x18, #224]
    8261829c:	f9003441 	str	x1, [x2, #104]
    826182a0:	f9407242 	ldr	x2, [x18, #224]
    826182a4:	f9003841 	str	x1, [x2, #112]
    826182a8:	b0000022 	adrp	x2, 8261d000 <vsnprintf_internal+0x43c>
    826182ac:	9122a042 	add	x2, x2, #0x8a8
    826182b0:	f9407243 	ldr	x3, [x18, #224]
    826182b4:	f9003c62 	str	x2, [x3, #120]
    826182b8:	b0000022 	adrp	x2, 8261d000 <vsnprintf_internal+0x43c>
    826182bc:	f9407243 	ldr	x3, [x18, #224]
    826182c0:	9126c042 	add	x2, x2, #0x9b0
    826182c4:	f9004062 	str	x2, [x3, #128]
    826182c8:	b0000022 	adrp	x2, 8261d000 <vsnprintf_internal+0x43c>
    826182cc:	91299042 	add	x2, x2, #0xa64
    826182d0:	f9407243 	ldr	x3, [x18, #224]
    826182d4:	f9004462 	str	x2, [x3, #136]
    826182d8:	90000022 	adrp	x2, 8261c000 <crc32_no_comp+0x4>
    826182dc:	91051042 	add	x2, x2, #0x144
    826182e0:	f9407243 	ldr	x3, [x18, #224]
    826182e4:	f9004862 	str	x2, [x3, #144]
    826182e8:	f9407242 	ldr	x2, [x18, #224]
    826182ec:	f9004c41 	str	x1, [x2, #152]
    826182f0:	f9407242 	ldr	x2, [x18, #224]
    826182f4:	f9005041 	str	x1, [x2, #160]
    826182f8:	f9407242 	ldr	x2, [x18, #224]
    826182fc:	f9005441 	str	x1, [x2, #168]
    82618300:	f9407242 	ldr	x2, [x18, #224]
    82618304:	f9005841 	str	x1, [x2, #176]
    82618308:	f9407242 	ldr	x2, [x18, #224]
    8261830c:	f9005c41 	str	x1, [x2, #184]
    82618310:	f9407242 	ldr	x2, [x18, #224]
    82618314:	f9006041 	str	x1, [x2, #192]
    82618318:	f9407242 	ldr	x2, [x18, #224]
    8261831c:	f9006441 	str	x1, [x2, #200]
    82618320:	b0000021 	adrp	x1, 8261d000 <vsnprintf_internal+0x43c>
    82618324:	912a4021 	add	x1, x1, #0xa90
    82618328:	f9407242 	ldr	x2, [x18, #224]
    8261832c:	f9006841 	str	x1, [x2, #208]
    82618330:	b0000021 	adrp	x1, 8261d000 <vsnprintf_internal+0x43c>
    82618334:	912c8021 	add	x1, x1, #0xb20
    82618338:	f9407242 	ldr	x2, [x18, #224]
    8261833c:	f9006c41 	str	x1, [x2, #216]
    82618340:	90000021 	adrp	x1, 8261c000 <crc32_no_comp+0x4>
    82618344:	91043021 	add	x1, x1, #0x10c
    82618348:	f9407242 	ldr	x2, [x18, #224]
    8261834c:	f9007041 	str	x1, [x2, #224]
    82618350:	90000001 	adrp	x1, 82618000 <fdt_translate_address+0x100>
    82618354:	91067021 	add	x1, x1, #0x19c
    82618358:	f9407242 	ldr	x2, [x18, #224]
    8261835c:	f9007441 	str	x1, [x2, #232]
    82618360:	f9407241 	ldr	x1, [x18, #224]
    82618364:	f9007820 	str	x0, [x1, #240]
    82618368:	f9400bf3 	ldr	x19, [sp, #16]
    8261836c:	a8c27bfd 	ldp	x29, x30, [sp], #32
    82618370:	d65f03c0 	ret

0000000082618374 <fgetc.part.0>:
    82618374:	a9be7bfd 	stp	x29, x30, [sp, #-32]!
    82618378:	910003fd 	mov	x29, sp
    8261837c:	a90153f3 	stp	x19, x20, [sp, #16]
    82618380:	90000153 	adrp	x19, 82640000 <pmc>
    82618384:	93407c14 	sxtw	x20, w0
    82618388:	91050273 	add	x19, x19, #0x140
    8261838c:	94002e2d 	bl	82623c40 <watchdog_reset>
    82618390:	f8747a60 	ldr	x0, [x19, x20, lsl #3]
    82618394:	f9402401 	ldr	x1, [x0, #72]
    82618398:	d63f0020 	blr	x1
    8261839c:	340000e0 	cbz	w0, 826183b8 <fgetc.part.0+0x44>
    826183a0:	f8747a60 	ldr	x0, [x19, x20, lsl #3]
    826183a4:	a94153f3 	ldp	x19, x20, [sp, #16]
    826183a8:	a8c27bfd 	ldp	x29, x30, [sp], #32
    826183ac:	f9402801 	ldr	x1, [x0, #80]
    826183b0:	aa0103f0 	mov	x16, x1
    826183b4:	d61f0200 	br	x16
    826183b8:	d2800020 	mov	x0, #0x1                   	// #1
    826183bc:	9400104b 	bl	8261c4e8 <udelay>
    826183c0:	17fffff3 	b	8261838c <fgetc.part.0+0x18>

00000000826183c4 <getc>:
    826183c4:	f9401e41 	ldr	x1, [x18, #56]
    826183c8:	b40000c1 	cbz	x1, 826183e0 <getc+0x1c>
    826183cc:	f9400640 	ldr	x0, [x18, #8]
    826183d0:	36080060 	tbz	w0, #1, 826183dc <getc+0x18>
    826183d4:	52800000 	mov	w0, #0x0                   	// #0
    826183d8:	17ffffe7 	b	82618374 <fgetc.part.0>
    826183dc:	14002aa2 	b	82622e64 <serial_getc>
    826183e0:	52800000 	mov	w0, #0x0                   	// #0
    826183e4:	d65f03c0 	ret

00000000826183e8 <puts>:
    826183e8:	aa0003e1 	mov	x1, x0
    826183ec:	b4000172 	cbz	x18, 82618418 <puts+0x30>
    826183f0:	f9401e43 	ldr	x3, [x18, #56]
    826183f4:	b4000123 	cbz	x3, 82618418 <puts+0x30>
    826183f8:	f9400642 	ldr	x2, [x18, #8]
    826183fc:	360800c2 	tbz	w2, #1, 82618414 <puts+0x2c>
    82618400:	90000140 	adrp	x0, 82640000 <pmc>
    82618404:	f940a400 	ldr	x0, [x0, #328]
    82618408:	f9402002 	ldr	x2, [x0, #64]
    8261840c:	aa0203f0 	mov	x16, x2
    82618410:	d61f0200 	br	x16
    82618414:	14002a83 	b	82622e20 <serial_puts>
    82618418:	d65f03c0 	ret

000000008261841c <putc>:
    8261841c:	12001c01 	and	w1, w0, #0xff
    82618420:	b4000192 	cbz	x18, 82618450 <putc+0x34>
    82618424:	f9401e40 	ldr	x0, [x18, #56]
    82618428:	b4000140 	cbz	x0, 82618450 <putc+0x34>
    8261842c:	f9400640 	ldr	x0, [x18, #8]
    82618430:	360800c0 	tbz	w0, #1, 82618448 <putc+0x2c>
    82618434:	90000140 	adrp	x0, 82640000 <pmc>
    82618438:	f940a400 	ldr	x0, [x0, #328]
    8261843c:	f9401c02 	ldr	x2, [x0, #56]
    82618440:	aa0203f0 	mov	x16, x2
    82618444:	d61f0200 	br	x16
    82618448:	2a0103e0 	mov	w0, w1
    8261844c:	14002a6f 	b	82622e08 <serial_putc>
    82618450:	d65f03c0 	ret

0000000082618454 <ftstc>:
    82618454:	7100081f 	cmp	w0, #0x2
    82618458:	540000ec 	b.gt	82618474 <ftstc+0x20>
    8261845c:	90000141 	adrp	x1, 82640000 <pmc>
    82618460:	91050021 	add	x1, x1, #0x140
    82618464:	f860d820 	ldr	x0, [x1, w0, sxtw #3]
    82618468:	f9402401 	ldr	x1, [x0, #72]
    8261846c:	aa0103f0 	mov	x16, x1
    82618470:	d61f0200 	br	x16
    82618474:	12800000 	mov	w0, #0xffffffff            	// #-1
    82618478:	d65f03c0 	ret

000000008261847c <tstc>:
    8261847c:	f9401e41 	ldr	x1, [x18, #56]
    82618480:	b40000c1 	cbz	x1, 82618498 <tstc+0x1c>
    82618484:	f9400640 	ldr	x0, [x18, #8]
    82618488:	36080060 	tbz	w0, #1, 82618494 <tstc+0x18>
    8261848c:	52800000 	mov	w0, #0x0                   	// #0
    82618490:	17fffff1 	b	82618454 <ftstc>
    82618494:	14002a8a 	b	82622ebc <serial_tstc>
    82618498:	52800000 	mov	w0, #0x0                   	// #0
    8261849c:	d65f03c0 	ret

00000000826184a0 <alloc_simple>:
    826184a0:	f9408a42 	ldr	x2, [x18, #272]
    826184a4:	93407c23 	sxtw	x3, w1
    826184a8:	f9409245 	ldr	x5, [x18, #288]
    826184ac:	8b050041 	add	x1, x2, x5
    826184b0:	d1000462 	sub	x2, x3, #0x1
    826184b4:	8b020021 	add	x1, x1, x2
    826184b8:	cb0303e3 	neg	x3, x3
    826184bc:	f9408a42 	ldr	x2, [x18, #272]
    826184c0:	8a030021 	and	x1, x1, x3
    826184c4:	cb020000 	sub	x0, x0, x2
    826184c8:	8b010002 	add	x2, x0, x1
    826184cc:	f9408e40 	ldr	x0, [x18, #280]
    826184d0:	eb02001f 	cmp	x0, x2
    826184d4:	540000c3 	b.cc	826184ec <alloc_simple+0x4c>  // b.lo, b.ul, b.last
    826184d8:	91001c42 	add	x2, x2, #0x7
    826184dc:	aa0103e0 	mov	x0, x1
    826184e0:	927df042 	and	x2, x2, #0xfffffffffffffff8
    826184e4:	f9009242 	str	x2, [x18, #288]
    826184e8:	d65f03c0 	ret
    826184ec:	d2800000 	mov	x0, #0x0                   	// #0
    826184f0:	17fffffe 	b	826184e8 <alloc_simple+0x48>

00000000826184f4 <malloc_simple>:
    826184f4:	52800021 	mov	w1, #0x1                   	// #1
    826184f8:	17ffffea 	b	826184a0 <alloc_simple>

00000000826184fc <memalign_simple>:
    826184fc:	aa0003e2 	mov	x2, x0
    82618500:	aa0103e0 	mov	x0, x1
    82618504:	2a0203e1 	mov	w1, w2
    82618508:	17ffffe6 	b	826184a0 <alloc_simple>

000000008261850c <calloc>:
    8261850c:	a9be7bfd 	stp	x29, x30, [sp, #-32]!
    82618510:	9b017c04 	mul	x4, x0, x1
    82618514:	910003fd 	mov	x29, sp
    82618518:	aa0403e0 	mov	x0, x4
    8261851c:	f9000bf3 	str	x19, [sp, #16]
    82618520:	97fffff5 	bl	826184f4 <malloc_simple>
    82618524:	aa0003f3 	mov	x19, x0
    82618528:	b4000080 	cbz	x0, 82618538 <calloc+0x2c>
    8261852c:	aa0403e2 	mov	x2, x4
    82618530:	52800001 	mov	w1, #0x0                   	// #0
    82618534:	94000f5a 	bl	8261c29c <memset>
    82618538:	aa1303e0 	mov	x0, x19
    8261853c:	f9400bf3 	ldr	x19, [sp, #16]
    82618540:	a8c27bfd 	ldp	x29, x30, [sp], #32
    82618544:	d65f03c0 	ret

0000000082618548 <sha256_process>:
    82618548:	a9ba7bfd 	stp	x29, x30, [sp, #-96]!
    8261854c:	529b74ae 	mov	w14, #0xdba5                	// #56229
    82618550:	72bd36ae 	movk	w14, #0xe9b5, lsl #16
    82618554:	910003fd 	mov	x29, sp
    82618558:	a90153f3 	stp	x19, x20, [sp, #16]
    8261855c:	a9025bf5 	stp	x21, x22, [sp, #32]
    82618560:	a90363f7 	stp	x23, x24, [sp, #48]
    82618564:	a9046bf9 	stp	x25, x26, [sp, #64]
    82618568:	a90573fb 	stp	x27, x28, [sp, #80]
    8261856c:	39401035 	ldrb	w21, [x1, #4]
    82618570:	39401422 	ldrb	w2, [x1, #5]
    82618574:	3940303b 	ldrb	w27, [x1, #12]
    82618578:	39400036 	ldrb	w22, [x1]
    8261857c:	aa0222a2 	orr	x2, x21, x2, lsl #8
    82618580:	39401835 	ldrb	w21, [x1, #6]
    82618584:	39402037 	ldrb	w23, [x1, #8]
    82618588:	39404039 	ldrb	w25, [x1, #16]
    8261858c:	aa154042 	orr	x2, x2, x21, lsl #16
    82618590:	39401c35 	ldrb	w21, [x1, #7]
    82618594:	39400424 	ldrb	w4, [x1, #1]
    82618598:	3940243c 	ldrb	w28, [x1, #9]
    8261859c:	aa156055 	orr	x21, x2, x21, lsl #24
    826185a0:	39403422 	ldrb	w2, [x1, #13]
    826185a4:	39404438 	ldrb	w24, [x1, #17]
    826185a8:	aa0422c4 	orr	x4, x22, x4, lsl #8
    826185ac:	aa1c22fc 	orr	x28, x23, x28, lsl #8
    826185b0:	39400836 	ldrb	w22, [x1, #2]
    826185b4:	aa022362 	orr	x2, x27, x2, lsl #8
    826185b8:	3940383b 	ldrb	w27, [x1, #14]
    826185bc:	39402837 	ldrb	w23, [x1, #10]
    826185c0:	aa182338 	orr	x24, x25, x24, lsl #8
    826185c4:	39404839 	ldrb	w25, [x1, #18]
    826185c8:	aa164084 	orr	x4, x4, x22, lsl #16
    826185cc:	aa1b4042 	orr	x2, x2, x27, lsl #16
    826185d0:	39403c3b 	ldrb	w27, [x1, #15]
    826185d4:	39400c36 	ldrb	w22, [x1, #3]
    826185d8:	aa17439c 	orr	x28, x28, x23, lsl #16
    826185dc:	aa194318 	orr	x24, x24, x25, lsl #16
    826185e0:	39402c37 	ldrb	w23, [x1, #11]
    826185e4:	aa1b605b 	orr	x27, x2, x27, lsl #24
    826185e8:	39404c39 	ldrb	w25, [x1, #19]
    826185ec:	39405034 	ldrb	w20, [x1, #20]
    826185f0:	aa166096 	orr	x22, x4, x22, lsl #24
    826185f4:	39405422 	ldrb	w2, [x1, #21]
    826185f8:	5ac00ad6 	rev	w22, w22
    826185fc:	39406033 	ldrb	w19, [x1, #24]
    82618600:	aa176397 	orr	x23, x28, x23, lsl #24
    82618604:	3940703a 	ldrb	w26, [x1, #28]
    82618608:	5ac00ab5 	rev	w21, w21
    8261860c:	aa022282 	orr	x2, x20, x2, lsl #8
    82618610:	39405834 	ldrb	w20, [x1, #22]
    82618614:	3940803e 	ldrb	w30, [x1, #32]
    82618618:	5ac00af7 	rev	w23, w23
    8261861c:	39409031 	ldrb	w17, [x1, #36]
    82618620:	5ac00b7b 	rev	w27, w27
    82618624:	aa144042 	orr	x2, x2, x20, lsl #16
    82618628:	39405c34 	ldrb	w20, [x1, #23]
    8261862c:	3940a030 	ldrb	w16, [x1, #40]
    82618630:	aa196319 	orr	x25, x24, x25, lsl #24
    82618634:	3940b02f 	ldrb	w15, [x1, #44]
    82618638:	5ac00b39 	rev	w25, w25
    8261863c:	aa146054 	orr	x20, x2, x20, lsl #24
    82618640:	39406422 	ldrb	w2, [x1, #25]
    82618644:	3940c025 	ldrb	w5, [x1, #48]
    82618648:	5ac00a94 	rev	w20, w20
    8261864c:	aa022262 	orr	x2, x19, x2, lsl #8
    82618650:	39406833 	ldrb	w19, [x1, #26]
    82618654:	aa134042 	orr	x2, x2, x19, lsl #16
    82618658:	39406c33 	ldrb	w19, [x1, #27]
    8261865c:	aa136053 	orr	x19, x2, x19, lsl #24
    82618660:	39407422 	ldrb	w2, [x1, #29]
    82618664:	5ac00a73 	rev	w19, w19
    82618668:	aa022342 	orr	x2, x26, x2, lsl #8
    8261866c:	3940783a 	ldrb	w26, [x1, #30]
    82618670:	aa1a4042 	orr	x2, x2, x26, lsl #16
    82618674:	39407c3a 	ldrb	w26, [x1, #31]
    82618678:	aa1a605a 	orr	x26, x2, x26, lsl #24
    8261867c:	39408422 	ldrb	w2, [x1, #33]
    82618680:	5ac00b5a 	rev	w26, w26
    82618684:	aa0223c2 	orr	x2, x30, x2, lsl #8
    82618688:	3940883e 	ldrb	w30, [x1, #34]
    8261868c:	aa1e4042 	orr	x2, x2, x30, lsl #16
    82618690:	39408c3e 	ldrb	w30, [x1, #35]
    82618694:	aa1e605e 	orr	x30, x2, x30, lsl #24
    82618698:	39409422 	ldrb	w2, [x1, #37]
    8261869c:	5ac00bde 	rev	w30, w30
    826186a0:	aa022222 	orr	x2, x17, x2, lsl #8
    826186a4:	39409831 	ldrb	w17, [x1, #38]
    826186a8:	aa114042 	orr	x2, x2, x17, lsl #16
    826186ac:	39409c31 	ldrb	w17, [x1, #39]
    826186b0:	aa116051 	orr	x17, x2, x17, lsl #24
    826186b4:	3940a422 	ldrb	w2, [x1, #41]
    826186b8:	5ac00a31 	rev	w17, w17
    826186bc:	aa022202 	orr	x2, x16, x2, lsl #8
    826186c0:	3940a830 	ldrb	w16, [x1, #42]
    826186c4:	aa104042 	orr	x2, x2, x16, lsl #16
    826186c8:	3940ac30 	ldrb	w16, [x1, #43]
    826186cc:	aa106050 	orr	x16, x2, x16, lsl #24
    826186d0:	3940b422 	ldrb	w2, [x1, #45]
    826186d4:	5ac00a10 	rev	w16, w16
    826186d8:	aa0221e2 	orr	x2, x15, x2, lsl #8
    826186dc:	3940b82f 	ldrb	w15, [x1, #46]
    826186e0:	aa0f4042 	orr	x2, x2, x15, lsl #16
    826186e4:	3940bc2f 	ldrb	w15, [x1, #47]
    826186e8:	aa0f604f 	orr	x15, x2, x15, lsl #24
    826186ec:	3940c422 	ldrb	w2, [x1, #49]
    826186f0:	5ac009ef 	rev	w15, w15
    826186f4:	aa0220a2 	orr	x2, x5, x2, lsl #8
    826186f8:	3940c825 	ldrb	w5, [x1, #50]
    826186fc:	aa054042 	orr	x2, x2, x5, lsl #16
    82618700:	3940cc25 	ldrb	w5, [x1, #51]
    82618704:	3940d02d 	ldrb	w13, [x1, #52]
    82618708:	3940e02c 	ldrb	w12, [x1, #56]
    8261870c:	aa056045 	orr	x5, x2, x5, lsl #24
    82618710:	3940d422 	ldrb	w2, [x1, #53]
    82618714:	3940f02b 	ldrb	w11, [x1, #60]
    82618718:	5ac008a5 	rev	w5, w5
    8261871c:	b9400c03 	ldr	w3, [x0, #12]
    82618720:	aa0221a2 	orr	x2, x13, x2, lsl #8
    82618724:	3940d82d 	ldrb	w13, [x1, #54]
    82618728:	b9400c04 	ldr	w4, [x0, #12]
    8261872c:	aa0d4042 	orr	x2, x2, x13, lsl #16
    82618730:	3940dc2d 	ldrb	w13, [x1, #55]
    82618734:	aa0d604d 	orr	x13, x2, x13, lsl #24
    82618738:	3940e422 	ldrb	w2, [x1, #57]
    8261873c:	5ac009ad 	rev	w13, w13
    82618740:	aa022182 	orr	x2, x12, x2, lsl #8
    82618744:	3940e82c 	ldrb	w12, [x1, #58]
    82618748:	aa0c4042 	orr	x2, x2, x12, lsl #16
    8261874c:	3940ec2c 	ldrb	w12, [x1, #59]
    82618750:	aa0c604c 	orr	x12, x2, x12, lsl #24
    82618754:	3940f422 	ldrb	w2, [x1, #61]
    82618758:	5ac0098c 	rev	w12, w12
    8261875c:	aa022162 	orr	x2, x11, x2, lsl #8
    82618760:	3940f82b 	ldrb	w11, [x1, #62]
    82618764:	aa0b4042 	orr	x2, x2, x11, lsl #16
    82618768:	3940fc2b 	ldrb	w11, [x1, #63]
    8261876c:	b9401801 	ldr	w1, [x0, #24]
    82618770:	aa0b604b 	orr	x11, x2, x11, lsl #24
    82618774:	b9402002 	ldr	w2, [x0, #32]
    82618778:	5ac0096b 	rev	w11, w11
    8261877c:	13812c26 	ror	w6, w1, #11
    82618780:	4ac118c6 	eor	w6, w6, w1, ror #6
    82618784:	4ac164c6 	eor	w6, w6, w1, ror #25
    82618788:	b9401c01 	ldr	w1, [x0, #28]
    8261878c:	4a020021 	eor	w1, w1, w2
    82618790:	b9401802 	ldr	w2, [x0, #24]
    82618794:	0a020021 	and	w1, w1, w2
    82618798:	b9402002 	ldr	w2, [x0, #32]
    8261879c:	4a020021 	eor	w1, w1, w2
    826187a0:	b9402402 	ldr	w2, [x0, #36]
    826187a4:	0b0100c6 	add	w6, w6, w1
    826187a8:	5285f301 	mov	w1, #0x2f98                	// #12184
    826187ac:	72a85141 	movk	w1, #0x428a, lsl #16
    826187b0:	0b010041 	add	w1, w2, w1
    826187b4:	0b0100c6 	add	w6, w6, w1
    826187b8:	b9401402 	ldr	w2, [x0, #20]
    826187bc:	0b1600c1 	add	w1, w6, w22
    826187c0:	0b1102d6 	add	w22, w22, w17
    826187c4:	0b01005c 	add	w28, w2, w1
    826187c8:	b9400802 	ldr	w2, [x0, #8]
    826187cc:	13823446 	ror	w6, w2, #13
    826187d0:	4ac208c6 	eor	w6, w6, w2, ror #2
    826187d4:	4ac258c6 	eor	w6, w6, w2, ror #22
    826187d8:	2a030042 	orr	w2, w2, w3
    826187dc:	b9401003 	ldr	w3, [x0, #16]
    826187e0:	0a030042 	and	w2, w2, w3
    826187e4:	b9400803 	ldr	w3, [x0, #8]
    826187e8:	0a040063 	and	w3, w3, w4
    826187ec:	2a030042 	orr	w2, w2, w3
    826187f0:	b9400c03 	ldr	w3, [x0, #12]
    826187f4:	0b0200c6 	add	w6, w6, w2
    826187f8:	0b0100c6 	add	w6, w6, w1
    826187fc:	29430801 	ldp	w1, w2, [x0, #24]
    82618800:	4a020024 	eor	w4, w1, w2
    82618804:	52889221 	mov	w1, #0x4491                	// #17553
    82618808:	0a1c0084 	and	w4, w4, w28
    8261880c:	72ae26e1 	movk	w1, #0x7137, lsl #16
    82618810:	4a020084 	eor	w4, w4, w2
    82618814:	b9402002 	ldr	w2, [x0, #32]
    82618818:	0b150084 	add	w4, w4, w21
    8261881c:	0b010041 	add	w1, w2, w1
    82618820:	b9401002 	ldr	w2, [x0, #16]
    82618824:	0b010084 	add	w4, w4, w1
    82618828:	139c2f81 	ror	w1, w28, #11
    8261882c:	4adc1821 	eor	w1, w1, w28, ror #6
    82618830:	4adc6421 	eor	w1, w1, w28, ror #25
    82618834:	0b010081 	add	w1, w4, w1
    82618838:	138634c4 	ror	w4, w6, #13
    8261883c:	0b01004a 	add	w10, w2, w1
    82618840:	b9400802 	ldr	w2, [x0, #8]
    82618844:	4ac60884 	eor	w4, w4, w6, ror #2
    82618848:	2a060042 	orr	w2, w2, w6
    8261884c:	4ac65884 	eor	w4, w4, w6, ror #22
    82618850:	0a030042 	and	w2, w2, w3
    82618854:	b9400803 	ldr	w3, [x0, #8]
    82618858:	0a060063 	and	w3, w3, w6
    8261885c:	2a030042 	orr	w2, w2, w3
    82618860:	0b020084 	add	w4, w4, w2
    82618864:	0b010084 	add	w4, w4, w1
    82618868:	29430801 	ldp	w1, w2, [x0, #24]
    8261886c:	b9400808 	ldr	w8, [x0, #8]
    82618870:	4a1c0023 	eor	w3, w1, w28
    82618874:	0a0a0063 	and	w3, w3, w10
    82618878:	4a010063 	eor	w3, w3, w1
    8261887c:	529f79e1 	mov	w1, #0xfbcf                	// #64463
    82618880:	0b170063 	add	w3, w3, w23
    82618884:	72b6b801 	movk	w1, #0xb5c0, lsl #16
    82618888:	0b010041 	add	w1, w2, w1
    8261888c:	b9400c02 	ldr	w2, [x0, #12]
    82618890:	0b010063 	add	w3, w3, w1
    82618894:	138a2d41 	ror	w1, w10, #11
    82618898:	4aca1821 	eor	w1, w1, w10, ror #6
    8261889c:	4aca6421 	eor	w1, w1, w10, ror #25
    826188a0:	0b010061 	add	w1, w3, w1
    826188a4:	13843483 	ror	w3, w4, #13
    826188a8:	0b010047 	add	w7, w2, w1
    826188ac:	2a0400c2 	orr	w2, w6, w4
    826188b0:	4ac40863 	eor	w3, w3, w4, ror #2
    826188b4:	0a080042 	and	w2, w2, w8
    826188b8:	0a0400c8 	and	w8, w6, w4
    826188bc:	4ac45863 	eor	w3, w3, w4, ror #22
    826188c0:	2a080042 	orr	w2, w2, w8
    826188c4:	0b020063 	add	w3, w3, w2
    826188c8:	4a0a0382 	eor	w2, w28, w10
    826188cc:	0b010063 	add	w3, w3, w1
    826188d0:	0a070042 	and	w2, w2, w7
    826188d4:	b9401801 	ldr	w1, [x0, #24]
    826188d8:	4a1c0042 	eor	w2, w2, w28
    826188dc:	0b1b0042 	add	w2, w2, w27
    826188e0:	0a030088 	and	w8, w4, w3
    826188e4:	0b0e002e 	add	w14, w1, w14
    826188e8:	b9400801 	ldr	w1, [x0, #8]
    826188ec:	0b0e0042 	add	w2, w2, w14
    826188f0:	13872cee 	ror	w14, w7, #11
    826188f4:	4ac719ce 	eor	w14, w14, w7, ror #6
    826188f8:	4ac765ce 	eor	w14, w14, w7, ror #25
    826188fc:	0b0e004e 	add	w14, w2, w14
    82618900:	13833462 	ror	w2, w3, #13
    82618904:	0b0e0038 	add	w24, w1, w14
    82618908:	2a030081 	orr	w1, w4, w3
    8261890c:	4ac30842 	eor	w2, w2, w3, ror #2
    82618910:	0a060021 	and	w1, w1, w6
    82618914:	2a080021 	orr	w1, w1, w8
    82618918:	4ac35842 	eor	w2, w2, w3, ror #22
    8261891c:	0b010042 	add	w2, w2, w1
    82618920:	4a070141 	eor	w1, w10, w7
    82618924:	0a180021 	and	w1, w1, w24
    82618928:	13982f08 	ror	w8, w24, #11
    8261892c:	4a0a0021 	eor	w1, w1, w10
    82618930:	4ad81908 	eor	w8, w8, w24, ror #6
    82618934:	0b1c003c 	add	w28, w1, w28
    82618938:	52984b61 	mov	w1, #0xc25b                	// #49755
    8261893c:	72a72ac1 	movk	w1, #0x3956, lsl #16
    82618940:	0b010321 	add	w1, w25, w1
    82618944:	0b010381 	add	w1, w28, w1
    82618948:	4ad86508 	eor	w8, w8, w24, ror #25
    8261894c:	0b0e0042 	add	w2, w2, w14
    82618950:	0b080028 	add	w8, w1, w8
    82618954:	0b0800ce 	add	w14, w6, w8
    82618958:	2a020066 	orr	w6, w3, w2
    8261895c:	0a02007c 	and	w28, w3, w2
    82618960:	0a0400c6 	and	w6, w6, w4
    82618964:	2a1c00c6 	orr	w6, w6, w28
    82618968:	4a1800fc 	eor	w28, w7, w24
    8261896c:	0a0e039c 	and	w28, w28, w14
    82618970:	13823441 	ror	w1, w2, #13
    82618974:	4a07039c 	eor	w28, w28, w7
    82618978:	4ac20821 	eor	w1, w1, w2, ror #2
    8261897c:	0b0a038a 	add	w10, w28, w10
    82618980:	52823e3c 	mov	w28, #0x11f1                	// #4593
    82618984:	72ab3e3c 	movk	w28, #0x59f1, lsl #16
    82618988:	0b1c029c 	add	w28, w20, w28
    8261898c:	0b1c014a 	add	w10, w10, w28
    82618990:	138e2ddc 	ror	w28, w14, #11
    82618994:	4ac25821 	eor	w1, w1, w2, ror #22
    82618998:	4ace1b9c 	eor	w28, w28, w14, ror #6
    8261899c:	0b060021 	add	w1, w1, w6
    826189a0:	4ace679c 	eor	w28, w28, w14, ror #25
    826189a4:	0b080021 	add	w1, w1, w8
    826189a8:	0b1c015c 	add	w28, w10, w28
    826189ac:	0b1c0086 	add	w6, w4, w28
    826189b0:	2a010044 	orr	w4, w2, w1
    826189b4:	0a010048 	and	w8, w2, w1
    826189b8:	0a030084 	and	w4, w4, w3
    826189bc:	2a080084 	orr	w4, w4, w8
    826189c0:	4a0e0308 	eor	w8, w24, w14
    826189c4:	0a060108 	and	w8, w8, w6
    826189c8:	1381342a 	ror	w10, w1, #13
    826189cc:	4a180108 	eor	w8, w8, w24
    826189d0:	4ac1094a 	eor	w10, w10, w1, ror #2
    826189d4:	0b070107 	add	w7, w8, w7
    826189d8:	52905488 	mov	w8, #0x82a4                	// #33444
    826189dc:	72b247e8 	movk	w8, #0x923f, lsl #16
    826189e0:	0b080268 	add	w8, w19, w8
    826189e4:	0b0800e8 	add	w8, w7, w8
    826189e8:	4ac1594a 	eor	w10, w10, w1, ror #22
    826189ec:	0b04014a 	add	w10, w10, w4
    826189f0:	13862cc7 	ror	w7, w6, #11
    826189f4:	4ac618e7 	eor	w7, w7, w6, ror #6
    826189f8:	0b1c014a 	add	w10, w10, w28
    826189fc:	4ac664e7 	eor	w7, w7, w6, ror #25
    82618a00:	0a0a003c 	and	w28, w1, w10
    82618a04:	0b070107 	add	w7, w8, w7
    82618a08:	138a3548 	ror	w8, w10, #13
    82618a0c:	0b070064 	add	w4, w3, w7
    82618a10:	2a0a0023 	orr	w3, w1, w10
    82618a14:	4aca0908 	eor	w8, w8, w10, ror #2
    82618a18:	0a020063 	and	w3, w3, w2
    82618a1c:	2a1c0063 	orr	w3, w3, w28
    82618a20:	4aca5908 	eor	w8, w8, w10, ror #22
    82618a24:	0b030108 	add	w8, w8, w3
    82618a28:	13842c83 	ror	w3, w4, #11
    82618a2c:	0b070108 	add	w8, w8, w7
    82618a30:	4a0601c7 	eor	w7, w14, w6
    82618a34:	0a0400e7 	and	w7, w7, w4
    82618a38:	4ac41863 	eor	w3, w3, w4, ror #6
    82618a3c:	4a0e00e7 	eor	w7, w7, w14
    82618a40:	4ac46463 	eor	w3, w3, w4, ror #25
    82618a44:	0b1800f8 	add	w24, w7, w24
    82618a48:	528bdaa7 	mov	w7, #0x5ed5                	// #24277
    82618a4c:	72b56387 	movk	w7, #0xab1c, lsl #16
    82618a50:	0b070347 	add	w7, w26, w7
    82618a54:	0b070307 	add	w7, w24, w7
    82618a58:	2a080158 	orr	w24, w10, w8
    82618a5c:	0b0300e3 	add	w3, w7, w3
    82618a60:	13883507 	ror	w7, w8, #13
    82618a64:	0a08015c 	and	w28, w10, w8
    82618a68:	4ac808e7 	eor	w7, w7, w8, ror #2
    82618a6c:	0a010318 	and	w24, w24, w1
    82618a70:	4ac858e7 	eor	w7, w7, w8, ror #22
    82618a74:	2a1c0318 	orr	w24, w24, w28
    82618a78:	0b030042 	add	w2, w2, w3
    82618a7c:	0b1800e7 	add	w7, w7, w24
    82618a80:	0b0300e7 	add	w7, w7, w3
    82618a84:	4a0400c3 	eor	w3, w6, w4
    82618a88:	0a020063 	and	w3, w3, w2
    82618a8c:	2a070118 	orr	w24, w8, w7
    82618a90:	4a060063 	eor	w3, w3, w6
    82618a94:	0a07011c 	and	w28, w8, w7
    82618a98:	0b0e006e 	add	w14, w3, w14
    82618a9c:	52955303 	mov	w3, #0xaa98                	// #43672
    82618aa0:	72bb00e3 	movk	w3, #0xd807, lsl #16
    82618aa4:	0b0303c3 	add	w3, w30, w3
    82618aa8:	0b0301ce 	add	w14, w14, w3
    82618aac:	13822c43 	ror	w3, w2, #11
    82618ab0:	4ac21863 	eor	w3, w3, w2, ror #6
    82618ab4:	0a0a0318 	and	w24, w24, w10
    82618ab8:	4ac26463 	eor	w3, w3, w2, ror #25
    82618abc:	2a1c0318 	orr	w24, w24, w28
    82618ac0:	0b0301c3 	add	w3, w14, w3
    82618ac4:	138734ee 	ror	w14, w7, #13
    82618ac8:	4ac709ce 	eor	w14, w14, w7, ror #2
    82618acc:	0b030021 	add	w1, w1, w3
    82618ad0:	4ac759ce 	eor	w14, w14, w7, ror #22
    82618ad4:	0b1801ce 	add	w14, w14, w24
    82618ad8:	0b0301ce 	add	w14, w14, w3
    82618adc:	4a020083 	eor	w3, w4, w2
    82618ae0:	0a010063 	and	w3, w3, w1
    82618ae4:	2a0e00f8 	orr	w24, w7, w14
    82618ae8:	4a040063 	eor	w3, w3, w4
    82618aec:	0a0e00fc 	and	w28, w7, w14
    82618af0:	0b060066 	add	w6, w3, w6
    82618af4:	528b6023 	mov	w3, #0x5b01                	// #23297
    82618af8:	72a25063 	movk	w3, #0x1283, lsl #16
    82618afc:	0b030223 	add	w3, w17, w3
    82618b00:	0b0300c3 	add	w3, w6, w3
    82618b04:	13812c26 	ror	w6, w1, #11
    82618b08:	4ac118c6 	eor	w6, w6, w1, ror #6
    82618b0c:	0a080318 	and	w24, w24, w8
    82618b10:	4ac164c6 	eor	w6, w6, w1, ror #25
    82618b14:	2a1c0318 	orr	w24, w24, w28
    82618b18:	0b060066 	add	w6, w3, w6
    82618b1c:	138e35c3 	ror	w3, w14, #13
    82618b20:	4ace0863 	eor	w3, w3, w14, ror #2
    82618b24:	0b06014a 	add	w10, w10, w6
    82618b28:	4ace5863 	eor	w3, w3, w14, ror #22
    82618b2c:	0b180063 	add	w3, w3, w24
    82618b30:	0b060063 	add	w3, w3, w6
    82618b34:	4a010046 	eor	w6, w2, w1
    82618b38:	0a0a00c6 	and	w6, w6, w10
    82618b3c:	2a0301d8 	orr	w24, w14, w3
    82618b40:	4a0200c6 	eor	w6, w6, w2
    82618b44:	0a0301dc 	and	w28, w14, w3
    82618b48:	0b0400c4 	add	w4, w6, w4
    82618b4c:	5290b7c6 	mov	w6, #0x85be                	// #34238
    82618b50:	72a48626 	movk	w6, #0x2431, lsl #16
    82618b54:	0b060206 	add	w6, w16, w6
    82618b58:	0b060086 	add	w6, w4, w6
    82618b5c:	138a2d44 	ror	w4, w10, #11
    82618b60:	4aca1884 	eor	w4, w4, w10, ror #6
    82618b64:	0a070318 	and	w24, w24, w7
    82618b68:	4aca6484 	eor	w4, w4, w10, ror #25
    82618b6c:	2a1c0318 	orr	w24, w24, w28
    82618b70:	0b0400c4 	add	w4, w6, w4
    82618b74:	13833466 	ror	w6, w3, #13
    82618b78:	4ac308c6 	eor	w6, w6, w3, ror #2
    82618b7c:	0b040108 	add	w8, w8, w4
    82618b80:	4ac358c6 	eor	w6, w6, w3, ror #22
    82618b84:	0b1800c6 	add	w6, w6, w24
    82618b88:	0b0400c6 	add	w6, w6, w4
    82618b8c:	4a0a0024 	eor	w4, w1, w10
    82618b90:	0a080084 	and	w4, w4, w8
    82618b94:	2a060078 	orr	w24, w3, w6
    82618b98:	4a010084 	eor	w4, w4, w1
    82618b9c:	0a06007c 	and	w28, w3, w6
    82618ba0:	0b020082 	add	w2, w4, w2
    82618ba4:	528fb864 	mov	w4, #0x7dc3                	// #32195
    82618ba8:	72aaa184 	movk	w4, #0x550c, lsl #16
    82618bac:	0b0401e4 	add	w4, w15, w4
    82618bb0:	0b040042 	add	w2, w2, w4
    82618bb4:	13882d04 	ror	w4, w8, #11
    82618bb8:	4ac81884 	eor	w4, w4, w8, ror #6
    82618bbc:	0a0e0318 	and	w24, w24, w14
    82618bc0:	4ac86484 	eor	w4, w4, w8, ror #25
    82618bc4:	2a1c0318 	orr	w24, w24, w28
    82618bc8:	0b040044 	add	w4, w2, w4
    82618bcc:	138634c2 	ror	w2, w6, #13
    82618bd0:	4ac60842 	eor	w2, w2, w6, ror #2
    82618bd4:	0b0400e7 	add	w7, w7, w4
    82618bd8:	4ac65842 	eor	w2, w2, w6, ror #22
    82618bdc:	0b180042 	add	w2, w2, w24
    82618be0:	0b040042 	add	w2, w2, w4
    82618be4:	4a080144 	eor	w4, w10, w8
    82618be8:	0a070084 	and	w4, w4, w7
    82618bec:	2a0200d8 	orr	w24, w6, w2
    82618bf0:	4a0a0084 	eor	w4, w4, w10
    82618bf4:	0a0200dc 	and	w28, w6, w2
    82618bf8:	0b010081 	add	w1, w4, w1
    82618bfc:	528bae84 	mov	w4, #0x5d74                	// #23924
    82618c00:	72ae57c4 	movk	w4, #0x72be, lsl #16
    82618c04:	0b0400a4 	add	w4, w5, w4
    82618c08:	0b040021 	add	w1, w1, w4
    82618c0c:	13872ce4 	ror	w4, w7, #11
    82618c10:	4ac71884 	eor	w4, w4, w7, ror #6
    82618c14:	0a030318 	and	w24, w24, w3
    82618c18:	4ac76484 	eor	w4, w4, w7, ror #25
    82618c1c:	2a1c0318 	orr	w24, w24, w28
    82618c20:	0b040024 	add	w4, w1, w4
    82618c24:	13823441 	ror	w1, w2, #13
    82618c28:	4ac20821 	eor	w1, w1, w2, ror #2
    82618c2c:	0b0401ce 	add	w14, w14, w4
    82618c30:	4ac25821 	eor	w1, w1, w2, ror #22
    82618c34:	0b180021 	add	w1, w1, w24
    82618c38:	0b040021 	add	w1, w1, w4
    82618c3c:	4a070104 	eor	w4, w8, w7
    82618c40:	0a0e0084 	and	w4, w4, w14
    82618c44:	2a010058 	orr	w24, w2, w1
    82618c48:	4a080084 	eor	w4, w4, w8
    82618c4c:	0a01005c 	and	w28, w2, w1
    82618c50:	0b0a008a 	add	w10, w4, w10
    82618c54:	52963fc4 	mov	w4, #0xb1fe                	// #45566
    82618c58:	72b01bc4 	movk	w4, #0x80de, lsl #16
    82618c5c:	0b0401a4 	add	w4, w13, w4
    82618c60:	0b04014a 	add	w10, w10, w4
    82618c64:	138e2dc4 	ror	w4, w14, #11
    82618c68:	4ace1884 	eor	w4, w4, w14, ror #6
    82618c6c:	0a060318 	and	w24, w24, w6
    82618c70:	4ace6484 	eor	w4, w4, w14, ror #25
    82618c74:	2a1c0318 	orr	w24, w24, w28
    82618c78:	0b040144 	add	w4, w10, w4
    82618c7c:	1381342a 	ror	w10, w1, #13
    82618c80:	4ac1094a 	eor	w10, w10, w1, ror #2
    82618c84:	0b040063 	add	w3, w3, w4
    82618c88:	4ac1594a 	eor	w10, w10, w1, ror #22
    82618c8c:	0b18014a 	add	w10, w10, w24
    82618c90:	0b04014a 	add	w10, w10, w4
    82618c94:	4a0e00e4 	eor	w4, w7, w14
    82618c98:	0a030084 	and	w4, w4, w3
    82618c9c:	2a0a0038 	orr	w24, w1, w10
    82618ca0:	4a070084 	eor	w4, w4, w7
    82618ca4:	0a0a003c 	and	w28, w1, w10
    82618ca8:	0b080088 	add	w8, w4, w8
    82618cac:	5280d4e4 	mov	w4, #0x6a7                 	// #1703
    82618cb0:	72b37b84 	movk	w4, #0x9bdc, lsl #16
    82618cb4:	0b040184 	add	w4, w12, w4
    82618cb8:	0b040108 	add	w8, w8, w4
    82618cbc:	13832c64 	ror	w4, w3, #11
    82618cc0:	4ac31884 	eor	w4, w4, w3, ror #6
    82618cc4:	0a020318 	and	w24, w24, w2
    82618cc8:	4ac36484 	eor	w4, w4, w3, ror #25
    82618ccc:	2a1c0318 	orr	w24, w24, w28
    82618cd0:	0b040104 	add	w4, w8, w4
    82618cd4:	138a3548 	ror	w8, w10, #13
    82618cd8:	4aca0908 	eor	w8, w8, w10, ror #2
    82618cdc:	0b0400c6 	add	w6, w6, w4
    82618ce0:	4aca5908 	eor	w8, w8, w10, ror #22
    82618ce4:	0b180108 	add	w8, w8, w24
    82618ce8:	0b040108 	add	w8, w8, w4
    82618cec:	4a0301c4 	eor	w4, w14, w3
    82618cf0:	0a060084 	and	w4, w4, w6
    82618cf4:	2a080158 	orr	w24, w10, w8
    82618cf8:	4a0e0084 	eor	w4, w4, w14
    82618cfc:	0a08015c 	and	w28, w10, w8
    82618d00:	0b070087 	add	w7, w4, w7
    82618d04:	529e2e84 	mov	w4, #0xf174                	// #61812
    82618d08:	72b83364 	movk	w4, #0xc19b, lsl #16
    82618d0c:	0b040164 	add	w4, w11, w4
    82618d10:	0b0400e7 	add	w7, w7, w4
    82618d14:	13862cc4 	ror	w4, w6, #11
    82618d18:	4ac61884 	eor	w4, w4, w6, ror #6
    82618d1c:	0a010318 	and	w24, w24, w1
    82618d20:	4ac66484 	eor	w4, w4, w6, ror #25
    82618d24:	2a1c0318 	orr	w24, w24, w28
    82618d28:	0b0400e4 	add	w4, w7, w4
    82618d2c:	13883507 	ror	w7, w8, #13
    82618d30:	4ac808e7 	eor	w7, w7, w8, ror #2
    82618d34:	0b040042 	add	w2, w2, w4
    82618d38:	4ac858e7 	eor	w7, w7, w8, ror #22
    82618d3c:	0b1800e7 	add	w7, w7, w24
    82618d40:	138c4d98 	ror	w24, w12, #19
    82618d44:	0b0400e7 	add	w7, w7, w4
    82618d48:	13954aa4 	ror	w4, w21, #18
    82618d4c:	4acc4718 	eor	w24, w24, w12, ror #17
    82618d50:	4ad51c84 	eor	w4, w4, w21, ror #7
    82618d54:	4a4c2b18 	eor	w24, w24, w12, lsr #10
    82618d58:	4a550c84 	eor	w4, w4, w21, lsr #3
    82618d5c:	0b040304 	add	w4, w24, w4
    82618d60:	2a070118 	orr	w24, w8, w7
    82618d64:	0b160084 	add	w4, w4, w22
    82618d68:	4a060076 	eor	w22, w3, w6
    82618d6c:	0a0202d6 	and	w22, w22, w2
    82618d70:	0a07011c 	and	w28, w8, w7
    82618d74:	4a0302d6 	eor	w22, w22, w3
    82618d78:	0a0a0318 	and	w24, w24, w10
    82618d7c:	0b0e02ce 	add	w14, w22, w14
    82618d80:	528d3836 	mov	w22, #0x69c1                	// #27073
    82618d84:	72bc9376 	movk	w22, #0xe49b, lsl #16
    82618d88:	0b160096 	add	w22, w4, w22
    82618d8c:	0b1601ce 	add	w14, w14, w22
    82618d90:	13822c56 	ror	w22, w2, #11
    82618d94:	4ac21ad6 	eor	w22, w22, w2, ror #6
    82618d98:	2a1c0318 	orr	w24, w24, w28
    82618d9c:	4ac266d6 	eor	w22, w22, w2, ror #25
    82618da0:	0b1002b5 	add	w21, w21, w16
    82618da4:	0b1601d6 	add	w22, w14, w22
    82618da8:	138734ee 	ror	w14, w7, #13
    82618dac:	4ac709ce 	eor	w14, w14, w7, ror #2
    82618db0:	0b160021 	add	w1, w1, w22
    82618db4:	4ac759ce 	eor	w14, w14, w7, ror #22
    82618db8:	0b1801ce 	add	w14, w14, w24
    82618dbc:	138b4d78 	ror	w24, w11, #19
    82618dc0:	0b1601ce 	add	w14, w14, w22
    82618dc4:	13974af6 	ror	w22, w23, #18
    82618dc8:	4acb4718 	eor	w24, w24, w11, ror #17
    82618dcc:	4ad71ed6 	eor	w22, w22, w23, ror #7
    82618dd0:	4a4b2b18 	eor	w24, w24, w11, lsr #10
    82618dd4:	4a570ed6 	eor	w22, w22, w23, lsr #3
    82618dd8:	0b160316 	add	w22, w24, w22
    82618ddc:	2a0e00f8 	orr	w24, w7, w14
    82618de0:	0b1502d6 	add	w22, w22, w21
    82618de4:	4a0200d5 	eor	w21, w6, w2
    82618de8:	0a0102b5 	and	w21, w21, w1
    82618dec:	0a0e00fc 	and	w28, w7, w14
    82618df0:	4a0602b5 	eor	w21, w21, w6
    82618df4:	0a080318 	and	w24, w24, w8
    82618df8:	0b0302a3 	add	w3, w21, w3
    82618dfc:	5288f0d5 	mov	w21, #0x4786                	// #18310
    82618e00:	72bdf7d5 	movk	w21, #0xefbe, lsl #16
    82618e04:	0b1502d5 	add	w21, w22, w21
    82618e08:	0b150063 	add	w3, w3, w21
    82618e0c:	13812c35 	ror	w21, w1, #11
    82618e10:	4ac11ab5 	eor	w21, w21, w1, ror #6
    82618e14:	2a1c0318 	orr	w24, w24, w28
    82618e18:	4ac166b5 	eor	w21, w21, w1, ror #25
    82618e1c:	139b4b7c 	ror	w28, w27, #18
    82618e20:	0b150075 	add	w21, w3, w21
    82618e24:	138e35c3 	ror	w3, w14, #13
    82618e28:	4ace0863 	eor	w3, w3, w14, ror #2
    82618e2c:	0b15014a 	add	w10, w10, w21
    82618e30:	4ace5863 	eor	w3, w3, w14, ror #22
    82618e34:	4adb1f9c 	eor	w28, w28, w27, ror #7
    82618e38:	0b180063 	add	w3, w3, w24
    82618e3c:	4a5b0f9c 	eor	w28, w28, w27, lsr #3
    82618e40:	0b150063 	add	w3, w3, w21
    82618e44:	13844c95 	ror	w21, w4, #19
    82618e48:	4ac446b5 	eor	w21, w21, w4, ror #17
    82618e4c:	0b0f02f7 	add	w23, w23, w15
    82618e50:	4a442ab5 	eor	w21, w21, w4, lsr #10
    82618e54:	0a0301d8 	and	w24, w14, w3
    82618e58:	0b1c02bc 	add	w28, w21, w28
    82618e5c:	4a010055 	eor	w21, w2, w1
    82618e60:	0a0a02b5 	and	w21, w21, w10
    82618e64:	0b17039c 	add	w28, w28, w23
    82618e68:	4a0202b5 	eor	w21, w21, w2
    82618e6c:	2a0301d7 	orr	w23, w14, w3
    82618e70:	0b0602a6 	add	w6, w21, w6
    82618e74:	5293b8d5 	mov	w21, #0x9dc6                	// #40390
    82618e78:	72a1f835 	movk	w21, #0xfc1, lsl #16
    82618e7c:	0b150395 	add	w21, w28, w21
    82618e80:	0b1500c6 	add	w6, w6, w21
    82618e84:	138a2d55 	ror	w21, w10, #11
    82618e88:	4aca1ab5 	eor	w21, w21, w10, ror #6
    82618e8c:	0a0702f7 	and	w23, w23, w7
    82618e90:	4aca66b5 	eor	w21, w21, w10, ror #25
    82618e94:	2a1802f7 	orr	w23, w23, w24
    82618e98:	0b1500d5 	add	w21, w6, w21
    82618e9c:	13833466 	ror	w6, w3, #13
    82618ea0:	4ac308c6 	eor	w6, w6, w3, ror #2
    82618ea4:	0b150108 	add	w8, w8, w21
    82618ea8:	4ac358c6 	eor	w6, w6, w3, ror #22
    82618eac:	0b05037b 	add	w27, w27, w5
    82618eb0:	0b1700c6 	add	w6, w6, w23
    82618eb4:	13994b37 	ror	w23, w25, #18
    82618eb8:	0b1500c6 	add	w6, w6, w21
    82618ebc:	13964ed5 	ror	w21, w22, #19
    82618ec0:	4ad646b5 	eor	w21, w21, w22, ror #17
    82618ec4:	4ad91ef7 	eor	w23, w23, w25, ror #7
    82618ec8:	4a562ab5 	eor	w21, w21, w22, lsr #10
    82618ecc:	4a590ef7 	eor	w23, w23, w25, lsr #3
    82618ed0:	0b1702b7 	add	w23, w21, w23
    82618ed4:	4a0a0035 	eor	w21, w1, w10
    82618ed8:	0a0802b5 	and	w21, w21, w8
    82618edc:	0b1b02f7 	add	w23, w23, w27
    82618ee0:	4a0102b5 	eor	w21, w21, w1
    82618ee4:	2a060078 	orr	w24, w3, w6
    82618ee8:	0b0202a2 	add	w2, w21, w2
    82618eec:	52943995 	mov	w21, #0xa1cc                	// #41420
    82618ef0:	72a48195 	movk	w21, #0x240c, lsl #16
    82618ef4:	0b1502f5 	add	w21, w23, w21
    82618ef8:	0b150042 	add	w2, w2, w21
    82618efc:	13882d15 	ror	w21, w8, #11
    82618f00:	4ac81ab5 	eor	w21, w21, w8, ror #6
    82618f04:	0a06007b 	and	w27, w3, w6
    82618f08:	4ac866b5 	eor	w21, w21, w8, ror #25
    82618f0c:	0a0e0318 	and	w24, w24, w14
    82618f10:	0b150055 	add	w21, w2, w21
    82618f14:	138634c2 	ror	w2, w6, #13
    82618f18:	4ac60842 	eor	w2, w2, w6, ror #2
    82618f1c:	2a1b0318 	orr	w24, w24, w27
    82618f20:	4ac65842 	eor	w2, w2, w6, ror #22
    82618f24:	0b1500e7 	add	w7, w7, w21
    82618f28:	0b180042 	add	w2, w2, w24
    82618f2c:	13944a98 	ror	w24, w20, #18
    82618f30:	0b150042 	add	w2, w2, w21
    82618f34:	139c4f95 	ror	w21, w28, #19
    82618f38:	4adc46b5 	eor	w21, w21, w28, ror #17
    82618f3c:	4ad41f18 	eor	w24, w24, w20, ror #7
    82618f40:	4a5c2ab5 	eor	w21, w21, w28, lsr #10
    82618f44:	4a540f18 	eor	w24, w24, w20, lsr #3
    82618f48:	0b1802b8 	add	w24, w21, w24
    82618f4c:	4a080155 	eor	w21, w10, w8
    82618f50:	0a0702b5 	and	w21, w21, w7
    82618f54:	0b0d0339 	add	w25, w25, w13
    82618f58:	4a0a02b5 	eor	w21, w21, w10
    82618f5c:	0b190318 	add	w24, w24, w25
    82618f60:	0b0102a1 	add	w1, w21, w1
    82618f64:	52858df5 	mov	w21, #0x2c6f                	// #11375
    82618f68:	72a5bd35 	movk	w21, #0x2de9, lsl #16
    82618f6c:	0b150315 	add	w21, w24, w21
    82618f70:	0b150021 	add	w1, w1, w21
    82618f74:	13872cf5 	ror	w21, w7, #11
    82618f78:	4ac71ab5 	eor	w21, w21, w7, ror #6
    82618f7c:	2a0200d9 	orr	w25, w6, w2
    82618f80:	4ac766b5 	eor	w21, w21, w7, ror #25
    82618f84:	0a0200db 	and	w27, w6, w2
    82618f88:	0b150035 	add	w21, w1, w21
    82618f8c:	13823441 	ror	w1, w2, #13
    82618f90:	4ac20821 	eor	w1, w1, w2, ror #2
    82618f94:	0a030339 	and	w25, w25, w3
    82618f98:	2a1b0339 	orr	w25, w25, w27
    82618f9c:	4ac25821 	eor	w1, w1, w2, ror #22
    82618fa0:	0b190021 	add	w1, w1, w25
    82618fa4:	0b1501ce 	add	w14, w14, w21
    82618fa8:	0b150021 	add	w1, w1, w21
    82618fac:	13934a79 	ror	w25, w19, #18
    82618fb0:	4ad31f39 	eor	w25, w25, w19, ror #7
    82618fb4:	13974ef5 	ror	w21, w23, #19
    82618fb8:	4ad746b5 	eor	w21, w21, w23, ror #17
    82618fbc:	4a530f39 	eor	w25, w25, w19, lsr #3
    82618fc0:	4a572ab5 	eor	w21, w21, w23, lsr #10
    82618fc4:	0b0c0294 	add	w20, w20, w12
    82618fc8:	0b1902b9 	add	w25, w21, w25
    82618fcc:	2a010055 	orr	w21, w2, w1
    82618fd0:	0b140339 	add	w25, w25, w20
    82618fd4:	4a070114 	eor	w20, w8, w7
    82618fd8:	0a0e0294 	and	w20, w20, w14
    82618fdc:	0a01005b 	and	w27, w2, w1
    82618fe0:	4a080294 	eor	w20, w20, w8
    82618fe4:	0a0602b5 	and	w21, w21, w6
    82618fe8:	0b0a028a 	add	w10, w20, w10
    82618fec:	52909554 	mov	w20, #0x84aa                	// #33962
    82618ff0:	72a94e94 	movk	w20, #0x4a74, lsl #16
    82618ff4:	0b140334 	add	w20, w25, w20
    82618ff8:	0b14014a 	add	w10, w10, w20
    82618ffc:	138e2dd4 	ror	w20, w14, #11
    82619000:	4ace1a94 	eor	w20, w20, w14, ror #6
    82619004:	2a1b02b5 	orr	w21, w21, w27
    82619008:	4ace6694 	eor	w20, w20, w14, ror #25
    8261900c:	0b0b0273 	add	w19, w19, w11
    82619010:	0b140154 	add	w20, w10, w20
    82619014:	1381342a 	ror	w10, w1, #13
    82619018:	4ac1094a 	eor	w10, w10, w1, ror #2
    8261901c:	0b140063 	add	w3, w3, w20
    82619020:	4ac1594a 	eor	w10, w10, w1, ror #22
    82619024:	0b15014a 	add	w10, w10, w21
    82619028:	13984f15 	ror	w21, w24, #19
    8261902c:	0b14014a 	add	w10, w10, w20
    82619030:	139a4b54 	ror	w20, w26, #18
    82619034:	4ad846b5 	eor	w21, w21, w24, ror #17
    82619038:	4ada1e94 	eor	w20, w20, w26, ror #7
    8261903c:	4a582ab5 	eor	w21, w21, w24, lsr #10
    82619040:	4a5a0e94 	eor	w20, w20, w26, lsr #3
    82619044:	0b1402b4 	add	w20, w21, w20
    82619048:	2a0a0035 	orr	w21, w1, w10
    8261904c:	0b130294 	add	w20, w20, w19
    82619050:	4a0e00f3 	eor	w19, w7, w14
    82619054:	0a030273 	and	w19, w19, w3
    82619058:	0a0a003b 	and	w27, w1, w10
    8261905c:	4a070273 	eor	w19, w19, w7
    82619060:	0a0202b5 	and	w21, w21, w2
    82619064:	0b080268 	add	w8, w19, w8
    82619068:	52953b93 	mov	w19, #0xa9dc                	// #43484
    8261906c:	72ab9613 	movk	w19, #0x5cb0, lsl #16
    82619070:	0b130293 	add	w19, w20, w19
    82619074:	0b130108 	add	w8, w8, w19
    82619078:	13832c73 	ror	w19, w3, #11
    8261907c:	4ac31a73 	eor	w19, w19, w3, ror #6
    82619080:	2a1b02b5 	orr	w21, w21, w27
    82619084:	4ac36673 	eor	w19, w19, w3, ror #25
    82619088:	0b130113 	add	w19, w8, w19
    8261908c:	138a3548 	ror	w8, w10, #13
    82619090:	4aca0908 	eor	w8, w8, w10, ror #2
    82619094:	0b1300c6 	add	w6, w6, w19
    82619098:	4aca5908 	eor	w8, w8, w10, ror #22
    8261909c:	0b150108 	add	w8, w8, w21
    826190a0:	139e4bd5 	ror	w21, w30, #18
    826190a4:	0b130108 	add	w8, w8, w19
    826190a8:	13994f33 	ror	w19, w25, #19
    826190ac:	4ad94673 	eor	w19, w19, w25, ror #17
    826190b0:	4ade1eb5 	eor	w21, w21, w30, ror #7
    826190b4:	4a592a73 	eor	w19, w19, w25, lsr #10
    826190b8:	4a5e0eb5 	eor	w21, w21, w30, lsr #3
    826190bc:	0b1a02b5 	add	w21, w21, w26
    826190c0:	0b040273 	add	w19, w19, w4
    826190c4:	0b150273 	add	w19, w19, w21
    826190c8:	4a0301d5 	eor	w21, w14, w3
    826190cc:	0a0602b5 	and	w21, w21, w6
    826190d0:	2a08015a 	orr	w26, w10, w8
    826190d4:	4a0e02b5 	eor	w21, w21, w14
    826190d8:	0a08015b 	and	w27, w10, w8
    826190dc:	0b0702a7 	add	w7, w21, w7
    826190e0:	52911b55 	mov	w21, #0x88da                	// #35034
    826190e4:	72aedf35 	movk	w21, #0x76f9, lsl #16
    826190e8:	0b150275 	add	w21, w19, w21
    826190ec:	0b1500e7 	add	w7, w7, w21
    826190f0:	13862cd5 	ror	w21, w6, #11
    826190f4:	4ac61ab5 	eor	w21, w21, w6, ror #6
    826190f8:	0a01035a 	and	w26, w26, w1
    826190fc:	4ac666b5 	eor	w21, w21, w6, ror #25
    82619100:	2a1b035a 	orr	w26, w26, w27
    82619104:	0b1500f5 	add	w21, w7, w21
    82619108:	13883507 	ror	w7, w8, #13
    8261910c:	4ac808e7 	eor	w7, w7, w8, ror #2
    82619110:	0b150042 	add	w2, w2, w21
    82619114:	4ac858e7 	eor	w7, w7, w8, ror #22
    82619118:	0b1a00e7 	add	w7, w7, w26
    8261911c:	0b1500e7 	add	w7, w7, w21
    82619120:	13914a35 	ror	w21, w17, #18
    82619124:	4ad11eb5 	eor	w21, w21, w17, ror #7
    82619128:	2a07011a 	orr	w26, w8, w7
    8261912c:	4a510eb5 	eor	w21, w21, w17, lsr #3
    82619130:	0a07011b 	and	w27, w8, w7
    82619134:	0b1e02be 	add	w30, w21, w30
    82619138:	13944e95 	ror	w21, w20, #19
    8261913c:	4ad446b5 	eor	w21, w21, w20, ror #17
    82619140:	0a0a035a 	and	w26, w26, w10
    82619144:	4a542ab5 	eor	w21, w21, w20, lsr #10
    82619148:	2a1b035a 	orr	w26, w26, w27
    8261914c:	0b1602b5 	add	w21, w21, w22
    82619150:	0b1503de 	add	w30, w30, w21
    82619154:	4a060075 	eor	w21, w3, w6
    82619158:	0a0202b5 	and	w21, w21, w2
    8261915c:	4a0302b5 	eor	w21, w21, w3
    82619160:	0b0e02ae 	add	w14, w21, w14
    82619164:	528a2a55 	mov	w21, #0x5152                	// #20818
    82619168:	72b307d5 	movk	w21, #0x983e, lsl #16
    8261916c:	0b1503d5 	add	w21, w30, w21
    82619170:	0b1501ce 	add	w14, w14, w21
    82619174:	13822c55 	ror	w21, w2, #11
    82619178:	4ac21ab5 	eor	w21, w21, w2, ror #6
    8261917c:	4ac266b5 	eor	w21, w21, w2, ror #25
    82619180:	0b1501d5 	add	w21, w14, w21
    82619184:	138734ee 	ror	w14, w7, #13
    82619188:	4ac709ce 	eor	w14, w14, w7, ror #2
    8261918c:	0b150021 	add	w1, w1, w21
    82619190:	4ac759ce 	eor	w14, w14, w7, ror #22
    82619194:	0b1a01ce 	add	w14, w14, w26
    82619198:	0b1501ce 	add	w14, w14, w21
    8261919c:	13904a15 	ror	w21, w16, #18
    826191a0:	4ad01eb5 	eor	w21, w21, w16, ror #7
    826191a4:	2a0e00fa 	orr	w26, w7, w14
    826191a8:	4a500eb5 	eor	w21, w21, w16, lsr #3
    826191ac:	0a0e00fb 	and	w27, w7, w14
    826191b0:	0b1102b1 	add	w17, w21, w17
    826191b4:	13934e75 	ror	w21, w19, #19
    826191b8:	4ad346b5 	eor	w21, w21, w19, ror #17
    826191bc:	0a08035a 	and	w26, w26, w8
    826191c0:	4a532ab5 	eor	w21, w21, w19, lsr #10
    826191c4:	2a1b035a 	orr	w26, w26, w27
    826191c8:	0b1c02b5 	add	w21, w21, w28
    826191cc:	0b150231 	add	w17, w17, w21
    826191d0:	4a0200d5 	eor	w21, w6, w2
    826191d4:	0a0102b5 	and	w21, w21, w1
    826191d8:	4a0602b5 	eor	w21, w21, w6
    826191dc:	0b0302a3 	add	w3, w21, w3
    826191e0:	5298cdb5 	mov	w21, #0xc66d                	// #50797
    826191e4:	72b50635 	movk	w21, #0xa831, lsl #16
    826191e8:	0b150235 	add	w21, w17, w21
    826191ec:	0b150063 	add	w3, w3, w21
    826191f0:	13812c35 	ror	w21, w1, #11
    826191f4:	4ac11ab5 	eor	w21, w21, w1, ror #6
    826191f8:	4ac166b5 	eor	w21, w21, w1, ror #25
    826191fc:	0b150075 	add	w21, w3, w21
    82619200:	138e35c3 	ror	w3, w14, #13
    82619204:	4ace0863 	eor	w3, w3, w14, ror #2
    82619208:	0b15014a 	add	w10, w10, w21
    8261920c:	4ace5863 	eor	w3, w3, w14, ror #22
    82619210:	0b1a0063 	add	w3, w3, w26
    82619214:	0b150063 	add	w3, w3, w21
    82619218:	138f49f5 	ror	w21, w15, #18
    8261921c:	4acf1eb5 	eor	w21, w21, w15, ror #7
    82619220:	2a0301da 	orr	w26, w14, w3
    82619224:	4a4f0eb5 	eor	w21, w21, w15, lsr #3
    82619228:	0a0301db 	and	w27, w14, w3
    8261922c:	0b1002b0 	add	w16, w21, w16
    82619230:	139e4fd5 	ror	w21, w30, #19
    82619234:	4ade46b5 	eor	w21, w21, w30, ror #17
    82619238:	0a07035a 	and	w26, w26, w7
    8261923c:	4a5e2ab5 	eor	w21, w21, w30, lsr #10
    82619240:	2a1b035a 	orr	w26, w26, w27
    82619244:	0b1702b5 	add	w21, w21, w23
    82619248:	0b150210 	add	w16, w16, w21
    8261924c:	4a010055 	eor	w21, w2, w1
    82619250:	0a0a02b5 	and	w21, w21, w10
    82619254:	4a0202b5 	eor	w21, w21, w2
    82619258:	0b0602a6 	add	w6, w21, w6
    8261925c:	5284f915 	mov	w21, #0x27c8                	// #10184
    82619260:	72b60075 	movk	w21, #0xb003, lsl #16
    82619264:	0b150215 	add	w21, w16, w21
    82619268:	0b1500c6 	add	w6, w6, w21
    8261926c:	138a2d55 	ror	w21, w10, #11
    82619270:	4aca1ab5 	eor	w21, w21, w10, ror #6
    82619274:	4aca66b5 	eor	w21, w21, w10, ror #25
    82619278:	0b1500d5 	add	w21, w6, w21
    8261927c:	13833466 	ror	w6, w3, #13
    82619280:	4ac308c6 	eor	w6, w6, w3, ror #2
    82619284:	0b150108 	add	w8, w8, w21
    82619288:	4ac358c6 	eor	w6, w6, w3, ror #22
    8261928c:	0b1a00c6 	add	w6, w6, w26
    82619290:	0b1500c6 	add	w6, w6, w21
    82619294:	138548b5 	ror	w21, w5, #18
    82619298:	4ac51eb5 	eor	w21, w21, w5, ror #7
    8261929c:	2a06007a 	orr	w26, w3, w6
    826192a0:	4a450eb5 	eor	w21, w21, w5, lsr #3
    826192a4:	0a06007b 	and	w27, w3, w6
    826192a8:	0b0f02af 	add	w15, w21, w15
    826192ac:	13914e35 	ror	w21, w17, #19
    826192b0:	4ad146b5 	eor	w21, w21, w17, ror #17
    826192b4:	0a0e035a 	and	w26, w26, w14
    826192b8:	4a512ab5 	eor	w21, w21, w17, lsr #10
    826192bc:	2a1b035a 	orr	w26, w26, w27
    826192c0:	0b1802b5 	add	w21, w21, w24
    826192c4:	0b1501ef 	add	w15, w15, w21
    826192c8:	4a0a0035 	eor	w21, w1, w10
    826192cc:	0a0802b5 	and	w21, w21, w8
    826192d0:	4a0102b5 	eor	w21, w21, w1
    826192d4:	0b0202a2 	add	w2, w21, w2
    826192d8:	528ff8f5 	mov	w21, #0x7fc7                	// #32711
    826192dc:	72b7eb35 	movk	w21, #0xbf59, lsl #16
    826192e0:	0b1501f5 	add	w21, w15, w21
    826192e4:	0b150042 	add	w2, w2, w21
    826192e8:	13882d15 	ror	w21, w8, #11
    826192ec:	4ac81ab5 	eor	w21, w21, w8, ror #6
    826192f0:	4ac866b5 	eor	w21, w21, w8, ror #25
    826192f4:	0b150055 	add	w21, w2, w21
    826192f8:	138634c2 	ror	w2, w6, #13
    826192fc:	4ac60842 	eor	w2, w2, w6, ror #2
    82619300:	0b1500e7 	add	w7, w7, w21
    82619304:	4ac65842 	eor	w2, w2, w6, ror #22
    82619308:	0b1a0042 	add	w2, w2, w26
    8261930c:	0b150042 	add	w2, w2, w21
    82619310:	138d49b5 	ror	w21, w13, #18
    82619314:	4acd1eb5 	eor	w21, w21, w13, ror #7
    82619318:	2a0200da 	orr	w26, w6, w2
    8261931c:	4a4d0eb5 	eor	w21, w21, w13, lsr #3
    82619320:	0a0200db 	and	w27, w6, w2
    82619324:	0b0502a5 	add	w5, w21, w5
    82619328:	13904e15 	ror	w21, w16, #19
    8261932c:	4ad046b5 	eor	w21, w21, w16, ror #17
    82619330:	0a03035a 	and	w26, w26, w3
    82619334:	4a502ab5 	eor	w21, w21, w16, lsr #10
    82619338:	2a1b035a 	orr	w26, w26, w27
    8261933c:	0b1902b5 	add	w21, w21, w25
    82619340:	0b1500a5 	add	w5, w5, w21
    82619344:	4a080155 	eor	w21, w10, w8
    82619348:	0a0702b5 	and	w21, w21, w7
    8261934c:	4a0a02b5 	eor	w21, w21, w10
    82619350:	0b0102a1 	add	w1, w21, w1
    82619354:	52817e75 	mov	w21, #0xbf3                 	// #3059
    82619358:	72b8dc15 	movk	w21, #0xc6e0, lsl #16
    8261935c:	0b1500b5 	add	w21, w5, w21
    82619360:	0b150021 	add	w1, w1, w21
    82619364:	13872cf5 	ror	w21, w7, #11
    82619368:	4ac71ab5 	eor	w21, w21, w7, ror #6
    8261936c:	4ac766b5 	eor	w21, w21, w7, ror #25
    82619370:	0b150035 	add	w21, w1, w21
    82619374:	13823441 	ror	w1, w2, #13
    82619378:	4ac20821 	eor	w1, w1, w2, ror #2
    8261937c:	0b1501ce 	add	w14, w14, w21
    82619380:	4ac25821 	eor	w1, w1, w2, ror #22
    82619384:	0b1a0021 	add	w1, w1, w26
    82619388:	0b150021 	add	w1, w1, w21
    8261938c:	138c4995 	ror	w21, w12, #18
    82619390:	4acc1eb5 	eor	w21, w21, w12, ror #7
    82619394:	2a01005a 	orr	w26, w2, w1
    82619398:	4a4c0eb5 	eor	w21, w21, w12, lsr #3
    8261939c:	0a01005b 	and	w27, w2, w1
    826193a0:	0b0d02ad 	add	w13, w21, w13
    826193a4:	138f4df5 	ror	w21, w15, #19
    826193a8:	4acf46b5 	eor	w21, w21, w15, ror #17
    826193ac:	0a06035a 	and	w26, w26, w6
    826193b0:	4a4f2ab5 	eor	w21, w21, w15, lsr #10
    826193b4:	2a1b035a 	orr	w26, w26, w27
    826193b8:	0b1402b5 	add	w21, w21, w20
    826193bc:	0b1501ad 	add	w13, w13, w21
    826193c0:	4a070115 	eor	w21, w8, w7
    826193c4:	0a0e02b5 	and	w21, w21, w14
    826193c8:	4a0802b5 	eor	w21, w21, w8
    826193cc:	0b0a02aa 	add	w10, w21, w10
    826193d0:	529228f5 	mov	w21, #0x9147                	// #37191
    826193d4:	72bab4f5 	movk	w21, #0xd5a7, lsl #16
    826193d8:	0b1501b5 	add	w21, w13, w21
    826193dc:	0b15014a 	add	w10, w10, w21
    826193e0:	138e2dd5 	ror	w21, w14, #11
    826193e4:	4ace1ab5 	eor	w21, w21, w14, ror #6
    826193e8:	4ace66b5 	eor	w21, w21, w14, ror #25
    826193ec:	0b150155 	add	w21, w10, w21
    826193f0:	1381342a 	ror	w10, w1, #13
    826193f4:	4ac1094a 	eor	w10, w10, w1, ror #2
    826193f8:	0b150063 	add	w3, w3, w21
    826193fc:	4ac1594a 	eor	w10, w10, w1, ror #22
    82619400:	0b1a014a 	add	w10, w10, w26
    82619404:	0b15014a 	add	w10, w10, w21
    82619408:	138b4975 	ror	w21, w11, #18
    8261940c:	4acb1eb5 	eor	w21, w21, w11, ror #7
    82619410:	2a0a003a 	orr	w26, w1, w10
    82619414:	4a4b0eb5 	eor	w21, w21, w11, lsr #3
    82619418:	0a0a003b 	and	w27, w1, w10
    8261941c:	0b0c02ac 	add	w12, w21, w12
    82619420:	13854cb5 	ror	w21, w5, #19
    82619424:	4ac546b5 	eor	w21, w21, w5, ror #17
    82619428:	0a02035a 	and	w26, w26, w2
    8261942c:	4a452ab5 	eor	w21, w21, w5, lsr #10
    82619430:	2a1b035a 	orr	w26, w26, w27
    82619434:	0b1302b5 	add	w21, w21, w19
    82619438:	0b15018c 	add	w12, w12, w21
    8261943c:	4a0e00f5 	eor	w21, w7, w14
    82619440:	0a0302b5 	and	w21, w21, w3
    82619444:	4a0702b5 	eor	w21, w21, w7
    82619448:	0b0802a8 	add	w8, w21, w8
    8261944c:	528c6a35 	mov	w21, #0x6351                	// #25425
    82619450:	72a0d955 	movk	w21, #0x6ca, lsl #16
    82619454:	0b150195 	add	w21, w12, w21
    82619458:	0b150108 	add	w8, w8, w21
    8261945c:	13832c75 	ror	w21, w3, #11
    82619460:	4ac31ab5 	eor	w21, w21, w3, ror #6
    82619464:	4ac366b5 	eor	w21, w21, w3, ror #25
    82619468:	0b150115 	add	w21, w8, w21
    8261946c:	138a3548 	ror	w8, w10, #13
    82619470:	4aca0908 	eor	w8, w8, w10, ror #2
    82619474:	0b1500c6 	add	w6, w6, w21
    82619478:	4aca5908 	eor	w8, w8, w10, ror #22
    8261947c:	0b1a0108 	add	w8, w8, w26
    82619480:	0b150108 	add	w8, w8, w21
    82619484:	13844895 	ror	w21, w4, #18
    82619488:	4ac41eb5 	eor	w21, w21, w4, ror #7
    8261948c:	2a08015a 	orr	w26, w10, w8
    82619490:	4a440eb5 	eor	w21, w21, w4, lsr #3
    82619494:	0a08015b 	and	w27, w10, w8
    82619498:	0b0b02ab 	add	w11, w21, w11
    8261949c:	138d4db5 	ror	w21, w13, #19
    826194a0:	4acd46b5 	eor	w21, w21, w13, ror #17
    826194a4:	0a01035a 	and	w26, w26, w1
    826194a8:	4a4d2ab5 	eor	w21, w21, w13, lsr #10
    826194ac:	2a1b035a 	orr	w26, w26, w27
    826194b0:	0b1e02b5 	add	w21, w21, w30
    826194b4:	0b15016b 	add	w11, w11, w21
    826194b8:	4a0301d5 	eor	w21, w14, w3
    826194bc:	0a0602b5 	and	w21, w21, w6
    826194c0:	4a0e02b5 	eor	w21, w21, w14
    826194c4:	0b0702a7 	add	w7, w21, w7
    826194c8:	52852cf5 	mov	w21, #0x2967                	// #10599
    826194cc:	72a28535 	movk	w21, #0x1429, lsl #16
    826194d0:	0b150175 	add	w21, w11, w21
    826194d4:	0b1500e7 	add	w7, w7, w21
    826194d8:	13862cd5 	ror	w21, w6, #11
    826194dc:	4ac61ab5 	eor	w21, w21, w6, ror #6
    826194e0:	4ac666b5 	eor	w21, w21, w6, ror #25
    826194e4:	0b1500f5 	add	w21, w7, w21
    826194e8:	13883507 	ror	w7, w8, #13
    826194ec:	4ac808e7 	eor	w7, w7, w8, ror #2
    826194f0:	0b150042 	add	w2, w2, w21
    826194f4:	4ac858e7 	eor	w7, w7, w8, ror #22
    826194f8:	0b1a00e7 	add	w7, w7, w26
    826194fc:	0b1500e7 	add	w7, w7, w21
    82619500:	13964ad5 	ror	w21, w22, #18
    82619504:	4ad61eb5 	eor	w21, w21, w22, ror #7
    82619508:	2a07011a 	orr	w26, w8, w7
    8261950c:	4a560eb5 	eor	w21, w21, w22, lsr #3
    82619510:	0a07011b 	and	w27, w8, w7
    82619514:	0b0402a4 	add	w4, w21, w4
    82619518:	138c4d95 	ror	w21, w12, #19
    8261951c:	4acc46b5 	eor	w21, w21, w12, ror #17
    82619520:	0a0a035a 	and	w26, w26, w10
    82619524:	4a4c2ab5 	eor	w21, w21, w12, lsr #10
    82619528:	2a1b035a 	orr	w26, w26, w27
    8261952c:	0b1102b5 	add	w21, w21, w17
    82619530:	0b150084 	add	w4, w4, w21
    82619534:	4a060075 	eor	w21, w3, w6
    82619538:	0a0202b5 	and	w21, w21, w2
    8261953c:	4a0302b5 	eor	w21, w21, w3
    82619540:	0b0e02ae 	add	w14, w21, w14
    82619544:	528150b5 	mov	w21, #0xa85                 	// #2693
    82619548:	72a4f6f5 	movk	w21, #0x27b7, lsl #16
    8261954c:	0b150095 	add	w21, w4, w21
    82619550:	0b1501ce 	add	w14, w14, w21
    82619554:	13822c55 	ror	w21, w2, #11
    82619558:	4ac21ab5 	eor	w21, w21, w2, ror #6
    8261955c:	4ac266b5 	eor	w21, w21, w2, ror #25
    82619560:	0b1501d5 	add	w21, w14, w21
    82619564:	138734ee 	ror	w14, w7, #13
    82619568:	4ac709ce 	eor	w14, w14, w7, ror #2
    8261956c:	0b150021 	add	w1, w1, w21
    82619570:	4ac759ce 	eor	w14, w14, w7, ror #22
    82619574:	0b1a01ce 	add	w14, w14, w26
    82619578:	0b1501ce 	add	w14, w14, w21
    8261957c:	139c4b95 	ror	w21, w28, #18
    82619580:	4adc1eb5 	eor	w21, w21, w28, ror #7
    82619584:	0a0e00fb 	and	w27, w7, w14
    82619588:	4a5c0eb5 	eor	w21, w21, w28, lsr #3
    8261958c:	0b1602b6 	add	w22, w21, w22
    82619590:	138b4d75 	ror	w21, w11, #19
    82619594:	4acb46b5 	eor	w21, w21, w11, ror #17
    82619598:	4a4b2ab5 	eor	w21, w21, w11, lsr #10
    8261959c:	0b1002ba 	add	w26, w21, w16
    826195a0:	0b1a02d5 	add	w21, w22, w26
    826195a4:	4a0200d6 	eor	w22, w6, w2
    826195a8:	0a0102d6 	and	w22, w22, w1
    826195ac:	2a0e00fa 	orr	w26, w7, w14
    826195b0:	4a0602d6 	eor	w22, w22, w6
    826195b4:	0a08035a 	and	w26, w26, w8
    826195b8:	0b0302c3 	add	w3, w22, w3
    826195bc:	52842716 	mov	w22, #0x2138                	// #8504
    826195c0:	72a5c376 	movk	w22, #0x2e1b, lsl #16
    826195c4:	0b1602b6 	add	w22, w21, w22
    826195c8:	0b160063 	add	w3, w3, w22
    826195cc:	13812c36 	ror	w22, w1, #11
    826195d0:	4ac11ad6 	eor	w22, w22, w1, ror #6
    826195d4:	2a1b035a 	orr	w26, w26, w27
    826195d8:	4ac166d6 	eor	w22, w22, w1, ror #25
    826195dc:	0b160076 	add	w22, w3, w22
    826195e0:	138e35c3 	ror	w3, w14, #13
    826195e4:	4ace0863 	eor	w3, w3, w14, ror #2
    826195e8:	0b16014a 	add	w10, w10, w22
    826195ec:	4ace5863 	eor	w3, w3, w14, ror #22
    826195f0:	0b1a0063 	add	w3, w3, w26
    826195f4:	0b160063 	add	w3, w3, w22
    826195f8:	13974af6 	ror	w22, w23, #18
    826195fc:	4ad71ed6 	eor	w22, w22, w23, ror #7
    82619600:	2a0301da 	orr	w26, w14, w3
    82619604:	4a570ed6 	eor	w22, w22, w23, lsr #3
    82619608:	0a0301db 	and	w27, w14, w3
    8261960c:	0b1c02dc 	add	w28, w22, w28
    82619610:	13844c96 	ror	w22, w4, #19
    82619614:	4ac446d6 	eor	w22, w22, w4, ror #17
    82619618:	0a07035a 	and	w26, w26, w7
    8261961c:	4a442ad6 	eor	w22, w22, w4, lsr #10
    82619620:	2a1b035a 	orr	w26, w26, w27
    82619624:	0b0f02d6 	add	w22, w22, w15
    82619628:	13984b1b 	ror	w27, w24, #18
    8261962c:	0b16039c 	add	w28, w28, w22
    82619630:	4a010056 	eor	w22, w2, w1
    82619634:	0a0a02d6 	and	w22, w22, w10
    82619638:	4ad81f7b 	eor	w27, w27, w24, ror #7
    8261963c:	4a0202d6 	eor	w22, w22, w2
    82619640:	4a580f7b 	eor	w27, w27, w24, lsr #3
    82619644:	0b0602c6 	add	w6, w22, w6
    82619648:	528dbf96 	mov	w22, #0x6dfc                	// #28156
    8261964c:	72a9a596 	movk	w22, #0x4d2c, lsl #16
    82619650:	0b160396 	add	w22, w28, w22
    82619654:	0b1600c6 	add	w6, w6, w22
    82619658:	138a2d56 	ror	w22, w10, #11
    8261965c:	4aca1ad6 	eor	w22, w22, w10, ror #6
    82619660:	0b170377 	add	w23, w27, w23
    82619664:	4aca66d6 	eor	w22, w22, w10, ror #25
    82619668:	13954ebb 	ror	w27, w21, #19
    8261966c:	0b1600d6 	add	w22, w6, w22
    82619670:	13833466 	ror	w6, w3, #13
    82619674:	4ac308c6 	eor	w6, w6, w3, ror #2
    82619678:	4ad5477b 	eor	w27, w27, w21, ror #17
    8261967c:	4ac358c6 	eor	w6, w6, w3, ror #22
    82619680:	4a552b7b 	eor	w27, w27, w21, lsr #10
    82619684:	0b1a00c6 	add	w6, w6, w26
    82619688:	0b160108 	add	w8, w8, w22
    8261968c:	0b1600c6 	add	w6, w6, w22
    82619690:	0b050376 	add	w22, w27, w5
    82619694:	0b1602fb 	add	w27, w23, w22
    82619698:	4a0a0036 	eor	w22, w1, w10
    8261969c:	0a0802d6 	and	w22, w22, w8
    826196a0:	2a060077 	orr	w23, w3, w6
    826196a4:	4a0102d6 	eor	w22, w22, w1
    826196a8:	0a06007a 	and	w26, w3, w6
    826196ac:	0b0202c2 	add	w2, w22, w2
    826196b0:	5281a276 	mov	w22, #0xd13                 	// #3347
    826196b4:	72aa6716 	movk	w22, #0x5338, lsl #16
    826196b8:	0b160376 	add	w22, w27, w22
    826196bc:	0b160042 	add	w2, w2, w22
    826196c0:	13882d16 	ror	w22, w8, #11
    826196c4:	4ac81ad6 	eor	w22, w22, w8, ror #6
    826196c8:	0a0e02f7 	and	w23, w23, w14
    826196cc:	4ac866d6 	eor	w22, w22, w8, ror #25
    826196d0:	2a1a02f7 	orr	w23, w23, w26
    826196d4:	0b160056 	add	w22, w2, w22
    826196d8:	138634c2 	ror	w2, w6, #13
    826196dc:	4ac60842 	eor	w2, w2, w6, ror #2
    826196e0:	0b1600e7 	add	w7, w7, w22
    826196e4:	4ac65842 	eor	w2, w2, w6, ror #22
    826196e8:	139c4f9a 	ror	w26, w28, #19
    826196ec:	0b170042 	add	w2, w2, w23
    826196f0:	4adc475a 	eor	w26, w26, w28, ror #17
    826196f4:	0b160042 	add	w2, w2, w22
    826196f8:	13994b36 	ror	w22, w25, #18
    826196fc:	4ad91ed6 	eor	w22, w22, w25, ror #7
    82619700:	4a5c2b5a 	eor	w26, w26, w28, lsr #10
    82619704:	4a590ed6 	eor	w22, w22, w25, lsr #3
    82619708:	0b0d035a 	add	w26, w26, w13
    8261970c:	0b1802d8 	add	w24, w22, w24
    82619710:	4a080156 	eor	w22, w10, w8
    82619714:	0a0702d6 	and	w22, w22, w7
    82619718:	0b18035a 	add	w26, w26, w24
    8261971c:	4a0a02d6 	eor	w22, w22, w10
    82619720:	2a0200d7 	orr	w23, w6, w2
    82619724:	0b0102c1 	add	w1, w22, w1
    82619728:	528e6a96 	mov	w22, #0x7354                	// #29524
    8261972c:	72aca156 	movk	w22, #0x650a, lsl #16
    82619730:	0b160356 	add	w22, w26, w22
    82619734:	0b160021 	add	w1, w1, w22
    82619738:	13872cf6 	ror	w22, w7, #11
    8261973c:	4ac71ad6 	eor	w22, w22, w7, ror #6
    82619740:	0a0200d8 	and	w24, w6, w2
    82619744:	4ac766d6 	eor	w22, w22, w7, ror #25
    82619748:	0a0302f7 	and	w23, w23, w3
    8261974c:	0b160036 	add	w22, w1, w22
    82619750:	13823441 	ror	w1, w2, #13
    82619754:	4ac20821 	eor	w1, w1, w2, ror #2
    82619758:	2a1802f7 	orr	w23, w23, w24
    8261975c:	4ac25821 	eor	w1, w1, w2, ror #22
    82619760:	0b1601ce 	add	w14, w14, w22
    82619764:	0b170021 	add	w1, w1, w23
    82619768:	0b160021 	add	w1, w1, w22
    8261976c:	13944a96 	ror	w22, w20, #18
    82619770:	4ad41ed6 	eor	w22, w22, w20, ror #7
    82619774:	2a010057 	orr	w23, w2, w1
    82619778:	4a540ed6 	eor	w22, w22, w20, lsr #3
    8261977c:	0a010058 	and	w24, w2, w1
    82619780:	0b1902d9 	add	w25, w22, w25
    82619784:	139b4f76 	ror	w22, w27, #19
    82619788:	4adb46d6 	eor	w22, w22, w27, ror #17
    8261978c:	0a0602f7 	and	w23, w23, w6
    82619790:	4a5b2ad6 	eor	w22, w22, w27, lsr #10
    82619794:	2a1802f7 	orr	w23, w23, w24
    82619798:	0b0c02d6 	add	w22, w22, w12
    8261979c:	0b160339 	add	w25, w25, w22
    826197a0:	4a070116 	eor	w22, w8, w7
    826197a4:	0a0e02d6 	and	w22, w22, w14
    826197a8:	4a0802d6 	eor	w22, w22, w8
    826197ac:	0b0a02ca 	add	w10, w22, w10
    826197b0:	52815776 	mov	w22, #0xabb                 	// #2747
    826197b4:	72aecd56 	movk	w22, #0x766a, lsl #16
    826197b8:	0b160336 	add	w22, w25, w22
    826197bc:	0b16014a 	add	w10, w10, w22
    826197c0:	138e2dd6 	ror	w22, w14, #11
    826197c4:	4ace1ad6 	eor	w22, w22, w14, ror #6
    826197c8:	4ace66d6 	eor	w22, w22, w14, ror #25
    826197cc:	0b160156 	add	w22, w10, w22
    826197d0:	1381342a 	ror	w10, w1, #13
    826197d4:	4ac1094a 	eor	w10, w10, w1, ror #2
    826197d8:	0b160063 	add	w3, w3, w22
    826197dc:	4ac1594a 	eor	w10, w10, w1, ror #22
    826197e0:	0b17014a 	add	w10, w10, w23
    826197e4:	0b16014a 	add	w10, w10, w22
    826197e8:	13934a76 	ror	w22, w19, #18
    826197ec:	4ad31ed6 	eor	w22, w22, w19, ror #7
    826197f0:	2a0a0037 	orr	w23, w1, w10
    826197f4:	4a530ed6 	eor	w22, w22, w19, lsr #3
    826197f8:	0a0a0038 	and	w24, w1, w10
    826197fc:	0b1402d4 	add	w20, w22, w20
    82619800:	139a4f56 	ror	w22, w26, #19
    82619804:	4ada46d6 	eor	w22, w22, w26, ror #17
    82619808:	0a0202f7 	and	w23, w23, w2
    8261980c:	4a5a2ad6 	eor	w22, w22, w26, lsr #10
    82619810:	2a1802f7 	orr	w23, w23, w24
    82619814:	0b0b02d6 	add	w22, w22, w11
    82619818:	0b160294 	add	w20, w20, w22
    8261981c:	4a0e00f6 	eor	w22, w7, w14
    82619820:	0a0302d6 	and	w22, w22, w3
    82619824:	4a0702d6 	eor	w22, w22, w7
    82619828:	0b0802c8 	add	w8, w22, w8
    8261982c:	529925d6 	mov	w22, #0xc92e                	// #51502
    82619830:	72b03856 	movk	w22, #0x81c2, lsl #16
    82619834:	0b160296 	add	w22, w20, w22
    82619838:	0b160108 	add	w8, w8, w22
    8261983c:	13832c76 	ror	w22, w3, #11
    82619840:	4ac31ad6 	eor	w22, w22, w3, ror #6
    82619844:	4ac366d6 	eor	w22, w22, w3, ror #25
    82619848:	0b160116 	add	w22, w8, w22
    8261984c:	138a3548 	ror	w8, w10, #13
    82619850:	4aca0908 	eor	w8, w8, w10, ror #2
    82619854:	0b1600c6 	add	w6, w6, w22
    82619858:	4aca5908 	eor	w8, w8, w10, ror #22
    8261985c:	0b170108 	add	w8, w8, w23
    82619860:	0b160108 	add	w8, w8, w22
    82619864:	139e4bd6 	ror	w22, w30, #18
    82619868:	4ade1ed6 	eor	w22, w22, w30, ror #7
    8261986c:	2a080157 	orr	w23, w10, w8
    82619870:	4a5e0ed6 	eor	w22, w22, w30, lsr #3
    82619874:	0a080158 	and	w24, w10, w8
    82619878:	0b1302d3 	add	w19, w22, w19
    8261987c:	13994f36 	ror	w22, w25, #19
    82619880:	4ad946d6 	eor	w22, w22, w25, ror #17
    82619884:	0a0102f7 	and	w23, w23, w1
    82619888:	4a592ad6 	eor	w22, w22, w25, lsr #10
    8261988c:	2a1802f7 	orr	w23, w23, w24
    82619890:	0b0402d6 	add	w22, w22, w4
    82619894:	4a060078 	eor	w24, w3, w6
    82619898:	0b160273 	add	w19, w19, w22
    8261989c:	4a0301d6 	eor	w22, w14, w3
    826198a0:	0a0602d6 	and	w22, w22, w6
    826198a4:	4a0e02d6 	eor	w22, w22, w14
    826198a8:	0b0702c7 	add	w7, w22, w7
    826198ac:	528590b6 	mov	w22, #0x2c85                	// #11397
    826198b0:	72b24e56 	movk	w22, #0x9272, lsl #16
    826198b4:	0b160276 	add	w22, w19, w22
    826198b8:	0b1600e7 	add	w7, w7, w22
    826198bc:	13862cd6 	ror	w22, w6, #11
    826198c0:	4ac61ad6 	eor	w22, w22, w6, ror #6
    826198c4:	4ac666d6 	eor	w22, w22, w6, ror #25
    826198c8:	0b1600f6 	add	w22, w7, w22
    826198cc:	13883507 	ror	w7, w8, #13
    826198d0:	4ac808e7 	eor	w7, w7, w8, ror #2
    826198d4:	0b160042 	add	w2, w2, w22
    826198d8:	4ac858e7 	eor	w7, w7, w8, ror #22
    826198dc:	0a020318 	and	w24, w24, w2
    826198e0:	0b1700e7 	add	w7, w7, w23
    826198e4:	4a030318 	eor	w24, w24, w3
    826198e8:	0b1600e7 	add	w7, w7, w22
    826198ec:	13914a36 	ror	w22, w17, #18
    826198f0:	4ad11ed6 	eor	w22, w22, w17, ror #7
    826198f4:	0b0e030e 	add	w14, w24, w14
    826198f8:	4a510ed6 	eor	w22, w22, w17, lsr #3
    826198fc:	529d1438 	mov	w24, #0xe8a1                	// #59553
    82619900:	0b1e02de 	add	w30, w22, w30
    82619904:	13944e96 	ror	w22, w20, #19
    82619908:	4ad446d6 	eor	w22, w22, w20, ror #17
    8261990c:	72b457f8 	movk	w24, #0xa2bf, lsl #16
    82619910:	4a542ad6 	eor	w22, w22, w20, lsr #10
    82619914:	0a070117 	and	w23, w8, w7
    82619918:	0b1502d6 	add	w22, w22, w21
    8261991c:	0b1603de 	add	w30, w30, w22
    82619920:	2a070116 	orr	w22, w8, w7
    82619924:	0b1803d8 	add	w24, w30, w24
    82619928:	0a0a02d6 	and	w22, w22, w10
    8261992c:	0b1801d8 	add	w24, w14, w24
    82619930:	13822c4e 	ror	w14, w2, #11
    82619934:	4ac219ce 	eor	w14, w14, w2, ror #6
    82619938:	2a1702d6 	orr	w22, w22, w23
    8261993c:	4ac265ce 	eor	w14, w14, w2, ror #25
    82619940:	0b0e030e 	add	w14, w24, w14
    82619944:	138734f8 	ror	w24, w7, #13
    82619948:	4ac70b18 	eor	w24, w24, w7, ror #2
    8261994c:	0b0e0021 	add	w1, w1, w14
    82619950:	4ac75b18 	eor	w24, w24, w7, ror #22
    82619954:	0b160318 	add	w24, w24, w22
    82619958:	0b0e0318 	add	w24, w24, w14
    8261995c:	13904a0e 	ror	w14, w16, #18
    82619960:	4ad01dce 	eor	w14, w14, w16, ror #7
    82619964:	2a1800f6 	orr	w22, w7, w24
    82619968:	4a500dce 	eor	w14, w14, w16, lsr #3
    8261996c:	0a1800f7 	and	w23, w7, w24
    82619970:	0b1101d1 	add	w17, w14, w17
    82619974:	13934e6e 	ror	w14, w19, #19
    82619978:	4ad345ce 	eor	w14, w14, w19, ror #17
    8261997c:	0a0802d6 	and	w22, w22, w8
    82619980:	4a5329ce 	eor	w14, w14, w19, lsr #10
    82619984:	2a1702d6 	orr	w22, w22, w23
    82619988:	0b1c01ce 	add	w14, w14, w28
    8261998c:	0b0e0231 	add	w17, w17, w14
    82619990:	4a0200ce 	eor	w14, w6, w2
    82619994:	0a0101ce 	and	w14, w14, w1
    82619998:	4a0601ce 	eor	w14, w14, w6
    8261999c:	0b0301c3 	add	w3, w14, w3
    826199a0:	528cc96e 	mov	w14, #0x664b                	// #26187
    826199a4:	72b5034e 	movk	w14, #0xa81a, lsl #16
    826199a8:	0b0e022e 	add	w14, w17, w14
    826199ac:	0b0e0063 	add	w3, w3, w14
    826199b0:	13812c2e 	ror	w14, w1, #11
    826199b4:	4ac119ce 	eor	w14, w14, w1, ror #6
    826199b8:	4ac165ce 	eor	w14, w14, w1, ror #25
    826199bc:	0b0e006e 	add	w14, w3, w14
    826199c0:	13983703 	ror	w3, w24, #13
    826199c4:	4ad80863 	eor	w3, w3, w24, ror #2
    826199c8:	0b0e014a 	add	w10, w10, w14
    826199cc:	4ad85863 	eor	w3, w3, w24, ror #22
    826199d0:	0b160063 	add	w3, w3, w22
    826199d4:	0b0e0063 	add	w3, w3, w14
    826199d8:	138f49ee 	ror	w14, w15, #18
    826199dc:	4acf1dce 	eor	w14, w14, w15, ror #7
    826199e0:	2a030316 	orr	w22, w24, w3
    826199e4:	4a4f0dce 	eor	w14, w14, w15, lsr #3
    826199e8:	0a030317 	and	w23, w24, w3
    826199ec:	0b1001d0 	add	w16, w14, w16
    826199f0:	139e4fce 	ror	w14, w30, #19
    826199f4:	4ade45ce 	eor	w14, w14, w30, ror #17
    826199f8:	0a0702d6 	and	w22, w22, w7
    826199fc:	4a5e29ce 	eor	w14, w14, w30, lsr #10
    82619a00:	2a1702d6 	orr	w22, w22, w23
    82619a04:	0b1b01ce 	add	w14, w14, w27
    82619a08:	0b0e0210 	add	w16, w16, w14
    82619a0c:	4a01004e 	eor	w14, w2, w1
    82619a10:	0a0a01ce 	and	w14, w14, w10
    82619a14:	4a0201ce 	eor	w14, w14, w2
    82619a18:	0b0601c6 	add	w6, w14, w6
    82619a1c:	52916e0e 	mov	w14, #0x8b70                	// #35696
    82619a20:	72b8496e 	movk	w14, #0xc24b, lsl #16
    82619a24:	0b0e020e 	add	w14, w16, w14
    82619a28:	0b0e00c6 	add	w6, w6, w14
    82619a2c:	138a2d4e 	ror	w14, w10, #11
    82619a30:	4aca19ce 	eor	w14, w14, w10, ror #6
    82619a34:	4aca65ce 	eor	w14, w14, w10, ror #25
    82619a38:	0b0e00ce 	add	w14, w6, w14
    82619a3c:	13833466 	ror	w6, w3, #13
    82619a40:	4ac308c6 	eor	w6, w6, w3, ror #2
    82619a44:	0b0e0108 	add	w8, w8, w14
    82619a48:	4ac358c6 	eor	w6, w6, w3, ror #22
    82619a4c:	0b1600c6 	add	w6, w6, w22
    82619a50:	0b0e00c6 	add	w6, w6, w14
    82619a54:	138548ae 	ror	w14, w5, #18
    82619a58:	4ac51dce 	eor	w14, w14, w5, ror #7
    82619a5c:	2a060076 	orr	w22, w3, w6
    82619a60:	4a450dce 	eor	w14, w14, w5, lsr #3
    82619a64:	0a060077 	and	w23, w3, w6
    82619a68:	0b0f01cf 	add	w15, w14, w15
    82619a6c:	13914e2e 	ror	w14, w17, #19
    82619a70:	4ad145ce 	eor	w14, w14, w17, ror #17
    82619a74:	0a1802d6 	and	w22, w22, w24
    82619a78:	4a5129ce 	eor	w14, w14, w17, lsr #10
    82619a7c:	2a1702d6 	orr	w22, w22, w23
    82619a80:	0b1a01ce 	add	w14, w14, w26
    82619a84:	0b0e01ef 	add	w15, w15, w14
    82619a88:	4a0a002e 	eor	w14, w1, w10
    82619a8c:	0a0801ce 	and	w14, w14, w8
    82619a90:	4a0101ce 	eor	w14, w14, w1
    82619a94:	0b0201c2 	add	w2, w14, w2
    82619a98:	528a346e 	mov	w14, #0x51a3                	// #20899
    82619a9c:	72b8ed8e 	movk	w14, #0xc76c, lsl #16
    82619aa0:	0b0e01ee 	add	w14, w15, w14
    82619aa4:	0b0e0042 	add	w2, w2, w14
    82619aa8:	13882d0e 	ror	w14, w8, #11
    82619aac:	4ac819ce 	eor	w14, w14, w8, ror #6
    82619ab0:	4ac865ce 	eor	w14, w14, w8, ror #25
    82619ab4:	0b0e004e 	add	w14, w2, w14
    82619ab8:	138634c2 	ror	w2, w6, #13
    82619abc:	4ac60842 	eor	w2, w2, w6, ror #2
    82619ac0:	0b0e00e7 	add	w7, w7, w14
    82619ac4:	4ac65842 	eor	w2, w2, w6, ror #22
    82619ac8:	0b160042 	add	w2, w2, w22
    82619acc:	0b0e0042 	add	w2, w2, w14
    82619ad0:	138d49ae 	ror	w14, w13, #18
    82619ad4:	4acd1dce 	eor	w14, w14, w13, ror #7
    82619ad8:	0a0200d7 	and	w23, w6, w2
    82619adc:	4a4d0dce 	eor	w14, w14, w13, lsr #3
    82619ae0:	0b0501c5 	add	w5, w14, w5
    82619ae4:	13904e0e 	ror	w14, w16, #19
    82619ae8:	4ad045ce 	eor	w14, w14, w16, ror #17
    82619aec:	4a5029ce 	eor	w14, w14, w16, lsr #10
    82619af0:	0b1901d6 	add	w22, w14, w25
    82619af4:	0b1600ae 	add	w14, w5, w22
    82619af8:	4a080145 	eor	w5, w10, w8
    82619afc:	0a0700a5 	and	w5, w5, w7
    82619b00:	2a0200d6 	orr	w22, w6, w2
    82619b04:	4a0a00a5 	eor	w5, w5, w10
    82619b08:	0a0302d6 	and	w22, w22, w3
    82619b0c:	0b0100a1 	add	w1, w5, w1
    82619b10:	529d0325 	mov	w5, #0xe819                	// #59417
    82619b14:	72ba3245 	movk	w5, #0xd192, lsl #16
    82619b18:	0b0501c5 	add	w5, w14, w5
    82619b1c:	0b050025 	add	w5, w1, w5
    82619b20:	13872ce1 	ror	w1, w7, #11
    82619b24:	4ac71821 	eor	w1, w1, w7, ror #6
    82619b28:	2a1702d6 	orr	w22, w22, w23
    82619b2c:	4ac76421 	eor	w1, w1, w7, ror #25
    82619b30:	0b0100a1 	add	w1, w5, w1
    82619b34:	13823445 	ror	w5, w2, #13
    82619b38:	4ac208a5 	eor	w5, w5, w2, ror #2
    82619b3c:	0b010318 	add	w24, w24, w1
    82619b40:	4ac258a5 	eor	w5, w5, w2, ror #22
    82619b44:	0b1600a5 	add	w5, w5, w22
    82619b48:	0b0100a5 	add	w5, w5, w1
    82619b4c:	138c4981 	ror	w1, w12, #18
    82619b50:	4acc1c21 	eor	w1, w1, w12, ror #7
    82619b54:	2a050056 	orr	w22, w2, w5
    82619b58:	4a4c0c21 	eor	w1, w1, w12, lsr #3
    82619b5c:	0a050057 	and	w23, w2, w5
    82619b60:	0b0d002d 	add	w13, w1, w13
    82619b64:	138f4de1 	ror	w1, w15, #19
    82619b68:	4acf4421 	eor	w1, w1, w15, ror #17
    82619b6c:	0a0602d6 	and	w22, w22, w6
    82619b70:	4a4f2821 	eor	w1, w1, w15, lsr #10
    82619b74:	2a1702d6 	orr	w22, w22, w23
    82619b78:	0b140021 	add	w1, w1, w20
    82619b7c:	0b0101ad 	add	w13, w13, w1
    82619b80:	4a070101 	eor	w1, w8, w7
    82619b84:	0a180021 	and	w1, w1, w24
    82619b88:	4a080021 	eor	w1, w1, w8
    82619b8c:	0b0a002a 	add	w10, w1, w10
    82619b90:	5280c481 	mov	w1, #0x624                 	// #1572
    82619b94:	72bad321 	movk	w1, #0xd699, lsl #16
    82619b98:	0b0101a1 	add	w1, w13, w1
    82619b9c:	0b01014a 	add	w10, w10, w1
    82619ba0:	13982f01 	ror	w1, w24, #11
    82619ba4:	4ad81821 	eor	w1, w1, w24, ror #6
    82619ba8:	4ad86421 	eor	w1, w1, w24, ror #25
    82619bac:	0b010141 	add	w1, w10, w1
    82619bb0:	138534aa 	ror	w10, w5, #13
    82619bb4:	4ac5094a 	eor	w10, w10, w5, ror #2
    82619bb8:	0b010063 	add	w3, w3, w1
    82619bbc:	4ac5594a 	eor	w10, w10, w5, ror #22
    82619bc0:	0b16014a 	add	w10, w10, w22
    82619bc4:	0b01014a 	add	w10, w10, w1
    82619bc8:	138b4961 	ror	w1, w11, #18
    82619bcc:	4acb1c21 	eor	w1, w1, w11, ror #7
    82619bd0:	2a0a00b6 	orr	w22, w5, w10
    82619bd4:	4a4b0c21 	eor	w1, w1, w11, lsr #3
    82619bd8:	0a0a00b7 	and	w23, w5, w10
    82619bdc:	0b0c002c 	add	w12, w1, w12
    82619be0:	138e4dc1 	ror	w1, w14, #19
    82619be4:	4ace4421 	eor	w1, w1, w14, ror #17
    82619be8:	0a0202d6 	and	w22, w22, w2
    82619bec:	4a4e2821 	eor	w1, w1, w14, lsr #10
    82619bf0:	2a1702d6 	orr	w22, w22, w23
    82619bf4:	0b130021 	add	w1, w1, w19
    82619bf8:	0b01018c 	add	w12, w12, w1
    82619bfc:	4a1800e1 	eor	w1, w7, w24
    82619c00:	0a030021 	and	w1, w1, w3
    82619c04:	4a070021 	eor	w1, w1, w7
    82619c08:	0b080028 	add	w8, w1, w8
    82619c0c:	5286b0a1 	mov	w1, #0x3585                	// #13701
    82619c10:	72be81c1 	movk	w1, #0xf40e, lsl #16
    82619c14:	0b010181 	add	w1, w12, w1
    82619c18:	0b010108 	add	w8, w8, w1
    82619c1c:	13832c61 	ror	w1, w3, #11
    82619c20:	4ac31821 	eor	w1, w1, w3, ror #6
    82619c24:	4ac36421 	eor	w1, w1, w3, ror #25
    82619c28:	0b010101 	add	w1, w8, w1
    82619c2c:	138a3548 	ror	w8, w10, #13
    82619c30:	4aca0908 	eor	w8, w8, w10, ror #2
    82619c34:	0b0100c6 	add	w6, w6, w1
    82619c38:	4aca5908 	eor	w8, w8, w10, ror #22
    82619c3c:	0b160108 	add	w8, w8, w22
    82619c40:	0b010108 	add	w8, w8, w1
    82619c44:	13844881 	ror	w1, w4, #18
    82619c48:	4ac41c21 	eor	w1, w1, w4, ror #7
    82619c4c:	2a080156 	orr	w22, w10, w8
    82619c50:	4a440c21 	eor	w1, w1, w4, lsr #3
    82619c54:	0a080157 	and	w23, w10, w8
    82619c58:	0b0b002b 	add	w11, w1, w11
    82619c5c:	138d4da1 	ror	w1, w13, #19
    82619c60:	4acd4421 	eor	w1, w1, w13, ror #17
    82619c64:	0a0502d6 	and	w22, w22, w5
    82619c68:	4a4d2821 	eor	w1, w1, w13, lsr #10
    82619c6c:	2a1702d6 	orr	w22, w22, w23
    82619c70:	0b1e0021 	add	w1, w1, w30
    82619c74:	0b01016b 	add	w11, w11, w1
    82619c78:	4a030301 	eor	w1, w24, w3
    82619c7c:	0a060021 	and	w1, w1, w6
    82619c80:	4a180021 	eor	w1, w1, w24
    82619c84:	0b070027 	add	w7, w1, w7
    82619c88:	52940e01 	mov	w1, #0xa070                	// #41072
    82619c8c:	72a20d41 	movk	w1, #0x106a, lsl #16
    82619c90:	0b010161 	add	w1, w11, w1
    82619c94:	0b0100e7 	add	w7, w7, w1
    82619c98:	13862cc1 	ror	w1, w6, #11
    82619c9c:	4ac61821 	eor	w1, w1, w6, ror #6
    82619ca0:	4ac66421 	eor	w1, w1, w6, ror #25
    82619ca4:	0b0100e1 	add	w1, w7, w1
    82619ca8:	13883507 	ror	w7, w8, #13
    82619cac:	4ac808e7 	eor	w7, w7, w8, ror #2
    82619cb0:	0b010042 	add	w2, w2, w1
    82619cb4:	4ac858e7 	eor	w7, w7, w8, ror #22
    82619cb8:	0b1600e7 	add	w7, w7, w22
    82619cbc:	0b0100e7 	add	w7, w7, w1
    82619cc0:	13954aa1 	ror	w1, w21, #18
    82619cc4:	4ad51c21 	eor	w1, w1, w21, ror #7
    82619cc8:	0a070117 	and	w23, w8, w7
    82619ccc:	4a550c21 	eor	w1, w1, w21, lsr #3
    82619cd0:	0b040024 	add	w4, w1, w4
    82619cd4:	138c4d81 	ror	w1, w12, #19
    82619cd8:	4acc4421 	eor	w1, w1, w12, ror #17
    82619cdc:	4a4c2821 	eor	w1, w1, w12, lsr #10
    82619ce0:	0b110036 	add	w22, w1, w17
    82619ce4:	0b160081 	add	w1, w4, w22
    82619ce8:	4a060064 	eor	w4, w3, w6
    82619cec:	0a020084 	and	w4, w4, w2
    82619cf0:	2a070116 	orr	w22, w8, w7
    82619cf4:	4a030084 	eor	w4, w4, w3
    82619cf8:	0a0a02d6 	and	w22, w22, w10
    82619cfc:	0b180098 	add	w24, w4, w24
    82619d00:	529822c4 	mov	w4, #0xc116                	// #49430
    82619d04:	72a33484 	movk	w4, #0x19a4, lsl #16
    82619d08:	0b040024 	add	w4, w1, w4
    82619d0c:	0b040304 	add	w4, w24, w4
    82619d10:	13822c58 	ror	w24, w2, #11
    82619d14:	4ac21b18 	eor	w24, w24, w2, ror #6
    82619d18:	2a1702d6 	orr	w22, w22, w23
    82619d1c:	4ac26718 	eor	w24, w24, w2, ror #25
    82619d20:	139c4b97 	ror	w23, w28, #18
    82619d24:	0b180098 	add	w24, w4, w24
    82619d28:	138734e4 	ror	w4, w7, #13
    82619d2c:	4ac70884 	eor	w4, w4, w7, ror #2
    82619d30:	4adc1ef7 	eor	w23, w23, w28, ror #7
    82619d34:	4ac75884 	eor	w4, w4, w7, ror #22
    82619d38:	4a5c0ef7 	eor	w23, w23, w28, lsr #3
    82619d3c:	0b160084 	add	w4, w4, w22
    82619d40:	138b4d76 	ror	w22, w11, #19
    82619d44:	4acb46d6 	eor	w22, w22, w11, ror #17
    82619d48:	0b1502f5 	add	w21, w23, w21
    82619d4c:	4a4b2ad6 	eor	w22, w22, w11, lsr #10
    82619d50:	0b1800a5 	add	w5, w5, w24
    82619d54:	0b1002d6 	add	w22, w22, w16
    82619d58:	0b180084 	add	w4, w4, w24
    82619d5c:	0b1502d6 	add	w22, w22, w21
    82619d60:	4a0200d5 	eor	w21, w6, w2
    82619d64:	0a0502b5 	and	w21, w21, w5
    82619d68:	2a0400f7 	orr	w23, w7, w4
    82619d6c:	4a0602b5 	eor	w21, w21, w6
    82619d70:	0a0400f8 	and	w24, w7, w4
    82619d74:	0b0302a3 	add	w3, w21, w3
    82619d78:	528d8115 	mov	w21, #0x6c08                	// #27656
    82619d7c:	72a3c6f5 	movk	w21, #0x1e37, lsl #16
    82619d80:	0b1502d5 	add	w21, w22, w21
    82619d84:	0b150063 	add	w3, w3, w21
    82619d88:	13852cb5 	ror	w21, w5, #11
    82619d8c:	4ac51ab5 	eor	w21, w21, w5, ror #6
    82619d90:	0a0802f7 	and	w23, w23, w8
    82619d94:	4ac566b5 	eor	w21, w21, w5, ror #25
    82619d98:	2a1802f7 	orr	w23, w23, w24
    82619d9c:	0b150075 	add	w21, w3, w21
    82619da0:	13843483 	ror	w3, w4, #13
    82619da4:	4ac40863 	eor	w3, w3, w4, ror #2
    82619da8:	0b15014a 	add	w10, w10, w21
    82619dac:	4ac45863 	eor	w3, w3, w4, ror #22
    82619db0:	0b170063 	add	w3, w3, w23
    82619db4:	0b150063 	add	w3, w3, w21
    82619db8:	139b4b75 	ror	w21, w27, #18
    82619dbc:	4adb1eb5 	eor	w21, w21, w27, ror #7
    82619dc0:	2a030098 	orr	w24, w4, w3
    82619dc4:	4a5b0eb5 	eor	w21, w21, w27, lsr #3
    82619dc8:	0a070318 	and	w24, w24, w7
    82619dcc:	0b1c02bc 	add	w28, w21, w28
    82619dd0:	13814c35 	ror	w21, w1, #19
    82619dd4:	4ac146b5 	eor	w21, w21, w1, ror #17
    82619dd8:	4a412ab5 	eor	w21, w21, w1, lsr #10
    82619ddc:	0b0f02b7 	add	w23, w21, w15
    82619de0:	0b170395 	add	w21, w28, w23
    82619de4:	4a050057 	eor	w23, w2, w5
    82619de8:	0a0a02f7 	and	w23, w23, w10
    82619dec:	0a03009c 	and	w28, w4, w3
    82619df0:	4a0202f7 	eor	w23, w23, w2
    82619df4:	2a1c0318 	orr	w24, w24, w28
    82619df8:	0b0602e6 	add	w6, w23, w6
    82619dfc:	528ee997 	mov	w23, #0x774c                	// #30540
    82619e00:	72a4e917 	movk	w23, #0x2748, lsl #16
    82619e04:	0b1702b7 	add	w23, w21, w23
    82619e08:	0b1700c6 	add	w6, w6, w23
    82619e0c:	138a2d57 	ror	w23, w10, #11
    82619e10:	4aca1af7 	eor	w23, w23, w10, ror #6
    82619e14:	4aca66f7 	eor	w23, w23, w10, ror #25
    82619e18:	0b1700d7 	add	w23, w6, w23
    82619e1c:	13833466 	ror	w6, w3, #13
    82619e20:	4ac308c6 	eor	w6, w6, w3, ror #2
    82619e24:	0b170108 	add	w8, w8, w23
    82619e28:	4ac358c6 	eor	w6, w6, w3, ror #22
    82619e2c:	0b1800c6 	add	w6, w6, w24
    82619e30:	0b1700c6 	add	w6, w6, w23
    82619e34:	139a4b57 	ror	w23, w26, #18
    82619e38:	4ada1ef7 	eor	w23, w23, w26, ror #7
    82619e3c:	0a06007c 	and	w28, w3, w6
    82619e40:	4a5a0ef7 	eor	w23, w23, w26, lsr #3
    82619e44:	0b1b02fb 	add	w27, w23, w27
    82619e48:	13964ed7 	ror	w23, w22, #19
    82619e4c:	4ad646f7 	eor	w23, w23, w22, ror #17
    82619e50:	4a562af7 	eor	w23, w23, w22, lsr #10
    82619e54:	0b0e02f8 	add	w24, w23, w14
    82619e58:	0b180377 	add	w23, w27, w24
    82619e5c:	4a0a00b8 	eor	w24, w5, w10
    82619e60:	0a080318 	and	w24, w24, w8
    82619e64:	2a06007b 	orr	w27, w3, w6
    82619e68:	4a050318 	eor	w24, w24, w5
    82619e6c:	0a04037b 	and	w27, w27, w4
    82619e70:	0b020302 	add	w2, w24, w2
    82619e74:	529796b8 	mov	w24, #0xbcb5                	// #48309
    82619e78:	72a69618 	movk	w24, #0x34b0, lsl #16
    82619e7c:	0b1802f8 	add	w24, w23, w24
    82619e80:	0b180042 	add	w2, w2, w24
    82619e84:	13882d18 	ror	w24, w8, #11
    82619e88:	4ac81b18 	eor	w24, w24, w8, ror #6
    82619e8c:	2a1c037b 	orr	w27, w27, w28
    82619e90:	4ac86718 	eor	w24, w24, w8, ror #25
    82619e94:	0b180058 	add	w24, w2, w24
    82619e98:	138634c2 	ror	w2, w6, #13
    82619e9c:	4ac60842 	eor	w2, w2, w6, ror #2
    82619ea0:	0b1800e7 	add	w7, w7, w24
    82619ea4:	4ac65842 	eor	w2, w2, w6, ror #22
    82619ea8:	0b1b0042 	add	w2, w2, w27
    82619eac:	0b180042 	add	w2, w2, w24
    82619eb0:	13994b38 	ror	w24, w25, #18
    82619eb4:	4ad91f18 	eor	w24, w24, w25, ror #7
    82619eb8:	0a0200dc 	and	w28, w6, w2
    82619ebc:	4a590f18 	eor	w24, w24, w25, lsr #3
    82619ec0:	0b1a031a 	add	w26, w24, w26
    82619ec4:	13954eb8 	ror	w24, w21, #19
    82619ec8:	4ad54718 	eor	w24, w24, w21, ror #17
    82619ecc:	4a552b18 	eor	w24, w24, w21, lsr #10
    82619ed0:	0b0d031b 	add	w27, w24, w13
    82619ed4:	0b1b0358 	add	w24, w26, w27
    82619ed8:	4a08015b 	eor	w27, w10, w8
    82619edc:	0a07037b 	and	w27, w27, w7
    82619ee0:	4a0a037b 	eor	w27, w27, w10
    82619ee4:	0b050365 	add	w5, w27, w5
    82619ee8:	5281967b 	mov	w27, #0xcb3                 	// #3251
    82619eec:	72a7239b 	movk	w27, #0x391c, lsl #16
    82619ef0:	0b1b031b 	add	w27, w24, w27
    82619ef4:	0b1b00a5 	add	w5, w5, w27
    82619ef8:	13872cfb 	ror	w27, w7, #11
    82619efc:	4ac71b7b 	eor	w27, w27, w7, ror #6
    82619f00:	4ac7677b 	eor	w27, w27, w7, ror #25
    82619f04:	0b1b00bb 	add	w27, w5, w27
    82619f08:	13823445 	ror	w5, w2, #13
    82619f0c:	0b1b009a 	add	w26, w4, w27
    82619f10:	2a0200c4 	orr	w4, w6, w2
    82619f14:	4ac208a5 	eor	w5, w5, w2, ror #2
    82619f18:	0a030084 	and	w4, w4, w3
    82619f1c:	2a1c0084 	orr	w4, w4, w28
    82619f20:	4ac258a5 	eor	w5, w5, w2, ror #22
    82619f24:	0b0400a5 	add	w5, w5, w4
    82619f28:	13944a84 	ror	w4, w20, #18
    82619f2c:	4ad41c84 	eor	w4, w4, w20, ror #7
    82619f30:	0b1b00a5 	add	w5, w5, w27
    82619f34:	4a540c84 	eor	w4, w4, w20, lsr #3
    82619f38:	0a05005c 	and	w28, w2, w5
    82619f3c:	0b190099 	add	w25, w4, w25
    82619f40:	13974ee4 	ror	w4, w23, #19
    82619f44:	4ad74484 	eor	w4, w4, w23, ror #17
    82619f48:	4a572884 	eor	w4, w4, w23, lsr #10
    82619f4c:	0b0c0084 	add	w4, w4, w12
    82619f50:	0b040339 	add	w25, w25, w4
    82619f54:	4a070104 	eor	w4, w8, w7
    82619f58:	0a1a0084 	and	w4, w4, w26
    82619f5c:	4a080084 	eor	w4, w4, w8
    82619f60:	0b0a008a 	add	w10, w4, w10
    82619f64:	52954944 	mov	w4, #0xaa4a                	// #43594
    82619f68:	72a9db04 	movk	w4, #0x4ed8, lsl #16
    82619f6c:	0b040324 	add	w4, w25, w4
    82619f70:	0b040144 	add	w4, w10, w4
    82619f74:	139a2f4a 	ror	w10, w26, #11
    82619f78:	4ada194a 	eor	w10, w10, w26, ror #6
    82619f7c:	4ada654a 	eor	w10, w10, w26, ror #25
    82619f80:	0b0a008a 	add	w10, w4, w10
    82619f84:	138534a4 	ror	w4, w5, #13
    82619f88:	0b0a007b 	add	w27, w3, w10
    82619f8c:	2a050043 	orr	w3, w2, w5
    82619f90:	4ac50884 	eor	w4, w4, w5, ror #2
    82619f94:	0a060063 	and	w3, w3, w6
    82619f98:	2a1c0063 	orr	w3, w3, w28
    82619f9c:	4ac55884 	eor	w4, w4, w5, ror #22
    82619fa0:	0b030084 	add	w4, w4, w3
    82619fa4:	13934a63 	ror	w3, w19, #18
    82619fa8:	4ad31c63 	eor	w3, w3, w19, ror #7
    82619fac:	0b0a0084 	add	w4, w4, w10
    82619fb0:	4a530c63 	eor	w3, w3, w19, lsr #3
    82619fb4:	2a0400aa 	orr	w10, w5, w4
    82619fb8:	0b140074 	add	w20, w3, w20
    82619fbc:	13984f03 	ror	w3, w24, #19
    82619fc0:	4ad84463 	eor	w3, w3, w24, ror #17
    82619fc4:	0a0400bc 	and	w28, w5, w4
    82619fc8:	4a582863 	eor	w3, w3, w24, lsr #10
    82619fcc:	0a02014a 	and	w10, w10, w2
    82619fd0:	0b0b0063 	add	w3, w3, w11
    82619fd4:	2a1c014a 	orr	w10, w10, w28
    82619fd8:	0b030294 	add	w20, w20, w3
    82619fdc:	4a1a00e3 	eor	w3, w7, w26
    82619fe0:	0a1b0063 	and	w3, w3, w27
    82619fe4:	4a070063 	eor	w3, w3, w7
    82619fe8:	0b080068 	add	w8, w3, w8
    82619fec:	529949e3 	mov	w3, #0xca4f                	// #51791
    82619ff0:	72ab7383 	movk	w3, #0x5b9c, lsl #16
    82619ff4:	0b030283 	add	w3, w20, w3
    82619ff8:	0b030103 	add	w3, w8, w3
    82619ffc:	139b2f68 	ror	w8, w27, #11
    8261a000:	4adb1908 	eor	w8, w8, w27, ror #6
    8261a004:	4adb6508 	eor	w8, w8, w27, ror #25
    8261a008:	0b080068 	add	w8, w3, w8
    8261a00c:	13843483 	ror	w3, w4, #13
    8261a010:	4ac40863 	eor	w3, w3, w4, ror #2
    8261a014:	0b0800c6 	add	w6, w6, w8
    8261a018:	4ac45863 	eor	w3, w3, w4, ror #22
    8261a01c:	0b0a0063 	add	w3, w3, w10
    8261a020:	0b080063 	add	w3, w3, w8
    8261a024:	139e4bc8 	ror	w8, w30, #18
    8261a028:	4ade1d08 	eor	w8, w8, w30, ror #7
    8261a02c:	2a03008a 	orr	w10, w4, w3
    8261a030:	4a5e0d08 	eor	w8, w8, w30, lsr #3
    8261a034:	0a05014a 	and	w10, w10, w5
    8261a038:	0b130113 	add	w19, w8, w19
    8261a03c:	13994f28 	ror	w8, w25, #19
    8261a040:	4ad94508 	eor	w8, w8, w25, ror #17
    8261a044:	0a03009c 	and	w28, w4, w3
    8261a048:	4a592908 	eor	w8, w8, w25, lsr #10
    8261a04c:	2a1c015c 	orr	w28, w10, w28
    8261a050:	0b010108 	add	w8, w8, w1
    8261a054:	0b080273 	add	w19, w19, w8
    8261a058:	4a1b0348 	eor	w8, w26, w27
    8261a05c:	0a060108 	and	w8, w8, w6
    8261a060:	4a1a0108 	eor	w8, w8, w26
    8261a064:	0b070107 	add	w7, w8, w7
    8261a068:	528dfe68 	mov	w8, #0x6ff3                	// #28659
    8261a06c:	72ad05c8 	movk	w8, #0x682e, lsl #16
    8261a070:	0b080268 	add	w8, w19, w8
    8261a074:	0b0800e7 	add	w7, w7, w8
    8261a078:	13862cc8 	ror	w8, w6, #11
    8261a07c:	4ac61908 	eor	w8, w8, w6, ror #6
    8261a080:	4ac66508 	eor	w8, w8, w6, ror #25
    8261a084:	0b0800e7 	add	w7, w7, w8
    8261a088:	0b070048 	add	w8, w2, w7
    8261a08c:	13833462 	ror	w2, w3, #13
    8261a090:	4ac30842 	eor	w2, w2, w3, ror #2
    8261a094:	4ac35842 	eor	w2, w2, w3, ror #22
    8261a098:	0b1c005c 	add	w28, w2, w28
    8261a09c:	13914a22 	ror	w2, w17, #18
    8261a0a0:	4ad11c42 	eor	w2, w2, w17, ror #7
    8261a0a4:	0b070387 	add	w7, w28, w7
    8261a0a8:	4a510c42 	eor	w2, w2, w17, lsr #3
    8261a0ac:	0a07007c 	and	w28, w3, w7
    8261a0b0:	0b1e005e 	add	w30, w2, w30
    8261a0b4:	13944e82 	ror	w2, w20, #19
    8261a0b8:	4ad44442 	eor	w2, w2, w20, ror #17
    8261a0bc:	138734ea 	ror	w10, w7, #13
    8261a0c0:	4a542842 	eor	w2, w2, w20, lsr #10
    8261a0c4:	4ac7094a 	eor	w10, w10, w7, ror #2
    8261a0c8:	0b160056 	add	w22, w2, w22
    8261a0cc:	4a060362 	eor	w2, w27, w6
    8261a0d0:	0a080042 	and	w2, w2, w8
    8261a0d4:	0b1603d6 	add	w22, w30, w22
    8261a0d8:	4a1b0042 	eor	w2, w2, w27
    8261a0dc:	4ac7594a 	eor	w10, w10, w7, ror #22
    8261a0e0:	0b1a005a 	add	w26, w2, w26
    8261a0e4:	52905dc2 	mov	w2, #0x82ee                	// #33518
    8261a0e8:	72ae91e2 	movk	w2, #0x748f, lsl #16
    8261a0ec:	0b0202c2 	add	w2, w22, w2
    8261a0f0:	0b02035a 	add	w26, w26, w2
    8261a0f4:	13882d02 	ror	w2, w8, #11
    8261a0f8:	4ac81842 	eor	w2, w2, w8, ror #6
    8261a0fc:	4ac86442 	eor	w2, w2, w8, ror #25
    8261a100:	0b02035a 	add	w26, w26, w2
    8261a104:	2a070062 	orr	w2, w3, w7
    8261a108:	0a040042 	and	w2, w2, w4
    8261a10c:	0b1a00a5 	add	w5, w5, w26
    8261a110:	2a1c005c 	orr	w28, w2, w28
    8261a114:	13904a02 	ror	w2, w16, #18
    8261a118:	4ad01c42 	eor	w2, w2, w16, ror #7
    8261a11c:	0b1c015c 	add	w28, w10, w28
    8261a120:	4a500c42 	eor	w2, w2, w16, lsr #3
    8261a124:	0b1a039a 	add	w26, w28, w26
    8261a128:	0b110051 	add	w17, w2, w17
    8261a12c:	13934e62 	ror	w2, w19, #19
    8261a130:	4ad34442 	eor	w2, w2, w19, ror #17
    8261a134:	0a1a00ea 	and	w10, w7, w26
    8261a138:	4a532842 	eor	w2, w2, w19, lsr #10
    8261a13c:	139a375e 	ror	w30, w26, #13
    8261a140:	0b150055 	add	w21, w2, w21
    8261a144:	4a0800c2 	eor	w2, w6, w8
    8261a148:	0a050042 	and	w2, w2, w5
    8261a14c:	0b150231 	add	w17, w17, w21
    8261a150:	4a060042 	eor	w2, w2, w6
    8261a154:	4ada0bde 	eor	w30, w30, w26, ror #2
    8261a158:	0b1b005b 	add	w27, w2, w27
    8261a15c:	528c6de2 	mov	w2, #0x636f                	// #25455
    8261a160:	72af14a2 	movk	w2, #0x78a5, lsl #16
    8261a164:	0b020222 	add	w2, w17, w2
    8261a168:	0b02037b 	add	w27, w27, w2
    8261a16c:	13852ca2 	ror	w2, w5, #11
    8261a170:	4ac51842 	eor	w2, w2, w5, ror #6
    8261a174:	4ada5bde 	eor	w30, w30, w26, ror #22
    8261a178:	4ac56442 	eor	w2, w2, w5, ror #25
    8261a17c:	0b02037b 	add	w27, w27, w2
    8261a180:	2a1a00e2 	orr	w2, w7, w26
    8261a184:	0a030042 	and	w2, w2, w3
    8261a188:	0b1b0084 	add	w4, w4, w27
    8261a18c:	2a0a004a 	orr	w10, w2, w10
    8261a190:	138f49e2 	ror	w2, w15, #18
    8261a194:	4acf1c42 	eor	w2, w2, w15, ror #7
    8261a198:	0b0a03ca 	add	w10, w30, w10
    8261a19c:	4a4f0c42 	eor	w2, w2, w15, lsr #3
    8261a1a0:	0b1b015b 	add	w27, w10, w27
    8261a1a4:	0b100050 	add	w16, w2, w16
    8261a1a8:	13964ec2 	ror	w2, w22, #19
    8261a1ac:	4ad64442 	eor	w2, w2, w22, ror #17
    8261a1b0:	139b3775 	ror	w21, w27, #13
    8261a1b4:	4a562842 	eor	w2, w2, w22, lsr #10
    8261a1b8:	0a1b034a 	and	w10, w26, w27
    8261a1bc:	0b170057 	add	w23, w2, w23
    8261a1c0:	4a050102 	eor	w2, w8, w5
    8261a1c4:	0a040042 	and	w2, w2, w4
    8261a1c8:	0b170210 	add	w16, w16, w23
    8261a1cc:	4a080042 	eor	w2, w2, w8
    8261a1d0:	4adb0ab5 	eor	w21, w21, w27, ror #2
    8261a1d4:	0b060046 	add	w6, w2, w6
    8261a1d8:	528f0282 	mov	w2, #0x7814                	// #30740
    8261a1dc:	72b09902 	movk	w2, #0x84c8, lsl #16
    8261a1e0:	0b020202 	add	w2, w16, w2
    8261a1e4:	0b0200c6 	add	w6, w6, w2
    8261a1e8:	13842c82 	ror	w2, w4, #11
    8261a1ec:	4ac41842 	eor	w2, w2, w4, ror #6
    8261a1f0:	4adb5ab5 	eor	w21, w21, w27, ror #22
    8261a1f4:	4ac46442 	eor	w2, w2, w4, ror #25
    8261a1f8:	13904e17 	ror	w23, w16, #19
    8261a1fc:	0b0200c6 	add	w6, w6, w2
    8261a200:	2a1b0342 	orr	w2, w26, w27
    8261a204:	0a070042 	and	w2, w2, w7
    8261a208:	0b060063 	add	w3, w3, w6
    8261a20c:	2a0a0042 	orr	w2, w2, w10
    8261a210:	4ad046f7 	eor	w23, w23, w16, ror #17
    8261a214:	0b0202a2 	add	w2, w21, w2
    8261a218:	13914e35 	ror	w21, w17, #19
    8261a21c:	0b060046 	add	w6, w2, w6
    8261a220:	138e49c2 	ror	w2, w14, #18
    8261a224:	4ace1c42 	eor	w2, w2, w14, ror #7
    8261a228:	4ad146b5 	eor	w21, w21, w17, ror #17
    8261a22c:	4a4e0c42 	eor	w2, w2, w14, lsr #3
    8261a230:	4a512ab1 	eor	w17, w21, w17, lsr #10
    8261a234:	0b0f004f 	add	w15, w2, w15
    8261a238:	4a0400a2 	eor	w2, w5, w4
    8261a23c:	0a030042 	and	w2, w2, w3
    8261a240:	0b180231 	add	w17, w17, w24
    8261a244:	4a050042 	eor	w2, w2, w5
    8261a248:	0b1101ef 	add	w15, w15, w17
    8261a24c:	0b080042 	add	w2, w2, w8
    8261a250:	52804108 	mov	w8, #0x208                 	// #520
    8261a254:	72b198e8 	movk	w8, #0x8cc7, lsl #16
    8261a258:	0b0801e8 	add	w8, w15, w8
    8261a25c:	0b080042 	add	w2, w2, w8
    8261a260:	13832c68 	ror	w8, w3, #11
    8261a264:	4ac31908 	eor	w8, w8, w3, ror #6
    8261a268:	138634ca 	ror	w10, w6, #13
    8261a26c:	4ac36508 	eor	w8, w8, w3, ror #25
    8261a270:	0a060371 	and	w17, w27, w6
    8261a274:	0b080042 	add	w2, w2, w8
    8261a278:	2a060368 	orr	w8, w27, w6
    8261a27c:	4ac6094a 	eor	w10, w10, w6, ror #2
    8261a280:	0a1a0108 	and	w8, w8, w26
    8261a284:	4ac6594a 	eor	w10, w10, w6, ror #22
    8261a288:	2a110108 	orr	w8, w8, w17
    8261a28c:	0b080148 	add	w8, w10, w8
    8261a290:	0b0200e7 	add	w7, w7, w2
    8261a294:	0b020102 	add	w2, w8, w2
    8261a298:	138d49a8 	ror	w8, w13, #18
    8261a29c:	4acd1d08 	eor	w8, w8, w13, ror #7
    8261a2a0:	4a502af0 	eor	w16, w23, w16, lsr #10
    8261a2a4:	4a4d0d08 	eor	w8, w8, w13, lsr #3
    8261a2a8:	0b190219 	add	w25, w16, w25
    8261a2ac:	0b0e010e 	add	w14, w8, w14
    8261a2b0:	4a030088 	eor	w8, w4, w3
    8261a2b4:	0a070108 	and	w8, w8, w7
    8261a2b8:	0b1901d9 	add	w25, w14, w25
    8261a2bc:	4a040108 	eor	w8, w8, w4
    8261a2c0:	2a0200ca 	orr	w10, w6, w2
    8261a2c4:	0b050105 	add	w5, w8, w5
    8261a2c8:	529fff48 	mov	w8, #0xfffa                	// #65530
    8261a2cc:	72b217c8 	movk	w8, #0x90be, lsl #16
    8261a2d0:	0b080328 	add	w8, w25, w8
    8261a2d4:	0b0800a5 	add	w5, w5, w8
    8261a2d8:	13872ce8 	ror	w8, w7, #11
    8261a2dc:	4ac71908 	eor	w8, w8, w7, ror #6
    8261a2e0:	0a1b014a 	and	w10, w10, w27
    8261a2e4:	4ac76508 	eor	w8, w8, w7, ror #25
    8261a2e8:	0a0200ce 	and	w14, w6, w2
    8261a2ec:	0b0800a5 	add	w5, w5, w8
    8261a2f0:	13823448 	ror	w8, w2, #13
    8261a2f4:	4ac20908 	eor	w8, w8, w2, ror #2
    8261a2f8:	2a0e014e 	orr	w14, w10, w14
    8261a2fc:	4ac25908 	eor	w8, w8, w2, ror #22
    8261a300:	0b05035a 	add	w26, w26, w5
    8261a304:	0b0e0108 	add	w8, w8, w14
    8261a308:	138f4df8 	ror	w24, w15, #19
    8261a30c:	0b050105 	add	w5, w8, w5
    8261a310:	138c4988 	ror	w8, w12, #18
    8261a314:	4acc1d08 	eor	w8, w8, w12, ror #7
    8261a318:	4acf4718 	eor	w24, w24, w15, ror #17
    8261a31c:	4a4c0d08 	eor	w8, w8, w12, lsr #3
    8261a320:	4a4f2b0f 	eor	w15, w24, w15, lsr #10
    8261a324:	0b0d010d 	add	w13, w8, w13
    8261a328:	4a070068 	eor	w8, w3, w7
    8261a32c:	0a1a0108 	and	w8, w8, w26
    8261a330:	0b1401f4 	add	w20, w15, w20
    8261a334:	4a030108 	eor	w8, w8, w3
    8261a338:	0b1401b4 	add	w20, w13, w20
    8261a33c:	0b040104 	add	w4, w8, w4
    8261a340:	528d9d68 	mov	w8, #0x6ceb                	// #27883
    8261a344:	72b48a08 	movk	w8, #0xa450, lsl #16
    8261a348:	0b080288 	add	w8, w20, w8
    8261a34c:	0b080084 	add	w4, w4, w8
    8261a350:	139a2f48 	ror	w8, w26, #11
    8261a354:	4ada1908 	eor	w8, w8, w26, ror #6
    8261a358:	0a05004d 	and	w13, w2, w5
    8261a35c:	4ada6508 	eor	w8, w8, w26, ror #25
    8261a360:	13994f2e 	ror	w14, w25, #19
    8261a364:	0b080088 	add	w8, w4, w8
    8261a368:	138534a4 	ror	w4, w5, #13
    8261a36c:	4ac50884 	eor	w4, w4, w5, ror #2
    8261a370:	0b08037b 	add	w27, w27, w8
    8261a374:	4ac5588a 	eor	w10, w4, w5, ror #22
    8261a378:	2a050044 	orr	w4, w2, w5
    8261a37c:	0a060084 	and	w4, w4, w6
    8261a380:	4ad945ce 	eor	w14, w14, w25, ror #17
    8261a384:	2a0d0084 	orr	w4, w4, w13
    8261a388:	4a5929d9 	eor	w25, w14, w25, lsr #10
    8261a38c:	0b040144 	add	w4, w10, w4
    8261a390:	0b030323 	add	w3, w25, w3
    8261a394:	0b080084 	add	w4, w4, w8
    8261a398:	138b4968 	ror	w8, w11, #18
    8261a39c:	4acb1d08 	eor	w8, w8, w11, ror #7
    8261a3a0:	1381483e 	ror	w30, w1, #18
    8261a3a4:	4a4b0d08 	eor	w8, w8, w11, lsr #3
    8261a3a8:	4ac11fde 	eor	w30, w30, w1, ror #7
    8261a3ac:	0b130113 	add	w19, w8, w19
    8261a3b0:	52947ee8 	mov	w8, #0xa3f7                	// #41975
    8261a3b4:	72b7df28 	movk	w8, #0xbef9, lsl #16
    8261a3b8:	0b08018c 	add	w12, w12, w8
    8261a3bc:	0b0c026c 	add	w12, w19, w12
    8261a3c0:	4a1a00e8 	eor	w8, w7, w26
    8261a3c4:	0b030183 	add	w3, w12, w3
    8261a3c8:	139b2f6c 	ror	w12, w27, #11
    8261a3cc:	4adb198c 	eor	w12, w12, w27, ror #6
    8261a3d0:	0a1b0108 	and	w8, w8, w27
    8261a3d4:	4a070108 	eor	w8, w8, w7
    8261a3d8:	4adb658c 	eor	w12, w12, w27, ror #25
    8261a3dc:	0b08018c 	add	w12, w12, w8
    8261a3e0:	4a410fc1 	eor	w1, w30, w1, lsr #3
    8261a3e4:	0b0c006c 	add	w12, w3, w12
    8261a3e8:	2a0400a8 	orr	w8, w5, w4
    8261a3ec:	0b0c00c6 	add	w6, w6, w12
    8261a3f0:	13843483 	ror	w3, w4, #13
    8261a3f4:	0a0400aa 	and	w10, w5, w4
    8261a3f8:	4ac40863 	eor	w3, w3, w4, ror #2
    8261a3fc:	0a020108 	and	w8, w8, w2
    8261a400:	0b160036 	add	w22, w1, w22
    8261a404:	528f1e41 	mov	w1, #0x78f2                	// #30962
    8261a408:	2a0a0108 	orr	w8, w8, w10
    8261a40c:	4ac45863 	eor	w3, w3, w4, ror #22
    8261a410:	72b8ce21 	movk	w1, #0xc671, lsl #16
    8261a414:	0b01016b 	add	w11, w11, w1
    8261a418:	0b080063 	add	w3, w3, w8
    8261a41c:	0b0b02d6 	add	w22, w22, w11
    8261a420:	4a1b0341 	eor	w1, w26, w27
    8261a424:	0b0c0063 	add	w3, w3, w12
    8261a428:	13862ccb 	ror	w11, w6, #11
    8261a42c:	4ac6196b 	eor	w11, w11, w6, ror #6
    8261a430:	0a060021 	and	w1, w1, w6
    8261a434:	4a1a0021 	eor	w1, w1, w26
    8261a438:	13944e8d 	ror	w13, w20, #19
    8261a43c:	4ac6656b 	eor	w11, w11, w6, ror #25
    8261a440:	2a030088 	orr	w8, w4, w3
    8261a444:	0b01016b 	add	w11, w11, w1
    8261a448:	4ad445ad 	eor	w13, w13, w20, ror #17
    8261a44c:	0a03008a 	and	w10, w4, w3
    8261a450:	13833461 	ror	w1, w3, #13
    8261a454:	4a5429b4 	eor	w20, w13, w20, lsr #10
    8261a458:	4ac30821 	eor	w1, w1, w3, ror #2
    8261a45c:	0a050108 	and	w8, w8, w5
    8261a460:	4ac35821 	eor	w1, w1, w3, ror #22
    8261a464:	0b070287 	add	w7, w20, w7
    8261a468:	2a0a0108 	orr	w8, w8, w10
    8261a46c:	0b080028 	add	w8, w1, w8
    8261a470:	0b0702c7 	add	w7, w22, w7
    8261a474:	b9400801 	ldr	w1, [x0, #8]
    8261a478:	0b0b00e7 	add	w7, w7, w11
    8261a47c:	a94153f3 	ldp	x19, x20, [sp, #16]
    8261a480:	0b070021 	add	w1, w1, w7
    8261a484:	0b010101 	add	w1, w8, w1
    8261a488:	b9000801 	str	w1, [x0, #8]
    8261a48c:	b9400c01 	ldr	w1, [x0, #12]
    8261a490:	a9425bf5 	ldp	x21, x22, [sp, #32]
    8261a494:	0b030023 	add	w3, w1, w3
    8261a498:	b9401001 	ldr	w1, [x0, #16]
    8261a49c:	a94363f7 	ldp	x23, x24, [sp, #48]
    8261a4a0:	0b040024 	add	w4, w1, w4
    8261a4a4:	b9401401 	ldr	w1, [x0, #20]
    8261a4a8:	29019003 	stp	w3, w4, [x0, #12]
    8261a4ac:	0b050025 	add	w5, w1, w5
    8261a4b0:	b9401801 	ldr	w1, [x0, #24]
    8261a4b4:	0b020022 	add	w2, w1, w2
    8261a4b8:	b9401c01 	ldr	w1, [x0, #28]
    8261a4bc:	0b070047 	add	w7, w2, w7
    8261a4c0:	29029c05 	stp	w5, w7, [x0, #20]
    8261a4c4:	0b060026 	add	w6, w1, w6
    8261a4c8:	b9402001 	ldr	w1, [x0, #32]
    8261a4cc:	0b1b003b 	add	w27, w1, w27
    8261a4d0:	b9402401 	ldr	w1, [x0, #36]
    8261a4d4:	2903ec06 	stp	w6, w27, [x0, #28]
    8261a4d8:	0b1a003a 	add	w26, w1, w26
    8261a4dc:	b900241a 	str	w26, [x0, #36]
    8261a4e0:	a9446bf9 	ldp	x25, x26, [sp, #64]
    8261a4e4:	a94573fb 	ldp	x27, x28, [sp, #80]
    8261a4e8:	a8c67bfd 	ldp	x29, x30, [sp], #96
    8261a4ec:	d65f03c0 	ret

000000008261a4f0 <sha256_update.part.0>:
    8261a4f0:	a9bc7bfd 	stp	x29, x30, [sp, #-64]!
    8261a4f4:	910003fd 	mov	x29, sp
    8261a4f8:	a90153f3 	stp	x19, x20, [sp, #16]
    8261a4fc:	aa0003f4 	mov	x20, x0
    8261a500:	2a0203f3 	mov	w19, w2
    8261a504:	a9025bf5 	stp	x21, x22, [sp, #32]
    8261a508:	aa0103f5 	mov	x21, x1
    8261a50c:	a90363f7 	stp	x23, x24, [sp, #48]
    8261a510:	52800817 	mov	w23, #0x40                  	// #64
    8261a514:	b9400000 	ldr	w0, [x0]
    8261a518:	12001416 	and	w22, w0, #0x3f
    8261a51c:	2b020000 	adds	w0, w0, w2
    8261a520:	b9000280 	str	w0, [x20]
    8261a524:	4b1602f7 	sub	w23, w23, w22
    8261a528:	54000083 	b.cc	8261a538 <sha256_update.part.0+0x48>  // b.lo, b.ul, b.last
    8261a52c:	b9400680 	ldr	w0, [x20, #4]
    8261a530:	11000400 	add	w0, w0, #0x1
    8261a534:	b9000680 	str	w0, [x20, #4]
    8261a538:	710002df 	cmp	w22, #0x0
    8261a53c:	7a5312e2 	ccmp	w23, w19, #0x2, ne  // ne = any
    8261a540:	540001c8 	b.hi	8261a578 <sha256_update.part.0+0x88>  // b.pmore
    8261a544:	aa1503e1 	mov	x1, x21
    8261a548:	aa1703e2 	mov	x2, x23
    8261a54c:	51010273 	sub	w19, w19, #0x40
    8261a550:	8b1702b5 	add	x21, x21, x23
    8261a554:	9100a298 	add	x24, x20, #0x28
    8261a558:	2a1603e0 	mov	w0, w22
    8261a55c:	0b1302d3 	add	w19, w22, w19
    8261a560:	52800016 	mov	w22, #0x0                   	// #0
    8261a564:	8b000300 	add	x0, x24, x0
    8261a568:	94000768 	bl	8261c308 <memcpy>
    8261a56c:	aa1803e1 	mov	x1, x24
    8261a570:	aa1403e0 	mov	x0, x20
    8261a574:	97fff7f5 	bl	82618548 <sha256_process>
    8261a578:	aa1503f7 	mov	x23, x21
    8261a57c:	0b150278 	add	w24, w19, w21
    8261a580:	14000005 	b	8261a594 <sha256_update.part.0+0xa4>
    8261a584:	aa1703e1 	mov	x1, x23
    8261a588:	910102f7 	add	x23, x23, #0x40
    8261a58c:	aa1403e0 	mov	x0, x20
    8261a590:	97fff7ee 	bl	82618548 <sha256_process>
    8261a594:	4b170300 	sub	w0, w24, w23
    8261a598:	7100fc1f 	cmp	w0, #0x3f
    8261a59c:	54ffff48 	b.hi	8261a584 <sha256_update.part.0+0x94>  // b.pmore
    8261a5a0:	53067e62 	lsr	w2, w19, #6
    8261a5a4:	128007e0 	mov	w0, #0xffffffc0            	// #-64
    8261a5a8:	927a6661 	and	x1, x19, #0xffffffc0
    8261a5ac:	8b0102a1 	add	x1, x21, x1
    8261a5b0:	1b004c42 	madd	w2, w2, w0, w19
    8261a5b4:	34000122 	cbz	w2, 8261a5d8 <sha256_update.part.0+0xe8>
    8261a5b8:	9100a294 	add	x20, x20, #0x28
    8261a5bc:	2a1603e0 	mov	w0, w22
    8261a5c0:	8b000280 	add	x0, x20, x0
    8261a5c4:	a94153f3 	ldp	x19, x20, [sp, #16]
    8261a5c8:	a9425bf5 	ldp	x21, x22, [sp, #32]
    8261a5cc:	a94363f7 	ldp	x23, x24, [sp, #48]
    8261a5d0:	a8c47bfd 	ldp	x29, x30, [sp], #64
    8261a5d4:	1400074d 	b	8261c308 <memcpy>
    8261a5d8:	a94153f3 	ldp	x19, x20, [sp, #16]
    8261a5dc:	a9425bf5 	ldp	x21, x22, [sp, #32]
    8261a5e0:	a94363f7 	ldp	x23, x24, [sp, #48]
    8261a5e4:	a8c47bfd 	ldp	x29, x30, [sp], #64
    8261a5e8:	d65f03c0 	ret

000000008261a5ec <sha256_starts>:
    8261a5ec:	529ccce1 	mov	w1, #0xe667                	// #58983
    8261a5f0:	29007c1f 	stp	wzr, wzr, [x0]
    8261a5f4:	72ad4121 	movk	w1, #0x6a09, lsl #16
    8261a5f8:	b9000801 	str	w1, [x0, #8]
    8261a5fc:	5295d0a1 	mov	w1, #0xae85                	// #44677
    8261a600:	72b76ce1 	movk	w1, #0xbb67, lsl #16
    8261a604:	b9000c01 	str	w1, [x0, #12]
    8261a608:	529e6e41 	mov	w1, #0xf372                	// #62322
    8261a60c:	72a78dc1 	movk	w1, #0x3c6e, lsl #16
    8261a610:	b9001001 	str	w1, [x0, #16]
    8261a614:	529ea741 	mov	w1, #0xf53a                	// #62778
    8261a618:	72b4a9e1 	movk	w1, #0xa54f, lsl #16
    8261a61c:	b9001401 	str	w1, [x0, #20]
    8261a620:	528a4fe1 	mov	w1, #0x527f                	// #21119
    8261a624:	72aa21c1 	movk	w1, #0x510e, lsl #16
    8261a628:	b9001801 	str	w1, [x0, #24]
    8261a62c:	528d1181 	mov	w1, #0x688c                	// #26764
    8261a630:	72b360a1 	movk	w1, #0x9b05, lsl #16
    8261a634:	b9001c01 	str	w1, [x0, #28]
    8261a638:	529b3561 	mov	w1, #0xd9ab                	// #55723
    8261a63c:	72a3f061 	movk	w1, #0x1f83, lsl #16
    8261a640:	b9002001 	str	w1, [x0, #32]
    8261a644:	5299a321 	mov	w1, #0xcd19                	// #52505
    8261a648:	72ab7c01 	movk	w1, #0x5be0, lsl #16
    8261a64c:	b9002401 	str	w1, [x0, #36]
    8261a650:	d65f03c0 	ret

000000008261a654 <sha256_update>:
    8261a654:	34000042 	cbz	w2, 8261a65c <sha256_update+0x8>
    8261a658:	17ffffa6 	b	8261a4f0 <sha256_update.part.0>
    8261a65c:	d65f03c0 	ret

000000008261a660 <sha256_finish>:
    8261a660:	a9bd7bfd 	stp	x29, x30, [sp, #-48]!
    8261a664:	910003fd 	mov	x29, sp
    8261a668:	a90153f3 	stp	x19, x20, [sp, #16]
    8261a66c:	aa0103f4 	mov	x20, x1
    8261a670:	b0000061 	adrp	x1, 82627000 <multipliers+0x16ba>
    8261a674:	f9421c22 	ldr	x2, [x1, #1080]
    8261a678:	f90017e2 	str	x2, [sp, #40]
    8261a67c:	d2800002 	mov	x2, #0x0                   	// #0
    8261a680:	aa0003f3 	mov	x19, x0
    8261a684:	29400801 	ldp	w1, w2, [x0]
    8261a688:	d3557045 	ubfx	x5, x2, #21, #8
    8261a68c:	13817444 	extr	w4, w2, w1, #29
    8261a690:	390083e5 	strb	w5, [sp, #32]
    8261a694:	d34d7045 	ubfx	x5, x2, #13, #16
    8261a698:	d3457042 	ubfx	x2, x2, #5, #24
    8261a69c:	39008be2 	strb	w2, [sp, #34]
    8261a6a0:	d3557022 	ubfx	x2, x1, #21, #8
    8261a6a4:	390093e2 	strb	w2, [sp, #36]
    8261a6a8:	d34d7022 	ubfx	x2, x1, #13, #16
    8261a6ac:	531d7023 	lsl	w3, w1, #3
    8261a6b0:	390097e2 	strb	w2, [sp, #37]
    8261a6b4:	d3457022 	ubfx	x2, x1, #5, #24
    8261a6b8:	12001421 	and	w1, w1, #0x3f
    8261a6bc:	39009fe3 	strb	w3, [sp, #39]
    8261a6c0:	7100dc3f 	cmp	w1, #0x37
    8261a6c4:	52800703 	mov	w3, #0x38                  	// #56
    8261a6c8:	4b010063 	sub	w3, w3, w1
    8261a6cc:	39009be2 	strb	w2, [sp, #38]
    8261a6d0:	52800f02 	mov	w2, #0x78                  	// #120
    8261a6d4:	4b010042 	sub	w2, w2, w1
    8261a6d8:	1a838042 	csel	w2, w2, w3, hi  // hi = pmore
    8261a6dc:	d0000061 	adrp	x1, 82628000 <ovl+0xf0>
    8261a6e0:	9118e021 	add	x1, x1, #0x638
    8261a6e4:	390087e5 	strb	w5, [sp, #33]
    8261a6e8:	39008fe4 	strb	w4, [sp, #35]
    8261a6ec:	97ffffda 	bl	8261a654 <sha256_update>
    8261a6f0:	910083e1 	add	x1, sp, #0x20
    8261a6f4:	aa1303e0 	mov	x0, x19
    8261a6f8:	52800102 	mov	w2, #0x8                   	// #8
    8261a6fc:	97ffff7d 	bl	8261a4f0 <sha256_update.part.0>
    8261a700:	39402e60 	ldrb	w0, [x19, #11]
    8261a704:	39000280 	strb	w0, [x20]
    8261a708:	79401660 	ldrh	w0, [x19, #10]
    8261a70c:	39000680 	strb	w0, [x20, #1]
    8261a710:	b9400a60 	ldr	w0, [x19, #8]
    8261a714:	53087c00 	lsr	w0, w0, #8
    8261a718:	39000a80 	strb	w0, [x20, #2]
    8261a71c:	b9400a60 	ldr	w0, [x19, #8]
    8261a720:	39000e80 	strb	w0, [x20, #3]
    8261a724:	39403e60 	ldrb	w0, [x19, #15]
    8261a728:	39001280 	strb	w0, [x20, #4]
    8261a72c:	79401e60 	ldrh	w0, [x19, #14]
    8261a730:	39001680 	strb	w0, [x20, #5]
    8261a734:	b9400e60 	ldr	w0, [x19, #12]
    8261a738:	53087c00 	lsr	w0, w0, #8
    8261a73c:	39001a80 	strb	w0, [x20, #6]
    8261a740:	b9400e60 	ldr	w0, [x19, #12]
    8261a744:	39001e80 	strb	w0, [x20, #7]
    8261a748:	39404e60 	ldrb	w0, [x19, #19]
    8261a74c:	39002280 	strb	w0, [x20, #8]
    8261a750:	79402660 	ldrh	w0, [x19, #18]
    8261a754:	39002680 	strb	w0, [x20, #9]
    8261a758:	b9401260 	ldr	w0, [x19, #16]
    8261a75c:	53087c00 	lsr	w0, w0, #8
    8261a760:	39002a80 	strb	w0, [x20, #10]
    8261a764:	b9401260 	ldr	w0, [x19, #16]
    8261a768:	39002e80 	strb	w0, [x20, #11]
    8261a76c:	39405e60 	ldrb	w0, [x19, #23]
    8261a770:	39003280 	strb	w0, [x20, #12]
    8261a774:	79402e60 	ldrh	w0, [x19, #22]
    8261a778:	39003680 	strb	w0, [x20, #13]
    8261a77c:	b9401660 	ldr	w0, [x19, #20]
    8261a780:	53087c00 	lsr	w0, w0, #8
    8261a784:	39003a80 	strb	w0, [x20, #14]
    8261a788:	b9401660 	ldr	w0, [x19, #20]
    8261a78c:	39003e80 	strb	w0, [x20, #15]
    8261a790:	39406e60 	ldrb	w0, [x19, #27]
    8261a794:	39004280 	strb	w0, [x20, #16]
    8261a798:	79403660 	ldrh	w0, [x19, #26]
    8261a79c:	39004680 	strb	w0, [x20, #17]
    8261a7a0:	b9401a60 	ldr	w0, [x19, #24]
    8261a7a4:	53087c00 	lsr	w0, w0, #8
    8261a7a8:	39004a80 	strb	w0, [x20, #18]
    8261a7ac:	b9401a60 	ldr	w0, [x19, #24]
    8261a7b0:	39004e80 	strb	w0, [x20, #19]
    8261a7b4:	39407e60 	ldrb	w0, [x19, #31]
    8261a7b8:	39005280 	strb	w0, [x20, #20]
    8261a7bc:	79403e60 	ldrh	w0, [x19, #30]
    8261a7c0:	39005680 	strb	w0, [x20, #21]
    8261a7c4:	b9401e60 	ldr	w0, [x19, #28]
    8261a7c8:	53087c00 	lsr	w0, w0, #8
    8261a7cc:	39005a80 	strb	w0, [x20, #22]
    8261a7d0:	b9401e60 	ldr	w0, [x19, #28]
    8261a7d4:	39005e80 	strb	w0, [x20, #23]
    8261a7d8:	39408e60 	ldrb	w0, [x19, #35]
    8261a7dc:	39006280 	strb	w0, [x20, #24]
    8261a7e0:	79404660 	ldrh	w0, [x19, #34]
    8261a7e4:	39006680 	strb	w0, [x20, #25]
    8261a7e8:	b9402260 	ldr	w0, [x19, #32]
    8261a7ec:	53087c00 	lsr	w0, w0, #8
    8261a7f0:	39006a80 	strb	w0, [x20, #26]
    8261a7f4:	b9402260 	ldr	w0, [x19, #32]
    8261a7f8:	39006e80 	strb	w0, [x20, #27]
    8261a7fc:	39409e60 	ldrb	w0, [x19, #39]
    8261a800:	39007280 	strb	w0, [x20, #28]
    8261a804:	79404e60 	ldrh	w0, [x19, #38]
    8261a808:	39007680 	strb	w0, [x20, #29]
    8261a80c:	b9402660 	ldr	w0, [x19, #36]
    8261a810:	53087c00 	lsr	w0, w0, #8
    8261a814:	39007a80 	strb	w0, [x20, #30]
    8261a818:	b9402660 	ldr	w0, [x19, #36]
    8261a81c:	39007e80 	strb	w0, [x20, #31]
    8261a820:	b0000060 	adrp	x0, 82627000 <multipliers+0x16ba>
    8261a824:	f94017e1 	ldr	x1, [sp, #40]
    8261a828:	f9421c02 	ldr	x2, [x0, #1080]
    8261a82c:	eb020021 	subs	x1, x1, x2
    8261a830:	d2800002 	mov	x2, #0x0                   	// #0
    8261a834:	54000040 	b.eq	8261a83c <sha256_finish+0x1dc>  // b.none
    8261a838:	97ffdef1 	bl	826123fc <__stack_chk_fail>
    8261a83c:	a94153f3 	ldp	x19, x20, [sp, #16]
    8261a840:	a8c37bfd 	ldp	x29, x30, [sp], #48
    8261a844:	d65f03c0 	ret

000000008261a848 <fdt_check_header>:
    8261a848:	b9400001 	ldr	w1, [x0]
    8261a84c:	529fdda2 	mov	w2, #0xfeed                	// #65261
    8261a850:	72ba01a2 	movk	w2, #0xd00d, lsl #16
    8261a854:	5ac00821 	rev	w1, w1
    8261a858:	6b02003f 	cmp	w1, w2
    8261a85c:	54000161 	b.ne	8261a888 <fdt_check_header+0x40>  // b.any
    8261a860:	b9401401 	ldr	w1, [x0, #20]
    8261a864:	5ac00821 	rev	w1, w1
    8261a868:	7100043f 	cmp	w1, #0x1
    8261a86c:	54000209 	b.ls	8261a8ac <fdt_check_header+0x64>  // b.plast
    8261a870:	b9401800 	ldr	w0, [x0, #24]
    8261a874:	5ac00800 	rev	w0, w0
    8261a878:	7100481f 	cmp	w0, #0x12
    8261a87c:	12800120 	mov	w0, #0xfffffff6            	// #-10
    8261a880:	1a8033e0 	csel	w0, wzr, w0, cc  // cc = lo, ul, last
    8261a884:	d65f03c0 	ret
    8261a888:	52802242 	mov	w2, #0x112                 	// #274
    8261a88c:	72a5fe42 	movk	w2, #0x2ff2, lsl #16
    8261a890:	6b02003f 	cmp	w1, w2
    8261a894:	54000101 	b.ne	8261a8b4 <fdt_check_header+0x6c>  // b.any
    8261a898:	b9402400 	ldr	w0, [x0, #36]
    8261a89c:	7100001f 	cmp	w0, #0x0
    8261a8a0:	128000c0 	mov	w0, #0xfffffff9            	// #-7
    8261a8a4:	1a8013e0 	csel	w0, wzr, w0, ne  // ne = any
    8261a8a8:	17fffff7 	b	8261a884 <fdt_check_header+0x3c>
    8261a8ac:	12800120 	mov	w0, #0xfffffff6            	// #-10
    8261a8b0:	17fffff5 	b	8261a884 <fdt_check_header+0x3c>
    8261a8b4:	12800100 	mov	w0, #0xfffffff7            	// #-9
    8261a8b8:	17fffff3 	b	8261a884 <fdt_check_header+0x3c>

000000008261a8bc <fdt_offset_ptr>:
    8261a8bc:	b9400803 	ldr	w3, [x0, #8]
    8261a8c0:	5ac00863 	rev	w3, w3
    8261a8c4:	2b030024 	adds	w4, w1, w3
    8261a8c8:	54000062 	b.cs	8261a8d4 <fdt_offset_ptr+0x18>  // b.hs, b.nlast
    8261a8cc:	2b020084 	adds	w4, w4, w2
    8261a8d0:	54000063 	b.cc	8261a8dc <fdt_offset_ptr+0x20>  // b.lo, b.ul, b.last
    8261a8d4:	d2800000 	mov	x0, #0x0                   	// #0
    8261a8d8:	14000012 	b	8261a920 <fdt_offset_ptr+0x64>
    8261a8dc:	b9400405 	ldr	w5, [x0, #4]
    8261a8e0:	5ac008a5 	rev	w5, w5
    8261a8e4:	6b05009f 	cmp	w4, w5
    8261a8e8:	54ffff68 	b.hi	8261a8d4 <fdt_offset_ptr+0x18>  // b.pmore
    8261a8ec:	b9401404 	ldr	w4, [x0, #20]
    8261a8f0:	5ac00884 	rev	w4, w4
    8261a8f4:	7100409f 	cmp	w4, #0x10
    8261a8f8:	540000e9 	b.ls	8261a914 <fdt_offset_ptr+0x58>  // b.plast
    8261a8fc:	2b020022 	adds	w2, w1, w2
    8261a900:	54fffea2 	b.cs	8261a8d4 <fdt_offset_ptr+0x18>  // b.hs, b.nlast
    8261a904:	b9402404 	ldr	w4, [x0, #36]
    8261a908:	5ac00884 	rev	w4, w4
    8261a90c:	6b04005f 	cmp	w2, w4
    8261a910:	54fffe28 	b.hi	8261a8d4 <fdt_offset_ptr+0x18>  // b.pmore
    8261a914:	93407c21 	sxtw	x1, w1
    8261a918:	8b234021 	add	x1, x1, w3, uxtw
    8261a91c:	8b010000 	add	x0, x0, x1
    8261a920:	d65f03c0 	ret

000000008261a924 <fdt_next_tag>:
    8261a924:	a9bf7bfd 	stp	x29, x30, [sp, #-16]!
    8261a928:	aa0203eb 	mov	x11, x2
    8261a92c:	128000e2 	mov	w2, #0xfffffff8            	// #-8
    8261a930:	910003fd 	mov	x29, sp
    8261a934:	b9000162 	str	w2, [x11]
    8261a938:	aa0003e8 	mov	x8, x0
    8261a93c:	2a0103ea 	mov	w10, w1
    8261a940:	52800082 	mov	w2, #0x4                   	// #4
    8261a944:	97ffffde 	bl	8261a8bc <fdt_offset_ptr>
    8261a948:	b5000060 	cbnz	x0, 8261a954 <fdt_next_tag+0x30>
    8261a94c:	52800127 	mov	w7, #0x9                   	// #9
    8261a950:	1400001f 	b	8261a9cc <fdt_next_tag+0xa8>
    8261a954:	b9400007 	ldr	w7, [x0]
    8261a958:	12800140 	mov	w0, #0xfffffff5            	// #-11
    8261a95c:	b9000160 	str	w0, [x11]
    8261a960:	11001146 	add	w6, w10, #0x4
    8261a964:	5ac008e7 	rev	w7, w7
    8261a968:	510004e1 	sub	w1, w7, #0x1
    8261a96c:	7100203f 	cmp	w1, #0x8
    8261a970:	54fffee8 	b.hi	8261a94c <fdt_next_tag+0x28>  // b.pmore
    8261a974:	d0000040 	adrp	x0, 82624000 <blk_find_max_devnum+0x3c>
    8261a978:	9129d000 	add	x0, x0, #0xa74
    8261a97c:	38614800 	ldrb	w0, [x0, w1, uxtw]
    8261a980:	10000061 	adr	x1, 8261a98c <fdt_next_tag+0x68>
    8261a984:	8b208820 	add	x0, x1, w0, sxtb #2
    8261a988:	d61f0000 	br	x0
    8261a98c:	2a0603e1 	mov	w1, w6
    8261a990:	52800022 	mov	w2, #0x1                   	// #1
    8261a994:	aa0803e0 	mov	x0, x8
    8261a998:	0b0200c6 	add	w6, w6, w2
    8261a99c:	97ffffc8 	bl	8261a8bc <fdt_offset_ptr>
    8261a9a0:	b4fffd60 	cbz	x0, 8261a94c <fdt_next_tag+0x28>
    8261a9a4:	39400000 	ldrb	w0, [x0]
    8261a9a8:	35ffff20 	cbnz	w0, 8261a98c <fdt_next_tag+0x68>
    8261a9ac:	4b0a00c2 	sub	w2, w6, w10
    8261a9b0:	2a0a03e1 	mov	w1, w10
    8261a9b4:	aa0803e0 	mov	x0, x8
    8261a9b8:	97ffffc1 	bl	8261a8bc <fdt_offset_ptr>
    8261a9bc:	b4fffc80 	cbz	x0, 8261a94c <fdt_next_tag+0x28>
    8261a9c0:	11000cc6 	add	w6, w6, #0x3
    8261a9c4:	121e74c6 	and	w6, w6, #0xfffffffc
    8261a9c8:	b9000166 	str	w6, [x11]
    8261a9cc:	2a0703e0 	mov	w0, w7
    8261a9d0:	a8c17bfd 	ldp	x29, x30, [sp], #16
    8261a9d4:	d65f03c0 	ret
    8261a9d8:	2a0603e1 	mov	w1, w6
    8261a9dc:	aa0803e0 	mov	x0, x8
    8261a9e0:	52800082 	mov	w2, #0x4                   	// #4
    8261a9e4:	97ffffb6 	bl	8261a8bc <fdt_offset_ptr>
    8261a9e8:	b4fffb20 	cbz	x0, 8261a94c <fdt_next_tag+0x28>
    8261a9ec:	b9400000 	ldr	w0, [x0]
    8261a9f0:	11003142 	add	w2, w10, #0xc
    8261a9f4:	b9401501 	ldr	w1, [x8, #20]
    8261a9f8:	5ac00800 	rev	w0, w0
    8261a9fc:	5ac00821 	rev	w1, w1
    8261aa00:	0b020006 	add	w6, w0, w2
    8261aa04:	71003c3f 	cmp	w1, #0xf
    8261aa08:	54fffd28 	b.hi	8261a9ac <fdt_next_tag+0x88>  // b.pmore
    8261aa0c:	71001c1f 	cmp	w0, #0x7
    8261aa10:	54fffce9 	b.ls	8261a9ac <fdt_next_tag+0x88>  // b.plast
    8261aa14:	f240085f 	tst	x2, #0x7
    8261aa18:	54fffca0 	b.eq	8261a9ac <fdt_next_tag+0x88>  // b.none
    8261aa1c:	110010c6 	add	w6, w6, #0x4
    8261aa20:	17ffffe3 	b	8261a9ac <fdt_next_tag+0x88>

000000008261aa24 <fdt_check_node_offset_>:
    8261aa24:	a9be7bfd 	stp	x29, x30, [sp, #-32]!
    8261aa28:	910003fd 	mov	x29, sp
    8261aa2c:	b9001fe1 	str	w1, [sp, #28]
    8261aa30:	36f80081 	tbz	w1, #31, 8261aa40 <fdt_check_node_offset_+0x1c>
    8261aa34:	12800060 	mov	w0, #0xfffffffc            	// #-4
    8261aa38:	a8c27bfd 	ldp	x29, x30, [sp], #32
    8261aa3c:	d65f03c0 	ret
    8261aa40:	2a0103e2 	mov	w2, w1
    8261aa44:	f240045f 	tst	x2, #0x3
    8261aa48:	54ffff61 	b.ne	8261aa34 <fdt_check_node_offset_+0x10>  // b.any
    8261aa4c:	910073e2 	add	x2, sp, #0x1c
    8261aa50:	97ffffb5 	bl	8261a924 <fdt_next_tag>
    8261aa54:	7100041f 	cmp	w0, #0x1
    8261aa58:	54fffee1 	b.ne	8261aa34 <fdt_check_node_offset_+0x10>  // b.any
    8261aa5c:	b9401fe0 	ldr	w0, [sp, #28]
    8261aa60:	17fffff6 	b	8261aa38 <fdt_check_node_offset_+0x14>

000000008261aa64 <fdt_check_prop_offset_>:
    8261aa64:	a9be7bfd 	stp	x29, x30, [sp, #-32]!
    8261aa68:	910003fd 	mov	x29, sp
    8261aa6c:	b9001fe1 	str	w1, [sp, #28]
    8261aa70:	36f80081 	tbz	w1, #31, 8261aa80 <fdt_check_prop_offset_+0x1c>
    8261aa74:	12800060 	mov	w0, #0xfffffffc            	// #-4
    8261aa78:	a8c27bfd 	ldp	x29, x30, [sp], #32
    8261aa7c:	d65f03c0 	ret
    8261aa80:	2a0103e2 	mov	w2, w1
    8261aa84:	f240045f 	tst	x2, #0x3
    8261aa88:	54ffff61 	b.ne	8261aa74 <fdt_check_prop_offset_+0x10>  // b.any
    8261aa8c:	910073e2 	add	x2, sp, #0x1c
    8261aa90:	97ffffa5 	bl	8261a924 <fdt_next_tag>
    8261aa94:	71000c1f 	cmp	w0, #0x3
    8261aa98:	54fffee1 	b.ne	8261aa74 <fdt_check_prop_offset_+0x10>  // b.any
    8261aa9c:	b9401fe0 	ldr	w0, [sp, #28]
    8261aaa0:	17fffff6 	b	8261aa78 <fdt_check_prop_offset_+0x14>

000000008261aaa4 <fdt_next_node>:
    8261aaa4:	a9be7bfd 	stp	x29, x30, [sp, #-32]!
    8261aaa8:	aa0203ed 	mov	x13, x2
    8261aaac:	b0000062 	adrp	x2, 82627000 <multipliers+0x16ba>
    8261aab0:	910003fd 	mov	x29, sp
    8261aab4:	f9421c43 	ldr	x3, [x2, #1080]
    8261aab8:	f9000fe3 	str	x3, [sp, #24]
    8261aabc:	d2800003 	mov	x3, #0x0                   	// #0
    8261aac0:	b90017ff 	str	wzr, [sp, #20]
    8261aac4:	aa0003ee 	mov	x14, x0
    8261aac8:	37f800a1 	tbnz	w1, #31, 8261aadc <fdt_next_node+0x38>
    8261aacc:	97ffffd6 	bl	8261aa24 <fdt_check_node_offset_>
    8261aad0:	b90017e0 	str	w0, [sp, #20]
    8261aad4:	2a0003ec 	mov	w12, w0
    8261aad8:	37f80200 	tbnz	w0, #31, 8261ab18 <fdt_next_node+0x74>
    8261aadc:	b94017ec 	ldr	w12, [sp, #20]
    8261aae0:	910053e2 	add	x2, sp, #0x14
    8261aae4:	aa0e03e0 	mov	x0, x14
    8261aae8:	2a0c03e1 	mov	w1, w12
    8261aaec:	97ffff8e 	bl	8261a924 <fdt_next_tag>
    8261aaf0:	7100081f 	cmp	w0, #0x2
    8261aaf4:	54000200 	b.eq	8261ab34 <fdt_next_node+0x90>  // b.none
    8261aaf8:	7100241f 	cmp	w0, #0x9
    8261aafc:	540002a0 	b.eq	8261ab50 <fdt_next_node+0xac>  // b.none
    8261ab00:	7100041f 	cmp	w0, #0x1
    8261ab04:	54fffec1 	b.ne	8261aadc <fdt_next_node+0x38>  // b.any
    8261ab08:	b400008d 	cbz	x13, 8261ab18 <fdt_next_node+0x74>
    8261ab0c:	b94001a0 	ldr	w0, [x13]
    8261ab10:	11000400 	add	w0, w0, #0x1
    8261ab14:	b90001a0 	str	w0, [x13]
    8261ab18:	b0000060 	adrp	x0, 82627000 <multipliers+0x16ba>
    8261ab1c:	f9400fe1 	ldr	x1, [sp, #24]
    8261ab20:	f9421c02 	ldr	x2, [x0, #1080]
    8261ab24:	eb020021 	subs	x1, x1, x2
    8261ab28:	d2800002 	mov	x2, #0x0                   	// #0
    8261ab2c:	54000240 	b.eq	8261ab74 <fdt_next_node+0xd0>  // b.none
    8261ab30:	97ffde33 	bl	826123fc <__stack_chk_fail>
    8261ab34:	b4fffd4d 	cbz	x13, 8261aadc <fdt_next_node+0x38>
    8261ab38:	b94001a1 	ldr	w1, [x13]
    8261ab3c:	51000421 	sub	w1, w1, #0x1
    8261ab40:	b90001a1 	str	w1, [x13]
    8261ab44:	36fffcc1 	tbz	w1, #31, 8261aadc <fdt_next_node+0x38>
    8261ab48:	b94017ec 	ldr	w12, [sp, #20]
    8261ab4c:	17fffff3 	b	8261ab18 <fdt_next_node+0x74>
    8261ab50:	b94017ec 	ldr	w12, [sp, #20]
    8261ab54:	36f800cc 	tbz	w12, #31, 8261ab6c <fdt_next_node+0xc8>
    8261ab58:	3100219f 	cmn	w12, #0x8
    8261ab5c:	54fffde1 	b.ne	8261ab18 <fdt_next_node+0x74>  // b.any
    8261ab60:	f10001bf 	cmp	x13, #0x0
    8261ab64:	5a9f118c 	csinv	w12, w12, wzr, ne  // ne = any
    8261ab68:	17ffffec 	b	8261ab18 <fdt_next_node+0x74>
    8261ab6c:	1280000c 	mov	w12, #0xffffffff            	// #-1
    8261ab70:	17ffffea 	b	8261ab18 <fdt_next_node+0x74>
    8261ab74:	2a0c03e0 	mov	w0, w12
    8261ab78:	a8c27bfd 	ldp	x29, x30, [sp], #32
    8261ab7c:	d65f03c0 	ret

000000008261ab80 <fdt_first_subnode>:
    8261ab80:	a9be7bfd 	stp	x29, x30, [sp, #-32]!
    8261ab84:	b0000062 	adrp	x2, 82627000 <multipliers+0x16ba>
    8261ab88:	910003fd 	mov	x29, sp
    8261ab8c:	f9421c43 	ldr	x3, [x2, #1080]
    8261ab90:	f9000fe3 	str	x3, [sp, #24]
    8261ab94:	d2800003 	mov	x3, #0x0                   	// #0
    8261ab98:	910053e2 	add	x2, sp, #0x14
    8261ab9c:	b90017ff 	str	wzr, [sp, #20]
    8261aba0:	97ffffc1 	bl	8261aaa4 <fdt_next_node>
    8261aba4:	37f80160 	tbnz	w0, #31, 8261abd0 <fdt_first_subnode+0x50>
    8261aba8:	b94017e1 	ldr	w1, [sp, #20]
    8261abac:	7100043f 	cmp	w1, #0x1
    8261abb0:	5a9f0000 	csinv	w0, w0, wzr, eq  // eq = none
    8261abb4:	b0000061 	adrp	x1, 82627000 <multipliers+0x16ba>
    8261abb8:	f9400fe2 	ldr	x2, [sp, #24]
    8261abbc:	f9421c23 	ldr	x3, [x1, #1080]
    8261abc0:	eb030042 	subs	x2, x2, x3
    8261abc4:	d2800003 	mov	x3, #0x0                   	// #0
    8261abc8:	54000080 	b.eq	8261abd8 <fdt_first_subnode+0x58>  // b.none
    8261abcc:	97ffde0c 	bl	826123fc <__stack_chk_fail>
    8261abd0:	12800000 	mov	w0, #0xffffffff            	// #-1
    8261abd4:	17fffff8 	b	8261abb4 <fdt_first_subnode+0x34>
    8261abd8:	a8c27bfd 	ldp	x29, x30, [sp], #32
    8261abdc:	d65f03c0 	ret

000000008261abe0 <fdt_next_subnode>:
    8261abe0:	a9bd7bfd 	stp	x29, x30, [sp, #-48]!
    8261abe4:	910003fd 	mov	x29, sp
    8261abe8:	f9000bf3 	str	x19, [sp, #16]
    8261abec:	aa0003f3 	mov	x19, x0
    8261abf0:	b0000060 	adrp	x0, 82627000 <multipliers+0x16ba>
    8261abf4:	f9421c02 	ldr	x2, [x0, #1080]
    8261abf8:	f90017e2 	str	x2, [sp, #40]
    8261abfc:	d2800002 	mov	x2, #0x0                   	// #0
    8261ac00:	52800020 	mov	w0, #0x1                   	// #1
    8261ac04:	b90027e0 	str	w0, [sp, #36]
    8261ac08:	910093e2 	add	x2, sp, #0x24
    8261ac0c:	aa1303e0 	mov	x0, x19
    8261ac10:	97ffffa5 	bl	8261aaa4 <fdt_next_node>
    8261ac14:	2a0003e1 	mov	w1, w0
    8261ac18:	37f801a0 	tbnz	w0, #31, 8261ac4c <fdt_next_subnode+0x6c>
    8261ac1c:	b94027e0 	ldr	w0, [sp, #36]
    8261ac20:	7100001f 	cmp	w0, #0x0
    8261ac24:	5400014d 	b.le	8261ac4c <fdt_next_subnode+0x6c>
    8261ac28:	7100041f 	cmp	w0, #0x1
    8261ac2c:	54fffee1 	b.ne	8261ac08 <fdt_next_subnode+0x28>  // b.any
    8261ac30:	b0000060 	adrp	x0, 82627000 <multipliers+0x16ba>
    8261ac34:	f94017e2 	ldr	x2, [sp, #40]
    8261ac38:	f9421c03 	ldr	x3, [x0, #1080]
    8261ac3c:	eb030042 	subs	x2, x2, x3
    8261ac40:	d2800003 	mov	x3, #0x0                   	// #0
    8261ac44:	54000080 	b.eq	8261ac54 <fdt_next_subnode+0x74>  // b.none
    8261ac48:	97ffdded 	bl	826123fc <__stack_chk_fail>
    8261ac4c:	12800001 	mov	w1, #0xffffffff            	// #-1
    8261ac50:	17fffff8 	b	8261ac30 <fdt_next_subnode+0x50>
    8261ac54:	2a0103e0 	mov	w0, w1
    8261ac58:	f9400bf3 	ldr	x19, [sp, #16]
    8261ac5c:	a8c37bfd 	ldp	x29, x30, [sp], #48
    8261ac60:	d65f03c0 	ret

000000008261ac64 <fdt_address_cells>:
    8261ac64:	a9be7bfd 	stp	x29, x30, [sp, #-32]!
    8261ac68:	b0000062 	adrp	x2, 82627000 <multipliers+0x16ba>
    8261ac6c:	910003fd 	mov	x29, sp
    8261ac70:	f9421c43 	ldr	x3, [x2, #1080]
    8261ac74:	f9000fe3 	str	x3, [sp, #24]
    8261ac78:	d2800003 	mov	x3, #0x0                   	// #0
    8261ac7c:	f0000042 	adrp	x2, 82625000 <_ctype+0x35c>
    8261ac80:	910053e3 	add	x3, sp, #0x14
    8261ac84:	91116c42 	add	x2, x2, #0x45b
    8261ac88:	94000164 	bl	8261b218 <fdt_getprop>
    8261ac8c:	b4000220 	cbz	x0, 8261acd0 <fdt_address_cells+0x6c>
    8261ac90:	b94017e1 	ldr	w1, [sp, #20]
    8261ac94:	7100103f 	cmp	w1, #0x4
    8261ac98:	54000201 	b.ne	8261acd8 <fdt_address_cells+0x74>  // b.any
    8261ac9c:	b9400000 	ldr	w0, [x0]
    8261aca0:	5ac00800 	rev	w0, w0
    8261aca4:	51000401 	sub	w1, w0, #0x1
    8261aca8:	7100103f 	cmp	w1, #0x4
    8261acac:	128001a1 	mov	w1, #0xfffffff2            	// #-14
    8261acb0:	1a813000 	csel	w0, w0, w1, cc  // cc = lo, ul, last
    8261acb4:	b0000061 	adrp	x1, 82627000 <multipliers+0x16ba>
    8261acb8:	f9400fe2 	ldr	x2, [sp, #24]
    8261acbc:	f9421c23 	ldr	x3, [x1, #1080]
    8261acc0:	eb030042 	subs	x2, x2, x3
    8261acc4:	d2800003 	mov	x3, #0x0                   	// #0
    8261acc8:	540000c0 	b.eq	8261ace0 <fdt_address_cells+0x7c>  // b.none
    8261accc:	97ffddcc 	bl	826123fc <__stack_chk_fail>
    8261acd0:	52800040 	mov	w0, #0x2                   	// #2
    8261acd4:	17fffff8 	b	8261acb4 <fdt_address_cells+0x50>
    8261acd8:	128001a0 	mov	w0, #0xfffffff2            	// #-14
    8261acdc:	17fffff6 	b	8261acb4 <fdt_address_cells+0x50>
    8261ace0:	a8c27bfd 	ldp	x29, x30, [sp], #32
    8261ace4:	d65f03c0 	ret

000000008261ace8 <fdt_size_cells>:
    8261ace8:	a9be7bfd 	stp	x29, x30, [sp, #-32]!
    8261acec:	b0000062 	adrp	x2, 82627000 <multipliers+0x16ba>
    8261acf0:	910003fd 	mov	x29, sp
    8261acf4:	f9421c43 	ldr	x3, [x2, #1080]
    8261acf8:	f9000fe3 	str	x3, [sp, #24]
    8261acfc:	d2800003 	mov	x3, #0x0                   	// #0
    8261ad00:	f0000042 	adrp	x2, 82625000 <_ctype+0x35c>
    8261ad04:	910053e3 	add	x3, sp, #0x14
    8261ad08:	91148042 	add	x2, x2, #0x520
    8261ad0c:	94000143 	bl	8261b218 <fdt_getprop>
    8261ad10:	b4000200 	cbz	x0, 8261ad50 <fdt_size_cells+0x68>
    8261ad14:	b94017e1 	ldr	w1, [sp, #20]
    8261ad18:	7100103f 	cmp	w1, #0x4
    8261ad1c:	540001e1 	b.ne	8261ad58 <fdt_size_cells+0x70>  // b.any
    8261ad20:	b9400000 	ldr	w0, [x0]
    8261ad24:	128001a1 	mov	w1, #0xfffffff2            	// #-14
    8261ad28:	5ac00800 	rev	w0, w0
    8261ad2c:	7100141f 	cmp	w0, #0x5
    8261ad30:	1a813000 	csel	w0, w0, w1, cc  // cc = lo, ul, last
    8261ad34:	b0000061 	adrp	x1, 82627000 <multipliers+0x16ba>
    8261ad38:	f9400fe2 	ldr	x2, [sp, #24]
    8261ad3c:	f9421c23 	ldr	x3, [x1, #1080]
    8261ad40:	eb030042 	subs	x2, x2, x3
    8261ad44:	d2800003 	mov	x3, #0x0                   	// #0
    8261ad48:	540000c0 	b.eq	8261ad60 <fdt_size_cells+0x78>  // b.none
    8261ad4c:	97ffddac 	bl	826123fc <__stack_chk_fail>
    8261ad50:	52800040 	mov	w0, #0x2                   	// #2
    8261ad54:	17fffff8 	b	8261ad34 <fdt_size_cells+0x4c>
    8261ad58:	128001a0 	mov	w0, #0xfffffff2            	// #-14
    8261ad5c:	17fffff6 	b	8261ad34 <fdt_size_cells+0x4c>
    8261ad60:	a8c27bfd 	ldp	x29, x30, [sp], #32
    8261ad64:	d65f03c0 	ret

000000008261ad68 <fdt_path_next_separator>:
    8261ad68:	a9bd7bfd 	stp	x29, x30, [sp, #-48]!
    8261ad6c:	910003fd 	mov	x29, sp
    8261ad70:	a90153f3 	stp	x19, x20, [sp, #16]
    8261ad74:	93407c34 	sxtw	x20, w1
    8261ad78:	aa1403e2 	mov	x2, x20
    8261ad7c:	528005e1 	mov	w1, #0x2f                  	// #47
    8261ad80:	f90013f5 	str	x21, [sp, #32]
    8261ad84:	aa0003f5 	mov	x21, x0
    8261ad88:	9400059f 	bl	8261c404 <memchr>
    8261ad8c:	aa1403e2 	mov	x2, x20
    8261ad90:	aa0003f3 	mov	x19, x0
    8261ad94:	52800741 	mov	w1, #0x3a                  	// #58
    8261ad98:	aa1503e0 	mov	x0, x21
    8261ad9c:	9400059a 	bl	8261c404 <memchr>
    8261ada0:	f100027f 	cmp	x19, #0x0
    8261ada4:	fa401804 	ccmp	x0, #0x0, #0x4, ne  // ne = any
    8261ada8:	540000e0 	b.eq	8261adc4 <fdt_path_next_separator+0x5c>  // b.none
    8261adac:	eb13001f 	cmp	x0, x19
    8261adb0:	9a939000 	csel	x0, x0, x19, ls  // ls = plast
    8261adb4:	a94153f3 	ldp	x19, x20, [sp, #16]
    8261adb8:	f94013f5 	ldr	x21, [sp, #32]
    8261adbc:	a8c37bfd 	ldp	x29, x30, [sp], #48
    8261adc0:	d65f03c0 	ret
    8261adc4:	f100027f 	cmp	x19, #0x0
    8261adc8:	9a930000 	csel	x0, x0, x19, eq  // eq = none
    8261adcc:	17fffffa 	b	8261adb4 <fdt_path_next_separator+0x4c>

000000008261add0 <_nextprop>:
    8261add0:	a9bd7bfd 	stp	x29, x30, [sp, #-48]!
    8261add4:	910003fd 	mov	x29, sp
    8261add8:	a90153f3 	stp	x19, x20, [sp, #16]
    8261addc:	aa0003f4 	mov	x20, x0
    8261ade0:	2a0103f3 	mov	w19, w1
    8261ade4:	b0000060 	adrp	x0, 82627000 <multipliers+0x16ba>
    8261ade8:	f9421c02 	ldr	x2, [x0, #1080]
    8261adec:	f90017e2 	str	x2, [sp, #40]
    8261adf0:	d2800002 	mov	x2, #0x0                   	// #0
    8261adf4:	910093e2 	add	x2, sp, #0x24
    8261adf8:	2a1303e1 	mov	w1, w19
    8261adfc:	aa1403e0 	mov	x0, x20
    8261ae00:	97fffec9 	bl	8261a924 <fdt_next_tag>
    8261ae04:	71000c1f 	cmp	w0, #0x3
    8261ae08:	540000e0 	b.eq	8261ae24 <_nextprop+0x54>  // b.none
    8261ae0c:	b94027f3 	ldr	w19, [sp, #36]
    8261ae10:	7100241f 	cmp	w0, #0x9
    8261ae14:	54000161 	b.ne	8261ae40 <_nextprop+0x70>  // b.any
    8261ae18:	7100027f 	cmp	w19, #0x0
    8261ae1c:	12800141 	mov	w1, #0xfffffff5            	// #-11
    8261ae20:	1a81b273 	csel	w19, w19, w1, lt  // lt = tstop
    8261ae24:	b0000060 	adrp	x0, 82627000 <multipliers+0x16ba>
    8261ae28:	f94017e1 	ldr	x1, [sp, #40]
    8261ae2c:	f9421c02 	ldr	x2, [x0, #1080]
    8261ae30:	eb020021 	subs	x1, x1, x2
    8261ae34:	d2800002 	mov	x2, #0x0                   	// #0
    8261ae38:	540000c0 	b.eq	8261ae50 <_nextprop+0x80>  // b.none
    8261ae3c:	97ffdd70 	bl	826123fc <__stack_chk_fail>
    8261ae40:	7100101f 	cmp	w0, #0x4
    8261ae44:	54fffd80 	b.eq	8261adf4 <_nextprop+0x24>  // b.none
    8261ae48:	12800013 	mov	w19, #0xffffffff            	// #-1
    8261ae4c:	17fffff6 	b	8261ae24 <_nextprop+0x54>
    8261ae50:	2a1303e0 	mov	w0, w19
    8261ae54:	a94153f3 	ldp	x19, x20, [sp, #16]
    8261ae58:	a8c37bfd 	ldp	x29, x30, [sp], #48
    8261ae5c:	d65f03c0 	ret

000000008261ae60 <fdt_string>:
    8261ae60:	b9400c02 	ldr	w2, [x0, #12]
    8261ae64:	5ac00842 	rev	w2, w2
    8261ae68:	8b21c041 	add	x1, x2, w1, sxtw
    8261ae6c:	8b010000 	add	x0, x0, x1
    8261ae70:	d65f03c0 	ret

000000008261ae74 <fdt_subnode_offset_namelen>:
    8261ae74:	a9bb7bfd 	stp	x29, x30, [sp, #-80]!
    8261ae78:	910003fd 	mov	x29, sp
    8261ae7c:	a90153f3 	stp	x19, x20, [sp, #16]
    8261ae80:	93407c74 	sxtw	x20, w3
    8261ae84:	a9025bf5 	stp	x21, x22, [sp, #32]
    8261ae88:	2a0103f5 	mov	w21, w1
    8261ae8c:	b0000061 	adrp	x1, 82627000 <multipliers+0x16ba>
    8261ae90:	a90363f7 	stp	x23, x24, [sp, #48]
    8261ae94:	aa0203f7 	mov	x23, x2
    8261ae98:	aa0003f6 	mov	x22, x0
    8261ae9c:	f9421c22 	ldr	x2, [x1, #1080]
    8261aea0:	f90027e2 	str	x2, [sp, #72]
    8261aea4:	d2800002 	mov	x2, #0x0                   	// #0
    8261aea8:	97fffe68 	bl	8261a848 <fdt_check_header>
    8261aeac:	2a0003f3 	mov	w19, w0
    8261aeb0:	350004e0 	cbnz	w0, 8261af4c <fdt_subnode_offset_namelen+0xd8>
    8261aeb4:	2a1503f3 	mov	w19, w21
    8261aeb8:	11000698 	add	w24, w20, #0x1
    8261aebc:	b90047ff 	str	wzr, [sp, #68]
    8261aec0:	b94047e0 	ldr	w0, [sp, #68]
    8261aec4:	7100027f 	cmp	w19, #0x0
    8261aec8:	7a40a801 	ccmp	w0, #0x0, #0x1, ge  // ge = tcont
    8261aecc:	5400008a 	b.ge	8261aedc <fdt_subnode_offset_namelen+0x68>  // b.tcont
    8261aed0:	7100001f 	cmp	w0, #0x0
    8261aed4:	5a9fa273 	csinv	w19, w19, wzr, ge  // ge = tcont
    8261aed8:	1400001d 	b	8261af4c <fdt_subnode_offset_namelen+0xd8>
    8261aedc:	7100041f 	cmp	w0, #0x1
    8261aee0:	540000e0 	b.eq	8261aefc <fdt_subnode_offset_namelen+0x88>  // b.none
    8261aee4:	2a1303e1 	mov	w1, w19
    8261aee8:	910113e2 	add	x2, sp, #0x44
    8261aeec:	aa1603e0 	mov	x0, x22
    8261aef0:	97fffeed 	bl	8261aaa4 <fdt_next_node>
    8261aef4:	2a0003f3 	mov	w19, w0
    8261aef8:	17fffff2 	b	8261aec0 <fdt_subnode_offset_namelen+0x4c>
    8261aefc:	2a1803e2 	mov	w2, w24
    8261af00:	11001261 	add	w1, w19, #0x4
    8261af04:	aa1603e0 	mov	x0, x22
    8261af08:	97fffe6d 	bl	8261a8bc <fdt_offset_ptr>
    8261af0c:	aa0003f5 	mov	x21, x0
    8261af10:	b4fffea0 	cbz	x0, 8261aee4 <fdt_subnode_offset_namelen+0x70>
    8261af14:	aa1403e2 	mov	x2, x20
    8261af18:	aa1703e1 	mov	x1, x23
    8261af1c:	94000515 	bl	8261c370 <memcmp>
    8261af20:	35fffe20 	cbnz	w0, 8261aee4 <fdt_subnode_offset_namelen+0x70>
    8261af24:	38746aa0 	ldrb	w0, [x21, x20]
    8261af28:	34000120 	cbz	w0, 8261af4c <fdt_subnode_offset_namelen+0xd8>
    8261af2c:	aa1403e2 	mov	x2, x20
    8261af30:	aa1703e0 	mov	x0, x23
    8261af34:	52800801 	mov	w1, #0x40                  	// #64
    8261af38:	94000533 	bl	8261c404 <memchr>
    8261af3c:	b5fffd40 	cbnz	x0, 8261aee4 <fdt_subnode_offset_namelen+0x70>
    8261af40:	38746aa0 	ldrb	w0, [x21, x20]
    8261af44:	7101001f 	cmp	w0, #0x40
    8261af48:	54fffce1 	b.ne	8261aee4 <fdt_subnode_offset_namelen+0x70>  // b.any
    8261af4c:	b0000060 	adrp	x0, 82627000 <multipliers+0x16ba>
    8261af50:	f94027e1 	ldr	x1, [sp, #72]
    8261af54:	f9421c02 	ldr	x2, [x0, #1080]
    8261af58:	eb020021 	subs	x1, x1, x2
    8261af5c:	d2800002 	mov	x2, #0x0                   	// #0
    8261af60:	54000040 	b.eq	8261af68 <fdt_subnode_offset_namelen+0xf4>  // b.none
    8261af64:	97ffdd26 	bl	826123fc <__stack_chk_fail>
    8261af68:	2a1303e0 	mov	w0, w19
    8261af6c:	a94153f3 	ldp	x19, x20, [sp, #16]
    8261af70:	a9425bf5 	ldp	x21, x22, [sp, #32]
    8261af74:	a94363f7 	ldp	x23, x24, [sp, #48]
    8261af78:	a8c57bfd 	ldp	x29, x30, [sp], #80
    8261af7c:	d65f03c0 	ret

000000008261af80 <fdt_get_name>:
    8261af80:	a9bd7bfd 	stp	x29, x30, [sp, #-48]!
    8261af84:	910003fd 	mov	x29, sp
    8261af88:	a90153f3 	stp	x19, x20, [sp, #16]
    8261af8c:	aa0003f3 	mov	x19, x0
    8261af90:	aa0203f4 	mov	x20, x2
    8261af94:	a9025bf5 	stp	x21, x22, [sp, #32]
    8261af98:	2a0103f5 	mov	w21, w1
    8261af9c:	b9400816 	ldr	w22, [x0, #8]
    8261afa0:	97fffe2a 	bl	8261a848 <fdt_check_header>
    8261afa4:	350000a0 	cbnz	w0, 8261afb8 <fdt_get_name+0x38>
    8261afa8:	2a1503e1 	mov	w1, w21
    8261afac:	aa1303e0 	mov	x0, x19
    8261afb0:	97fffe9d 	bl	8261aa24 <fdt_check_node_offset_>
    8261afb4:	36f800e0 	tbz	w0, #31, 8261afd0 <fdt_get_name+0x50>
    8261afb8:	b5000214 	cbnz	x20, 8261aff8 <fdt_get_name+0x78>
    8261afbc:	aa1403e0 	mov	x0, x20
    8261afc0:	a94153f3 	ldp	x19, x20, [sp, #16]
    8261afc4:	a9425bf5 	ldp	x21, x22, [sp, #32]
    8261afc8:	a8c37bfd 	ldp	x29, x30, [sp], #48
    8261afcc:	d65f03c0 	ret
    8261afd0:	5ac00ad6 	rev	w22, w22
    8261afd4:	8b35c2d5 	add	x21, x22, w21, sxtw
    8261afd8:	8b150273 	add	x19, x19, x21
    8261afdc:	91001273 	add	x19, x19, #0x4
    8261afe0:	b4000094 	cbz	x20, 8261aff0 <fdt_get_name+0x70>
    8261afe4:	aa1303e0 	mov	x0, x19
    8261afe8:	94000479 	bl	8261c1cc <strlen>
    8261afec:	b9000280 	str	w0, [x20]
    8261aff0:	aa1303f4 	mov	x20, x19
    8261aff4:	17fffff2 	b	8261afbc <fdt_get_name+0x3c>
    8261aff8:	b9000280 	str	w0, [x20]
    8261affc:	d2800014 	mov	x20, #0x0                   	// #0
    8261b000:	17ffffef 	b	8261afbc <fdt_get_name+0x3c>

000000008261b004 <fdt_first_property_offset>:
    8261b004:	a9be7bfd 	stp	x29, x30, [sp, #-32]!
    8261b008:	910003fd 	mov	x29, sp
    8261b00c:	f9000bf3 	str	x19, [sp, #16]
    8261b010:	aa0003f3 	mov	x19, x0
    8261b014:	97fffe84 	bl	8261aa24 <fdt_check_node_offset_>
    8261b018:	37f800c0 	tbnz	w0, #31, 8261b030 <fdt_first_property_offset+0x2c>
    8261b01c:	2a0003e1 	mov	w1, w0
    8261b020:	aa1303e0 	mov	x0, x19
    8261b024:	f9400bf3 	ldr	x19, [sp, #16]
    8261b028:	a8c27bfd 	ldp	x29, x30, [sp], #32
    8261b02c:	17ffff69 	b	8261add0 <_nextprop>
    8261b030:	f9400bf3 	ldr	x19, [sp, #16]
    8261b034:	a8c27bfd 	ldp	x29, x30, [sp], #32
    8261b038:	d65f03c0 	ret

000000008261b03c <fdt_next_property_offset>:
    8261b03c:	a9be7bfd 	stp	x29, x30, [sp, #-32]!
    8261b040:	910003fd 	mov	x29, sp
    8261b044:	f9000bf3 	str	x19, [sp, #16]
    8261b048:	aa0003f3 	mov	x19, x0
    8261b04c:	97fffe86 	bl	8261aa64 <fdt_check_prop_offset_>
    8261b050:	37f800c0 	tbnz	w0, #31, 8261b068 <fdt_next_property_offset+0x2c>
    8261b054:	2a0003e1 	mov	w1, w0
    8261b058:	aa1303e0 	mov	x0, x19
    8261b05c:	f9400bf3 	ldr	x19, [sp, #16]
    8261b060:	a8c27bfd 	ldp	x29, x30, [sp], #32
    8261b064:	17ffff5b 	b	8261add0 <_nextprop>
    8261b068:	f9400bf3 	ldr	x19, [sp, #16]
    8261b06c:	a8c27bfd 	ldp	x29, x30, [sp], #32
    8261b070:	d65f03c0 	ret

000000008261b074 <fdt_get_property_by_offset>:
    8261b074:	a9bd7bfd 	stp	x29, x30, [sp, #-48]!
    8261b078:	910003fd 	mov	x29, sp
    8261b07c:	a90153f3 	stp	x19, x20, [sp, #16]
    8261b080:	aa0003f3 	mov	x19, x0
    8261b084:	aa0203f4 	mov	x20, x2
    8261b088:	f90013f5 	str	x21, [sp, #32]
    8261b08c:	2a0103f5 	mov	w21, w1
    8261b090:	97fffe75 	bl	8261aa64 <fdt_check_prop_offset_>
    8261b094:	36f800a0 	tbz	w0, #31, 8261b0a8 <fdt_get_property_by_offset+0x34>
    8261b098:	b4000054 	cbz	x20, 8261b0a0 <fdt_get_property_by_offset+0x2c>
    8261b09c:	b9000280 	str	w0, [x20]
    8261b0a0:	d2800000 	mov	x0, #0x0                   	// #0
    8261b0a4:	14000009 	b	8261b0c8 <fdt_get_property_by_offset+0x54>
    8261b0a8:	b9400a60 	ldr	w0, [x19, #8]
    8261b0ac:	5ac00800 	rev	w0, w0
    8261b0b0:	8b35c000 	add	x0, x0, w21, sxtw
    8261b0b4:	8b000260 	add	x0, x19, x0
    8261b0b8:	b4000094 	cbz	x20, 8261b0c8 <fdt_get_property_by_offset+0x54>
    8261b0bc:	b9400401 	ldr	w1, [x0, #4]
    8261b0c0:	5ac00821 	rev	w1, w1
    8261b0c4:	b9000281 	str	w1, [x20]
    8261b0c8:	a94153f3 	ldp	x19, x20, [sp, #16]
    8261b0cc:	f94013f5 	ldr	x21, [sp, #32]
    8261b0d0:	a8c37bfd 	ldp	x29, x30, [sp], #48
    8261b0d4:	d65f03c0 	ret

000000008261b0d8 <fdt_get_property_namelen>:
    8261b0d8:	a9bb7bfd 	stp	x29, x30, [sp, #-80]!
    8261b0dc:	910003fd 	mov	x29, sp
    8261b0e0:	a9025bf5 	stp	x21, x22, [sp, #32]
    8261b0e4:	93407c75 	sxtw	x21, w3
    8261b0e8:	aa0003f6 	mov	x22, x0
    8261b0ec:	a9046bf9 	stp	x25, x26, [sp, #64]
    8261b0f0:	110006b9 	add	w25, w21, #0x1
    8261b0f4:	93407f39 	sxtw	x25, w25
    8261b0f8:	a90153f3 	stp	x19, x20, [sp, #16]
    8261b0fc:	a90363f7 	stp	x23, x24, [sp, #48]
    8261b100:	aa0203f7 	mov	x23, x2
    8261b104:	aa0403f8 	mov	x24, x4
    8261b108:	97ffffbf 	bl	8261b004 <fdt_first_property_offset>
    8261b10c:	2a0003f3 	mov	w19, w0
    8261b110:	36f800b3 	tbz	w19, #31, 8261b124 <fdt_get_property_namelen+0x4c>
    8261b114:	b4000058 	cbz	x24, 8261b11c <fdt_get_property_namelen+0x44>
    8261b118:	b9000313 	str	w19, [x24]
    8261b11c:	d2800014 	mov	x20, #0x0                   	// #0
    8261b120:	1400001a 	b	8261b188 <fdt_get_property_namelen+0xb0>
    8261b124:	aa1803e2 	mov	x2, x24
    8261b128:	2a1303e1 	mov	w1, w19
    8261b12c:	aa1603e0 	mov	x0, x22
    8261b130:	97ffffd1 	bl	8261b074 <fdt_get_property_by_offset>
    8261b134:	aa0003f4 	mov	x20, x0
    8261b138:	b4000360 	cbz	x0, 8261b1a4 <fdt_get_property_namelen+0xcc>
    8261b13c:	b9400a81 	ldr	w1, [x20, #8]
    8261b140:	aa1603e0 	mov	x0, x22
    8261b144:	5ac00821 	rev	w1, w1
    8261b148:	97ffff46 	bl	8261ae60 <fdt_string>
    8261b14c:	aa1903e1 	mov	x1, x25
    8261b150:	aa0003fa 	mov	x26, x0
    8261b154:	94000435 	bl	8261c228 <strnlen>
    8261b158:	eb15001f 	cmp	x0, x21
    8261b15c:	540000c0 	b.eq	8261b174 <fdt_get_property_namelen+0x9c>  // b.none
    8261b160:	2a1303e1 	mov	w1, w19
    8261b164:	aa1603e0 	mov	x0, x22
    8261b168:	97ffffb5 	bl	8261b03c <fdt_next_property_offset>
    8261b16c:	2a0003f3 	mov	w19, w0
    8261b170:	17ffffe8 	b	8261b110 <fdt_get_property_namelen+0x38>
    8261b174:	aa1503e2 	mov	x2, x21
    8261b178:	aa1703e1 	mov	x1, x23
    8261b17c:	aa1a03e0 	mov	x0, x26
    8261b180:	9400047c 	bl	8261c370 <memcmp>
    8261b184:	35fffee0 	cbnz	w0, 8261b160 <fdt_get_property_namelen+0x88>
    8261b188:	aa1403e0 	mov	x0, x20
    8261b18c:	a94153f3 	ldp	x19, x20, [sp, #16]
    8261b190:	a9425bf5 	ldp	x21, x22, [sp, #32]
    8261b194:	a94363f7 	ldp	x23, x24, [sp, #48]
    8261b198:	a9446bf9 	ldp	x25, x26, [sp, #64]
    8261b19c:	a8c57bfd 	ldp	x29, x30, [sp], #80
    8261b1a0:	d65f03c0 	ret
    8261b1a4:	12800193 	mov	w19, #0xfffffff3            	// #-13
    8261b1a8:	17ffffdb 	b	8261b114 <fdt_get_property_namelen+0x3c>

000000008261b1ac <fdt_getprop_namelen>:
    8261b1ac:	a9bf7bfd 	stp	x29, x30, [sp, #-16]!
    8261b1b0:	910003fd 	mov	x29, sp
    8261b1b4:	97ffffc9 	bl	8261b0d8 <fdt_get_property_namelen>
    8261b1b8:	b4000040 	cbz	x0, 8261b1c0 <fdt_getprop_namelen+0x14>
    8261b1bc:	91003000 	add	x0, x0, #0xc
    8261b1c0:	a8c17bfd 	ldp	x29, x30, [sp], #16
    8261b1c4:	d65f03c0 	ret

000000008261b1c8 <fdt_getprop_by_offset>:
    8261b1c8:	a9be7bfd 	stp	x29, x30, [sp, #-32]!
    8261b1cc:	910003fd 	mov	x29, sp
    8261b1d0:	a90153f3 	stp	x19, x20, [sp, #16]
    8261b1d4:	aa0003f4 	mov	x20, x0
    8261b1d8:	aa0203f3 	mov	x19, x2
    8261b1dc:	aa0303e2 	mov	x2, x3
    8261b1e0:	97ffffa5 	bl	8261b074 <fdt_get_property_by_offset>
    8261b1e4:	aa0003e3 	mov	x3, x0
    8261b1e8:	b4000100 	cbz	x0, 8261b208 <fdt_getprop_by_offset+0x40>
    8261b1ec:	b40000d3 	cbz	x19, 8261b204 <fdt_getprop_by_offset+0x3c>
    8261b1f0:	b9400861 	ldr	w1, [x3, #8]
    8261b1f4:	aa1403e0 	mov	x0, x20
    8261b1f8:	5ac00821 	rev	w1, w1
    8261b1fc:	97ffff19 	bl	8261ae60 <fdt_string>
    8261b200:	f9000260 	str	x0, [x19]
    8261b204:	91003063 	add	x3, x3, #0xc
    8261b208:	aa0303e0 	mov	x0, x3
    8261b20c:	a94153f3 	ldp	x19, x20, [sp, #16]
    8261b210:	a8c27bfd 	ldp	x29, x30, [sp], #32
    8261b214:	d65f03c0 	ret

000000008261b218 <fdt_getprop>:
    8261b218:	a9bd7bfd 	stp	x29, x30, [sp, #-48]!
    8261b21c:	910003fd 	mov	x29, sp
    8261b220:	a90153f3 	stp	x19, x20, [sp, #16]
    8261b224:	aa0003f4 	mov	x20, x0
    8261b228:	aa0203f3 	mov	x19, x2
    8261b22c:	aa0203e0 	mov	x0, x2
    8261b230:	a9025bf5 	stp	x21, x22, [sp, #32]
    8261b234:	aa0303f6 	mov	x22, x3
    8261b238:	2a0103f5 	mov	w21, w1
    8261b23c:	940003e4 	bl	8261c1cc <strlen>
    8261b240:	aa1603e4 	mov	x4, x22
    8261b244:	2a0003e3 	mov	w3, w0
    8261b248:	aa1303e2 	mov	x2, x19
    8261b24c:	2a1503e1 	mov	w1, w21
    8261b250:	aa1403e0 	mov	x0, x20
    8261b254:	a94153f3 	ldp	x19, x20, [sp, #16]
    8261b258:	a9425bf5 	ldp	x21, x22, [sp, #32]
    8261b25c:	a8c37bfd 	ldp	x29, x30, [sp], #48
    8261b260:	17ffffd3 	b	8261b1ac <fdt_getprop_namelen>

000000008261b264 <fdt_get_phandle>:
    8261b264:	a9bd7bfd 	stp	x29, x30, [sp, #-48]!
    8261b268:	90000062 	adrp	x2, 82627000 <multipliers+0x16ba>
    8261b26c:	910003fd 	mov	x29, sp
    8261b270:	a90153f3 	stp	x19, x20, [sp, #16]
    8261b274:	aa0003f3 	mov	x19, x0
    8261b278:	2a0103f4 	mov	w20, w1
    8261b27c:	f9421c43 	ldr	x3, [x2, #1080]
    8261b280:	f90017e3 	str	x3, [sp, #40]
    8261b284:	d2800003 	mov	x3, #0x0                   	// #0
    8261b288:	d0000042 	adrp	x2, 82625000 <_ctype+0x35c>
    8261b28c:	910093e3 	add	x3, sp, #0x24
    8261b290:	91143442 	add	x2, x2, #0x50d
    8261b294:	97ffffe1 	bl	8261b218 <fdt_getprop>
    8261b298:	b4000080 	cbz	x0, 8261b2a8 <fdt_get_phandle+0x44>
    8261b29c:	b94027e1 	ldr	w1, [sp, #36]
    8261b2a0:	7100103f 	cmp	w1, #0x4
    8261b2a4:	54000160 	b.eq	8261b2d0 <fdt_get_phandle+0x6c>  // b.none
    8261b2a8:	d0000042 	adrp	x2, 82625000 <_ctype+0x35c>
    8261b2ac:	910093e3 	add	x3, sp, #0x24
    8261b2b0:	91141c42 	add	x2, x2, #0x507
    8261b2b4:	2a1403e1 	mov	w1, w20
    8261b2b8:	aa1303e0 	mov	x0, x19
    8261b2bc:	97ffffd7 	bl	8261b218 <fdt_getprop>
    8261b2c0:	b40001a0 	cbz	x0, 8261b2f4 <fdt_get_phandle+0x90>
    8261b2c4:	b94027e1 	ldr	w1, [sp, #36]
    8261b2c8:	7100103f 	cmp	w1, #0x4
    8261b2cc:	54000141 	b.ne	8261b2f4 <fdt_get_phandle+0x90>  // b.any
    8261b2d0:	b9400000 	ldr	w0, [x0]
    8261b2d4:	5ac00800 	rev	w0, w0
    8261b2d8:	90000061 	adrp	x1, 82627000 <multipliers+0x16ba>
    8261b2dc:	f94017e2 	ldr	x2, [sp, #40]
    8261b2e0:	f9421c23 	ldr	x3, [x1, #1080]
    8261b2e4:	eb030042 	subs	x2, x2, x3
    8261b2e8:	d2800003 	mov	x3, #0x0                   	// #0
    8261b2ec:	54000080 	b.eq	8261b2fc <fdt_get_phandle+0x98>  // b.none
    8261b2f0:	97ffdc43 	bl	826123fc <__stack_chk_fail>
    8261b2f4:	52800000 	mov	w0, #0x0                   	// #0
    8261b2f8:	17fffff8 	b	8261b2d8 <fdt_get_phandle+0x74>
    8261b2fc:	a94153f3 	ldp	x19, x20, [sp, #16]
    8261b300:	a8c37bfd 	ldp	x29, x30, [sp], #48
    8261b304:	d65f03c0 	ret

000000008261b308 <fdt_get_alias_namelen>:
    8261b308:	a9bd7bfd 	stp	x29, x30, [sp, #-48]!
    8261b30c:	910003fd 	mov	x29, sp
    8261b310:	a90153f3 	stp	x19, x20, [sp, #16]
    8261b314:	aa0103f4 	mov	x20, x1
    8261b318:	aa0003f3 	mov	x19, x0
    8261b31c:	d0000041 	adrp	x1, 82625000 <_ctype+0x35c>
    8261b320:	9113f821 	add	x1, x1, #0x4fe
    8261b324:	f90013f5 	str	x21, [sp, #32]
    8261b328:	2a0203f5 	mov	w21, w2
    8261b32c:	9400004f 	bl	8261b468 <fdt_path_offset>
    8261b330:	37f80140 	tbnz	w0, #31, 8261b358 <fdt_get_alias_namelen+0x50>
    8261b334:	2a0003e1 	mov	w1, w0
    8261b338:	2a1503e3 	mov	w3, w21
    8261b33c:	aa1403e2 	mov	x2, x20
    8261b340:	aa1303e0 	mov	x0, x19
    8261b344:	a94153f3 	ldp	x19, x20, [sp, #16]
    8261b348:	d2800004 	mov	x4, #0x0                   	// #0
    8261b34c:	f94013f5 	ldr	x21, [sp, #32]
    8261b350:	a8c37bfd 	ldp	x29, x30, [sp], #48
    8261b354:	17ffff96 	b	8261b1ac <fdt_getprop_namelen>
    8261b358:	d2800000 	mov	x0, #0x0                   	// #0
    8261b35c:	a94153f3 	ldp	x19, x20, [sp, #16]
    8261b360:	f94013f5 	ldr	x21, [sp, #32]
    8261b364:	a8c37bfd 	ldp	x29, x30, [sp], #48
    8261b368:	d65f03c0 	ret

000000008261b36c <fdt_path_offset_namelen>:
    8261b36c:	a9bc7bfd 	stp	x29, x30, [sp, #-64]!
    8261b370:	910003fd 	mov	x29, sp
    8261b374:	a90153f3 	stp	x19, x20, [sp, #16]
    8261b378:	aa0103f3 	mov	x19, x1
    8261b37c:	a9025bf5 	stp	x21, x22, [sp, #32]
    8261b380:	aa0003f6 	mov	x22, x0
    8261b384:	2a0203f5 	mov	w21, w2
    8261b388:	f9001bf7 	str	x23, [sp, #48]
    8261b38c:	97fffd2f 	bl	8261a848 <fdt_check_header>
    8261b390:	2a0003f4 	mov	w20, w0
    8261b394:	350005a0 	cbnz	w0, 8261b448 <fdt_path_offset_namelen+0xdc>
    8261b398:	39400260 	ldrb	w0, [x19]
    8261b39c:	8b35c277 	add	x23, x19, w21, sxtw
    8261b3a0:	7100bc1f 	cmp	w0, #0x2f
    8261b3a4:	54000200 	b.eq	8261b3e4 <fdt_path_offset_namelen+0x78>  // b.none
    8261b3a8:	2a1503e1 	mov	w1, w21
    8261b3ac:	aa1303e0 	mov	x0, x19
    8261b3b0:	97fffe6e 	bl	8261ad68 <fdt_path_next_separator>
    8261b3b4:	f100001f 	cmp	x0, #0x0
    8261b3b8:	9a971015 	csel	x21, x0, x23, ne  // ne = any
    8261b3bc:	aa1303e1 	mov	x1, x19
    8261b3c0:	4b1302a2 	sub	w2, w21, w19
    8261b3c4:	aa1603e0 	mov	x0, x22
    8261b3c8:	97ffffd0 	bl	8261b308 <fdt_get_alias_namelen>
    8261b3cc:	aa0003e1 	mov	x1, x0
    8261b3d0:	b4000480 	cbz	x0, 8261b460 <fdt_path_offset_namelen+0xf4>
    8261b3d4:	aa1603e0 	mov	x0, x22
    8261b3d8:	aa1503f3 	mov	x19, x21
    8261b3dc:	94000023 	bl	8261b468 <fdt_path_offset>
    8261b3e0:	2a0003f4 	mov	w20, w0
    8261b3e4:	39400260 	ldrb	w0, [x19]
    8261b3e8:	34000300 	cbz	w0, 8261b448 <fdt_path_offset_namelen+0xdc>
    8261b3ec:	eb17027f 	cmp	x19, x23
    8261b3f0:	540002c2 	b.cs	8261b448 <fdt_path_offset_namelen+0xdc>  // b.hs, b.nlast
    8261b3f4:	aa1303f5 	mov	x21, x19
    8261b3f8:	14000002 	b	8261b400 <fdt_path_offset_namelen+0x94>
    8261b3fc:	910006b5 	add	x21, x21, #0x1
    8261b400:	394002a0 	ldrb	w0, [x21]
    8261b404:	7100bc1f 	cmp	w0, #0x2f
    8261b408:	54ffffa0 	b.eq	8261b3fc <fdt_path_offset_namelen+0x90>  // b.none
    8261b40c:	7100e81f 	cmp	w0, #0x3a
    8261b410:	7a401804 	ccmp	w0, #0x0, #0x4, ne  // ne = any
    8261b414:	540001a0 	b.eq	8261b448 <fdt_path_offset_namelen+0xdc>  // b.none
    8261b418:	4b1502e1 	sub	w1, w23, w21
    8261b41c:	aa1503e0 	mov	x0, x21
    8261b420:	97fffe52 	bl	8261ad68 <fdt_path_next_separator>
    8261b424:	f100001f 	cmp	x0, #0x0
    8261b428:	9a971013 	csel	x19, x0, x23, ne  // ne = any
    8261b42c:	2a1403e1 	mov	w1, w20
    8261b430:	4b150263 	sub	w3, w19, w21
    8261b434:	aa1503e2 	mov	x2, x21
    8261b438:	aa1603e0 	mov	x0, x22
    8261b43c:	97fffe8e 	bl	8261ae74 <fdt_subnode_offset_namelen>
    8261b440:	2a0003f4 	mov	w20, w0
    8261b444:	36fffd00 	tbz	w0, #31, 8261b3e4 <fdt_path_offset_namelen+0x78>
    8261b448:	2a1403e0 	mov	w0, w20
    8261b44c:	a94153f3 	ldp	x19, x20, [sp, #16]
    8261b450:	a9425bf5 	ldp	x21, x22, [sp, #32]
    8261b454:	f9401bf7 	ldr	x23, [sp, #48]
    8261b458:	a8c47bfd 	ldp	x29, x30, [sp], #64
    8261b45c:	d65f03c0 	ret
    8261b460:	12800094 	mov	w20, #0xfffffffb            	// #-5
    8261b464:	17fffff9 	b	8261b448 <fdt_path_offset_namelen+0xdc>

000000008261b468 <fdt_path_offset>:
    8261b468:	a9be7bfd 	stp	x29, x30, [sp, #-32]!
    8261b46c:	910003fd 	mov	x29, sp
    8261b470:	a90153f3 	stp	x19, x20, [sp, #16]
    8261b474:	aa0003f4 	mov	x20, x0
    8261b478:	aa0103f3 	mov	x19, x1
    8261b47c:	aa0103e0 	mov	x0, x1
    8261b480:	94000353 	bl	8261c1cc <strlen>
    8261b484:	aa1303e1 	mov	x1, x19
    8261b488:	2a0003e2 	mov	w2, w0
    8261b48c:	aa1403e0 	mov	x0, x20
    8261b490:	a94153f3 	ldp	x19, x20, [sp, #16]
    8261b494:	a8c27bfd 	ldp	x29, x30, [sp], #32
    8261b498:	17ffffb5 	b	8261b36c <fdt_path_offset_namelen>

000000008261b49c <fdt_supernode_atdepth_offset>:
    8261b49c:	a9bb7bfd 	stp	x29, x30, [sp, #-80]!
    8261b4a0:	910003fd 	mov	x29, sp
    8261b4a4:	a90153f3 	stp	x19, x20, [sp, #16]
    8261b4a8:	2a0103f4 	mov	w20, w1
    8261b4ac:	2a0203f3 	mov	w19, w2
    8261b4b0:	a9025bf5 	stp	x21, x22, [sp, #32]
    8261b4b4:	90000061 	adrp	x1, 82627000 <multipliers+0x16ba>
    8261b4b8:	aa0303f5 	mov	x21, x3
    8261b4bc:	f9001bf7 	str	x23, [sp, #48]
    8261b4c0:	aa0003f7 	mov	x23, x0
    8261b4c4:	f9421c22 	ldr	x2, [x1, #1080]
    8261b4c8:	f90027e2 	str	x2, [sp, #72]
    8261b4cc:	d2800002 	mov	x2, #0x0                   	// #0
    8261b4d0:	97fffcde 	bl	8261a848 <fdt_check_header>
    8261b4d4:	350002c0 	cbnz	w0, 8261b52c <fdt_supernode_atdepth_offset+0x90>
    8261b4d8:	37f80473 	tbnz	w19, #31, 8261b564 <fdt_supernode_atdepth_offset+0xc8>
    8261b4dc:	12800196 	mov	w22, #0xfffffff3            	// #-13
    8261b4e0:	b90047ff 	str	wzr, [sp, #68]
    8261b4e4:	7100001f 	cmp	w0, #0x0
    8261b4e8:	7a40a281 	ccmp	w20, w0, #0x1, ge  // ge = tcont
    8261b4ec:	540000ea 	b.ge	8261b508 <fdt_supernode_atdepth_offset+0x6c>  // b.tcont
    8261b4f0:	3100041f 	cmn	w0, #0x1
    8261b4f4:	5400034a 	b.ge	8261b55c <fdt_supernode_atdepth_offset+0xc0>  // b.tcont
    8261b4f8:	3100101f 	cmn	w0, #0x4
    8261b4fc:	54000181 	b.ne	8261b52c <fdt_supernode_atdepth_offset+0x90>  // b.any
    8261b500:	12800140 	mov	w0, #0xfffffff5            	// #-11
    8261b504:	1400000a 	b	8261b52c <fdt_supernode_atdepth_offset+0x90>
    8261b508:	b94047e1 	ldr	w1, [sp, #68]
    8261b50c:	6b01027f 	cmp	w19, w1
    8261b510:	1a8012d6 	csel	w22, w22, w0, ne  // ne = any
    8261b514:	6b00029f 	cmp	w20, w0
    8261b518:	54000181 	b.ne	8261b548 <fdt_supernode_atdepth_offset+0xac>  // b.any
    8261b51c:	b4000055 	cbz	x21, 8261b524 <fdt_supernode_atdepth_offset+0x88>
    8261b520:	b90002a1 	str	w1, [x21]
    8261b524:	6b01027f 	cmp	w19, w1
    8261b528:	5a9fd2c0 	csinv	w0, w22, wzr, le
    8261b52c:	90000061 	adrp	x1, 82627000 <multipliers+0x16ba>
    8261b530:	f94027e2 	ldr	x2, [sp, #72]
    8261b534:	f9421c23 	ldr	x3, [x1, #1080]
    8261b538:	eb030042 	subs	x2, x2, x3
    8261b53c:	d2800003 	mov	x3, #0x0                   	// #0
    8261b540:	54000160 	b.eq	8261b56c <fdt_supernode_atdepth_offset+0xd0>  // b.none
    8261b544:	97ffdbae 	bl	826123fc <__stack_chk_fail>
    8261b548:	2a0003e1 	mov	w1, w0
    8261b54c:	910113e2 	add	x2, sp, #0x44
    8261b550:	aa1703e0 	mov	x0, x23
    8261b554:	97fffd54 	bl	8261aaa4 <fdt_next_node>
    8261b558:	17ffffe3 	b	8261b4e4 <fdt_supernode_atdepth_offset+0x48>
    8261b55c:	12800060 	mov	w0, #0xfffffffc            	// #-4
    8261b560:	17fffff3 	b	8261b52c <fdt_supernode_atdepth_offset+0x90>
    8261b564:	12800000 	mov	w0, #0xffffffff            	// #-1
    8261b568:	17fffff1 	b	8261b52c <fdt_supernode_atdepth_offset+0x90>
    8261b56c:	a94153f3 	ldp	x19, x20, [sp, #16]
    8261b570:	a9425bf5 	ldp	x21, x22, [sp, #32]
    8261b574:	f9401bf7 	ldr	x23, [sp, #48]
    8261b578:	a8c57bfd 	ldp	x29, x30, [sp], #80
    8261b57c:	d65f03c0 	ret

000000008261b580 <fdt_node_depth>:
    8261b580:	a9be7bfd 	stp	x29, x30, [sp, #-32]!
    8261b584:	90000062 	adrp	x2, 82627000 <multipliers+0x16ba>
    8261b588:	910003fd 	mov	x29, sp
    8261b58c:	f9421c43 	ldr	x3, [x2, #1080]
    8261b590:	f9000fe3 	str	x3, [sp, #24]
    8261b594:	d2800003 	mov	x3, #0x0                   	// #0
    8261b598:	52800002 	mov	w2, #0x0                   	// #0
    8261b59c:	910053e3 	add	x3, sp, #0x14
    8261b5a0:	97ffffbf 	bl	8261b49c <fdt_supernode_atdepth_offset>
    8261b5a4:	12800181 	mov	w1, #0xfffffff3            	// #-13
    8261b5a8:	7100001f 	cmp	w0, #0x0
    8261b5ac:	1a80a020 	csel	w0, w1, w0, ge  // ge = tcont
    8261b5b0:	b94017e1 	ldr	w1, [sp, #20]
    8261b5b4:	1a811000 	csel	w0, w0, w1, ne  // ne = any
    8261b5b8:	90000061 	adrp	x1, 82627000 <multipliers+0x16ba>
    8261b5bc:	f9400fe2 	ldr	x2, [sp, #24]
    8261b5c0:	f9421c23 	ldr	x3, [x1, #1080]
    8261b5c4:	eb030042 	subs	x2, x2, x3
    8261b5c8:	d2800003 	mov	x3, #0x0                   	// #0
    8261b5cc:	54000040 	b.eq	8261b5d4 <fdt_node_depth+0x54>  // b.none
    8261b5d0:	97ffdb8b 	bl	826123fc <__stack_chk_fail>
    8261b5d4:	a8c27bfd 	ldp	x29, x30, [sp], #32
    8261b5d8:	d65f03c0 	ret

000000008261b5dc <fdt_parent_offset>:
    8261b5dc:	a9be7bfd 	stp	x29, x30, [sp, #-32]!
    8261b5e0:	910003fd 	mov	x29, sp
    8261b5e4:	a90153f3 	stp	x19, x20, [sp, #16]
    8261b5e8:	aa0003f3 	mov	x19, x0
    8261b5ec:	2a0103f4 	mov	w20, w1
    8261b5f0:	97ffffe4 	bl	8261b580 <fdt_node_depth>
    8261b5f4:	37f80100 	tbnz	w0, #31, 8261b614 <fdt_parent_offset+0x38>
    8261b5f8:	51000402 	sub	w2, w0, #0x1
    8261b5fc:	2a1403e1 	mov	w1, w20
    8261b600:	aa1303e0 	mov	x0, x19
    8261b604:	d2800003 	mov	x3, #0x0                   	// #0
    8261b608:	a94153f3 	ldp	x19, x20, [sp, #16]
    8261b60c:	a8c27bfd 	ldp	x29, x30, [sp], #32
    8261b610:	17ffffa3 	b	8261b49c <fdt_supernode_atdepth_offset>
    8261b614:	a94153f3 	ldp	x19, x20, [sp, #16]
    8261b618:	a8c27bfd 	ldp	x29, x30, [sp], #32
    8261b61c:	d65f03c0 	ret

000000008261b620 <fdt_node_offset_by_phandle>:
    8261b620:	a9bd7bfd 	stp	x29, x30, [sp, #-48]!
    8261b624:	910003fd 	mov	x29, sp
    8261b628:	a90153f3 	stp	x19, x20, [sp, #16]
    8261b62c:	f90013f5 	str	x21, [sp, #32]
    8261b630:	2a0103f5 	mov	w21, w1
    8261b634:	51000421 	sub	w1, w1, #0x1
    8261b638:	31000c3f 	cmn	w1, #0x3
    8261b63c:	54000308 	b.hi	8261b69c <fdt_node_offset_by_phandle+0x7c>  // b.pmore
    8261b640:	aa0003f4 	mov	x20, x0
    8261b644:	97fffc81 	bl	8261a848 <fdt_check_header>
    8261b648:	2a0003f3 	mov	w19, w0
    8261b64c:	350000e0 	cbnz	w0, 8261b668 <fdt_node_offset_by_phandle+0x48>
    8261b650:	d2800002 	mov	x2, #0x0                   	// #0
    8261b654:	12800001 	mov	w1, #0xffffffff            	// #-1
    8261b658:	aa1403e0 	mov	x0, x20
    8261b65c:	97fffd12 	bl	8261aaa4 <fdt_next_node>
    8261b660:	2a0003f3 	mov	w19, w0
    8261b664:	36f800c0 	tbz	w0, #31, 8261b67c <fdt_node_offset_by_phandle+0x5c>
    8261b668:	2a1303e0 	mov	w0, w19
    8261b66c:	a94153f3 	ldp	x19, x20, [sp, #16]
    8261b670:	f94013f5 	ldr	x21, [sp, #32]
    8261b674:	a8c37bfd 	ldp	x29, x30, [sp], #48
    8261b678:	d65f03c0 	ret
    8261b67c:	2a1303e1 	mov	w1, w19
    8261b680:	aa1403e0 	mov	x0, x20
    8261b684:	97fffef8 	bl	8261b264 <fdt_get_phandle>
    8261b688:	6b15001f 	cmp	w0, w21
    8261b68c:	54fffee0 	b.eq	8261b668 <fdt_node_offset_by_phandle+0x48>  // b.none
    8261b690:	2a1303e1 	mov	w1, w19
    8261b694:	d2800002 	mov	x2, #0x0                   	// #0
    8261b698:	17fffff0 	b	8261b658 <fdt_node_offset_by_phandle+0x38>
    8261b69c:	128000b3 	mov	w19, #0xfffffffa            	// #-6
    8261b6a0:	17fffff2 	b	8261b668 <fdt_node_offset_by_phandle+0x48>

000000008261b6a4 <fdt_stringlist_contains>:
    8261b6a4:	a9bc7bfd 	stp	x29, x30, [sp, #-64]!
    8261b6a8:	910003fd 	mov	x29, sp
    8261b6ac:	a90153f3 	stp	x19, x20, [sp, #16]
    8261b6b0:	aa0003f4 	mov	x20, x0
    8261b6b4:	2a0103f3 	mov	w19, w1
    8261b6b8:	aa0203e0 	mov	x0, x2
    8261b6bc:	a9025bf5 	stp	x21, x22, [sp, #32]
    8261b6c0:	f9001bf7 	str	x23, [sp, #48]
    8261b6c4:	aa0203f7 	mov	x23, x2
    8261b6c8:	940002c1 	bl	8261c1cc <strlen>
    8261b6cc:	11000415 	add	w21, w0, #0x1
    8261b6d0:	2a0003f6 	mov	w22, w0
    8261b6d4:	93407eb5 	sxtw	x21, w21
    8261b6d8:	6b16027f 	cmp	w19, w22
    8261b6dc:	5400016b 	b.lt	8261b708 <fdt_stringlist_contains+0x64>  // b.tstop
    8261b6e0:	aa1503e2 	mov	x2, x21
    8261b6e4:	aa1403e1 	mov	x1, x20
    8261b6e8:	aa1703e0 	mov	x0, x23
    8261b6ec:	94000321 	bl	8261c370 <memcmp>
    8261b6f0:	34000220 	cbz	w0, 8261b734 <fdt_stringlist_contains+0x90>
    8261b6f4:	93407e62 	sxtw	x2, w19
    8261b6f8:	aa1403e0 	mov	x0, x20
    8261b6fc:	52800001 	mov	w1, #0x0                   	// #0
    8261b700:	94000341 	bl	8261c404 <memchr>
    8261b704:	b50000e0 	cbnz	x0, 8261b720 <fdt_stringlist_contains+0x7c>
    8261b708:	52800000 	mov	w0, #0x0                   	// #0
    8261b70c:	a94153f3 	ldp	x19, x20, [sp, #16]
    8261b710:	a9425bf5 	ldp	x21, x22, [sp, #32]
    8261b714:	f9401bf7 	ldr	x23, [sp, #48]
    8261b718:	a8c47bfd 	ldp	x29, x30, [sp], #64
    8261b71c:	d65f03c0 	ret
    8261b720:	cb140014 	sub	x20, x0, x20
    8261b724:	51000673 	sub	w19, w19, #0x1
    8261b728:	4b140273 	sub	w19, w19, w20
    8261b72c:	91000414 	add	x20, x0, #0x1
    8261b730:	17ffffea 	b	8261b6d8 <fdt_stringlist_contains+0x34>
    8261b734:	52800020 	mov	w0, #0x1                   	// #1
    8261b738:	17fffff5 	b	8261b70c <fdt_stringlist_contains+0x68>

000000008261b73c <fdt_stringlist_search>:
    8261b73c:	a9bb7bfd 	stp	x29, x30, [sp, #-80]!
    8261b740:	910003fd 	mov	x29, sp
    8261b744:	a90153f3 	stp	x19, x20, [sp, #16]
    8261b748:	a9025bf5 	stp	x21, x22, [sp, #32]
    8261b74c:	aa0303f6 	mov	x22, x3
    8261b750:	90000063 	adrp	x3, 82627000 <multipliers+0x16ba>
    8261b754:	f9001bf7 	str	x23, [sp, #48]
    8261b758:	f9421c64 	ldr	x4, [x3, #1080]
    8261b75c:	f90027e4 	str	x4, [sp, #72]
    8261b760:	d2800004 	mov	x4, #0x0                   	// #0
    8261b764:	910113e3 	add	x3, sp, #0x44
    8261b768:	97fffeac 	bl	8261b218 <fdt_getprop>
    8261b76c:	b5000120 	cbnz	x0, 8261b790 <fdt_stringlist_search+0x54>
    8261b770:	b94047f4 	ldr	w20, [sp, #68]
    8261b774:	90000060 	adrp	x0, 82627000 <multipliers+0x16ba>
    8261b778:	f94027e1 	ldr	x1, [sp, #72]
    8261b77c:	f9421c02 	ldr	x2, [x0, #1080]
    8261b780:	eb020021 	subs	x1, x1, x2
    8261b784:	d2800002 	mov	x2, #0x0                   	// #0
    8261b788:	54000460 	b.eq	8261b814 <fdt_stringlist_search+0xd8>  // b.none
    8261b78c:	97ffdb1c 	bl	826123fc <__stack_chk_fail>
    8261b790:	aa0003f3 	mov	x19, x0
    8261b794:	aa1603e0 	mov	x0, x22
    8261b798:	9400028d 	bl	8261c1cc <strlen>
    8261b79c:	b98047f5 	ldrsw	x21, [sp, #68]
    8261b7a0:	11000417 	add	w23, w0, #0x1
    8261b7a4:	52800014 	mov	w20, #0x0                   	// #0
    8261b7a8:	8b150275 	add	x21, x19, x21
    8261b7ac:	eb15027f 	cmp	x19, x21
    8261b7b0:	54000063 	b.cc	8261b7bc <fdt_stringlist_search+0x80>  // b.lo, b.ul, b.last
    8261b7b4:	12800014 	mov	w20, #0xffffffff            	// #-1
    8261b7b8:	17ffffef 	b	8261b774 <fdt_stringlist_search+0x38>
    8261b7bc:	cb1302a1 	sub	x1, x21, x19
    8261b7c0:	aa1303e0 	mov	x0, x19
    8261b7c4:	94000299 	bl	8261c228 <strnlen>
    8261b7c8:	11000400 	add	w0, w0, #0x1
    8261b7cc:	b90047e0 	str	w0, [sp, #68]
    8261b7d0:	8b20c261 	add	x1, x19, w0, sxtw
    8261b7d4:	93407c02 	sxtw	x2, w0
    8261b7d8:	eb0102bf 	cmp	x21, x1
    8261b7dc:	54000183 	b.cc	8261b80c <fdt_stringlist_search+0xd0>  // b.lo, b.ul, b.last
    8261b7e0:	6b17001f 	cmp	w0, w23
    8261b7e4:	540000a0 	b.eq	8261b7f8 <fdt_stringlist_search+0xbc>  // b.none
    8261b7e8:	b98047e0 	ldrsw	x0, [sp, #68]
    8261b7ec:	11000694 	add	w20, w20, #0x1
    8261b7f0:	8b000273 	add	x19, x19, x0
    8261b7f4:	17ffffee 	b	8261b7ac <fdt_stringlist_search+0x70>
    8261b7f8:	aa1603e1 	mov	x1, x22
    8261b7fc:	aa1303e0 	mov	x0, x19
    8261b800:	940002dc 	bl	8261c370 <memcmp>
    8261b804:	35ffff20 	cbnz	w0, 8261b7e8 <fdt_stringlist_search+0xac>
    8261b808:	17ffffdb 	b	8261b774 <fdt_stringlist_search+0x38>
    8261b80c:	128001d4 	mov	w20, #0xfffffff1            	// #-15
    8261b810:	17ffffd9 	b	8261b774 <fdt_stringlist_search+0x38>
    8261b814:	2a1403e0 	mov	w0, w20
    8261b818:	a94153f3 	ldp	x19, x20, [sp, #16]
    8261b81c:	a9425bf5 	ldp	x21, x22, [sp, #32]
    8261b820:	f9401bf7 	ldr	x23, [sp, #48]
    8261b824:	a8c57bfd 	ldp	x29, x30, [sp], #80
    8261b828:	d65f03c0 	ret

000000008261b82c <fdt_node_check_compatible>:
    8261b82c:	a9bd7bfd 	stp	x29, x30, [sp, #-48]!
    8261b830:	910003fd 	mov	x29, sp
    8261b834:	f9000bf3 	str	x19, [sp, #16]
    8261b838:	aa0203f3 	mov	x19, x2
    8261b83c:	90000062 	adrp	x2, 82627000 <multipliers+0x16ba>
    8261b840:	f9421c43 	ldr	x3, [x2, #1080]
    8261b844:	f90017e3 	str	x3, [sp, #40]
    8261b848:	d2800003 	mov	x3, #0x0                   	// #0
    8261b84c:	d0000042 	adrp	x2, 82625000 <_ctype+0x35c>
    8261b850:	910093e3 	add	x3, sp, #0x24
    8261b854:	91145442 	add	x2, x2, #0x515
    8261b858:	97fffe70 	bl	8261b218 <fdt_getprop>
    8261b85c:	b5000120 	cbnz	x0, 8261b880 <fdt_node_check_compatible+0x54>
    8261b860:	b94027e0 	ldr	w0, [sp, #36]
    8261b864:	90000061 	adrp	x1, 82627000 <multipliers+0x16ba>
    8261b868:	f94017e2 	ldr	x2, [sp, #40]
    8261b86c:	f9421c23 	ldr	x3, [x1, #1080]
    8261b870:	eb030042 	subs	x2, x2, x3
    8261b874:	d2800003 	mov	x3, #0x0                   	// #0
    8261b878:	54000100 	b.eq	8261b898 <fdt_node_check_compatible+0x6c>  // b.none
    8261b87c:	97ffdae0 	bl	826123fc <__stack_chk_fail>
    8261b880:	b94027e1 	ldr	w1, [sp, #36]
    8261b884:	aa1303e2 	mov	x2, x19
    8261b888:	97ffff87 	bl	8261b6a4 <fdt_stringlist_contains>
    8261b88c:	7100001f 	cmp	w0, #0x0
    8261b890:	1a9f17e0 	cset	w0, eq  // eq = none
    8261b894:	17fffff4 	b	8261b864 <fdt_node_check_compatible+0x38>
    8261b898:	f9400bf3 	ldr	x19, [sp, #16]
    8261b89c:	a8c37bfd 	ldp	x29, x30, [sp], #48
    8261b8a0:	d65f03c0 	ret

000000008261b8a4 <fdt_node_offset_by_compatible>:
    8261b8a4:	a9bd7bfd 	stp	x29, x30, [sp, #-48]!
    8261b8a8:	910003fd 	mov	x29, sp
    8261b8ac:	a90153f3 	stp	x19, x20, [sp, #16]
    8261b8b0:	aa0003f4 	mov	x20, x0
    8261b8b4:	a9025bf5 	stp	x21, x22, [sp, #32]
    8261b8b8:	2a0103f6 	mov	w22, w1
    8261b8bc:	aa0203f5 	mov	x21, x2
    8261b8c0:	97fffbe2 	bl	8261a848 <fdt_check_header>
    8261b8c4:	2a0003f3 	mov	w19, w0
    8261b8c8:	350000e0 	cbnz	w0, 8261b8e4 <fdt_node_offset_by_compatible+0x40>
    8261b8cc:	2a1603e1 	mov	w1, w22
    8261b8d0:	d2800002 	mov	x2, #0x0                   	// #0
    8261b8d4:	aa1403e0 	mov	x0, x20
    8261b8d8:	97fffc73 	bl	8261aaa4 <fdt_next_node>
    8261b8dc:	2a0003f3 	mov	w19, w0
    8261b8e0:	36f800c0 	tbz	w0, #31, 8261b8f8 <fdt_node_offset_by_compatible+0x54>
    8261b8e4:	2a1303e0 	mov	w0, w19
    8261b8e8:	a94153f3 	ldp	x19, x20, [sp, #16]
    8261b8ec:	a9425bf5 	ldp	x21, x22, [sp, #32]
    8261b8f0:	a8c37bfd 	ldp	x29, x30, [sp], #48
    8261b8f4:	d65f03c0 	ret
    8261b8f8:	aa1503e2 	mov	x2, x21
    8261b8fc:	2a1303e1 	mov	w1, w19
    8261b900:	aa1403e0 	mov	x0, x20
    8261b904:	97ffffca 	bl	8261b82c <fdt_node_check_compatible>
    8261b908:	3100041f 	cmn	w0, #0x1
    8261b90c:	540000ab 	b.lt	8261b920 <fdt_node_offset_by_compatible+0x7c>  // b.tstop
    8261b910:	34fffea0 	cbz	w0, 8261b8e4 <fdt_node_offset_by_compatible+0x40>
    8261b914:	2a1303e1 	mov	w1, w19
    8261b918:	d2800002 	mov	x2, #0x0                   	// #0
    8261b91c:	17ffffee 	b	8261b8d4 <fdt_node_offset_by_compatible+0x30>
    8261b920:	2a0003f3 	mov	w19, w0
    8261b924:	17fffff0 	b	8261b8e4 <fdt_node_offset_by_compatible+0x40>

000000008261b928 <fdtdec_get_int>:
    8261b928:	a9bd7bfd 	stp	x29, x30, [sp, #-48]!
    8261b92c:	910003fd 	mov	x29, sp
    8261b930:	f9000bf3 	str	x19, [sp, #16]
    8261b934:	2a0303f3 	mov	w19, w3
    8261b938:	90000063 	adrp	x3, 82627000 <multipliers+0x16ba>
    8261b93c:	f9421c64 	ldr	x4, [x3, #1080]
    8261b940:	f90017e4 	str	x4, [sp, #40]
    8261b944:	d2800004 	mov	x4, #0x0                   	// #0
    8261b948:	910093e3 	add	x3, sp, #0x24
    8261b94c:	97fffe33 	bl	8261b218 <fdt_getprop>
    8261b950:	b40000c0 	cbz	x0, 8261b968 <fdtdec_get_int+0x40>
    8261b954:	b94027e1 	ldr	w1, [sp, #36]
    8261b958:	71000c3f 	cmp	w1, #0x3
    8261b95c:	54000069 	b.ls	8261b968 <fdtdec_get_int+0x40>  // b.plast
    8261b960:	b9400013 	ldr	w19, [x0]
    8261b964:	5ac00a73 	rev	w19, w19
    8261b968:	90000060 	adrp	x0, 82627000 <multipliers+0x16ba>
    8261b96c:	f94017e1 	ldr	x1, [sp, #40]
    8261b970:	f9421c02 	ldr	x2, [x0, #1080]
    8261b974:	eb020021 	subs	x1, x1, x2
    8261b978:	d2800002 	mov	x2, #0x0                   	// #0
    8261b97c:	54000040 	b.eq	8261b984 <fdtdec_get_int+0x5c>  // b.none
    8261b980:	97ffda9f 	bl	826123fc <__stack_chk_fail>
    8261b984:	2a1303e0 	mov	w0, w19
    8261b988:	f9400bf3 	ldr	x19, [sp, #16]
    8261b98c:	a8c37bfd 	ldp	x29, x30, [sp], #48
    8261b990:	d65f03c0 	ret

000000008261b994 <get_prop_check_min_len>:
    8261b994:	a9bd7bfd 	stp	x29, x30, [sp, #-48]!
    8261b998:	910003fd 	mov	x29, sp
    8261b99c:	a90153f3 	stp	x19, x20, [sp, #16]
    8261b9a0:	2a0303f4 	mov	w20, w3
    8261b9a4:	aa0403f3 	mov	x19, x4
    8261b9a8:	90000063 	adrp	x3, 82627000 <multipliers+0x16ba>
    8261b9ac:	f9421c64 	ldr	x4, [x3, #1080]
    8261b9b0:	f90017e4 	str	x4, [sp, #40]
    8261b9b4:	d2800004 	mov	x4, #0x0                   	// #0
    8261b9b8:	910093e3 	add	x3, sp, #0x24
    8261b9bc:	97fffe17 	bl	8261b218 <fdt_getprop>
    8261b9c0:	b5000140 	cbnz	x0, 8261b9e8 <get_prop_check_min_len+0x54>
    8261b9c4:	12800001 	mov	w1, #0xffffffff            	// #-1
    8261b9c8:	b9000261 	str	w1, [x19]
    8261b9cc:	90000061 	adrp	x1, 82627000 <multipliers+0x16ba>
    8261b9d0:	f94017e2 	ldr	x2, [sp, #40]
    8261b9d4:	f9421c23 	ldr	x3, [x1, #1080]
    8261b9d8:	eb030042 	subs	x2, x2, x3
    8261b9dc:	d2800003 	mov	x3, #0x0                   	// #0
    8261b9e0:	540000e0 	b.eq	8261b9fc <get_prop_check_min_len+0x68>  // b.none
    8261b9e4:	97ffda86 	bl	826123fc <__stack_chk_fail>
    8261b9e8:	b94027e1 	ldr	w1, [sp, #36]
    8261b9ec:	6b14003f 	cmp	w1, w20
    8261b9f0:	12800161 	mov	w1, #0xfffffff4            	// #-12
    8261b9f4:	1a9fb021 	csel	w1, w1, wzr, lt  // lt = tstop
    8261b9f8:	17fffff4 	b	8261b9c8 <get_prop_check_min_len+0x34>
    8261b9fc:	a94153f3 	ldp	x19, x20, [sp, #16]
    8261ba00:	a8c37bfd 	ldp	x29, x30, [sp], #48
    8261ba04:	d65f03c0 	ret

000000008261ba08 <fdtdec_get_is_enabled>:
    8261ba08:	a9bf7bfd 	stp	x29, x30, [sp, #-16]!
    8261ba0c:	f0000042 	adrp	x2, 82626000 <multipliers+0x6ba>
    8261ba10:	d2800003 	mov	x3, #0x0                   	// #0
    8261ba14:	910003fd 	mov	x29, sp
    8261ba18:	9120b042 	add	x2, x2, #0x82c
    8261ba1c:	97fffdff 	bl	8261b218 <fdt_getprop>
    8261ba20:	b4000100 	cbz	x0, 8261ba40 <fdtdec_get_is_enabled+0x38>
    8261ba24:	d0000041 	adrp	x1, 82625000 <_ctype+0x35c>
    8261ba28:	91155821 	add	x1, x1, #0x556
    8261ba2c:	940001c6 	bl	8261c144 <strcmp>
    8261ba30:	7100001f 	cmp	w0, #0x0
    8261ba34:	1a9f17e0 	cset	w0, eq  // eq = none
    8261ba38:	a8c17bfd 	ldp	x29, x30, [sp], #16
    8261ba3c:	d65f03c0 	ret
    8261ba40:	52800020 	mov	w0, #0x1                   	// #1
    8261ba44:	17fffffd 	b	8261ba38 <fdtdec_get_is_enabled+0x30>

000000008261ba48 <fdtdec_get_alias_seq>:
    8261ba48:	a9b97bfd 	stp	x29, x30, [sp, #-112]!
    8261ba4c:	910003fd 	mov	x29, sp
    8261ba50:	a90153f3 	stp	x19, x20, [sp, #16]
    8261ba54:	aa0003f4 	mov	x20, x0
    8261ba58:	90000060 	adrp	x0, 82627000 <multipliers+0x16ba>
    8261ba5c:	a9025bf5 	stp	x21, x22, [sp, #32]
    8261ba60:	2a0203f3 	mov	w19, w2
    8261ba64:	a90363f7 	stp	x23, x24, [sp, #48]
    8261ba68:	aa0103f7 	mov	x23, x1
    8261ba6c:	a9046bf9 	stp	x25, x26, [sp, #64]
    8261ba70:	aa0303f9 	mov	x25, x3
    8261ba74:	f9421c01 	ldr	x1, [x0, #1080]
    8261ba78:	f90037e1 	str	x1, [sp, #104]
    8261ba7c:	d2800001 	mov	x1, #0x0                   	// #0
    8261ba80:	aa1703e0 	mov	x0, x23
    8261ba84:	940001d2 	bl	8261c1cc <strlen>
    8261ba88:	93407c16 	sxtw	x22, w0
    8261ba8c:	910163e2 	add	x2, sp, #0x58
    8261ba90:	2a1303e1 	mov	w1, w19
    8261ba94:	aa1403e0 	mov	x0, x20
    8261ba98:	97fffd3a 	bl	8261af80 <fdt_get_name>
    8261ba9c:	d0000041 	adrp	x1, 82625000 <_ctype+0x35c>
    8261baa0:	aa0003f8 	mov	x24, x0
    8261baa4:	9113f821 	add	x1, x1, #0x4fe
    8261baa8:	aa1403e0 	mov	x0, x20
    8261baac:	97fffe6f 	bl	8261b468 <fdt_path_offset>
    8261bab0:	2a0003e1 	mov	w1, w0
    8261bab4:	aa1403e0 	mov	x0, x20
    8261bab8:	97fffd53 	bl	8261b004 <fdt_first_property_offset>
    8261babc:	2a0003f3 	mov	w19, w0
    8261bac0:	7100001f 	cmp	w0, #0x0
    8261bac4:	5400006c 	b.gt	8261bad0 <fdtdec_get_alias_seq+0x88>
    8261bac8:	12800035 	mov	w21, #0xfffffffe            	// #-2
    8261bacc:	14000022 	b	8261bb54 <fdtdec_get_alias_seq+0x10c>
    8261bad0:	2a1303e1 	mov	w1, w19
    8261bad4:	910173e3 	add	x3, sp, #0x5c
    8261bad8:	910183e2 	add	x2, sp, #0x60
    8261badc:	aa1403e0 	mov	x0, x20
    8261bae0:	97fffdba 	bl	8261b1c8 <fdt_getprop_by_offset>
    8261bae4:	aa0003f5 	mov	x21, x0
    8261bae8:	294b03e1 	ldp	w1, w0, [sp, #88]
    8261baec:	6b01001f 	cmp	w0, w1
    8261baf0:	5400040b 	b.lt	8261bb70 <fdtdec_get_alias_seq+0x128>  // b.tstop
    8261baf4:	394002ba 	ldrb	w26, [x21]
    8261baf8:	7100bf5f 	cmp	w26, #0x2f
    8261bafc:	540003a1 	b.ne	8261bb70 <fdtdec_get_alias_seq+0x128>  // b.any
    8261bb00:	8b20c2a0 	add	x0, x21, w0, sxtw
    8261bb04:	385ff000 	ldurb	w0, [x0, #-1]
    8261bb08:	35000340 	cbnz	w0, 8261bb70 <fdtdec_get_alias_seq+0x128>
    8261bb0c:	f94033e0 	ldr	x0, [sp, #96]
    8261bb10:	aa1603e2 	mov	x2, x22
    8261bb14:	aa1703e1 	mov	x1, x23
    8261bb18:	94000195 	bl	8261c16c <strncmp>
    8261bb1c:	350002a0 	cbnz	w0, 8261bb70 <fdtdec_get_alias_seq+0x128>
    8261bb20:	2a1a03e1 	mov	w1, w26
    8261bb24:	aa1503e0 	mov	x0, x21
    8261bb28:	940001b0 	bl	8261c1e8 <strrchr>
    8261bb2c:	91000400 	add	x0, x0, #0x1
    8261bb30:	aa1803e1 	mov	x1, x24
    8261bb34:	94000184 	bl	8261c144 <strcmp>
    8261bb38:	2a0003f5 	mov	w21, w0
    8261bb3c:	350001a0 	cbnz	w0, 8261bb70 <fdtdec_get_alias_seq+0x128>
    8261bb40:	f94033e0 	ldr	x0, [sp, #96]
    8261bb44:	94000816 	bl	8261db9c <trailing_strtol>
    8261bb48:	3100041f 	cmn	w0, #0x1
    8261bb4c:	54000120 	b.eq	8261bb70 <fdtdec_get_alias_seq+0x128>  // b.none
    8261bb50:	b9000320 	str	w0, [x25]
    8261bb54:	90000060 	adrp	x0, 82627000 <multipliers+0x16ba>
    8261bb58:	f94037e1 	ldr	x1, [sp, #104]
    8261bb5c:	f9421c02 	ldr	x2, [x0, #1080]
    8261bb60:	eb020021 	subs	x1, x1, x2
    8261bb64:	d2800002 	mov	x2, #0x0                   	// #0
    8261bb68:	540000c0 	b.eq	8261bb80 <fdtdec_get_alias_seq+0x138>  // b.none
    8261bb6c:	97ffda24 	bl	826123fc <__stack_chk_fail>
    8261bb70:	2a1303e1 	mov	w1, w19
    8261bb74:	aa1403e0 	mov	x0, x20
    8261bb78:	97fffd31 	bl	8261b03c <fdt_next_property_offset>
    8261bb7c:	17ffffd0 	b	8261babc <fdtdec_get_alias_seq+0x74>
    8261bb80:	2a1503e0 	mov	w0, w21
    8261bb84:	a94153f3 	ldp	x19, x20, [sp, #16]
    8261bb88:	a9425bf5 	ldp	x21, x22, [sp, #32]
    8261bb8c:	a94363f7 	ldp	x23, x24, [sp, #48]
    8261bb90:	a9446bf9 	ldp	x25, x26, [sp, #64]
    8261bb94:	a8c77bfd 	ldp	x29, x30, [sp], #112
    8261bb98:	d65f03c0 	ret

000000008261bb9c <fdtdec_get_chosen_prop>:
    8261bb9c:	b4000200 	cbz	x0, 8261bbdc <fdtdec_get_chosen_prop+0x40>
    8261bba0:	a9be7bfd 	stp	x29, x30, [sp, #-32]!
    8261bba4:	910003fd 	mov	x29, sp
    8261bba8:	a90153f3 	stp	x19, x20, [sp, #16]
    8261bbac:	aa0003f3 	mov	x19, x0
    8261bbb0:	aa0103f4 	mov	x20, x1
    8261bbb4:	d0000041 	adrp	x1, 82625000 <_ctype+0x35c>
    8261bbb8:	91153821 	add	x1, x1, #0x54e
    8261bbbc:	97fffe2b 	bl	8261b468 <fdt_path_offset>
    8261bbc0:	2a0003e1 	mov	w1, w0
    8261bbc4:	aa1403e2 	mov	x2, x20
    8261bbc8:	aa1303e0 	mov	x0, x19
    8261bbcc:	a94153f3 	ldp	x19, x20, [sp, #16]
    8261bbd0:	d2800003 	mov	x3, #0x0                   	// #0
    8261bbd4:	a8c27bfd 	ldp	x29, x30, [sp], #32
    8261bbd8:	17fffd90 	b	8261b218 <fdt_getprop>
    8261bbdc:	d65f03c0 	ret

000000008261bbe0 <fdtdec_get_chosen_node>:
    8261bbe0:	a9be7bfd 	stp	x29, x30, [sp, #-32]!
    8261bbe4:	910003fd 	mov	x29, sp
    8261bbe8:	f9000bf3 	str	x19, [sp, #16]
    8261bbec:	aa0003f3 	mov	x19, x0
    8261bbf0:	97ffffeb 	bl	8261bb9c <fdtdec_get_chosen_prop>
    8261bbf4:	b40000c0 	cbz	x0, 8261bc0c <fdtdec_get_chosen_node+0x2c>
    8261bbf8:	aa0003e1 	mov	x1, x0
    8261bbfc:	aa1303e0 	mov	x0, x19
    8261bc00:	f9400bf3 	ldr	x19, [sp, #16]
    8261bc04:	a8c27bfd 	ldp	x29, x30, [sp], #32
    8261bc08:	17fffe18 	b	8261b468 <fdt_path_offset>
    8261bc0c:	12800000 	mov	w0, #0xffffffff            	// #-1
    8261bc10:	f9400bf3 	ldr	x19, [sp, #16]
    8261bc14:	a8c27bfd 	ldp	x29, x30, [sp], #32
    8261bc18:	d65f03c0 	ret

000000008261bc1c <fdtdec_prepare_fdt>:
    8261bc1c:	a9bf7bfd 	stp	x29, x30, [sp, #-16]!
    8261bc20:	910003fd 	mov	x29, sp
    8261bc24:	f9406641 	ldr	x1, [x18, #200]
    8261bc28:	b50000e1 	cbnz	x1, 8261bc44 <fdtdec_prepare_fdt+0x28>
    8261bc2c:	d0000040 	adrp	x0, 82625000 <_ctype+0x35c>
    8261bc30:	91156c00 	add	x0, x0, #0x55b
    8261bc34:	97fff1ed 	bl	826183e8 <puts>
    8261bc38:	12800000 	mov	w0, #0xffffffff            	// #-1
    8261bc3c:	a8c17bfd 	ldp	x29, x30, [sp], #16
    8261bc40:	d65f03c0 	ret
    8261bc44:	f9406641 	ldr	x1, [x18, #200]
    8261bc48:	f240043f 	tst	x1, #0x3
    8261bc4c:	54ffff01 	b.ne	8261bc2c <fdtdec_prepare_fdt+0x10>  // b.any
    8261bc50:	f9406640 	ldr	x0, [x18, #200]
    8261bc54:	97fffafd 	bl	8261a848 <fdt_check_header>
    8261bc58:	34ffff20 	cbz	w0, 8261bc3c <fdtdec_prepare_fdt+0x20>
    8261bc5c:	17fffff4 	b	8261bc2c <fdtdec_prepare_fdt+0x10>

000000008261bc60 <fdtdec_get_int_array>:
    8261bc60:	a9bd7bfd 	stp	x29, x30, [sp, #-48]!
    8261bc64:	910003fd 	mov	x29, sp
    8261bc68:	a90153f3 	stp	x19, x20, [sp, #16]
    8261bc6c:	2a0403f3 	mov	w19, w4
    8261bc70:	aa0303f4 	mov	x20, x3
    8261bc74:	90000063 	adrp	x3, 82627000 <multipliers+0x16ba>
    8261bc78:	f9421c64 	ldr	x4, [x3, #1080]
    8261bc7c:	f90017e4 	str	x4, [sp, #40]
    8261bc80:	d2800004 	mov	x4, #0x0                   	// #0
    8261bc84:	910093e4 	add	x4, sp, #0x24
    8261bc88:	531e7663 	lsl	w3, w19, #2
    8261bc8c:	b90027ff 	str	wzr, [sp, #36]
    8261bc90:	97ffff41 	bl	8261b994 <get_prop_check_min_len>
    8261bc94:	aa0003e2 	mov	x2, x0
    8261bc98:	b94027e0 	ldr	w0, [sp, #36]
    8261bc9c:	340001e0 	cbz	w0, 8261bcd8 <fdtdec_get_int_array+0x78>
    8261bca0:	90000061 	adrp	x1, 82627000 <multipliers+0x16ba>
    8261bca4:	f94017e2 	ldr	x2, [sp, #40]
    8261bca8:	f9421c23 	ldr	x3, [x1, #1080]
    8261bcac:	eb030042 	subs	x2, x2, x3
    8261bcb0:	d2800003 	mov	x3, #0x0                   	// #0
    8261bcb4:	54000160 	b.eq	8261bce0 <fdtdec_get_int_array+0x80>  // b.none
    8261bcb8:	97ffd9d1 	bl	826123fc <__stack_chk_fail>
    8261bcbc:	b8617843 	ldr	w3, [x2, x1, lsl #2]
    8261bcc0:	5ac00863 	rev	w3, w3
    8261bcc4:	b8217a83 	str	w3, [x20, x1, lsl #2]
    8261bcc8:	91000421 	add	x1, x1, #0x1
    8261bccc:	6b01027f 	cmp	w19, w1
    8261bcd0:	54ffff6c 	b.gt	8261bcbc <fdtdec_get_int_array+0x5c>
    8261bcd4:	17fffff3 	b	8261bca0 <fdtdec_get_int_array+0x40>
    8261bcd8:	d2800001 	mov	x1, #0x0                   	// #0
    8261bcdc:	17fffffc 	b	8261bccc <fdtdec_get_int_array+0x6c>
    8261bce0:	a94153f3 	ldp	x19, x20, [sp, #16]
    8261bce4:	a8c37bfd 	ldp	x29, x30, [sp], #48
    8261bce8:	d65f03c0 	ret

000000008261bcec <fdtdec_parse_phandle_with_args>:
    8261bcec:	a9b97bfd 	stp	x29, x30, [sp, #-112]!
    8261bcf0:	910003fd 	mov	x29, sp
    8261bcf4:	a90153f3 	stp	x19, x20, [sp, #16]
    8261bcf8:	aa0603f4 	mov	x20, x6
    8261bcfc:	a9025bf5 	stp	x21, x22, [sp, #32]
    8261bd00:	aa0303f6 	mov	x22, x3
    8261bd04:	90000063 	adrp	x3, 82627000 <multipliers+0x16ba>
    8261bd08:	a90363f7 	stp	x23, x24, [sp, #48]
    8261bd0c:	2a0403f8 	mov	w24, w4
    8261bd10:	aa0003f7 	mov	x23, x0
    8261bd14:	a9046bf9 	stp	x25, x26, [sp, #64]
    8261bd18:	2a0503f5 	mov	w21, w5
    8261bd1c:	a90573fb 	stp	x27, x28, [sp, #80]
    8261bd20:	f9421c64 	ldr	x4, [x3, #1080]
    8261bd24:	f90037e4 	str	x4, [sp, #104]
    8261bd28:	d2800004 	mov	x4, #0x0                   	// #0
    8261bd2c:	910193e3 	add	x3, sp, #0x64
    8261bd30:	97fffd3a 	bl	8261b218 <fdt_getprop>
    8261bd34:	b4000120 	cbz	x0, 8261bd58 <fdtdec_parse_phandle_with_args+0x6c>
    8261bd38:	b98067f9 	ldrsw	x25, [sp, #100]
    8261bd3c:	aa0003f3 	mov	x19, x0
    8261bd40:	5280001b 	mov	w27, #0x0                   	// #0
    8261bd44:	927ef739 	and	x25, x25, #0xfffffffffffffffc
    8261bd48:	8b190019 	add	x25, x0, x25
    8261bd4c:	eb19027f 	cmp	x19, x25
    8261bd50:	54000083 	b.cc	8261bd60 <fdtdec_parse_phandle_with_args+0x74>  // b.lo, b.ul, b.last
    8261bd54:	37f801f5 	tbnz	w21, #31, 8261bd90 <fdtdec_parse_phandle_with_args+0xa4>
    8261bd58:	1280003b 	mov	w27, #0xfffffffe            	// #-2
    8261bd5c:	1400000d 	b	8261bd90 <fdtdec_parse_phandle_with_args+0xa4>
    8261bd60:	b8404660 	ldr	w0, [x19], #4
    8261bd64:	5ac0081a 	rev	w26, w0
    8261bd68:	340004a0 	cbz	w0, 8261bdfc <fdtdec_parse_phandle_with_args+0x110>
    8261bd6c:	f10002df 	cmp	x22, #0x0
    8261bd70:	7a550364 	ccmp	w27, w21, #0x4, eq  // eq = none
    8261bd74:	540003e1 	b.ne	8261bdf0 <fdtdec_parse_phandle_with_args+0x104>  // b.any
    8261bd78:	2a1a03e1 	mov	w1, w26
    8261bd7c:	aa1703e0 	mov	x0, x23
    8261bd80:	97fffe28 	bl	8261b620 <fdt_node_offset_by_phandle>
    8261bd84:	2a0003fc 	mov	w28, w0
    8261bd88:	35000120 	cbnz	w0, 8261bdac <fdtdec_parse_phandle_with_args+0xc0>
    8261bd8c:	128002bb 	mov	w27, #0xffffffea            	// #-22
    8261bd90:	90000060 	adrp	x0, 82627000 <multipliers+0x16ba>
    8261bd94:	f94037e1 	ldr	x1, [sp, #104]
    8261bd98:	f9421c02 	ldr	x2, [x0, #1080]
    8261bd9c:	eb020021 	subs	x1, x1, x2
    8261bda0:	d2800002 	mov	x2, #0x0                   	// #0
    8261bda4:	54000520 	b.eq	8261be48 <fdtdec_parse_phandle_with_args+0x15c>  // b.none
    8261bda8:	97ffd995 	bl	826123fc <__stack_chk_fail>
    8261bdac:	b4000256 	cbz	x22, 8261bdf4 <fdtdec_parse_phandle_with_args+0x108>
    8261bdb0:	2a0003e1 	mov	w1, w0
    8261bdb4:	aa1603e2 	mov	x2, x22
    8261bdb8:	aa1703e0 	mov	x0, x23
    8261bdbc:	12800003 	mov	w3, #0xffffffff            	// #-1
    8261bdc0:	97fffeda 	bl	8261b928 <fdtdec_get_int>
    8261bdc4:	3100041f 	cmn	w0, #0x1
    8261bdc8:	54fffe20 	b.eq	8261bd8c <fdtdec_parse_phandle_with_args+0xa0>  // b.none
    8261bdcc:	8b204a61 	add	x1, x19, w0, uxtw #2
    8261bdd0:	eb01033f 	cmp	x25, x1
    8261bdd4:	54fffdc3 	b.cc	8261bd8c <fdtdec_parse_phandle_with_args+0xa0>  // b.lo, b.ul, b.last
    8261bdd8:	6b15037f 	cmp	w27, w21
    8261bddc:	54000301 	b.ne	8261be3c <fdtdec_parse_phandle_with_args+0x150>  // b.any
    8261bde0:	34fffbda 	cbz	w26, 8261bd58 <fdtdec_parse_phandle_with_args+0x6c>
    8261bde4:	b5000134 	cbnz	x20, 8261be08 <fdtdec_parse_phandle_with_args+0x11c>
    8261bde8:	5280001b 	mov	w27, #0x0                   	// #0
    8261bdec:	17ffffe9 	b	8261bd90 <fdtdec_parse_phandle_with_args+0xa4>
    8261bdf0:	1280001c 	mov	w28, #0xffffffff            	// #-1
    8261bdf4:	2a1803e0 	mov	w0, w24
    8261bdf8:	17fffff5 	b	8261bdcc <fdtdec_parse_phandle_with_args+0xe0>
    8261bdfc:	1280001c 	mov	w28, #0xffffffff            	// #-1
    8261be00:	52800000 	mov	w0, #0x0                   	// #0
    8261be04:	17fffff5 	b	8261bdd8 <fdtdec_parse_phandle_with_args+0xec>
    8261be08:	7100401f 	cmp	w0, #0x10
    8261be0c:	52800202 	mov	w2, #0x10                  	// #16
    8261be10:	1a829002 	csel	w2, w0, w2, ls  // ls = plast
    8261be14:	29000a9c 	stp	w28, w2, [x20]
    8261be18:	91002294 	add	x20, x20, #0x8
    8261be1c:	d2800000 	mov	x0, #0x0                   	// #0
    8261be20:	6b00005f 	cmp	w2, w0
    8261be24:	54fffe29 	b.ls	8261bde8 <fdtdec_parse_phandle_with_args+0xfc>  // b.plast
    8261be28:	b8607a61 	ldr	w1, [x19, x0, lsl #2]
    8261be2c:	5ac00821 	rev	w1, w1
    8261be30:	b8207a81 	str	w1, [x20, x0, lsl #2]
    8261be34:	91000400 	add	x0, x0, #0x1
    8261be38:	17fffffa 	b	8261be20 <fdtdec_parse_phandle_with_args+0x134>
    8261be3c:	8b204a73 	add	x19, x19, w0, uxtw #2
    8261be40:	1100077b 	add	w27, w27, #0x1
    8261be44:	17ffffc2 	b	8261bd4c <fdtdec_parse_phandle_with_args+0x60>
    8261be48:	2a1b03e0 	mov	w0, w27
    8261be4c:	a94153f3 	ldp	x19, x20, [sp, #16]
    8261be50:	a9425bf5 	ldp	x21, x22, [sp, #32]
    8261be54:	a94363f7 	ldp	x23, x24, [sp, #48]
    8261be58:	a9446bf9 	ldp	x25, x26, [sp, #64]
    8261be5c:	a94573fb 	ldp	x27, x28, [sp, #80]
    8261be60:	a8c77bfd 	ldp	x29, x30, [sp], #112
    8261be64:	d65f03c0 	ret

000000008261be68 <fdtdec_get_number>:
    8261be68:	2a0103e1 	mov	w1, w1
    8261be6c:	aa0003e3 	mov	x3, x0
    8261be70:	d2800002 	mov	x2, #0x0                   	// #0
    8261be74:	d2800000 	mov	x0, #0x0                   	// #0
    8261be78:	eb01005f 	cmp	x2, x1
    8261be7c:	54000041 	b.ne	8261be84 <fdtdec_get_number+0x1c>  // b.any
    8261be80:	d65f03c0 	ret
    8261be84:	b8627864 	ldr	w4, [x3, x2, lsl #2]
    8261be88:	91000442 	add	x2, x2, #0x1
    8261be8c:	5ac00884 	rev	w4, w4
    8261be90:	aa008080 	orr	x0, x4, x0, lsl #32
    8261be94:	17fffff9 	b	8261be78 <fdtdec_get_number+0x10>

000000008261be98 <fdt_get_resource>:
    8261be98:	a9ba7bfd 	stp	x29, x30, [sp, #-96]!
    8261be9c:	910003fd 	mov	x29, sp
    8261bea0:	a90153f3 	stp	x19, x20, [sp, #16]
    8261bea4:	a9025bf5 	stp	x21, x22, [sp, #32]
    8261bea8:	2a0103f6 	mov	w22, w1
    8261beac:	aa0403f5 	mov	x21, x4
    8261beb0:	a90363f7 	stp	x23, x24, [sp, #48]
    8261beb4:	2a0303f7 	mov	w23, w3
    8261beb8:	a9046bf9 	stp	x25, x26, [sp, #64]
    8261bebc:	aa0203fa 	mov	x26, x2
    8261bec0:	90000062 	adrp	x2, 82627000 <multipliers+0x16ba>
    8261bec4:	f9421c43 	ldr	x3, [x2, #1080]
    8261bec8:	f9002fe3 	str	x3, [sp, #88]
    8261becc:	d2800003 	mov	x3, #0x0                   	// #0
    8261bed0:	aa0003f9 	mov	x25, x0
    8261bed4:	97fffdc2 	bl	8261b5dc <fdt_parent_offset>
    8261bed8:	2a0003f3 	mov	w19, w0
    8261bedc:	37f80220 	tbnz	w0, #31, 8261bf20 <fdt_get_resource+0x88>
    8261bee0:	2a0003e1 	mov	w1, w0
    8261bee4:	aa1903e0 	mov	x0, x25
    8261bee8:	97fffb5f 	bl	8261ac64 <fdt_address_cells>
    8261beec:	2a0003f4 	mov	w20, w0
    8261bef0:	2a1303e1 	mov	w1, w19
    8261bef4:	aa1903e0 	mov	x0, x25
    8261bef8:	97fffb7c 	bl	8261ace8 <fdt_size_cells>
    8261befc:	2a0003f8 	mov	w24, w0
    8261bf00:	910153e3 	add	x3, sp, #0x54
    8261bf04:	aa1a03e2 	mov	x2, x26
    8261bf08:	2a1603e1 	mov	w1, w22
    8261bf0c:	aa1903e0 	mov	x0, x25
    8261bf10:	97fffcc2 	bl	8261b218 <fdt_getprop>
    8261bf14:	aa0003f3 	mov	x19, x0
    8261bf18:	b5000120 	cbnz	x0, 8261bf3c <fdt_get_resource+0xa4>
    8261bf1c:	b94057f3 	ldr	w19, [sp, #84]
    8261bf20:	90000060 	adrp	x0, 82627000 <multipliers+0x16ba>
    8261bf24:	f9402fe1 	ldr	x1, [sp, #88]
    8261bf28:	f9421c02 	ldr	x2, [x0, #1080]
    8261bf2c:	eb020021 	subs	x1, x1, x2
    8261bf30:	d2800002 	mov	x2, #0x0                   	// #0
    8261bf34:	54000440 	b.eq	8261bfbc <fdt_get_resource+0x124>  // b.none
    8261bf38:	97ffd931 	bl	826123fc <__stack_chk_fail>
    8261bf3c:	93407f00 	sxtw	x0, w24
    8261bf40:	b98057e1 	ldrsw	x1, [sp, #84]
    8261bf44:	93407e9a 	sxtw	x26, w20
    8261bf48:	8b34c014 	add	x20, x0, w20, sxtw
    8261bf4c:	927ef421 	and	x1, x1, #0xfffffffffffffffc
    8261bf50:	52800000 	mov	w0, #0x0                   	// #0
    8261bf54:	d37ef694 	lsl	x20, x20, #2
    8261bf58:	8b010261 	add	x1, x19, x1
    8261bf5c:	8b140262 	add	x2, x19, x20
    8261bf60:	eb01005f 	cmp	x2, x1
    8261bf64:	54000069 	b.ls	8261bf70 <fdt_get_resource+0xd8>  // b.plast
    8261bf68:	12800013 	mov	w19, #0xffffffff            	// #-1
    8261bf6c:	17ffffed 	b	8261bf20 <fdt_get_resource+0x88>
    8261bf70:	6b17001f 	cmp	w0, w23
    8261bf74:	540001e1 	b.ne	8261bfb0 <fdt_get_resource+0x118>  // b.any
    8261bf78:	aa1303e2 	mov	x2, x19
    8261bf7c:	2a1603e1 	mov	w1, w22
    8261bf80:	aa1903e0 	mov	x0, x25
    8261bf84:	97ffefdf 	bl	82617f00 <fdt_translate_address>
    8261bf88:	aa0003e5 	mov	x5, x0
    8261bf8c:	a90016a5 	stp	x5, x5, [x21]
    8261bf90:	8b1a0a60 	add	x0, x19, x26, lsl #2
    8261bf94:	2a1803e1 	mov	w1, w24
    8261bf98:	97ffffb4 	bl	8261be68 <fdtdec_get_number>
    8261bf9c:	8b0000a5 	add	x5, x5, x0
    8261bfa0:	52800013 	mov	w19, #0x0                   	// #0
    8261bfa4:	d10004a5 	sub	x5, x5, #0x1
    8261bfa8:	f90006a5 	str	x5, [x21, #8]
    8261bfac:	17ffffdd 	b	8261bf20 <fdt_get_resource+0x88>
    8261bfb0:	11000400 	add	w0, w0, #0x1
    8261bfb4:	aa0203f3 	mov	x19, x2
    8261bfb8:	17ffffe9 	b	8261bf5c <fdt_get_resource+0xc4>
    8261bfbc:	2a1303e0 	mov	w0, w19
    8261bfc0:	a94153f3 	ldp	x19, x20, [sp, #16]
    8261bfc4:	a9425bf5 	ldp	x21, x22, [sp, #32]
    8261bfc8:	a94363f7 	ldp	x23, x24, [sp, #48]
    8261bfcc:	a9446bf9 	ldp	x25, x26, [sp, #64]
    8261bfd0:	a8c67bfd 	ldp	x29, x30, [sp], #96
    8261bfd4:	d65f03c0 	ret

000000008261bfd8 <fdtdec_setup>:
    8261bfd8:	a9be7bfd 	stp	x29, x30, [sp, #-32]!
    8261bfdc:	910003fd 	mov	x29, sp
    8261bfe0:	f9000bf3 	str	x19, [sp, #16]
    8261bfe4:	aa1203f3 	mov	x19, x18
    8261bfe8:	97ffe4bd 	bl	826152dc <board_fdt_blob_setup>
    8261bfec:	f9006660 	str	x0, [x19, #200]
    8261bff0:	f9400bf3 	ldr	x19, [sp, #16]
    8261bff4:	a8c27bfd 	ldp	x29, x30, [sp], #32
    8261bff8:	17ffff09 	b	8261bc1c <fdtdec_prepare_fdt>

000000008261bffc <crc32_no_comp>:
    8261bffc:	f240043f 	tst	x1, #0x3
    8261c000:	540001a0 	b.eq	8261c034 <crc32_no_comp+0x38>  // b.none
    8261c004:	34000182 	cbz	w2, 8261c034 <crc32_no_comp+0x38>
    8261c008:	90000044 	adrp	x4, 82624000 <blk_find_max_devnum+0x3c>
    8261c00c:	9118a084 	add	x4, x4, #0x628
    8261c010:	38401423 	ldrb	w3, [x1], #1
    8261c014:	71000442 	subs	w2, w2, #0x1
    8261c018:	4a000063 	eor	w3, w3, w0
    8261c01c:	d37e1c63 	ubfiz	x3, x3, #2, #8
    8261c020:	b8636883 	ldr	w3, [x4, x3]
    8261c024:	4a402060 	eor	w0, w3, w0, lsr #8
    8261c028:	54000060 	b.eq	8261c034 <crc32_no_comp+0x38>  // b.none
    8261c02c:	f240043f 	tst	x1, #0x3
    8261c030:	54ffff01 	b.ne	8261c010 <crc32_no_comp+0x14>  // b.any
    8261c034:	12000444 	and	w4, w2, #0x3
    8261c038:	53027c46 	lsr	w6, w2, #2
    8261c03c:	90000043 	adrp	x3, 82624000 <blk_find_max_devnum+0x3c>
    8261c040:	53027c42 	lsr	w2, w2, #2
    8261c044:	9118a063 	add	x3, x3, #0x628
    8261c048:	d2800005 	mov	x5, #0x0                   	// #0
    8261c04c:	eb05005f 	cmp	x2, x5
    8261c050:	54000201 	b.ne	8261c090 <crc32_no_comp+0x94>  // b.any
    8261c054:	92800062 	mov	x2, #0xfffffffffffffffc    	// #-4
    8261c058:	8b264842 	add	x2, x2, w6, uxtw #2
    8261c05c:	8b020021 	add	x1, x1, x2
    8261c060:	34000164 	cbz	w4, 8261c08c <crc32_no_comp+0x90>
    8261c064:	90000043 	adrp	x3, 82624000 <blk_find_max_devnum+0x3c>
    8261c068:	91000c21 	add	x1, x1, #0x3
    8261c06c:	9118a063 	add	x3, x3, #0x628
    8261c070:	38401c22 	ldrb	w2, [x1, #1]!
    8261c074:	71000484 	subs	w4, w4, #0x1
    8261c078:	4a000042 	eor	w2, w2, w0
    8261c07c:	d37e1c42 	ubfiz	x2, x2, #2, #8
    8261c080:	b8626862 	ldr	w2, [x3, x2]
    8261c084:	4a402040 	eor	w0, w2, w0, lsr #8
    8261c088:	54ffff41 	b.ne	8261c070 <crc32_no_comp+0x74>  // b.any
    8261c08c:	d65f03c0 	ret
    8261c090:	b8657827 	ldr	w7, [x1, x5, lsl #2]
    8261c094:	910004a5 	add	x5, x5, #0x1
    8261c098:	4a070000 	eor	w0, w0, w7
    8261c09c:	d37e1c07 	ubfiz	x7, x0, #2, #8
    8261c0a0:	b8676867 	ldr	w7, [x3, x7]
    8261c0a4:	4a4020e0 	eor	w0, w7, w0, lsr #8
    8261c0a8:	d37e1c07 	ubfiz	x7, x0, #2, #8
    8261c0ac:	b8676867 	ldr	w7, [x3, x7]
    8261c0b0:	4a4020e0 	eor	w0, w7, w0, lsr #8
    8261c0b4:	d37e1c07 	ubfiz	x7, x0, #2, #8
    8261c0b8:	b8676867 	ldr	w7, [x3, x7]
    8261c0bc:	4a4020e0 	eor	w0, w7, w0, lsr #8
    8261c0c0:	d37e1c07 	ubfiz	x7, x0, #2, #8
    8261c0c4:	b8676867 	ldr	w7, [x3, x7]
    8261c0c8:	4a4020e0 	eor	w0, w7, w0, lsr #8
    8261c0cc:	17ffffe0 	b	8261c04c <crc32_no_comp+0x50>

000000008261c0d0 <crc32>:
    8261c0d0:	a9bf7bfd 	stp	x29, x30, [sp, #-16]!
    8261c0d4:	2a2003e0 	mvn	w0, w0
    8261c0d8:	910003fd 	mov	x29, sp
    8261c0dc:	97ffffc8 	bl	8261bffc <crc32_no_comp>
    8261c0e0:	2a2003e0 	mvn	w0, w0
    8261c0e4:	a8c17bfd 	ldp	x29, x30, [sp], #16
    8261c0e8:	d65f03c0 	ret

000000008261c0ec <hang>:
    8261c0ec:	a9bf7bfd 	stp	x29, x30, [sp, #-16]!
    8261c0f0:	b0000040 	adrp	x0, 82625000 <_ctype+0x35c>
    8261c0f4:	9116dc00 	add	x0, x0, #0x5b7
    8261c0f8:	910003fd 	mov	x29, sp
    8261c0fc:	97fff0bb 	bl	826183e8 <puts>
    8261c100:	128003a0 	mov	w0, #0xffffffe2            	// #-30
    8261c104:	97ffed7e 	bl	826176fc <show_boot_progress>
    8261c108:	14000000 	b	8261c108 <hang+0x1c>

000000008261c10c <strcpy>:
    8261c10c:	d2800002 	mov	x2, #0x0                   	// #0
    8261c110:	38626823 	ldrb	w3, [x1, x2]
    8261c114:	38226803 	strb	w3, [x0, x2]
    8261c118:	91000442 	add	x2, x2, #0x1
    8261c11c:	35ffffa3 	cbnz	w3, 8261c110 <strcpy+0x4>
    8261c120:	d65f03c0 	ret

000000008261c124 <strncpy>:
    8261c124:	d2800003 	mov	x3, #0x0                   	// #0
    8261c128:	eb02007f 	cmp	x3, x2
    8261c12c:	540000a0 	b.eq	8261c140 <strncpy+0x1c>  // b.none
    8261c130:	38636824 	ldrb	w4, [x1, x3]
    8261c134:	38236804 	strb	w4, [x0, x3]
    8261c138:	91000463 	add	x3, x3, #0x1
    8261c13c:	35ffff64 	cbnz	w4, 8261c128 <strncpy+0x4>
    8261c140:	d65f03c0 	ret

000000008261c144 <strcmp>:
    8261c144:	aa0003e4 	mov	x4, x0
    8261c148:	d2800003 	mov	x3, #0x0                   	// #0
    8261c14c:	38636885 	ldrb	w5, [x4, x3]
    8261c150:	38636822 	ldrb	w2, [x1, x3]
    8261c154:	4b0200a2 	sub	w2, w5, w2
    8261c158:	13001c40 	sxtb	w0, w2
    8261c15c:	35000060 	cbnz	w0, 8261c168 <strcmp+0x24>
    8261c160:	91000463 	add	x3, x3, #0x1
    8261c164:	35ffff45 	cbnz	w5, 8261c14c <strcmp+0x8>
    8261c168:	d65f03c0 	ret

000000008261c16c <strncmp>:
    8261c16c:	aa0003e5 	mov	x5, x0
    8261c170:	d2800004 	mov	x4, #0x0                   	// #0
    8261c174:	eb04005f 	cmp	x2, x4
    8261c178:	54000061 	b.ne	8261c184 <strncmp+0x18>  // b.any
    8261c17c:	52800000 	mov	w0, #0x0                   	// #0
    8261c180:	14000008 	b	8261c1a0 <strncmp+0x34>
    8261c184:	386468a6 	ldrb	w6, [x5, x4]
    8261c188:	38646823 	ldrb	w3, [x1, x4]
    8261c18c:	4b0300c3 	sub	w3, w6, w3
    8261c190:	13001c60 	sxtb	w0, w3
    8261c194:	35000060 	cbnz	w0, 8261c1a0 <strncmp+0x34>
    8261c198:	91000484 	add	x4, x4, #0x1
    8261c19c:	35fffec6 	cbnz	w6, 8261c174 <strncmp+0x8>
    8261c1a0:	d65f03c0 	ret

000000008261c1a4 <strchr>:
    8261c1a4:	12001c21 	and	w1, w1, #0xff
    8261c1a8:	39400002 	ldrb	w2, [x0]
    8261c1ac:	6b01005f 	cmp	w2, w1
    8261c1b0:	54000041 	b.ne	8261c1b8 <strchr+0x14>  // b.any
    8261c1b4:	d65f03c0 	ret
    8261c1b8:	34000062 	cbz	w2, 8261c1c4 <strchr+0x20>
    8261c1bc:	91000400 	add	x0, x0, #0x1
    8261c1c0:	17fffffa 	b	8261c1a8 <strchr+0x4>
    8261c1c4:	d2800000 	mov	x0, #0x0                   	// #0
    8261c1c8:	17fffffb 	b	8261c1b4 <strchr+0x10>

000000008261c1cc <strlen>:
    8261c1cc:	aa0003e1 	mov	x1, x0
    8261c1d0:	39400022 	ldrb	w2, [x1]
    8261c1d4:	35000062 	cbnz	w2, 8261c1e0 <strlen+0x14>
    8261c1d8:	cb000020 	sub	x0, x1, x0
    8261c1dc:	d65f03c0 	ret
    8261c1e0:	91000421 	add	x1, x1, #0x1
    8261c1e4:	17fffffb 	b	8261c1d0 <strlen+0x4>

000000008261c1e8 <strrchr>:
    8261c1e8:	a9bf7bfd 	stp	x29, x30, [sp, #-16]!
    8261c1ec:	aa0003e4 	mov	x4, x0
    8261c1f0:	2a0103e3 	mov	w3, w1
    8261c1f4:	910003fd 	mov	x29, sp
    8261c1f8:	12001c63 	and	w3, w3, #0xff
    8261c1fc:	97fffff4 	bl	8261c1cc <strlen>
    8261c200:	8b000080 	add	x0, x4, x0
    8261c204:	39400001 	ldrb	w1, [x0]
    8261c208:	6b03003f 	cmp	w1, w3
    8261c20c:	540000a0 	b.eq	8261c220 <strrchr+0x38>  // b.none
    8261c210:	d1000400 	sub	x0, x0, #0x1
    8261c214:	eb00009f 	cmp	x4, x0
    8261c218:	54ffff69 	b.ls	8261c204 <strrchr+0x1c>  // b.plast
    8261c21c:	d2800000 	mov	x0, #0x0                   	// #0
    8261c220:	a8c17bfd 	ldp	x29, x30, [sp], #16
    8261c224:	d65f03c0 	ret

000000008261c228 <strnlen>:
    8261c228:	8b010001 	add	x1, x0, x1
    8261c22c:	aa0003e2 	mov	x2, x0
    8261c230:	eb01005f 	cmp	x2, x1
    8261c234:	54000060 	b.eq	8261c240 <strnlen+0x18>  // b.none
    8261c238:	39400043 	ldrb	w3, [x2]
    8261c23c:	35000063 	cbnz	w3, 8261c248 <strnlen+0x20>
    8261c240:	cb000040 	sub	x0, x2, x0
    8261c244:	d65f03c0 	ret
    8261c248:	91000442 	add	x2, x2, #0x1
    8261c24c:	17fffff9 	b	8261c230 <strnlen+0x8>

000000008261c250 <strdup>:
    8261c250:	b4000200 	cbz	x0, 8261c290 <strdup+0x40>
    8261c254:	a9be7bfd 	stp	x29, x30, [sp, #-32]!
    8261c258:	910003fd 	mov	x29, sp
    8261c25c:	f9000bf3 	str	x19, [sp, #16]
    8261c260:	aa0003f3 	mov	x19, x0
    8261c264:	97ffffda 	bl	8261c1cc <strlen>
    8261c268:	91000400 	add	x0, x0, #0x1
    8261c26c:	97fff0a2 	bl	826184f4 <malloc_simple>
    8261c270:	aa0003e4 	mov	x4, x0
    8261c274:	b4000060 	cbz	x0, 8261c280 <strdup+0x30>
    8261c278:	aa1303e1 	mov	x1, x19
    8261c27c:	97ffffa4 	bl	8261c10c <strcpy>
    8261c280:	aa0403e0 	mov	x0, x4
    8261c284:	f9400bf3 	ldr	x19, [sp, #16]
    8261c288:	a8c27bfd 	ldp	x29, x30, [sp], #32
    8261c28c:	d65f03c0 	ret
    8261c290:	d2800004 	mov	x4, #0x0                   	// #0
    8261c294:	aa0403e0 	mov	x0, x4
    8261c298:	d65f03c0 	ret

000000008261c29c <memset>:
    8261c29c:	f2400803 	ands	x3, x0, #0x7
    8261c2a0:	540002a1 	b.ne	8261c2f4 <memset+0x58>  // b.any
    8261c2a4:	92401c26 	and	x6, x1, #0xff
    8261c2a8:	d2800004 	mov	x4, #0x0                   	// #0
    8261c2ac:	52800105 	mov	w5, #0x8                   	// #8
    8261c2b0:	aa0420c4 	orr	x4, x6, x4, lsl #8
    8261c2b4:	710004a5 	subs	w5, w5, #0x1
    8261c2b8:	54ffffc1 	b.ne	8261c2b0 <memset+0x14>  // b.any
    8261c2bc:	cb030045 	sub	x5, x2, x3
    8261c2c0:	f1001cbf 	cmp	x5, #0x7
    8261c2c4:	54000128 	b.hi	8261c2e8 <memset+0x4c>  // b.pmore
    8261c2c8:	d343fc43 	lsr	x3, x2, #3
    8261c2cc:	928000e4 	mov	x4, #0xfffffffffffffff8    	// #-8
    8261c2d0:	9b040862 	madd	x2, x3, x4, x2
    8261c2d4:	8b030c03 	add	x3, x0, x3, lsl #3
    8261c2d8:	d2800004 	mov	x4, #0x0                   	// #0
    8261c2dc:	eb04005f 	cmp	x2, x4
    8261c2e0:	540000e1 	b.ne	8261c2fc <memset+0x60>  // b.any
    8261c2e4:	d65f03c0 	ret
    8261c2e8:	f8236804 	str	x4, [x0, x3]
    8261c2ec:	91002063 	add	x3, x3, #0x8
    8261c2f0:	17fffff3 	b	8261c2bc <memset+0x20>
    8261c2f4:	aa0003e3 	mov	x3, x0
    8261c2f8:	17fffff8 	b	8261c2d8 <memset+0x3c>
    8261c2fc:	38246861 	strb	w1, [x3, x4]
    8261c300:	91000484 	add	x4, x4, #0x1
    8261c304:	17fffff6 	b	8261c2dc <memset+0x40>

000000008261c308 <memcpy>:
    8261c308:	eb01001f 	cmp	x0, x1
    8261c30c:	54000100 	b.eq	8261c32c <memcpy+0x24>  // b.none
    8261c310:	aa010003 	orr	x3, x0, x1
    8261c314:	f2400863 	ands	x3, x3, #0x7
    8261c318:	54000120 	b.eq	8261c33c <memcpy+0x34>  // b.none
    8261c31c:	aa0003e4 	mov	x4, x0
    8261c320:	d2800003 	mov	x3, #0x0                   	// #0
    8261c324:	eb03005f 	cmp	x2, x3
    8261c328:	540001c1 	b.ne	8261c360 <memcpy+0x58>  // b.any
    8261c32c:	d65f03c0 	ret
    8261c330:	f8636824 	ldr	x4, [x1, x3]
    8261c334:	f8236804 	str	x4, [x0, x3]
    8261c338:	91002063 	add	x3, x3, #0x8
    8261c33c:	cb030044 	sub	x4, x2, x3
    8261c340:	f1001c9f 	cmp	x4, #0x7
    8261c344:	54ffff68 	b.hi	8261c330 <memcpy+0x28>  // b.pmore
    8261c348:	d343fc43 	lsr	x3, x2, #3
    8261c34c:	928000e4 	mov	x4, #0xfffffffffffffff8    	// #-8
    8261c350:	8b030c21 	add	x1, x1, x3, lsl #3
    8261c354:	9b040862 	madd	x2, x3, x4, x2
    8261c358:	8b030c04 	add	x4, x0, x3, lsl #3
    8261c35c:	17fffff1 	b	8261c320 <memcpy+0x18>
    8261c360:	38636825 	ldrb	w5, [x1, x3]
    8261c364:	38236885 	strb	w5, [x4, x3]
    8261c368:	91000463 	add	x3, x3, #0x1
    8261c36c:	17ffffee 	b	8261c324 <memcpy+0x1c>

000000008261c370 <memcmp>:
    8261c370:	aa0003e5 	mov	x5, x0
    8261c374:	d2800004 	mov	x4, #0x0                   	// #0
    8261c378:	eb02009f 	cmp	x4, x2
    8261c37c:	54000061 	b.ne	8261c388 <memcmp+0x18>  // b.any
    8261c380:	52800000 	mov	w0, #0x0                   	// #0
    8261c384:	14000006 	b	8261c39c <memcmp+0x2c>
    8261c388:	386468a3 	ldrb	w3, [x5, x4]
    8261c38c:	38646820 	ldrb	w0, [x1, x4]
    8261c390:	91000484 	add	x4, x4, #0x1
    8261c394:	6b000060 	subs	w0, w3, w0
    8261c398:	54ffff00 	b.eq	8261c378 <memcmp+0x8>  // b.none
    8261c39c:	d65f03c0 	ret

000000008261c3a0 <strstr>:
    8261c3a0:	a9bf7bfd 	stp	x29, x30, [sp, #-16]!
    8261c3a4:	aa0003e6 	mov	x6, x0
    8261c3a8:	aa0103e7 	mov	x7, x1
    8261c3ac:	910003fd 	mov	x29, sp
    8261c3b0:	aa0103e0 	mov	x0, x1
    8261c3b4:	97ffff86 	bl	8261c1cc <strlen>
    8261c3b8:	34000140 	cbz	w0, 8261c3e0 <strstr+0x40>
    8261c3bc:	2a0003ea 	mov	w10, w0
    8261c3c0:	aa0603e0 	mov	x0, x6
    8261c3c4:	97ffff82 	bl	8261c1cc <strlen>
    8261c3c8:	0b060008 	add	w8, w0, w6
    8261c3cc:	93407d42 	sxtw	x2, w10
    8261c3d0:	4b060100 	sub	w0, w8, w6
    8261c3d4:	6b0a001f 	cmp	w0, w10
    8261c3d8:	540000aa 	b.ge	8261c3ec <strstr+0x4c>  // b.tcont
    8261c3dc:	d2800006 	mov	x6, #0x0                   	// #0
    8261c3e0:	aa0603e0 	mov	x0, x6
    8261c3e4:	a8c17bfd 	ldp	x29, x30, [sp], #16
    8261c3e8:	d65f03c0 	ret
    8261c3ec:	aa0703e1 	mov	x1, x7
    8261c3f0:	aa0603e0 	mov	x0, x6
    8261c3f4:	97ffffdf 	bl	8261c370 <memcmp>
    8261c3f8:	34ffff40 	cbz	w0, 8261c3e0 <strstr+0x40>
    8261c3fc:	910004c6 	add	x6, x6, #0x1
    8261c400:	17fffff4 	b	8261c3d0 <strstr+0x30>

000000008261c404 <memchr>:
    8261c404:	8b020002 	add	x2, x0, x2
    8261c408:	12001c21 	and	w1, w1, #0xff
    8261c40c:	eb02001f 	cmp	x0, x2
    8261c410:	54000061 	b.ne	8261c41c <memchr+0x18>  // b.any
    8261c414:	d2800000 	mov	x0, #0x0                   	// #0
    8261c418:	d65f03c0 	ret
    8261c41c:	aa0003e3 	mov	x3, x0
    8261c420:	38401464 	ldrb	w4, [x3], #1
    8261c424:	6b01009f 	cmp	w4, w1
    8261c428:	54ffff80 	b.eq	8261c418 <memchr+0x14>  // b.none
    8261c42c:	aa0303e0 	mov	x0, x3
    8261c430:	17fffff7 	b	8261c40c <memchr+0x8>

000000008261c434 <timer_init>:
    8261c434:	52800000 	mov	w0, #0x0                   	// #0
    8261c438:	d65f03c0 	ret

000000008261c43c <get_timer>:
    8261c43c:	a9be7bfd 	stp	x29, x30, [sp, #-32]!
    8261c440:	910003fd 	mov	x29, sp
    8261c444:	a90153f3 	stp	x19, x20, [sp, #16]
    8261c448:	aa0003f4 	mov	x20, x0
    8261c44c:	97ffe528 	bl	826158ec <get_ticks>
    8261c450:	aa0003f3 	mov	x19, x0
    8261c454:	97ffe524 	bl	826158e4 <get_tbclk>
    8261c458:	d2807d01 	mov	x1, #0x3e8                 	// #1000
    8261c45c:	2a0003e0 	mov	w0, w0
    8261c460:	9b017e73 	mul	x19, x19, x1
    8261c464:	9ac00a60 	udiv	x0, x19, x0
    8261c468:	cb140000 	sub	x0, x0, x20
    8261c46c:	a94153f3 	ldp	x19, x20, [sp, #16]
    8261c470:	a8c27bfd 	ldp	x29, x30, [sp], #32
    8261c474:	d65f03c0 	ret

000000008261c478 <usec_to_tick>:
    8261c478:	a9be7bfd 	stp	x29, x30, [sp, #-32]!
    8261c47c:	910003fd 	mov	x29, sp
    8261c480:	f9000bf3 	str	x19, [sp, #16]
    8261c484:	aa0003f3 	mov	x19, x0
    8261c488:	97ffe517 	bl	826158e4 <get_tbclk>
    8261c48c:	d2884801 	mov	x1, #0x4240                	// #16960
    8261c490:	9b007e60 	mul	x0, x19, x0
    8261c494:	f2a001e1 	movk	x1, #0xf, lsl #16
    8261c498:	f9400bf3 	ldr	x19, [sp, #16]
    8261c49c:	a8c27bfd 	ldp	x29, x30, [sp], #32
    8261c4a0:	9ac10800 	udiv	x0, x0, x1
    8261c4a4:	d65f03c0 	ret

000000008261c4a8 <__udelay>:
    8261c4a8:	a9be7bfd 	stp	x29, x30, [sp, #-32]!
    8261c4ac:	910003fd 	mov	x29, sp
    8261c4b0:	a90153f3 	stp	x19, x20, [sp, #16]
    8261c4b4:	aa0003f4 	mov	x20, x0
    8261c4b8:	97ffe50d 	bl	826158ec <get_ticks>
    8261c4bc:	aa0003f3 	mov	x19, x0
    8261c4c0:	aa1403e0 	mov	x0, x20
    8261c4c4:	97ffffed 	bl	8261c478 <usec_to_tick>
    8261c4c8:	8b000273 	add	x19, x19, x0
    8261c4cc:	91000673 	add	x19, x19, #0x1
    8261c4d0:	97ffe507 	bl	826158ec <get_ticks>
    8261c4d4:	eb13001f 	cmp	x0, x19
    8261c4d8:	54ffffc3 	b.cc	8261c4d0 <__udelay+0x28>  // b.lo, b.ul, b.last
    8261c4dc:	a94153f3 	ldp	x19, x20, [sp, #16]
    8261c4e0:	a8c27bfd 	ldp	x29, x30, [sp], #32
    8261c4e4:	d65f03c0 	ret

000000008261c4e8 <udelay>:
    8261c4e8:	a9bd7bfd 	stp	x29, x30, [sp, #-48]!
    8261c4ec:	910003fd 	mov	x29, sp
    8261c4f0:	a90153f3 	stp	x19, x20, [sp, #16]
    8261c4f4:	aa0003f3 	mov	x19, x0
    8261c4f8:	f90013f5 	str	x21, [sp, #32]
    8261c4fc:	d292d015 	mov	x21, #0x9680                	// #38528
    8261c500:	f2a01315 	movk	x21, #0x98, lsl #16
    8261c504:	94001dcf 	bl	82623c40 <watchdog_reset>
    8261c508:	eb15027f 	cmp	x19, x21
    8261c50c:	9a959274 	csel	x20, x19, x21, ls  // ls = plast
    8261c510:	aa1403e0 	mov	x0, x20
    8261c514:	97ffffe5 	bl	8261c4a8 <__udelay>
    8261c518:	eb140273 	subs	x19, x19, x20
    8261c51c:	54ffff41 	b.ne	8261c504 <udelay+0x1c>  // b.any
    8261c520:	a94153f3 	ldp	x19, x20, [sp, #16]
    8261c524:	f94013f5 	ldr	x21, [sp, #32]
    8261c528:	a8c37bfd 	ldp	x29, x30, [sp], #48
    8261c52c:	d65f03c0 	ret

000000008261c530 <panic_str>:
    8261c530:	a9bf7bfd 	stp	x29, x30, [sp, #-16]!
    8261c534:	910003fd 	mov	x29, sp
    8261c538:	97ffefac 	bl	826183e8 <puts>
    8261c53c:	52800140 	mov	w0, #0xa                   	// #10
    8261c540:	97ffefb7 	bl	8261841c <putc>
    8261c544:	97fffeea 	bl	8261c0ec <hang>

000000008261c548 <panic>:
    8261c548:	a9ad7bfd 	stp	x29, x30, [sp, #-304]!
    8261c54c:	910003fd 	mov	x29, sp
    8261c550:	f9000bf3 	str	x19, [sp, #16]
    8261c554:	aa0003f3 	mov	x19, x0
    8261c558:	3d801fe0 	str	q0, [sp, #112]
    8261c55c:	f0000040 	adrp	x0, 82627000 <multipliers+0x16ba>
    8261c560:	3d8023e1 	str	q1, [sp, #128]
    8261c564:	3d8027e2 	str	q2, [sp, #144]
    8261c568:	3d802be3 	str	q3, [sp, #160]
    8261c56c:	3d802fe4 	str	q4, [sp, #176]
    8261c570:	3d8033e5 	str	q5, [sp, #192]
    8261c574:	3d8037e6 	str	q6, [sp, #208]
    8261c578:	3d803be7 	str	q7, [sp, #224]
    8261c57c:	a90f8be1 	stp	x1, x2, [sp, #248]
    8261c580:	d2800402 	mov	x2, #0x20                  	// #32
    8261c584:	a91093e3 	stp	x3, x4, [sp, #264]
    8261c588:	a9119be5 	stp	x5, x6, [sp, #280]
    8261c58c:	f90097e7 	str	x7, [sp, #296]
    8261c590:	f9421c01 	ldr	x1, [x0, #1080]
    8261c594:	f90037e1 	str	x1, [sp, #104]
    8261c598:	d2800001 	mov	x1, #0x0                   	// #0
    8261c59c:	9104c3e0 	add	x0, sp, #0x130
    8261c5a0:	a90483e0 	stp	x0, x0, [sp, #72]
    8261c5a4:	9103c3e0 	add	x0, sp, #0xf0
    8261c5a8:	910123e1 	add	x1, sp, #0x48
    8261c5ac:	f9002fe0 	str	x0, [sp, #88]
    8261c5b0:	128006e0 	mov	w0, #0xffffffc8            	// #-56
    8261c5b4:	b90063e0 	str	w0, [sp, #96]
    8261c5b8:	12800fe0 	mov	w0, #0xffffff80            	// #-128
    8261c5bc:	b90067e0 	str	w0, [sp, #100]
    8261c5c0:	8b2263e0 	add	x0, sp, x2
    8261c5c4:	97ffff51 	bl	8261c308 <memcpy>
    8261c5c8:	910083e1 	add	x1, sp, #0x20
    8261c5cc:	aa1303e0 	mov	x0, x19
    8261c5d0:	94000495 	bl	8261d824 <vprintf>
    8261c5d4:	52800140 	mov	w0, #0xa                   	// #10
    8261c5d8:	97ffef91 	bl	8261841c <putc>
    8261c5dc:	97fffec4 	bl	8261c0ec <hang>

000000008261c5e0 <put_dec_trunc>:
    8261c5e0:	d3441c28 	ubfx	x8, x1, #4, #4
    8261c5e4:	aa0003e2 	mov	x2, x0
    8261c5e8:	d3482c20 	ubfx	x0, x1, #8, #4
    8261c5ec:	530c7c26 	lsr	w6, w1, #12
    8261c5f0:	0b000104 	add	w4, w8, w0
    8261c5f4:	528000c3 	mov	w3, #0x6                   	// #6
    8261c5f8:	0b413084 	add	w4, w4, w1, lsr #12
    8261c5fc:	12000c21 	and	w1, w1, #0xf
    8261c600:	52800145 	mov	w5, #0xa                   	// #10
    8261c604:	1b030484 	madd	w4, w4, w3, w1
    8261c608:	528019a1 	mov	w1, #0xcd                  	// #205
    8261c60c:	1b017c83 	mul	w3, w4, w1
    8261c610:	530b7c67 	lsr	w7, w3, #11
    8261c614:	0b000803 	add	w3, w0, w0, lsl #2
    8261c618:	0b070063 	add	w3, w3, w7
    8261c61c:	1b0590e4 	msub	w4, w7, w5, w4
    8261c620:	1100c084 	add	w4, w4, #0x30
    8261c624:	39000044 	strb	w4, [x2]
    8261c628:	0b060cc4 	add	w4, w6, w6, lsl #3
    8261c62c:	0b080084 	add	w4, w4, w8
    8261c630:	2b040063 	adds	w3, w3, w4
    8261c634:	54000061 	b.ne	8261c640 <put_dec_trunc+0x60>  // b.any
    8261c638:	91000440 	add	x0, x2, #0x1
    8261c63c:	d65f03c0 	ret
    8261c640:	1b017c64 	mul	w4, w3, w1
    8261c644:	530b7c84 	lsr	w4, w4, #11
    8261c648:	0b000480 	add	w0, w4, w0, lsl #1
    8261c64c:	1b058c83 	msub	w3, w4, w5, w3
    8261c650:	1100c063 	add	w3, w3, #0x30
    8261c654:	39000443 	strb	w3, [x2, #1]
    8261c658:	2a0000c3 	orr	w3, w6, w0
    8261c65c:	35000063 	cbnz	w3, 8261c668 <put_dec_trunc+0x88>
    8261c660:	91000840 	add	x0, x2, #0x2
    8261c664:	17fffff6 	b	8261c63c <put_dec_trunc+0x5c>
    8261c668:	528001a3 	mov	w3, #0xd                   	// #13
    8261c66c:	1b037c03 	mul	w3, w0, w3
    8261c670:	53077c63 	lsr	w3, w3, #7
    8261c674:	2b060866 	adds	w6, w3, w6, lsl #2
    8261c678:	1b058060 	msub	w0, w3, w5, w0
    8261c67c:	1100c000 	add	w0, w0, #0x30
    8261c680:	39000840 	strb	w0, [x2, #2]
    8261c684:	54000061 	b.ne	8261c690 <put_dec_trunc+0xb0>  // b.any
    8261c688:	91000c40 	add	x0, x2, #0x3
    8261c68c:	17ffffec 	b	8261c63c <put_dec_trunc+0x5c>
    8261c690:	1b017cc1 	mul	w1, w6, w1
    8261c694:	530b7c21 	lsr	w1, w1, #11
    8261c698:	1b059825 	msub	w5, w1, w5, w6
    8261c69c:	1100c0a5 	add	w5, w5, #0x30
    8261c6a0:	39000c45 	strb	w5, [x2, #3]
    8261c6a4:	35000061 	cbnz	w1, 8261c6b0 <put_dec_trunc+0xd0>
    8261c6a8:	91001040 	add	x0, x2, #0x4
    8261c6ac:	17ffffe4 	b	8261c63c <put_dec_trunc+0x5c>
    8261c6b0:	1100c021 	add	w1, w1, #0x30
    8261c6b4:	91001440 	add	x0, x2, #0x5
    8261c6b8:	39001041 	strb	w1, [x2, #4]
    8261c6bc:	17ffffe0 	b	8261c63c <put_dec_trunc+0x5c>

000000008261c6c0 <put_dec>:
    8261c6c0:	d290d3ed 	mov	x13, #0x869f                	// #34463
    8261c6c4:	d290d40a 	mov	x10, #0x86a0                	// #34464
    8261c6c8:	f2a0002d 	movk	x13, #0x1, lsl #16
    8261c6cc:	f2a0002a 	movk	x10, #0x1, lsl #16
    8261c6d0:	528000cc 	mov	w12, #0x6                   	// #6
    8261c6d4:	528019a8 	mov	w8, #0xcd                  	// #205
    8261c6d8:	52800147 	mov	w7, #0xa                   	// #10
    8261c6dc:	528001ab 	mov	w11, #0xd                   	// #13
    8261c6e0:	eb0d003f 	cmp	x1, x13
    8261c6e4:	54000048 	b.hi	8261c6ec <put_dec+0x2c>  // b.pmore
    8261c6e8:	17ffffbe 	b	8261c5e0 <put_dec_trunc>
    8261c6ec:	9aca0822 	udiv	x2, x1, x10
    8261c6f0:	91001400 	add	x0, x0, #0x5
    8261c6f4:	9b0a8446 	msub	x6, x2, x10, x1
    8261c6f8:	aa0203e1 	mov	x1, x2
    8261c6fc:	53041cce 	ubfx	w14, w6, #4, #4
    8261c700:	53082cc2 	ubfx	w2, w6, #8, #4
    8261c704:	0b0201c5 	add	w5, w14, w2
    8261c708:	530c7cc3 	lsr	w3, w6, #12
    8261c70c:	0b4630a5 	add	w5, w5, w6, lsr #12
    8261c710:	12000cc6 	and	w6, w6, #0xf
    8261c714:	1b0c18a5 	madd	w5, w5, w12, w6
    8261c718:	1b087ca4 	mul	w4, w5, w8
    8261c71c:	530b7c86 	lsr	w6, w4, #11
    8261c720:	0b030c64 	add	w4, w3, w3, lsl #3
    8261c724:	1b0794c5 	msub	w5, w6, w7, w5
    8261c728:	1100c0a5 	add	w5, w5, #0x30
    8261c72c:	381fb005 	sturb	w5, [x0, #-5]
    8261c730:	0b0e0085 	add	w5, w4, w14
    8261c734:	0b020844 	add	w4, w2, w2, lsl #2
    8261c738:	0b060084 	add	w4, w4, w6
    8261c73c:	0b050084 	add	w4, w4, w5
    8261c740:	1b087c85 	mul	w5, w4, w8
    8261c744:	530b7ca5 	lsr	w5, w5, #11
    8261c748:	0b0204a2 	add	w2, w5, w2, lsl #1
    8261c74c:	1b0790a4 	msub	w4, w5, w7, w4
    8261c750:	1100c084 	add	w4, w4, #0x30
    8261c754:	381fc004 	sturb	w4, [x0, #-4]
    8261c758:	1b0b7c44 	mul	w4, w2, w11
    8261c75c:	53077c84 	lsr	w4, w4, #7
    8261c760:	0b030883 	add	w3, w4, w3, lsl #2
    8261c764:	1b078882 	msub	w2, w4, w7, w2
    8261c768:	1100c042 	add	w2, w2, #0x30
    8261c76c:	381fd002 	sturb	w2, [x0, #-3]
    8261c770:	1b087c62 	mul	w2, w3, w8
    8261c774:	530b7c42 	lsr	w2, w2, #11
    8261c778:	1b078c43 	msub	w3, w2, w7, w3
    8261c77c:	1100c042 	add	w2, w2, #0x30
    8261c780:	1100c063 	add	w3, w3, #0x30
    8261c784:	381fe003 	sturb	w3, [x0, #-2]
    8261c788:	381ff002 	sturb	w2, [x0, #-1]
    8261c78c:	17ffffd5 	b	8261c6e0 <put_dec+0x20>

000000008261c790 <number>:
    8261c790:	a9b57bfd 	stp	x29, x30, [sp, #-176]!
    8261c794:	2a0603ef 	mov	w15, w6
    8261c798:	910003fd 	mov	x29, sp
    8261c79c:	a90153f3 	stp	x19, x20, [sp, #16]
    8261c7a0:	aa0003f4 	mov	x20, x0
    8261c7a4:	f0000040 	adrp	x0, 82627000 <multipliers+0x16ba>
    8261c7a8:	a9025bf5 	stp	x21, x22, [sp, #32]
    8261c7ac:	aa0103f5 	mov	x21, x1
    8261c7b0:	aa0203e1 	mov	x1, x2
    8261c7b4:	a90363f7 	stp	x23, x24, [sp, #48]
    8261c7b8:	2a0403f3 	mov	w19, w4
    8261c7bc:	2a0303f7 	mov	w23, w3
    8261c7c0:	a9046bf9 	stp	x25, x26, [sp, #64]
    8261c7c4:	2a0503f6 	mov	w22, w5
    8261c7c8:	a90573fb 	stp	x27, x28, [sp, #80]
    8261c7cc:	f9421c02 	ldr	x2, [x0, #1080]
    8261c7d0:	f90057e2 	str	x2, [sp, #168]
    8261c7d4:	d2800002 	mov	x2, #0x0                   	// #0
    8261c7d8:	3630028f 	tbz	w15, #6, 8261c828 <number+0x98>
    8261c7dc:	7100287f 	cmp	w3, #0xa
    8261c7e0:	1a9f07fa 	cset	w26, ne  // ne = any
    8261c7e4:	121b01f9 	and	w25, w15, #0x20
    8261c7e8:	121c01fb 	and	w27, w15, #0x10
    8261c7ec:	3620004f 	tbz	w15, #4, 8261c7f4 <number+0x64>
    8261c7f0:	121f79ef 	and	w15, w15, #0xfffffffe
    8261c7f4:	3608092f 	tbz	w15, #1, 8261c918 <number+0x188>
    8261c7f8:	b6f801c1 	tbz	x1, #63, 8261c830 <number+0xa0>
    8261c7fc:	cb0103e1 	neg	x1, x1
    8261c800:	51000673 	sub	w19, w19, #0x1
    8261c804:	528005b8 	mov	w24, #0x2d                  	// #45
    8261c808:	350001da 	cbnz	w26, 8261c840 <number+0xb0>
    8261c80c:	71002aff 	cmp	w23, #0xa
    8261c810:	540008c1 	b.ne	8261c928 <number+0x198>  // b.any
    8261c814:	910183fc 	add	x28, sp, #0x60
    8261c818:	aa1c03e0 	mov	x0, x28
    8261c81c:	97ffffa9 	bl	8261c6c0 <put_dec>
    8261c820:	4b1c0000 	sub	w0, w0, w28
    8261c824:	1400000e 	b	8261c85c <number+0xcc>
    8261c828:	121a00da 	and	w26, w6, #0x40
    8261c82c:	17ffffee 	b	8261c7e4 <number+0x54>
    8261c830:	361006cf 	tbz	w15, #2, 8261c908 <number+0x178>
    8261c834:	51000673 	sub	w19, w19, #0x1
    8261c838:	52800578 	mov	w24, #0x2b                  	// #43
    8261c83c:	3400009a 	cbz	w26, 8261c84c <number+0xbc>
    8261c840:	710042ff 	cmp	w23, #0x10
    8261c844:	540006e0 	b.eq	8261c920 <number+0x190>  // b.none
    8261c848:	51000673 	sub	w19, w19, #0x1
    8261c84c:	b5fffe01 	cbnz	x1, 8261c80c <number+0x7c>
    8261c850:	52800600 	mov	w0, #0x30                  	// #48
    8261c854:	390183e0 	strb	w0, [sp, #96]
    8261c858:	52800020 	mov	w0, #0x1                   	// #1
    8261c85c:	6b16001f 	cmp	w0, w22
    8261c860:	52800221 	mov	w1, #0x11                  	// #17
    8261c864:	1a96a005 	csel	w5, w0, w22, ge  // ge = tcont
    8261c868:	4b050264 	sub	w4, w19, w5
    8261c86c:	6a0101ff 	tst	w15, w1
    8261c870:	54000980 	b.eq	8261c9a0 <number+0x210>  // b.none
    8261c874:	340000b8 	cbz	w24, 8261c888 <number+0xf8>
    8261c878:	eb15029f 	cmp	x20, x21
    8261c87c:	54000042 	b.cs	8261c884 <number+0xf4>  // b.hs, b.nlast
    8261c880:	39000298 	strb	w24, [x20]
    8261c884:	91000694 	add	x20, x20, #0x1
    8261c888:	340001da 	cbz	w26, 8261c8c0 <number+0x130>
    8261c88c:	eb15029f 	cmp	x20, x21
    8261c890:	54000062 	b.cs	8261c89c <number+0x10c>  // b.hs, b.nlast
    8261c894:	52800601 	mov	w1, #0x30                  	// #48
    8261c898:	39000281 	strb	w1, [x20]
    8261c89c:	91000681 	add	x1, x20, #0x1
    8261c8a0:	710042ff 	cmp	w23, #0x10
    8261c8a4:	54000861 	b.ne	8261c9b0 <number+0x220>  // b.any
    8261c8a8:	eb0102bf 	cmp	x21, x1
    8261c8ac:	54000089 	b.ls	8261c8bc <number+0x12c>  // b.plast
    8261c8b0:	52800b01 	mov	w1, #0x58                  	// #88
    8261c8b4:	2a010321 	orr	w1, w25, w1
    8261c8b8:	39000681 	strb	w1, [x20, #1]
    8261c8bc:	91000a94 	add	x20, x20, #0x2
    8261c8c0:	350001db 	cbnz	w27, 8261c8f8 <number+0x168>
    8261c8c4:	52800401 	mov	w1, #0x20                  	// #32
    8261c8c8:	f24001ff 	tst	x15, #0x1
    8261c8cc:	52800603 	mov	w3, #0x30                  	// #48
    8261c8d0:	2a0403e2 	mov	w2, w4
    8261c8d4:	1a811063 	csel	w3, w3, w1, ne  // ne = any
    8261c8d8:	aa1403e1 	mov	x1, x20
    8261c8dc:	71000442 	subs	w2, w2, #0x1
    8261c8e0:	540006c5 	b.pl	8261c9b8 <number+0x228>  // b.nfrst
    8261c8e4:	7100009f 	cmp	w4, #0x0
    8261c8e8:	1a9fa081 	csel	w1, w4, wzr, ge  // ge = tcont
    8261c8ec:	51000484 	sub	w4, w4, #0x1
    8261c8f0:	4b010084 	sub	w4, w4, w1
    8261c8f4:	8b21c294 	add	x20, x20, w1, sxtw
    8261c8f8:	2a0503e2 	mov	w2, w5
    8261c8fc:	aa1403e1 	mov	x1, x20
    8261c900:	52800603 	mov	w3, #0x30                  	// #48
    8261c904:	14000036 	b	8261c9dc <number+0x24c>
    8261c908:	3618008f 	tbz	w15, #3, 8261c918 <number+0x188>
    8261c90c:	51000673 	sub	w19, w19, #0x1
    8261c910:	52800418 	mov	w24, #0x20                  	// #32
    8261c914:	17ffffca 	b	8261c83c <number+0xac>
    8261c918:	52800018 	mov	w24, #0x0                   	// #0
    8261c91c:	17ffffc8 	b	8261c83c <number+0xac>
    8261c920:	51000a73 	sub	w19, w19, #0x2
    8261c924:	b4fff961 	cbz	x1, 8261c850 <number+0xc0>
    8261c928:	710042ff 	cmp	w23, #0x10
    8261c92c:	b0000045 	adrp	x5, 82625000 <_ctype+0x35c>
    8261c930:	1a9f17e3 	cset	w3, eq  // eq = none
    8261c934:	510006e7 	sub	w7, w23, #0x1
    8261c938:	11000c63 	add	w3, w3, #0x3
    8261c93c:	910183e6 	add	x6, sp, #0x60
    8261c940:	9108c0a5 	add	x5, x5, #0x230
    8261c944:	d2800002 	mov	x2, #0x0                   	// #0
    8261c948:	8a070024 	and	x4, x1, x7
    8261c94c:	11000440 	add	w0, w2, #0x1
    8261c950:	92401c84 	and	x4, x4, #0xff
    8261c954:	9ac32421 	lsr	x1, x1, x3
    8261c958:	386468a4 	ldrb	w4, [x5, x4]
    8261c95c:	2a040324 	orr	w4, w25, w4
    8261c960:	38266844 	strb	w4, [x2, x6]
    8261c964:	91000442 	add	x2, x2, #0x1
    8261c968:	b5ffff01 	cbnz	x1, 8261c948 <number+0x1b8>
    8261c96c:	17ffffbc 	b	8261c85c <number+0xcc>
    8261c970:	eb15003f 	cmp	x1, x21
    8261c974:	54000042 	b.cs	8261c97c <number+0x1ec>  // b.hs, b.nlast
    8261c978:	39000023 	strb	w3, [x1]
    8261c97c:	91000421 	add	x1, x1, #0x1
    8261c980:	71000442 	subs	w2, w2, #0x1
    8261c984:	54ffff65 	b.pl	8261c970 <number+0x1e0>  // b.nfrst
    8261c988:	7100009f 	cmp	w4, #0x0
    8261c98c:	1a9fa081 	csel	w1, w4, wzr, ge  // ge = tcont
    8261c990:	51000484 	sub	w4, w4, #0x1
    8261c994:	4b010084 	sub	w4, w4, w1
    8261c998:	8b21c294 	add	x20, x20, w1, sxtw
    8261c99c:	17ffffb6 	b	8261c874 <number+0xe4>
    8261c9a0:	2a0403e2 	mov	w2, w4
    8261c9a4:	aa1403e1 	mov	x1, x20
    8261c9a8:	52800403 	mov	w3, #0x20                  	// #32
    8261c9ac:	17fffff5 	b	8261c980 <number+0x1f0>
    8261c9b0:	aa0103f4 	mov	x20, x1
    8261c9b4:	17ffffc3 	b	8261c8c0 <number+0x130>
    8261c9b8:	eb15003f 	cmp	x1, x21
    8261c9bc:	54000042 	b.cs	8261c9c4 <number+0x234>  // b.hs, b.nlast
    8261c9c0:	39000023 	strb	w3, [x1]
    8261c9c4:	91000421 	add	x1, x1, #0x1
    8261c9c8:	17ffffc5 	b	8261c8dc <number+0x14c>
    8261c9cc:	eb15003f 	cmp	x1, x21
    8261c9d0:	54000042 	b.cs	8261c9d8 <number+0x248>  // b.hs, b.nlast
    8261c9d4:	39000023 	strb	w3, [x1]
    8261c9d8:	91000421 	add	x1, x1, #0x1
    8261c9dc:	51000442 	sub	w2, w2, #0x1
    8261c9e0:	6b02001f 	cmp	w0, w2
    8261c9e4:	54ffff4d 	b.le	8261c9cc <number+0x23c>
    8261c9e8:	4b0000a2 	sub	w2, w5, w0
    8261c9ec:	6b05001f 	cmp	w0, w5
    8261c9f0:	9a9fd042 	csel	x2, x2, xzr, le
    8261c9f4:	51000401 	sub	w1, w0, #0x1
    8261c9f8:	8b020282 	add	x2, x20, x2
    8261c9fc:	910183e5 	add	x5, sp, #0x60
    8261ca00:	93407c21 	sxtw	x1, w1
    8261ca04:	aa0203e3 	mov	x3, x2
    8261ca08:	36f80261 	tbz	w1, #31, 8261ca54 <number+0x2c4>
    8261ca0c:	7100001f 	cmp	w0, #0x0
    8261ca10:	52800403 	mov	w3, #0x20                  	// #32
    8261ca14:	1a9fa000 	csel	w0, w0, wzr, ge  // ge = tcont
    8261ca18:	8b20c040 	add	x0, x2, w0, sxtw
    8261ca1c:	2a0403e2 	mov	w2, w4
    8261ca20:	aa0003e1 	mov	x1, x0
    8261ca24:	71000442 	subs	w2, w2, #0x1
    8261ca28:	54000245 	b.pl	8261ca70 <number+0x2e0>  // b.nfrst
    8261ca2c:	7100009f 	cmp	w4, #0x0
    8261ca30:	f0000041 	adrp	x1, 82627000 <multipliers+0x16ba>
    8261ca34:	1a9fa084 	csel	w4, w4, wzr, ge  // ge = tcont
    8261ca38:	f94057e2 	ldr	x2, [sp, #168]
    8261ca3c:	f9421c23 	ldr	x3, [x1, #1080]
    8261ca40:	eb030042 	subs	x2, x2, x3
    8261ca44:	d2800003 	mov	x3, #0x0                   	// #0
    8261ca48:	8b24c000 	add	x0, x0, w4, sxtw
    8261ca4c:	540001c0 	b.eq	8261ca84 <number+0x2f4>  // b.none
    8261ca50:	97ffd66b 	bl	826123fc <__stack_chk_fail>
    8261ca54:	eb15007f 	cmp	x3, x21
    8261ca58:	54000062 	b.cs	8261ca64 <number+0x2d4>  // b.hs, b.nlast
    8261ca5c:	38656826 	ldrb	w6, [x1, x5]
    8261ca60:	39000066 	strb	w6, [x3]
    8261ca64:	91000463 	add	x3, x3, #0x1
    8261ca68:	d1000421 	sub	x1, x1, #0x1
    8261ca6c:	17ffffe7 	b	8261ca08 <number+0x278>
    8261ca70:	eb15003f 	cmp	x1, x21
    8261ca74:	54000042 	b.cs	8261ca7c <number+0x2ec>  // b.hs, b.nlast
    8261ca78:	39000023 	strb	w3, [x1]
    8261ca7c:	91000421 	add	x1, x1, #0x1
    8261ca80:	17ffffe9 	b	8261ca24 <number+0x294>
    8261ca84:	a94153f3 	ldp	x19, x20, [sp, #16]
    8261ca88:	a9425bf5 	ldp	x21, x22, [sp, #32]
    8261ca8c:	a94363f7 	ldp	x23, x24, [sp, #48]
    8261ca90:	a9446bf9 	ldp	x25, x26, [sp, #64]
    8261ca94:	a94573fb 	ldp	x27, x28, [sp, #80]
    8261ca98:	a8cb7bfd 	ldp	x29, x30, [sp], #176
    8261ca9c:	d65f03c0 	ret

000000008261caa0 <string>:
    8261caa0:	a9bc7bfd 	stp	x29, x30, [sp, #-64]!
    8261caa4:	910003fd 	mov	x29, sp
    8261caa8:	a90153f3 	stp	x19, x20, [sp, #16]
    8261caac:	aa0003f4 	mov	x20, x0
    8261cab0:	2a0303f3 	mov	w19, w3
    8261cab4:	a9025bf5 	stp	x21, x22, [sp, #32]
    8261cab8:	aa0103f6 	mov	x22, x1
    8261cabc:	f9001bf7 	str	x23, [sp, #48]
    8261cac0:	2a0503f7 	mov	w23, w5
    8261cac4:	b50003c2 	cbnz	x2, 8261cb3c <string+0x9c>
    8261cac8:	f0000055 	adrp	x21, 82627000 <multipliers+0x16ba>
    8261cacc:	910abab5 	add	x21, x21, #0x2ae
    8261cad0:	93407c81 	sxtw	x1, w4
    8261cad4:	aa1503e0 	mov	x0, x21
    8261cad8:	97fffdd4 	bl	8261c228 <strnlen>
    8261cadc:	2a0003e4 	mov	w4, w0
    8261cae0:	36200537 	tbz	w23, #4, 8261cb84 <string+0xe4>
    8261cae4:	d2800003 	mov	x3, #0x0                   	// #0
    8261cae8:	6b03009f 	cmp	w4, w3
    8261caec:	5400054c 	b.gt	8261cb94 <string+0xf4>
    8261caf0:	92407c02 	and	x2, x0, #0xffffffff
    8261caf4:	7100001f 	cmp	w0, #0x0
    8261caf8:	9a9fa042 	csel	x2, x2, xzr, ge  // ge = tcont
    8261cafc:	52800405 	mov	w5, #0x20                  	// #32
    8261cb00:	8b020294 	add	x20, x20, x2
    8261cb04:	aa1403e2 	mov	x2, x20
    8261cb08:	0b140263 	add	w3, w19, w20
    8261cb0c:	4b020061 	sub	w1, w3, w2
    8261cb10:	6b01009f 	cmp	w4, w1
    8261cb14:	540004eb 	b.lt	8261cbb0 <string+0x110>  // b.tstop
    8261cb18:	6b00027f 	cmp	w19, w0
    8261cb1c:	4b000261 	sub	w1, w19, w0
    8261cb20:	9a9fa021 	csel	x1, x1, xzr, ge  // ge = tcont
    8261cb24:	8b010280 	add	x0, x20, x1
    8261cb28:	a94153f3 	ldp	x19, x20, [sp, #16]
    8261cb2c:	a9425bf5 	ldp	x21, x22, [sp, #32]
    8261cb30:	f9401bf7 	ldr	x23, [sp, #48]
    8261cb34:	a8c47bfd 	ldp	x29, x30, [sp], #64
    8261cb38:	d65f03c0 	ret
    8261cb3c:	aa0203f5 	mov	x21, x2
    8261cb40:	17ffffe4 	b	8261cad0 <string+0x30>
    8261cb44:	eb16005f 	cmp	x2, x22
    8261cb48:	54000042 	b.cs	8261cb50 <string+0xb0>  // b.hs, b.nlast
    8261cb4c:	39000045 	strb	w5, [x2]
    8261cb50:	91000442 	add	x2, x2, #0x1
    8261cb54:	4b020061 	sub	w1, w3, w2
    8261cb58:	6b01009f 	cmp	w4, w1
    8261cb5c:	54ffff4b 	b.lt	8261cb44 <string+0xa4>  // b.tstop
    8261cb60:	6b13001f 	cmp	w0, w19
    8261cb64:	4b000261 	sub	w1, w19, w0
    8261cb68:	9a9fd021 	csel	x1, x1, xzr, le
    8261cb6c:	8b010294 	add	x20, x20, x1
    8261cb70:	51000661 	sub	w1, w19, #0x1
    8261cb74:	4b130013 	sub	w19, w0, w19
    8261cb78:	1a9fd273 	csel	w19, w19, wzr, le
    8261cb7c:	0b130033 	add	w19, w1, w19
    8261cb80:	17ffffd9 	b	8261cae4 <string+0x44>
    8261cb84:	aa1403e2 	mov	x2, x20
    8261cb88:	0b140263 	add	w3, w19, w20
    8261cb8c:	52800405 	mov	w5, #0x20                  	// #32
    8261cb90:	17fffff1 	b	8261cb54 <string+0xb4>
    8261cb94:	8b030281 	add	x1, x20, x3
    8261cb98:	eb0102df 	cmp	x22, x1
    8261cb9c:	54000069 	b.ls	8261cba8 <string+0x108>  // b.plast
    8261cba0:	384016a1 	ldrb	w1, [x21], #1
    8261cba4:	38236a81 	strb	w1, [x20, x3]
    8261cba8:	91000463 	add	x3, x3, #0x1
    8261cbac:	17ffffcf 	b	8261cae8 <string+0x48>
    8261cbb0:	eb16005f 	cmp	x2, x22
    8261cbb4:	54000042 	b.cs	8261cbbc <string+0x11c>  // b.hs, b.nlast
    8261cbb8:	39000045 	strb	w5, [x2]
    8261cbbc:	91000442 	add	x2, x2, #0x1
    8261cbc0:	17ffffd3 	b	8261cb0c <string+0x6c>

000000008261cbc4 <vsnprintf_internal>:
    8261cbc4:	a9b57bfd 	stp	x29, x30, [sp, #-176]!
    8261cbc8:	910003fd 	mov	x29, sp
    8261cbcc:	a90153f3 	stp	x19, x20, [sp, #16]
    8261cbd0:	a9025bf5 	stp	x21, x22, [sp, #32]
    8261cbd4:	aa0003f6 	mov	x22, x0
    8261cbd8:	f0000040 	adrp	x0, 82627000 <multipliers+0x16ba>
    8261cbdc:	a90363f7 	stp	x23, x24, [sp, #48]
    8261cbe0:	a9046bf9 	stp	x25, x26, [sp, #64]
    8261cbe4:	a90573fb 	stp	x27, x28, [sp, #80]
    8261cbe8:	aa0203fb 	mov	x27, x2
    8261cbec:	f90033e1 	str	x1, [sp, #96]
    8261cbf0:	b9401874 	ldr	w20, [x3, #24]
    8261cbf4:	f9421c01 	ldr	x1, [x0, #1080]
    8261cbf8:	f90057e1 	str	x1, [sp, #168]
    8261cbfc:	d2800001 	mov	x1, #0x0                   	// #0
    8261cc00:	f94033e0 	ldr	x0, [sp, #96]
    8261cc04:	a9405c73 	ldp	x19, x23, [x3]
    8261cc08:	ab0002da 	adds	x26, x22, x0
    8261cc0c:	54000083 	b.cc	8261cc1c <vsnprintf_internal+0x58>  // b.lo, b.ul, b.last
    8261cc10:	aa3603e0 	mvn	x0, x22
    8261cc14:	9280001a 	mov	x26, #0xffffffffffffffff    	// #-1
    8261cc18:	f90033e0 	str	x0, [sp, #96]
    8261cc1c:	90000058 	adrp	x24, 82624000 <blk_find_max_devnum+0x3c>
    8261cc20:	90000059 	adrp	x25, 82624000 <blk_find_max_devnum+0x3c>
    8261cc24:	aa1603ea 	mov	x10, x22
    8261cc28:	912ca318 	add	x24, x24, #0xb28
    8261cc2c:	91329339 	add	x25, x25, #0xca4
    8261cc30:	39400360 	ldrb	w0, [x27]
    8261cc34:	35000180 	cbnz	w0, 8261cc64 <vsnprintf_internal+0xa0>
    8261cc38:	f94033e0 	ldr	x0, [sp, #96]
    8261cc3c:	b4000100 	cbz	x0, 8261cc5c <vsnprintf_internal+0x98>
    8261cc40:	eb1a015f 	cmp	x10, x26
    8261cc44:	54000042 	b.cs	8261cc4c <vsnprintf_internal+0x88>  // b.hs, b.nlast
    8261cc48:	3900015f 	strb	wzr, [x10]
    8261cc4c:	91000540 	add	x0, x10, #0x1
    8261cc50:	eb00035f 	cmp	x26, x0
    8261cc54:	54000042 	b.cs	8261cc5c <vsnprintf_internal+0x98>  // b.hs, b.nlast
    8261cc58:	381ff35f 	sturb	wzr, [x26, #-1]
    8261cc5c:	4b160140 	sub	w0, w10, w22
    8261cc60:	1400014e 	b	8261d198 <vsnprintf_internal+0x5d4>
    8261cc64:	7100941f 	cmp	w0, #0x25
    8261cc68:	540000c0 	b.eq	8261cc80 <vsnprintf_internal+0xbc>  // b.none
    8261cc6c:	eb1a015f 	cmp	x10, x26
    8261cc70:	54000042 	b.cs	8261cc78 <vsnprintf_internal+0xb4>  // b.hs, b.nlast
    8261cc74:	39000140 	strb	w0, [x10]
    8261cc78:	9100054a 	add	x10, x10, #0x1
    8261cc7c:	140000dc 	b	8261cfec <vsnprintf_internal+0x428>
    8261cc80:	52800006 	mov	w6, #0x0                   	// #0
    8261cc84:	14000009 	b	8261cca8 <vsnprintf_internal+0xe4>
    8261cc88:	7100b43f 	cmp	w1, #0x2d
    8261cc8c:	540000a0 	b.eq	8261cca0 <vsnprintf_internal+0xdc>  // b.none
    8261cc90:	7100c03f 	cmp	w1, #0x30
    8261cc94:	540001c1 	b.ne	8261cccc <vsnprintf_internal+0x108>  // b.any
    8261cc98:	320000c6 	orr	w6, w6, #0x1
    8261cc9c:	14000002 	b	8261cca4 <vsnprintf_internal+0xe0>
    8261cca0:	321c00c6 	orr	w6, w6, #0x10
    8261cca4:	aa0003fb 	mov	x27, x0
    8261cca8:	39400761 	ldrb	w1, [x27, #1]
    8261ccac:	91000760 	add	x0, x27, #0x1
    8261ccb0:	7100ac3f 	cmp	w1, #0x2b
    8261ccb4:	540001a0 	b.eq	8261cce8 <vsnprintf_internal+0x124>  // b.none
    8261ccb8:	54fffe88 	b.hi	8261cc88 <vsnprintf_internal+0xc4>  // b.pmore
    8261ccbc:	7100803f 	cmp	w1, #0x20
    8261ccc0:	54000180 	b.eq	8261ccf0 <vsnprintf_internal+0x12c>  // b.none
    8261ccc4:	71008c3f 	cmp	w1, #0x23
    8261ccc8:	54000180 	b.eq	8261ccf8 <vsnprintf_internal+0x134>  // b.none
    8261cccc:	5100c022 	sub	w2, w1, #0x30
    8261ccd0:	12001c42 	and	w2, w2, #0xff
    8261ccd4:	7100245f 	cmp	w2, #0x9
    8261ccd8:	540003c8 	b.hi	8261cd50 <vsnprintf_internal+0x18c>  // b.pmore
    8261ccdc:	5280000b 	mov	w11, #0x0                   	// #0
    8261cce0:	52800143 	mov	w3, #0xa                   	// #10
    8261cce4:	1400000a 	b	8261cd0c <vsnprintf_internal+0x148>
    8261cce8:	321e00c6 	orr	w6, w6, #0x4
    8261ccec:	17ffffee 	b	8261cca4 <vsnprintf_internal+0xe0>
    8261ccf0:	321d00c6 	orr	w6, w6, #0x8
    8261ccf4:	17ffffec 	b	8261cca4 <vsnprintf_internal+0xe0>
    8261ccf8:	321a00c6 	orr	w6, w6, #0x40
    8261ccfc:	17ffffea 	b	8261cca4 <vsnprintf_internal+0xe0>
    8261cd00:	1b03056b 	madd	w11, w11, w3, w1
    8261cd04:	91000400 	add	x0, x0, #0x1
    8261cd08:	5100c16b 	sub	w11, w11, #0x30
    8261cd0c:	39400001 	ldrb	w1, [x0]
    8261cd10:	5100c022 	sub	w2, w1, #0x30
    8261cd14:	12001c42 	and	w2, w2, #0xff
    8261cd18:	7100245f 	cmp	w2, #0x9
    8261cd1c:	54ffff29 	b.ls	8261cd00 <vsnprintf_internal+0x13c>  // b.plast
    8261cd20:	39400001 	ldrb	w1, [x0]
    8261cd24:	7100b83f 	cmp	w1, #0x2e
    8261cd28:	54000d21 	b.ne	8261cecc <vsnprintf_internal+0x308>  // b.any
    8261cd2c:	39400402 	ldrb	w2, [x0, #1]
    8261cd30:	9100041b 	add	x27, x0, #0x1
    8261cd34:	5100c041 	sub	w1, w2, #0x30
    8261cd38:	12001c21 	and	w1, w1, #0xff
    8261cd3c:	7100243f 	cmp	w1, #0x9
    8261cd40:	540009e8 	b.hi	8261ce7c <vsnprintf_internal+0x2b8>  // b.pmore
    8261cd44:	52800004 	mov	w4, #0x0                   	// #0
    8261cd48:	52800142 	mov	w2, #0xa                   	// #10
    8261cd4c:	1400001d 	b	8261cdc0 <vsnprintf_internal+0x1fc>
    8261cd50:	7100a83f 	cmp	w1, #0x2a
    8261cd54:	540002c1 	b.ne	8261cdac <vsnprintf_internal+0x1e8>  // b.any
    8261cd58:	91000b60 	add	x0, x27, #0x2
    8261cd5c:	37f80134 	tbnz	w20, #31, 8261cd80 <vsnprintf_internal+0x1bc>
    8261cd60:	91002e62 	add	x2, x19, #0xb
    8261cd64:	aa1303e1 	mov	x1, x19
    8261cd68:	927df053 	and	x19, x2, #0xfffffffffffffff8
    8261cd6c:	b940002b 	ldr	w11, [x1]
    8261cd70:	36fffd8b 	tbz	w11, #31, 8261cd20 <vsnprintf_internal+0x15c>
    8261cd74:	4b0b03eb 	neg	w11, w11
    8261cd78:	321c00c6 	orr	w6, w6, #0x10
    8261cd7c:	17ffffe9 	b	8261cd20 <vsnprintf_internal+0x15c>
    8261cd80:	11002282 	add	w2, w20, #0x8
    8261cd84:	7100005f 	cmp	w2, #0x0
    8261cd88:	540000cd 	b.le	8261cda0 <vsnprintf_internal+0x1dc>
    8261cd8c:	91002e63 	add	x3, x19, #0xb
    8261cd90:	aa1303e1 	mov	x1, x19
    8261cd94:	2a0203f4 	mov	w20, w2
    8261cd98:	927df073 	and	x19, x3, #0xfffffffffffffff8
    8261cd9c:	17fffff4 	b	8261cd6c <vsnprintf_internal+0x1a8>
    8261cda0:	8b34c2e1 	add	x1, x23, w20, sxtw
    8261cda4:	2a0203f4 	mov	w20, w2
    8261cda8:	17fffff1 	b	8261cd6c <vsnprintf_internal+0x1a8>
    8261cdac:	1280000b 	mov	w11, #0xffffffff            	// #-1
    8261cdb0:	17ffffdc 	b	8261cd20 <vsnprintf_internal+0x15c>
    8261cdb4:	1b020484 	madd	w4, w4, w2, w1
    8261cdb8:	9100077b 	add	x27, x27, #0x1
    8261cdbc:	5100c084 	sub	w4, w4, #0x30
    8261cdc0:	39400361 	ldrb	w1, [x27]
    8261cdc4:	5100c020 	sub	w0, w1, #0x30
    8261cdc8:	12001c00 	and	w0, w0, #0xff
    8261cdcc:	7100241f 	cmp	w0, #0x9
    8261cdd0:	54ffff29 	b.ls	8261cdb4 <vsnprintf_internal+0x1f0>  // b.plast
    8261cdd4:	7100009f 	cmp	w4, #0x0
    8261cdd8:	1a9fa084 	csel	w4, w4, wzr, ge  // ge = tcont
    8261cddc:	39400360 	ldrb	w0, [x27]
    8261cde0:	51013001 	sub	w1, w0, #0x4c
    8261cde4:	12001c21 	and	w1, w1, #0xff
    8261cde8:	7100b83f 	cmp	w1, #0x2e
    8261cdec:	540007a8 	b.hi	8261cee0 <vsnprintf_internal+0x31c>  // b.pmore
    8261cdf0:	d2880022 	mov	x2, #0x4001                	// #16385
    8261cdf4:	f2a20002 	movk	x2, #0x1000, lsl #16
    8261cdf8:	f2c82022 	movk	x2, #0x4101, lsl #32
    8261cdfc:	9ac12441 	lsr	x1, x2, x1
    8261ce00:	36000701 	tbz	w1, #0, 8261cee0 <vsnprintf_internal+0x31c>
    8261ce04:	39400762 	ldrb	w2, [x27, #1]
    8261ce08:	91000761 	add	x1, x27, #0x1
    8261ce0c:	7101b01f 	cmp	w0, #0x6c
    8261ce10:	540006c1 	b.ne	8261cee8 <vsnprintf_internal+0x324>  // b.any
    8261ce14:	7101b05f 	cmp	w2, #0x6c
    8261ce18:	54000681 	b.ne	8261cee8 <vsnprintf_internal+0x324>  // b.any
    8261ce1c:	91000b7b 	add	x27, x27, #0x2
    8261ce20:	52800980 	mov	w0, #0x4c                  	// #76
    8261ce24:	39400361 	ldrb	w1, [x27]
    8261ce28:	7101e03f 	cmp	w1, #0x78
    8261ce2c:	54000108 	b.hi	8261ce4c <vsnprintf_internal+0x288>  // b.pmore
    8261ce30:	7101883f 	cmp	w1, #0x62
    8261ce34:	540005e8 	b.hi	8261cef0 <vsnprintf_internal+0x32c>  // b.pmore
    8261ce38:	7100943f 	cmp	w1, #0x25
    8261ce3c:	54002ca0 	b.eq	8261d3d0 <vsnprintf_internal+0x80c>  // b.none
    8261ce40:	52800203 	mov	w3, #0x10                  	// #16
    8261ce44:	7101603f 	cmp	w1, #0x58
    8261ce48:	54000640 	b.eq	8261cf10 <vsnprintf_internal+0x34c>  // b.none
    8261ce4c:	eb1a015f 	cmp	x10, x26
    8261ce50:	54000062 	b.cs	8261ce5c <vsnprintf_internal+0x298>  // b.hs, b.nlast
    8261ce54:	528004a0 	mov	w0, #0x25                  	// #37
    8261ce58:	39000140 	strb	w0, [x10]
    8261ce5c:	39400361 	ldrb	w1, [x27]
    8261ce60:	91000540 	add	x0, x10, #0x1
    8261ce64:	34002ca1 	cbz	w1, 8261d3f8 <vsnprintf_internal+0x834>
    8261ce68:	eb00035f 	cmp	x26, x0
    8261ce6c:	54000049 	b.ls	8261ce74 <vsnprintf_internal+0x2b0>  // b.plast
    8261ce70:	39000541 	strb	w1, [x10, #1]
    8261ce74:	9100094a 	add	x10, x10, #0x2
    8261ce78:	1400005d 	b	8261cfec <vsnprintf_internal+0x428>
    8261ce7c:	7100a85f 	cmp	w2, #0x2a
    8261ce80:	540002c1 	b.ne	8261ced8 <vsnprintf_internal+0x314>  // b.any
    8261ce84:	9100081b 	add	x27, x0, #0x2
    8261ce88:	37f80114 	tbnz	w20, #31, 8261cea8 <vsnprintf_internal+0x2e4>
    8261ce8c:	91002e60 	add	x0, x19, #0xb
    8261ce90:	2a1403e1 	mov	w1, w20
    8261ce94:	927df000 	and	x0, x0, #0xfffffffffffffff8
    8261ce98:	b9400264 	ldr	w4, [x19]
    8261ce9c:	2a0103f4 	mov	w20, w1
    8261cea0:	aa0003f3 	mov	x19, x0
    8261cea4:	17ffffcc 	b	8261cdd4 <vsnprintf_internal+0x210>
    8261cea8:	11002281 	add	w1, w20, #0x8
    8261ceac:	7100003f 	cmp	w1, #0x0
    8261ceb0:	5400008d 	b.le	8261cec0 <vsnprintf_internal+0x2fc>
    8261ceb4:	91002e60 	add	x0, x19, #0xb
    8261ceb8:	927df000 	and	x0, x0, #0xfffffffffffffff8
    8261cebc:	17fffff7 	b	8261ce98 <vsnprintf_internal+0x2d4>
    8261cec0:	aa1303e0 	mov	x0, x19
    8261cec4:	8b34c2f3 	add	x19, x23, w20, sxtw
    8261cec8:	17fffff4 	b	8261ce98 <vsnprintf_internal+0x2d4>
    8261cecc:	aa0003fb 	mov	x27, x0
    8261ced0:	12800004 	mov	w4, #0xffffffff            	// #-1
    8261ced4:	17ffffc2 	b	8261cddc <vsnprintf_internal+0x218>
    8261ced8:	52800004 	mov	w4, #0x0                   	// #0
    8261cedc:	17ffffc0 	b	8261cddc <vsnprintf_internal+0x218>
    8261cee0:	12800000 	mov	w0, #0xffffffff            	// #-1
    8261cee4:	17ffffd0 	b	8261ce24 <vsnprintf_internal+0x260>
    8261cee8:	aa0103fb 	mov	x27, x1
    8261ceec:	17ffffce 	b	8261ce24 <vsnprintf_internal+0x260>
    8261cef0:	51018c21 	sub	w1, w1, #0x63
    8261cef4:	7100543f 	cmp	w1, #0x15
    8261cef8:	54fffaa8 	b.hi	8261ce4c <vsnprintf_internal+0x288>  // b.pmore
    8261cefc:	78615b01 	ldrh	w1, [x24, w1, uxtw #1]
    8261cf00:	10000062 	adr	x2, 8261cf0c <vsnprintf_internal+0x348>
    8261cf04:	8b21a841 	add	x1, x2, w1, sxth #2
    8261cf08:	d61f0020 	br	x1
    8261cf0c:	52800103 	mov	w3, #0x8                   	// #8
    8261cf10:	7101301f 	cmp	w0, #0x4c
    8261cf14:	54002781 	b.ne	8261d404 <vsnprintf_internal+0x840>  // b.any
    8261cf18:	37f829f4 	tbnz	w20, #31, 8261d454 <vsnprintf_internal+0x890>
    8261cf1c:	91003e75 	add	x21, x19, #0xf
    8261cf20:	2a1403fc 	mov	w28, w20
    8261cf24:	927df2b5 	and	x21, x21, #0xfffffffffffffff8
    8261cf28:	f9400262 	ldr	x2, [x19]
    8261cf2c:	2a0403e5 	mov	w5, w4
    8261cf30:	aa1a03e1 	mov	x1, x26
    8261cf34:	2a0b03e4 	mov	w4, w11
    8261cf38:	aa0a03e0 	mov	x0, x10
    8261cf3c:	97fffe15 	bl	8261c790 <number>
    8261cf40:	14000045 	b	8261d054 <vsnprintf_internal+0x490>
    8261cf44:	372002a6 	tbnz	w6, #4, 8261cf98 <vsnprintf_internal+0x3d4>
    8261cf48:	2a0b03e1 	mov	w1, w11
    8261cf4c:	aa0a03e0 	mov	x0, x10
    8261cf50:	52800402 	mov	w2, #0x20                  	// #32
    8261cf54:	14000005 	b	8261cf68 <vsnprintf_internal+0x3a4>
    8261cf58:	eb1a001f 	cmp	x0, x26
    8261cf5c:	54000042 	b.cs	8261cf64 <vsnprintf_internal+0x3a0>  // b.hs, b.nlast
    8261cf60:	39000002 	strb	w2, [x0]
    8261cf64:	91000400 	add	x0, x0, #0x1
    8261cf68:	51000421 	sub	w1, w1, #0x1
    8261cf6c:	7100003f 	cmp	w1, #0x0
    8261cf70:	54ffff4c 	b.gt	8261cf58 <vsnprintf_internal+0x394>
    8261cf74:	51000560 	sub	w0, w11, #0x1
    8261cf78:	7100017f 	cmp	w11, #0x0
    8261cf7c:	9a9fc000 	csel	x0, x0, xzr, gt
    8261cf80:	51000561 	sub	w1, w11, #0x1
    8261cf84:	8b00014a 	add	x10, x10, x0
    8261cf88:	52800020 	mov	w0, #0x1                   	// #1
    8261cf8c:	1a80c16b 	csel	w11, w11, w0, gt
    8261cf90:	4b0b000b 	sub	w11, w0, w11
    8261cf94:	0b01016b 	add	w11, w11, w1
    8261cf98:	eb1a015f 	cmp	x10, x26
    8261cf9c:	54000122 	b.cs	8261cfc0 <vsnprintf_internal+0x3fc>  // b.hs, b.nlast
    8261cfa0:	37f802b4 	tbnz	w20, #31, 8261cff4 <vsnprintf_internal+0x430>
    8261cfa4:	91002e60 	add	x0, x19, #0xb
    8261cfa8:	2a1403e1 	mov	w1, w20
    8261cfac:	927df000 	and	x0, x0, #0xfffffffffffffff8
    8261cfb0:	b9400262 	ldr	w2, [x19]
    8261cfb4:	2a0103f4 	mov	w20, w1
    8261cfb8:	aa0003f3 	mov	x19, x0
    8261cfbc:	39000142 	strb	w2, [x10]
    8261cfc0:	91000540 	add	x0, x10, #0x1
    8261cfc4:	2a0b03e2 	mov	w2, w11
    8261cfc8:	aa0003e1 	mov	x1, x0
    8261cfcc:	52800403 	mov	w3, #0x20                  	// #32
    8261cfd0:	51000442 	sub	w2, w2, #0x1
    8261cfd4:	7100005f 	cmp	w2, #0x0
    8261cfd8:	5400020c 	b.gt	8261d018 <vsnprintf_internal+0x454>
    8261cfdc:	51000561 	sub	w1, w11, #0x1
    8261cfe0:	7100017f 	cmp	w11, #0x0
    8261cfe4:	9a9fc021 	csel	x1, x1, xzr, gt
    8261cfe8:	8b01000a 	add	x10, x0, x1
    8261cfec:	9100077b 	add	x27, x27, #0x1
    8261cff0:	17ffff10 	b	8261cc30 <vsnprintf_internal+0x6c>
    8261cff4:	11002281 	add	w1, w20, #0x8
    8261cff8:	7100003f 	cmp	w1, #0x0
    8261cffc:	5400008d 	b.le	8261d00c <vsnprintf_internal+0x448>
    8261d000:	91002e60 	add	x0, x19, #0xb
    8261d004:	927df000 	and	x0, x0, #0xfffffffffffffff8
    8261d008:	17ffffea 	b	8261cfb0 <vsnprintf_internal+0x3ec>
    8261d00c:	aa1303e0 	mov	x0, x19
    8261d010:	8b34c2f3 	add	x19, x23, w20, sxtw
    8261d014:	17ffffe7 	b	8261cfb0 <vsnprintf_internal+0x3ec>
    8261d018:	eb1a003f 	cmp	x1, x26
    8261d01c:	54000042 	b.cs	8261d024 <vsnprintf_internal+0x460>  // b.hs, b.nlast
    8261d020:	39000023 	strb	w3, [x1]
    8261d024:	91000421 	add	x1, x1, #0x1
    8261d028:	17ffffea 	b	8261cfd0 <vsnprintf_internal+0x40c>
    8261d02c:	37f801d4 	tbnz	w20, #31, 8261d064 <vsnprintf_internal+0x4a0>
    8261d030:	91003e75 	add	x21, x19, #0xf
    8261d034:	2a1403fc 	mov	w28, w20
    8261d038:	927df2b5 	and	x21, x21, #0xfffffffffffffff8
    8261d03c:	f9400262 	ldr	x2, [x19]
    8261d040:	2a0603e5 	mov	w5, w6
    8261d044:	2a0b03e3 	mov	w3, w11
    8261d048:	aa1a03e1 	mov	x1, x26
    8261d04c:	aa0a03e0 	mov	x0, x10
    8261d050:	97fffe94 	bl	8261caa0 <string>
    8261d054:	aa0003ea 	mov	x10, x0
    8261d058:	2a1c03f4 	mov	w20, w28
    8261d05c:	aa1503f3 	mov	x19, x21
    8261d060:	17ffffe3 	b	8261cfec <vsnprintf_internal+0x428>
    8261d064:	1100229c 	add	w28, w20, #0x8
    8261d068:	7100039f 	cmp	w28, #0x0
    8261d06c:	5400008d 	b.le	8261d07c <vsnprintf_internal+0x4b8>
    8261d070:	91003e75 	add	x21, x19, #0xf
    8261d074:	927df2b5 	and	x21, x21, #0xfffffffffffffff8
    8261d078:	17fffff1 	b	8261d03c <vsnprintf_internal+0x478>
    8261d07c:	aa1303f5 	mov	x21, x19
    8261d080:	8b34c2f3 	add	x19, x23, w20, sxtw
    8261d084:	17ffffee 	b	8261d03c <vsnprintf_internal+0x478>
    8261d088:	37f80294 	tbnz	w20, #31, 8261d0d8 <vsnprintf_internal+0x514>
    8261d08c:	91003e61 	add	x1, x19, #0xf
    8261d090:	aa1303e0 	mov	x0, x19
    8261d094:	927df033 	and	x19, x1, #0xfffffffffffffff8
    8261d098:	f940000e 	ldr	x14, [x0]
    8261d09c:	39400760 	ldrb	w0, [x27, #1]
    8261d0a0:	aa0e03e1 	mov	x1, x14
    8261d0a4:	7101841f 	cmp	w0, #0x61
    8261d0a8:	54000860 	b.eq	8261d1b4 <vsnprintf_internal+0x5f0>  // b.none
    8261d0ac:	540002c8 	b.hi	8261d104 <vsnprintf_internal+0x540>  // b.pmore
    8261d0b0:	7101241f 	cmp	w0, #0x49
    8261d0b4:	54000a00 	b.eq	8261d1f4 <vsnprintf_internal+0x630>  // b.none
    8261d0b8:	7101341f 	cmp	w0, #0x4d
    8261d0bc:	540002e0 	b.eq	8261d118 <vsnprintf_internal+0x554>  // b.none
    8261d0c0:	3100057f 	cmn	w11, #0x1
    8261d0c4:	54000801 	b.ne	8261d1c4 <vsnprintf_internal+0x600>  // b.any
    8261d0c8:	52800425 	mov	w5, #0x21                  	// #33
    8261d0cc:	5280020b 	mov	w11, #0x10                  	// #16
    8261d0d0:	2a0500c6 	orr	w6, w6, w5
    8261d0d4:	1400003d 	b	8261d1c8 <vsnprintf_internal+0x604>
    8261d0d8:	11002281 	add	w1, w20, #0x8
    8261d0dc:	7100003f 	cmp	w1, #0x0
    8261d0e0:	540000cd 	b.le	8261d0f8 <vsnprintf_internal+0x534>
    8261d0e4:	91003e62 	add	x2, x19, #0xf
    8261d0e8:	aa1303e0 	mov	x0, x19
    8261d0ec:	2a0103f4 	mov	w20, w1
    8261d0f0:	927df053 	and	x19, x2, #0xfffffffffffffff8
    8261d0f4:	17ffffe9 	b	8261d098 <vsnprintf_internal+0x4d4>
    8261d0f8:	8b34c2e0 	add	x0, x23, w20, sxtw
    8261d0fc:	2a0103f4 	mov	w20, w1
    8261d100:	17ffffe6 	b	8261d098 <vsnprintf_internal+0x4d4>
    8261d104:	7101a41f 	cmp	w0, #0x69
    8261d108:	54000740 	b.eq	8261d1f0 <vsnprintf_internal+0x62c>  // b.none
    8261d10c:	7101b41f 	cmp	w0, #0x6d
    8261d110:	54fffd81 	b.ne	8261d0c0 <vsnprintf_internal+0x4fc>  // b.any
    8261d114:	321a00c6 	orr	w6, w6, #0x40
    8261d118:	910203e0 	add	x0, sp, #0x80
    8261d11c:	90000045 	adrp	x5, 82625000 <_ctype+0x35c>
    8261d120:	aa0003e2 	mov	x2, x0
    8261d124:	911784a5 	add	x5, x5, #0x5e1
    8261d128:	121a00cd 	and	w13, w6, #0x40
    8261d12c:	d2800003 	mov	x3, #0x0                   	// #0
    8261d130:	5280074f 	mov	w15, #0x3a                  	// #58
    8261d134:	386369cc 	ldrb	w12, [x14, x3]
    8261d138:	d3441d81 	ubfx	x1, x12, #4, #4
    8261d13c:	92400d8c 	and	x12, x12, #0xf
    8261d140:	386168b0 	ldrb	w16, [x5, x1]
    8261d144:	aa0003e1 	mov	x1, x0
    8261d148:	386c68ac 	ldrb	w12, [x5, x12]
    8261d14c:	38002430 	strb	w16, [x1], #2
    8261d150:	3900040c 	strb	w12, [x0, #1]
    8261d154:	350000ad 	cbnz	w13, 8261d168 <vsnprintf_internal+0x5a4>
    8261d158:	f100147f 	cmp	x3, #0x5
    8261d15c:	54000060 	b.eq	8261d168 <vsnprintf_internal+0x5a4>  // b.none
    8261d160:	91000c01 	add	x1, x0, #0x3
    8261d164:	3900080f 	strb	w15, [x0, #2]
    8261d168:	91000463 	add	x3, x3, #0x1
    8261d16c:	f100187f 	cmp	x3, #0x6
    8261d170:	540003c1 	b.ne	8261d1e8 <vsnprintf_internal+0x624>  // b.any
    8261d174:	121978c5 	and	w5, w6, #0xffffffbf
    8261d178:	3900003f 	strb	wzr, [x1]
    8261d17c:	2a0b03e3 	mov	w3, w11
    8261d180:	aa1a03e1 	mov	x1, x26
    8261d184:	aa0a03e0 	mov	x0, x10
    8261d188:	97fffe46 	bl	8261caa0 <string>
    8261d18c:	aa0003ea 	mov	x10, x0
    8261d190:	b140041f 	cmn	x0, #0x1, lsl #12
    8261d194:	54000c49 	b.ls	8261d31c <vsnprintf_internal+0x758>  // b.plast
    8261d198:	d0000041 	adrp	x1, 82627000 <multipliers+0x16ba>
    8261d19c:	f94057e2 	ldr	x2, [sp, #168]
    8261d1a0:	f9421c23 	ldr	x3, [x1, #1080]
    8261d1a4:	eb030042 	subs	x2, x2, x3
    8261d1a8:	d2800003 	mov	x3, #0x0                   	// #0
    8261d1ac:	540019a0 	b.eq	8261d4e0 <vsnprintf_internal+0x91c>  // b.none
    8261d1b0:	97ffd493 	bl	826123fc <__stack_chk_fail>
    8261d1b4:	f94001c1 	ldr	x1, [x14]
    8261d1b8:	52800820 	mov	w0, #0x41                  	// #65
    8261d1bc:	2a0000c6 	orr	w6, w6, w0
    8261d1c0:	5280024b 	mov	w11, #0x12                  	// #18
    8261d1c4:	321b00c6 	orr	w6, w6, #0x20
    8261d1c8:	2a0403e5 	mov	w5, w4
    8261d1cc:	aa0103e2 	mov	x2, x1
    8261d1d0:	2a0b03e4 	mov	w4, w11
    8261d1d4:	aa1a03e1 	mov	x1, x26
    8261d1d8:	aa0a03e0 	mov	x0, x10
    8261d1dc:	52800203 	mov	w3, #0x10                  	// #16
    8261d1e0:	97fffd6c 	bl	8261c790 <number>
    8261d1e4:	17ffffea 	b	8261d18c <vsnprintf_internal+0x5c8>
    8261d1e8:	aa0103e0 	mov	x0, x1
    8261d1ec:	17ffffd2 	b	8261d134 <vsnprintf_internal+0x570>
    8261d1f0:	321a00c6 	orr	w6, w6, #0x40
    8261d1f4:	39400b60 	ldrb	w0, [x27, #2]
    8261d1f8:	121978cf 	and	w15, w6, #0xffffffbf
    8261d1fc:	7100d81f 	cmp	w0, #0x36
    8261d200:	540004a1 	b.ne	8261d294 <vsnprintf_internal+0x6d0>  // b.any
    8261d204:	910203e0 	add	x0, sp, #0x80
    8261d208:	90000043 	adrp	x3, 82625000 <_ctype+0x35c>
    8261d20c:	aa0003e2 	mov	x2, x0
    8261d210:	91178463 	add	x3, x3, #0x5e1
    8261d214:	121a00c6 	and	w6, w6, #0x40
    8261d218:	52800005 	mov	w5, #0x0                   	// #0
    8261d21c:	5280074e 	mov	w14, #0x3a                  	// #58
    8261d220:	3940002c 	ldrb	w12, [x1]
    8261d224:	d3441d8d 	ubfx	x13, x12, #4, #4
    8261d228:	92400d8c 	and	x12, x12, #0xf
    8261d22c:	386d686d 	ldrb	w13, [x3, x13]
    8261d230:	386c686c 	ldrb	w12, [x3, x12]
    8261d234:	3900000d 	strb	w13, [x0]
    8261d238:	3900040c 	strb	w12, [x0, #1]
    8261d23c:	3940042c 	ldrb	w12, [x1, #1]
    8261d240:	d3441d8d 	ubfx	x13, x12, #4, #4
    8261d244:	92400d8c 	and	x12, x12, #0xf
    8261d248:	386d686d 	ldrb	w13, [x3, x13]
    8261d24c:	386c686c 	ldrb	w12, [x3, x12]
    8261d250:	3900080d 	strb	w13, [x0, #2]
    8261d254:	9100100d 	add	x13, x0, #0x4
    8261d258:	39000c0c 	strb	w12, [x0, #3]
    8261d25c:	350000a6 	cbnz	w6, 8261d270 <vsnprintf_internal+0x6ac>
    8261d260:	71001cbf 	cmp	w5, #0x7
    8261d264:	54000060 	b.eq	8261d270 <vsnprintf_internal+0x6ac>  // b.none
    8261d268:	9100140d 	add	x13, x0, #0x5
    8261d26c:	3900100e 	strb	w14, [x0, #4]
    8261d270:	110004a5 	add	w5, w5, #0x1
    8261d274:	91000821 	add	x1, x1, #0x2
    8261d278:	710020bf 	cmp	w5, #0x8
    8261d27c:	54000081 	b.ne	8261d28c <vsnprintf_internal+0x6c8>  // b.any
    8261d280:	2a0f03e5 	mov	w5, w15
    8261d284:	390001bf 	strb	wzr, [x13]
    8261d288:	17ffffbd 	b	8261d17c <vsnprintf_internal+0x5b8>
    8261d28c:	aa0d03e0 	mov	x0, x13
    8261d290:	17ffffe4 	b	8261d220 <vsnprintf_internal+0x65c>
    8261d294:	2a0f03e6 	mov	w6, w15
    8261d298:	7100d01f 	cmp	w0, #0x34
    8261d29c:	54fff121 	b.ne	8261d0c0 <vsnprintf_internal+0x4fc>  // b.any
    8261d2a0:	910203ec 	add	x12, sp, #0x80
    8261d2a4:	9101e3fc 	add	x28, sp, #0x78
    8261d2a8:	aa0c03f5 	mov	x21, x12
    8261d2ac:	d280000d 	mov	x13, #0x0                   	// #0
    8261d2b0:	528005c2 	mov	w2, #0x2e                  	// #46
    8261d2b4:	386d69c1 	ldrb	w1, [x14, x13]
    8261d2b8:	aa1c03e0 	mov	x0, x28
    8261d2bc:	290d0be4 	stp	w4, w2, [sp, #104]
    8261d2c0:	97fffcc8 	bl	8261c5e0 <put_dec_trunc>
    8261d2c4:	cb1c0000 	sub	x0, x0, x28
    8261d2c8:	294d0be4 	ldp	w4, w2, [sp, #104]
    8261d2cc:	aa0c03e3 	mov	x3, x12
    8261d2d0:	93407c01 	sxtw	x1, w0
    8261d2d4:	d1000421 	sub	x1, x1, #0x1
    8261d2d8:	3100043f 	cmn	w1, #0x1
    8261d2dc:	540001a1 	b.ne	8261d310 <vsnprintf_internal+0x74c>  // b.any
    8261d2e0:	8b20418c 	add	x12, x12, w0, uxtw
    8261d2e4:	f1000dbf 	cmp	x13, #0x3
    8261d2e8:	54000040 	b.eq	8261d2f0 <vsnprintf_internal+0x72c>  // b.none
    8261d2ec:	38001582 	strb	w2, [x12], #1
    8261d2f0:	910005ad 	add	x13, x13, #0x1
    8261d2f4:	f10011bf 	cmp	x13, #0x4
    8261d2f8:	54fffde1 	b.ne	8261d2b4 <vsnprintf_internal+0x6f0>  // b.any
    8261d2fc:	2a0f03e5 	mov	w5, w15
    8261d300:	2a0b03e3 	mov	w3, w11
    8261d304:	aa1503e2 	mov	x2, x21
    8261d308:	3900019f 	strb	wzr, [x12]
    8261d30c:	17ffff9d 	b	8261d180 <vsnprintf_internal+0x5bc>
    8261d310:	38616b85 	ldrb	w5, [x28, x1]
    8261d314:	38001465 	strb	w5, [x3], #1
    8261d318:	17ffffef 	b	8261d2d4 <vsnprintf_internal+0x710>
    8261d31c:	39400760 	ldrb	w0, [x27, #1]
    8261d320:	38606b21 	ldrb	w1, [x25, x0]
    8261d324:	aa1b03e0 	mov	x0, x27
    8261d328:	9100077b 	add	x27, x27, #0x1
    8261d32c:	f240083f 	tst	x1, #0x7
    8261d330:	54ffff61 	b.ne	8261d31c <vsnprintf_internal+0x758>  // b.any
    8261d334:	aa0003fb 	mov	x27, x0
    8261d338:	17ffff2d 	b	8261cfec <vsnprintf_internal+0x428>
    8261d33c:	7101b01f 	cmp	w0, #0x6c
    8261d340:	cb160142 	sub	x2, x10, x22
    8261d344:	54000261 	b.ne	8261d390 <vsnprintf_internal+0x7cc>  // b.any
    8261d348:	37f80134 	tbnz	w20, #31, 8261d36c <vsnprintf_internal+0x7a8>
    8261d34c:	91003e60 	add	x0, x19, #0xf
    8261d350:	2a1403e1 	mov	w1, w20
    8261d354:	927df000 	and	x0, x0, #0xfffffffffffffff8
    8261d358:	f9400263 	ldr	x3, [x19]
    8261d35c:	f9000062 	str	x2, [x3]
    8261d360:	2a0103f4 	mov	w20, w1
    8261d364:	aa0003f3 	mov	x19, x0
    8261d368:	17ffff21 	b	8261cfec <vsnprintf_internal+0x428>
    8261d36c:	11002281 	add	w1, w20, #0x8
    8261d370:	7100003f 	cmp	w1, #0x0
    8261d374:	5400008d 	b.le	8261d384 <vsnprintf_internal+0x7c0>
    8261d378:	91003e60 	add	x0, x19, #0xf
    8261d37c:	927df000 	and	x0, x0, #0xfffffffffffffff8
    8261d380:	17fffff6 	b	8261d358 <vsnprintf_internal+0x794>
    8261d384:	aa1303e0 	mov	x0, x19
    8261d388:	8b34c2f3 	add	x19, x23, w20, sxtw
    8261d38c:	17fffff3 	b	8261d358 <vsnprintf_internal+0x794>
    8261d390:	37f800f4 	tbnz	w20, #31, 8261d3ac <vsnprintf_internal+0x7e8>
    8261d394:	91003e60 	add	x0, x19, #0xf
    8261d398:	2a1403e1 	mov	w1, w20
    8261d39c:	927df000 	and	x0, x0, #0xfffffffffffffff8
    8261d3a0:	f9400263 	ldr	x3, [x19]
    8261d3a4:	b9000062 	str	w2, [x3]
    8261d3a8:	17ffffee 	b	8261d360 <vsnprintf_internal+0x79c>
    8261d3ac:	11002281 	add	w1, w20, #0x8
    8261d3b0:	7100003f 	cmp	w1, #0x0
    8261d3b4:	5400008d 	b.le	8261d3c4 <vsnprintf_internal+0x800>
    8261d3b8:	91003e60 	add	x0, x19, #0xf
    8261d3bc:	927df000 	and	x0, x0, #0xfffffffffffffff8
    8261d3c0:	17fffff8 	b	8261d3a0 <vsnprintf_internal+0x7dc>
    8261d3c4:	aa1303e0 	mov	x0, x19
    8261d3c8:	8b34c2f3 	add	x19, x23, w20, sxtw
    8261d3cc:	17fffff5 	b	8261d3a0 <vsnprintf_internal+0x7dc>
    8261d3d0:	eb1a015f 	cmp	x10, x26
    8261d3d4:	54ffc522 	b.cs	8261cc78 <vsnprintf_internal+0xb4>  // b.hs, b.nlast
    8261d3d8:	39000141 	strb	w1, [x10]
    8261d3dc:	17fffe27 	b	8261cc78 <vsnprintf_internal+0xb4>
    8261d3e0:	321b00c6 	orr	w6, w6, #0x20
    8261d3e4:	52800203 	mov	w3, #0x10                  	// #16
    8261d3e8:	17fffeca 	b	8261cf10 <vsnprintf_internal+0x34c>
    8261d3ec:	321f00c6 	orr	w6, w6, #0x2
    8261d3f0:	52800143 	mov	w3, #0xa                   	// #10
    8261d3f4:	17fffec7 	b	8261cf10 <vsnprintf_internal+0x34c>
    8261d3f8:	d100077b 	sub	x27, x27, #0x1
    8261d3fc:	aa0003ea 	mov	x10, x0
    8261d400:	17fffefb 	b	8261cfec <vsnprintf_internal+0x428>
    8261d404:	7101b01f 	cmp	w0, #0x6c
    8261d408:	54ffd880 	b.eq	8261cf18 <vsnprintf_internal+0x354>  // b.none
    8261d40c:	121a7801 	and	w1, w0, #0xffffffdf
    8261d410:	7101683f 	cmp	w1, #0x5a
    8261d414:	54ffd820 	b.eq	8261cf18 <vsnprintf_internal+0x354>  // b.none
    8261d418:	7101d01f 	cmp	w0, #0x74
    8261d41c:	54ffd7e0 	b.eq	8261cf18 <vsnprintf_internal+0x354>  // b.none
    8261d420:	7101a01f 	cmp	w0, #0x68
    8261d424:	121f00c0 	and	w0, w6, #0x2
    8261d428:	540003a1 	b.ne	8261d49c <vsnprintf_internal+0x8d8>  // b.any
    8261d42c:	37f80274 	tbnz	w20, #31, 8261d478 <vsnprintf_internal+0x8b4>
    8261d430:	91002e75 	add	x21, x19, #0xb
    8261d434:	2a1403fc 	mov	w28, w20
    8261d438:	927df2b5 	and	x21, x21, #0xfffffffffffffff8
    8261d43c:	b9400262 	ldr	w2, [x19]
    8261d440:	92403c41 	and	x1, x2, #0xffff
    8261d444:	93403c42 	sxth	x2, w2
    8261d448:	7100001f 	cmp	w0, #0x0
    8261d44c:	9a811042 	csel	x2, x2, x1, ne  // ne = any
    8261d450:	17fffeb7 	b	8261cf2c <vsnprintf_internal+0x368>
    8261d454:	1100229c 	add	w28, w20, #0x8
    8261d458:	7100039f 	cmp	w28, #0x0
    8261d45c:	5400008d 	b.le	8261d46c <vsnprintf_internal+0x8a8>
    8261d460:	91003e75 	add	x21, x19, #0xf
    8261d464:	927df2b5 	and	x21, x21, #0xfffffffffffffff8
    8261d468:	17fffeb0 	b	8261cf28 <vsnprintf_internal+0x364>
    8261d46c:	aa1303f5 	mov	x21, x19
    8261d470:	8b34c2f3 	add	x19, x23, w20, sxtw
    8261d474:	17fffead 	b	8261cf28 <vsnprintf_internal+0x364>
    8261d478:	1100229c 	add	w28, w20, #0x8
    8261d47c:	7100039f 	cmp	w28, #0x0
    8261d480:	5400008d 	b.le	8261d490 <vsnprintf_internal+0x8cc>
    8261d484:	91002e75 	add	x21, x19, #0xb
    8261d488:	927df2b5 	and	x21, x21, #0xfffffffffffffff8
    8261d48c:	17ffffec 	b	8261d43c <vsnprintf_internal+0x878>
    8261d490:	aa1303f5 	mov	x21, x19
    8261d494:	8b34c2f3 	add	x19, x23, w20, sxtw
    8261d498:	17ffffe9 	b	8261d43c <vsnprintf_internal+0x878>
    8261d49c:	37f80114 	tbnz	w20, #31, 8261d4bc <vsnprintf_internal+0x8f8>
    8261d4a0:	91002e75 	add	x21, x19, #0xb
    8261d4a4:	2a1403fc 	mov	w28, w20
    8261d4a8:	927df2b5 	and	x21, x21, #0xfffffffffffffff8
    8261d4ac:	b9400262 	ldr	w2, [x19]
    8261d4b0:	2a0203e1 	mov	w1, w2
    8261d4b4:	93407c42 	sxtw	x2, w2
    8261d4b8:	17ffffe4 	b	8261d448 <vsnprintf_internal+0x884>
    8261d4bc:	1100229c 	add	w28, w20, #0x8
    8261d4c0:	7100039f 	cmp	w28, #0x0
    8261d4c4:	5400008d 	b.le	8261d4d4 <vsnprintf_internal+0x910>
    8261d4c8:	91002e75 	add	x21, x19, #0xb
    8261d4cc:	927df2b5 	and	x21, x21, #0xfffffffffffffff8
    8261d4d0:	17fffff7 	b	8261d4ac <vsnprintf_internal+0x8e8>
    8261d4d4:	aa1303f5 	mov	x21, x19
    8261d4d8:	8b34c2f3 	add	x19, x23, w20, sxtw
    8261d4dc:	17fffff4 	b	8261d4ac <vsnprintf_internal+0x8e8>
    8261d4e0:	a94153f3 	ldp	x19, x20, [sp, #16]
    8261d4e4:	a9425bf5 	ldp	x21, x22, [sp, #32]
    8261d4e8:	a94363f7 	ldp	x23, x24, [sp, #48]
    8261d4ec:	a9446bf9 	ldp	x25, x26, [sp, #64]
    8261d4f0:	a94573fb 	ldp	x27, x28, [sp, #80]
    8261d4f4:	a8cb7bfd 	ldp	x29, x30, [sp], #176
    8261d4f8:	d65f03c0 	ret

000000008261d4fc <vscnprintf>:
    8261d4fc:	a9b97bfd 	stp	x29, x30, [sp, #-112]!
    8261d500:	910003fd 	mov	x29, sp
    8261d504:	a90153f3 	stp	x19, x20, [sp, #16]
    8261d508:	aa0103f3 	mov	x19, x1
    8261d50c:	aa0003f4 	mov	x20, x0
    8261d510:	aa0303e1 	mov	x1, x3
    8261d514:	910143e0 	add	x0, sp, #0x50
    8261d518:	f90013f5 	str	x21, [sp, #32]
    8261d51c:	aa0203f5 	mov	x21, x2
    8261d520:	d2800402 	mov	x2, #0x20                  	// #32
    8261d524:	97fffb79 	bl	8261c308 <memcpy>
    8261d528:	a94507e0 	ldp	x0, x1, [sp, #80]
    8261d52c:	a90307e0 	stp	x0, x1, [sp, #48]
    8261d530:	9100c3e3 	add	x3, sp, #0x30
    8261d534:	a94607e0 	ldp	x0, x1, [sp, #96]
    8261d538:	aa1503e2 	mov	x2, x21
    8261d53c:	a90407e0 	stp	x0, x1, [sp, #64]
    8261d540:	aa1303e1 	mov	x1, x19
    8261d544:	aa1403e0 	mov	x0, x20
    8261d548:	97fffd9f 	bl	8261cbc4 <vsnprintf_internal>
    8261d54c:	eb20c27f 	cmp	x19, w0, sxtw
    8261d550:	54000088 	b.hi	8261d560 <vscnprintf+0x64>  // b.pmore
    8261d554:	51000660 	sub	w0, w19, #0x1
    8261d558:	f100027f 	cmp	x19, #0x0
    8261d55c:	1a9f1000 	csel	w0, w0, wzr, ne  // ne = any
    8261d560:	a94153f3 	ldp	x19, x20, [sp, #16]
    8261d564:	f94013f5 	ldr	x21, [sp, #32]
    8261d568:	a8c77bfd 	ldp	x29, x30, [sp], #112
    8261d56c:	d65f03c0 	ret

000000008261d570 <snprintf>:
    8261d570:	a9ab7bfd 	stp	x29, x30, [sp, #-336]!
    8261d574:	910003fd 	mov	x29, sp
    8261d578:	a90153f3 	stp	x19, x20, [sp, #16]
    8261d57c:	aa0003f3 	mov	x19, x0
    8261d580:	d0000040 	adrp	x0, 82627000 <multipliers+0x16ba>
    8261d584:	f90013f5 	str	x21, [sp, #32]
    8261d588:	aa0103f4 	mov	x20, x1
    8261d58c:	3d802be0 	str	q0, [sp, #160]
    8261d590:	aa0203f5 	mov	x21, x2
    8261d594:	d2800402 	mov	x2, #0x20                  	// #32
    8261d598:	3d802fe1 	str	q1, [sp, #176]
    8261d59c:	3d8033e2 	str	q2, [sp, #192]
    8261d5a0:	3d8037e3 	str	q3, [sp, #208]
    8261d5a4:	3d803be4 	str	q4, [sp, #224]
    8261d5a8:	3d803fe5 	str	q5, [sp, #240]
    8261d5ac:	3d8043e6 	str	q6, [sp, #256]
    8261d5b0:	3d8047e7 	str	q7, [sp, #272]
    8261d5b4:	a91293e3 	stp	x3, x4, [sp, #296]
    8261d5b8:	a9139be5 	stp	x5, x6, [sp, #312]
    8261d5bc:	f900a7e7 	str	x7, [sp, #328]
    8261d5c0:	f9421c01 	ldr	x1, [x0, #1080]
    8261d5c4:	f9004fe1 	str	x1, [sp, #152]
    8261d5c8:	d2800001 	mov	x1, #0x0                   	// #0
    8261d5cc:	910543e0 	add	x0, sp, #0x150
    8261d5d0:	a90583e0 	stp	x0, x0, [sp, #88]
    8261d5d4:	910483e0 	add	x0, sp, #0x120
    8261d5d8:	910163e1 	add	x1, sp, #0x58
    8261d5dc:	f90037e0 	str	x0, [sp, #104]
    8261d5e0:	128004e0 	mov	w0, #0xffffffd8            	// #-40
    8261d5e4:	b90073e0 	str	w0, [sp, #112]
    8261d5e8:	12800fe0 	mov	w0, #0xffffff80            	// #-128
    8261d5ec:	b90077e0 	str	w0, [sp, #116]
    8261d5f0:	9101e3e0 	add	x0, sp, #0x78
    8261d5f4:	97fffb45 	bl	8261c308 <memcpy>
    8261d5f8:	9101e3e1 	add	x1, sp, #0x78
    8261d5fc:	d2800402 	mov	x2, #0x20                  	// #32
    8261d600:	9100c3e0 	add	x0, sp, #0x30
    8261d604:	97fffb41 	bl	8261c308 <memcpy>
    8261d608:	9100c3e3 	add	x3, sp, #0x30
    8261d60c:	aa1503e2 	mov	x2, x21
    8261d610:	aa1403e1 	mov	x1, x20
    8261d614:	aa1303e0 	mov	x0, x19
    8261d618:	97fffd6b 	bl	8261cbc4 <vsnprintf_internal>
    8261d61c:	d0000041 	adrp	x1, 82627000 <multipliers+0x16ba>
    8261d620:	f9404fe2 	ldr	x2, [sp, #152]
    8261d624:	f9421c23 	ldr	x3, [x1, #1080]
    8261d628:	eb030042 	subs	x2, x2, x3
    8261d62c:	d2800003 	mov	x3, #0x0                   	// #0
    8261d630:	54000040 	b.eq	8261d638 <snprintf+0xc8>  // b.none
    8261d634:	97ffd372 	bl	826123fc <__stack_chk_fail>
    8261d638:	a94153f3 	ldp	x19, x20, [sp, #16]
    8261d63c:	f94013f5 	ldr	x21, [sp, #32]
    8261d640:	a8d57bfd 	ldp	x29, x30, [sp], #336
    8261d644:	d65f03c0 	ret

000000008261d648 <vsprintf>:
    8261d648:	a9bc7bfd 	stp	x29, x30, [sp, #-64]!
    8261d64c:	910003fd 	mov	x29, sp
    8261d650:	a90153f3 	stp	x19, x20, [sp, #16]
    8261d654:	aa0003f3 	mov	x19, x0
    8261d658:	aa0103f4 	mov	x20, x1
    8261d65c:	aa0203e1 	mov	x1, x2
    8261d660:	d2800402 	mov	x2, #0x20                  	// #32
    8261d664:	8b2263e0 	add	x0, sp, x2
    8261d668:	97fffb28 	bl	8261c308 <memcpy>
    8261d66c:	910083e3 	add	x3, sp, #0x20
    8261d670:	aa1403e2 	mov	x2, x20
    8261d674:	aa1303e0 	mov	x0, x19
    8261d678:	b2407be1 	mov	x1, #0x7fffffff            	// #2147483647
    8261d67c:	97fffd52 	bl	8261cbc4 <vsnprintf_internal>
    8261d680:	a94153f3 	ldp	x19, x20, [sp, #16]
    8261d684:	a8c47bfd 	ldp	x29, x30, [sp], #64
    8261d688:	d65f03c0 	ret

000000008261d68c <sprintf>:
    8261d68c:	a9ae7bfd 	stp	x29, x30, [sp, #-288]!
    8261d690:	910003fd 	mov	x29, sp
    8261d694:	a90153f3 	stp	x19, x20, [sp, #16]
    8261d698:	aa0003f3 	mov	x19, x0
    8261d69c:	d0000040 	adrp	x0, 82627000 <multipliers+0x16ba>
    8261d6a0:	3d801fe0 	str	q0, [sp, #112]
    8261d6a4:	aa0103f4 	mov	x20, x1
    8261d6a8:	3d8023e1 	str	q1, [sp, #128]
    8261d6ac:	3d8027e2 	str	q2, [sp, #144]
    8261d6b0:	3d802be3 	str	q3, [sp, #160]
    8261d6b4:	3d802fe4 	str	q4, [sp, #176]
    8261d6b8:	3d8033e5 	str	q5, [sp, #192]
    8261d6bc:	3d8037e6 	str	q6, [sp, #208]
    8261d6c0:	3d803be7 	str	q7, [sp, #224]
    8261d6c4:	a90f0fe2 	stp	x2, x3, [sp, #240]
    8261d6c8:	d2800402 	mov	x2, #0x20                  	// #32
    8261d6cc:	a91017e4 	stp	x4, x5, [sp, #256]
    8261d6d0:	a9111fe6 	stp	x6, x7, [sp, #272]
    8261d6d4:	f9421c01 	ldr	x1, [x0, #1080]
    8261d6d8:	f90037e1 	str	x1, [sp, #104]
    8261d6dc:	d2800001 	mov	x1, #0x0                   	// #0
    8261d6e0:	910483e0 	add	x0, sp, #0x120
    8261d6e4:	a90483e0 	stp	x0, x0, [sp, #72]
    8261d6e8:	9103c3e0 	add	x0, sp, #0xf0
    8261d6ec:	910123e1 	add	x1, sp, #0x48
    8261d6f0:	f9002fe0 	str	x0, [sp, #88]
    8261d6f4:	128005e0 	mov	w0, #0xffffffd0            	// #-48
    8261d6f8:	b90063e0 	str	w0, [sp, #96]
    8261d6fc:	12800fe0 	mov	w0, #0xffffff80            	// #-128
    8261d700:	b90067e0 	str	w0, [sp, #100]
    8261d704:	8b2263e0 	add	x0, sp, x2
    8261d708:	97fffb00 	bl	8261c308 <memcpy>
    8261d70c:	910083e2 	add	x2, sp, #0x20
    8261d710:	aa1403e1 	mov	x1, x20
    8261d714:	aa1303e0 	mov	x0, x19
    8261d718:	97ffffcc 	bl	8261d648 <vsprintf>
    8261d71c:	d0000041 	adrp	x1, 82627000 <multipliers+0x16ba>
    8261d720:	f94037e2 	ldr	x2, [sp, #104]
    8261d724:	f9421c23 	ldr	x3, [x1, #1080]
    8261d728:	eb030042 	subs	x2, x2, x3
    8261d72c:	d2800003 	mov	x3, #0x0                   	// #0
    8261d730:	54000040 	b.eq	8261d738 <sprintf+0xac>  // b.none
    8261d734:	97ffd332 	bl	826123fc <__stack_chk_fail>
    8261d738:	a94153f3 	ldp	x19, x20, [sp, #16]
    8261d73c:	a8d27bfd 	ldp	x29, x30, [sp], #288
    8261d740:	d65f03c0 	ret

000000008261d744 <printf>:
    8261d744:	d11503ff 	sub	sp, sp, #0x540
    8261d748:	911423e8 	add	x8, sp, #0x508
    8261d74c:	a9007bfd 	stp	x29, x30, [sp]
    8261d750:	910003fd 	mov	x29, sp
    8261d754:	f9000bf3 	str	x19, [sp, #16]
    8261d758:	a9000901 	stp	x1, x2, [x8]
    8261d75c:	911003e1 	add	x1, sp, #0x400
    8261d760:	a9011103 	stp	x3, x4, [x8, #16]
    8261d764:	f90297e5 	str	x5, [sp, #1320]
    8261d768:	f9029be6 	str	x6, [sp, #1328]
    8261d76c:	f9029fe7 	str	x7, [sp, #1336]
    8261d770:	3d802020 	str	q0, [x1, #128]
    8261d774:	3d802421 	str	q1, [x1, #144]
    8261d778:	3d802822 	str	q2, [x1, #160]
    8261d77c:	3d802c23 	str	q3, [x1, #176]
    8261d780:	3d803024 	str	q4, [x1, #192]
    8261d784:	3d803425 	str	q5, [x1, #208]
    8261d788:	3d803826 	str	q6, [x1, #224]
    8261d78c:	3d803c27 	str	q7, [x1, #240]
    8261d790:	d0000041 	adrp	x1, 82627000 <multipliers+0x16ba>
    8261d794:	f9421c22 	ldr	x2, [x1, #1080]
    8261d798:	f9023fe2 	str	x2, [sp, #1144]
    8261d79c:	d2800002 	mov	x2, #0x0                   	// #0
    8261d7a0:	911503e1 	add	x1, sp, #0x540
    8261d7a4:	a90407e1 	stp	x1, x1, [sp, #64]
    8261d7a8:	911403e1 	add	x1, sp, #0x500
    8261d7ac:	f9002be1 	str	x1, [sp, #80]
    8261d7b0:	128006e1 	mov	w1, #0xffffffc8            	// #-56
    8261d7b4:	b9005be1 	str	w1, [sp, #88]
    8261d7b8:	12800fe1 	mov	w1, #0xffffff80            	// #-128
    8261d7bc:	b9005fe1 	str	w1, [sp, #92]
    8261d7c0:	d2808281 	mov	x1, #0x414                 	// #1044
    8261d7c4:	a9440fe2 	ldp	x2, x3, [sp, #64]
    8261d7c8:	a9020fe2 	stp	x2, x3, [sp, #32]
    8261d7cc:	a9450fe2 	ldp	x2, x3, [sp, #80]
    8261d7d0:	a9030fe2 	stp	x2, x3, [sp, #48]
    8261d7d4:	aa0003e2 	mov	x2, x0
    8261d7d8:	910083e3 	add	x3, sp, #0x20
    8261d7dc:	910183e0 	add	x0, sp, #0x60
    8261d7e0:	97ffff47 	bl	8261d4fc <vscnprintf>
    8261d7e4:	2a0003f3 	mov	w19, w0
    8261d7e8:	34000060 	cbz	w0, 8261d7f4 <printf+0xb0>
    8261d7ec:	910183e0 	add	x0, sp, #0x60
    8261d7f0:	97ffeafe 	bl	826183e8 <puts>
    8261d7f4:	d0000040 	adrp	x0, 82627000 <multipliers+0x16ba>
    8261d7f8:	f9423fe1 	ldr	x1, [sp, #1144]
    8261d7fc:	f9421c02 	ldr	x2, [x0, #1080]
    8261d800:	eb020021 	subs	x1, x1, x2
    8261d804:	d2800002 	mov	x2, #0x0                   	// #0
    8261d808:	54000040 	b.eq	8261d810 <printf+0xcc>  // b.none
    8261d80c:	97ffd2fc 	bl	826123fc <__stack_chk_fail>
    8261d810:	2a1303e0 	mov	w0, w19
    8261d814:	a9407bfd 	ldp	x29, x30, [sp]
    8261d818:	f9400bf3 	ldr	x19, [sp, #16]
    8261d81c:	911503ff 	add	sp, sp, #0x540
    8261d820:	d65f03c0 	ret

000000008261d824 <vprintf>:
    8261d824:	d11183ff 	sub	sp, sp, #0x460
    8261d828:	a9007bfd 	stp	x29, x30, [sp]
    8261d82c:	910003fd 	mov	x29, sp
    8261d830:	f9000bf3 	str	x19, [sp, #16]
    8261d834:	aa0003f3 	mov	x19, x0
    8261d838:	d0000040 	adrp	x0, 82627000 <multipliers+0x16ba>
    8261d83c:	f9421c02 	ldr	x2, [x0, #1080]
    8261d840:	f9022fe2 	str	x2, [sp, #1112]
    8261d844:	d2800002 	mov	x2, #0x0                   	// #0
    8261d848:	d2800402 	mov	x2, #0x20                  	// #32
    8261d84c:	8b2263e0 	add	x0, sp, x2
    8261d850:	97fffaae 	bl	8261c308 <memcpy>
    8261d854:	aa1303e2 	mov	x2, x19
    8261d858:	910083e3 	add	x3, sp, #0x20
    8261d85c:	910103e0 	add	x0, sp, #0x40
    8261d860:	d2808281 	mov	x1, #0x414                 	// #1044
    8261d864:	97ffff26 	bl	8261d4fc <vscnprintf>
    8261d868:	2a0003f3 	mov	w19, w0
    8261d86c:	34000060 	cbz	w0, 8261d878 <vprintf+0x54>
    8261d870:	910103e0 	add	x0, sp, #0x40
    8261d874:	97ffeadd 	bl	826183e8 <puts>
    8261d878:	d0000040 	adrp	x0, 82627000 <multipliers+0x16ba>
    8261d87c:	f9422fe1 	ldr	x1, [sp, #1112]
    8261d880:	f9421c02 	ldr	x2, [x0, #1080]
    8261d884:	eb020021 	subs	x1, x1, x2
    8261d888:	d2800002 	mov	x2, #0x0                   	// #0
    8261d88c:	54000040 	b.eq	8261d894 <vprintf+0x70>  // b.none
    8261d890:	97ffd2db 	bl	826123fc <__stack_chk_fail>
    8261d894:	2a1303e0 	mov	w0, w19
    8261d898:	a9407bfd 	ldp	x29, x30, [sp]
    8261d89c:	f9400bf3 	ldr	x19, [sp, #16]
    8261d8a0:	911183ff 	add	sp, sp, #0x460
    8261d8a4:	d65f03c0 	ret

000000008261d8a8 <simple_strtoul>:
    8261d8a8:	aa0003e3 	mov	x3, x0
    8261d8ac:	f0000027 	adrp	x7, 82624000 <blk_find_max_devnum+0x3c>
    8261d8b0:	39400000 	ldrb	w0, [x0]
    8261d8b4:	913290e7 	add	x7, x7, #0xca4
    8261d8b8:	35000242 	cbnz	w2, 8261d900 <simple_strtoul+0x58>
    8261d8bc:	7100c01f 	cmp	w0, #0x30
    8261d8c0:	540003e1 	b.ne	8261d93c <simple_strtoul+0x94>  // b.any
    8261d8c4:	39400462 	ldrb	w2, [x3, #1]
    8261d8c8:	39400460 	ldrb	w0, [x3, #1]
    8261d8cc:	386268e2 	ldrb	w2, [x7, x2]
    8261d8d0:	36000062 	tbz	w2, #0, 8261d8dc <simple_strtoul+0x34>
    8261d8d4:	11008000 	add	w0, w0, #0x20
    8261d8d8:	12001c00 	and	w0, w0, #0xff
    8261d8dc:	7101e01f 	cmp	w0, #0x78
    8261d8e0:	540000c1 	b.ne	8261d8f8 <simple_strtoul+0x50>  // b.any
    8261d8e4:	39400860 	ldrb	w0, [x3, #2]
    8261d8e8:	52800882 	mov	w2, #0x44                  	// #68
    8261d8ec:	386068e0 	ldrb	w0, [x7, x0]
    8261d8f0:	6a00005f 	tst	w2, w0
    8261d8f4:	540000e1 	b.ne	8261d910 <simple_strtoul+0x68>  // b.any
    8261d8f8:	52800102 	mov	w2, #0x8                   	// #8
    8261d8fc:	14000011 	b	8261d940 <simple_strtoul+0x98>
    8261d900:	7100405f 	cmp	w2, #0x10
    8261d904:	540001e1 	b.ne	8261d940 <simple_strtoul+0x98>  // b.any
    8261d908:	7100c01f 	cmp	w0, #0x30
    8261d90c:	540001a1 	b.ne	8261d940 <simple_strtoul+0x98>  // b.any
    8261d910:	39400462 	ldrb	w2, [x3, #1]
    8261d914:	39400460 	ldrb	w0, [x3, #1]
    8261d918:	386268e2 	ldrb	w2, [x7, x2]
    8261d91c:	36000062 	tbz	w2, #0, 8261d928 <simple_strtoul+0x80>
    8261d920:	11008000 	add	w0, w0, #0x20
    8261d924:	12001c00 	and	w0, w0, #0xff
    8261d928:	7101e01f 	cmp	w0, #0x78
    8261d92c:	54000041 	b.ne	8261d934 <simple_strtoul+0x8c>  // b.any
    8261d930:	91000863 	add	x3, x3, #0x2
    8261d934:	52800202 	mov	w2, #0x10                  	// #16
    8261d938:	14000002 	b	8261d940 <simple_strtoul+0x98>
    8261d93c:	52800142 	mov	w2, #0xa                   	// #10
    8261d940:	2a0203e5 	mov	w5, w2
    8261d944:	d2800000 	mov	x0, #0x0                   	// #0
    8261d948:	5280088a 	mov	w10, #0x44                  	// #68
    8261d94c:	39400062 	ldrb	w2, [x3]
    8261d950:	39400064 	ldrb	w4, [x3]
    8261d954:	386268e8 	ldrb	w8, [x7, x2]
    8261d958:	6a0a011f 	tst	w8, w10
    8261d95c:	540000c0 	b.eq	8261d974 <simple_strtoul+0xcc>  // b.none
    8261d960:	36100168 	tbz	w8, #2, 8261d98c <simple_strtoul+0xe4>
    8261d964:	5100c082 	sub	w2, w4, #0x30
    8261d968:	93407c42 	sxtw	x2, w2
    8261d96c:	eb0200bf 	cmp	x5, x2
    8261d970:	54000088 	b.hi	8261d980 <simple_strtoul+0xd8>  // b.pmore
    8261d974:	b4000041 	cbz	x1, 8261d97c <simple_strtoul+0xd4>
    8261d978:	f9000023 	str	x3, [x1]
    8261d97c:	d65f03c0 	ret
    8261d980:	9b0008a0 	madd	x0, x5, x0, x2
    8261d984:	91000463 	add	x3, x3, #0x1
    8261d988:	17fffff1 	b	8261d94c <simple_strtoul+0xa4>
    8261d98c:	51008082 	sub	w2, w4, #0x20
    8261d990:	f27f011f 	tst	x8, #0x2
    8261d994:	12001c42 	and	w2, w2, #0xff
    8261d998:	5100dc42 	sub	w2, w2, #0x37
    8261d99c:	93407c46 	sxtw	x6, w2
    8261d9a0:	5100dc82 	sub	w2, w4, #0x37
    8261d9a4:	93407c42 	sxtw	x2, w2
    8261d9a8:	9a860042 	csel	x2, x2, x6, eq  // eq = none
    8261d9ac:	17fffff0 	b	8261d96c <simple_strtoul+0xc4>

000000008261d9b0 <strict_strtoul>:
    8261d9b0:	a9bc7bfd 	stp	x29, x30, [sp, #-64]!
    8261d9b4:	910003fd 	mov	x29, sp
    8261d9b8:	a90153f3 	stp	x19, x20, [sp, #16]
    8261d9bc:	aa0203f4 	mov	x20, x2
    8261d9c0:	aa0003f3 	mov	x19, x0
    8261d9c4:	f90013f5 	str	x21, [sp, #32]
    8261d9c8:	2a0103f5 	mov	w21, w1
    8261d9cc:	d0000041 	adrp	x1, 82627000 <multipliers+0x16ba>
    8261d9d0:	f9421c22 	ldr	x2, [x1, #1080]
    8261d9d4:	f9001fe2 	str	x2, [sp, #56]
    8261d9d8:	d2800002 	mov	x2, #0x0                   	// #0
    8261d9dc:	f900029f 	str	xzr, [x20]
    8261d9e0:	97fff9fb 	bl	8261c1cc <strlen>
    8261d9e4:	b5000120 	cbnz	x0, 8261da08 <strict_strtoul+0x58>
    8261d9e8:	128002a0 	mov	w0, #0xffffffea            	// #-22
    8261d9ec:	d0000041 	adrp	x1, 82627000 <multipliers+0x16ba>
    8261d9f0:	f9401fe2 	ldr	x2, [sp, #56]
    8261d9f4:	f9421c23 	ldr	x3, [x1, #1080]
    8261d9f8:	eb030042 	subs	x2, x2, x3
    8261d9fc:	d2800003 	mov	x3, #0x0                   	// #0
    8261da00:	540002a0 	b.eq	8261da54 <strict_strtoul+0xa4>  // b.none
    8261da04:	97ffd27e 	bl	826123fc <__stack_chk_fail>
    8261da08:	9100c3e1 	add	x1, sp, #0x30
    8261da0c:	aa0003eb 	mov	x11, x0
    8261da10:	2a1503e2 	mov	w2, w21
    8261da14:	aa1303e0 	mov	x0, x19
    8261da18:	97ffffa4 	bl	8261d8a8 <simple_strtoul>
    8261da1c:	f9401be1 	ldr	x1, [sp, #48]
    8261da20:	eb13003f 	cmp	x1, x19
    8261da24:	54fffe20 	b.eq	8261d9e8 <strict_strtoul+0x38>  // b.none
    8261da28:	39400022 	ldrb	w2, [x1]
    8261da2c:	340000e2 	cbz	w2, 8261da48 <strict_strtoul+0x98>
    8261da30:	cb130021 	sub	x1, x1, x19
    8261da34:	91000421 	add	x1, x1, #0x1
    8261da38:	eb0b003f 	cmp	x1, x11
    8261da3c:	54fffd61 	b.ne	8261d9e8 <strict_strtoul+0x38>  // b.any
    8261da40:	7100285f 	cmp	w2, #0xa
    8261da44:	54fffd21 	b.ne	8261d9e8 <strict_strtoul+0x38>  // b.any
    8261da48:	f9000280 	str	x0, [x20]
    8261da4c:	52800000 	mov	w0, #0x0                   	// #0
    8261da50:	17ffffe7 	b	8261d9ec <strict_strtoul+0x3c>
    8261da54:	a94153f3 	ldp	x19, x20, [sp, #16]
    8261da58:	f94013f5 	ldr	x21, [sp, #32]
    8261da5c:	a8c47bfd 	ldp	x29, x30, [sp], #64
    8261da60:	d65f03c0 	ret

000000008261da64 <simple_strtol>:
    8261da64:	39400004 	ldrb	w4, [x0]
    8261da68:	7100b49f 	cmp	w4, #0x2d
    8261da6c:	54000040 	b.eq	8261da74 <simple_strtol+0x10>  // b.none
    8261da70:	17ffff8e 	b	8261d8a8 <simple_strtoul>
    8261da74:	a9bf7bfd 	stp	x29, x30, [sp, #-16]!
    8261da78:	91000400 	add	x0, x0, #0x1
    8261da7c:	910003fd 	mov	x29, sp
    8261da80:	97ffff8a 	bl	8261d8a8 <simple_strtoul>
    8261da84:	cb0003e0 	neg	x0, x0
    8261da88:	a8c17bfd 	ldp	x29, x30, [sp], #16
    8261da8c:	d65f03c0 	ret

000000008261da90 <ustrtoul>:
    8261da90:	a9bf7bfd 	stp	x29, x30, [sp, #-16]!
    8261da94:	aa0103eb 	mov	x11, x1
    8261da98:	910003fd 	mov	x29, sp
    8261da9c:	97ffff83 	bl	8261d8a8 <simple_strtoul>
    8261daa0:	f9400022 	ldr	x2, [x1]
    8261daa4:	f0000021 	adrp	x1, 82624000 <blk_find_max_devnum+0x3c>
    8261daa8:	91329021 	add	x1, x1, #0xca4
    8261daac:	39400044 	ldrb	w4, [x2]
    8261dab0:	39400043 	ldrb	w3, [x2]
    8261dab4:	38646821 	ldrb	w1, [x1, x4]
    8261dab8:	36000061 	tbz	w1, #0, 8261dac4 <ustrtoul+0x34>
    8261dabc:	11008063 	add	w3, w3, #0x20
    8261dac0:	12001c63 	and	w3, w3, #0xff
    8261dac4:	7101ac7f 	cmp	w3, #0x6b
    8261dac8:	540000e0 	b.eq	8261dae4 <ustrtoul+0x54>  // b.none
    8261dacc:	7101b47f 	cmp	w3, #0x6d
    8261dad0:	54000080 	b.eq	8261dae0 <ustrtoul+0x50>  // b.none
    8261dad4:	71019c7f 	cmp	w3, #0x67
    8261dad8:	54000201 	b.ne	8261db18 <ustrtoul+0x88>  // b.any
    8261dadc:	d376d400 	lsl	x0, x0, #10
    8261dae0:	d376d400 	lsl	x0, x0, #10
    8261dae4:	91000441 	add	x1, x2, #0x1
    8261dae8:	f9000161 	str	x1, [x11]
    8261daec:	91000842 	add	x2, x2, #0x2
    8261daf0:	d376d400 	lsl	x0, x0, #10
    8261daf4:	385ff043 	ldurb	w3, [x2, #-1]
    8261daf8:	7101a47f 	cmp	w3, #0x69
    8261dafc:	9a810042 	csel	x2, x2, x1, eq  // eq = none
    8261db00:	f9000162 	str	x2, [x11]
    8261db04:	aa0203e1 	mov	x1, x2
    8261db08:	38401423 	ldrb	w3, [x1], #1
    8261db0c:	7101087f 	cmp	w3, #0x42
    8261db10:	9a820022 	csel	x2, x1, x2, eq  // eq = none
    8261db14:	f9000162 	str	x2, [x11]
    8261db18:	a8c17bfd 	ldp	x29, x30, [sp], #16
    8261db1c:	d65f03c0 	ret

000000008261db20 <ustrtoull>:
    8261db20:	17ffffdc 	b	8261da90 <ustrtoul>

000000008261db24 <trailing_strtoln>:
    8261db24:	a9be7bfd 	stp	x29, x30, [sp, #-32]!
    8261db28:	910003fd 	mov	x29, sp
    8261db2c:	f9000bf3 	str	x19, [sp, #16]
    8261db30:	aa0003f3 	mov	x19, x0
    8261db34:	b5000061 	cbnz	x1, 8261db40 <trailing_strtoln+0x1c>
    8261db38:	97fff9a5 	bl	8261c1cc <strlen>
    8261db3c:	8b000261 	add	x1, x19, x0
    8261db40:	385ff020 	ldurb	w0, [x1, #-1]
    8261db44:	f0000022 	adrp	x2, 82624000 <blk_find_max_devnum+0x3c>
    8261db48:	91329042 	add	x2, x2, #0xca4
    8261db4c:	38606840 	ldrb	w0, [x2, x0]
    8261db50:	36100080 	tbz	w0, #2, 8261db60 <trailing_strtoln+0x3c>
    8261db54:	d1000420 	sub	x0, x1, #0x1
    8261db58:	eb13001f 	cmp	x0, x19
    8261db5c:	540000a8 	b.hi	8261db70 <trailing_strtoln+0x4c>  // b.pmore
    8261db60:	92800000 	mov	x0, #0xffffffffffffffff    	// #-1
    8261db64:	f9400bf3 	ldr	x19, [sp, #16]
    8261db68:	a8c27bfd 	ldp	x29, x30, [sp], #32
    8261db6c:	d65f03c0 	ret
    8261db70:	39400001 	ldrb	w1, [x0]
    8261db74:	38616841 	ldrb	w1, [x2, x1]
    8261db78:	371000e1 	tbnz	w1, #2, 8261db94 <trailing_strtoln+0x70>
    8261db7c:	f9400bf3 	ldr	x19, [sp, #16]
    8261db80:	91000400 	add	x0, x0, #0x1
    8261db84:	a8c27bfd 	ldp	x29, x30, [sp], #32
    8261db88:	52800142 	mov	w2, #0xa                   	// #10
    8261db8c:	d2800001 	mov	x1, #0x0                   	// #0
    8261db90:	17ffff46 	b	8261d8a8 <simple_strtoul>
    8261db94:	d1000400 	sub	x0, x0, #0x1
    8261db98:	17fffff0 	b	8261db58 <trailing_strtoln+0x34>

000000008261db9c <trailing_strtol>:
    8261db9c:	d2800001 	mov	x1, #0x0                   	// #0
    8261dba0:	17ffffe1 	b	8261db24 <trailing_strtoln>

000000008261dba4 <clk_request>:
    8261dba4:	aa0003e2 	mov	x2, x0
    8261dba8:	aa0103e0 	mov	x0, x1
    8261dbac:	f9400041 	ldr	x1, [x2]
    8261dbb0:	f9403421 	ldr	x1, [x1, #104]
    8261dbb4:	f9000002 	str	x2, [x0]
    8261dbb8:	f9400421 	ldr	x1, [x1, #8]
    8261dbbc:	b4000061 	cbz	x1, 8261dbc8 <clk_request+0x24>
    8261dbc0:	aa0103f0 	mov	x16, x1
    8261dbc4:	d61f0200 	br	x16
    8261dbc8:	52800000 	mov	w0, #0x0                   	// #0
    8261dbcc:	d65f03c0 	ret

000000008261dbd0 <clk_get_by_index_tail.part.0>:
    8261dbd0:	a9bd7bfd 	stp	x29, x30, [sp, #-48]!
    8261dbd4:	910003fd 	mov	x29, sp
    8261dbd8:	a90153f3 	stp	x19, x20, [sp, #16]
    8261dbdc:	aa0003f4 	mov	x20, x0
    8261dbe0:	aa0103f3 	mov	x19, x1
    8261dbe4:	d0000040 	adrp	x0, 82627000 <multipliers+0x16ba>
    8261dbe8:	f9421c01 	ldr	x1, [x0, #1080]
    8261dbec:	f90017e1 	str	x1, [sp, #40]
    8261dbf0:	d2800001 	mov	x1, #0x0                   	// #0
    8261dbf4:	f9400281 	ldr	x1, [x20]
    8261dbf8:	910083e2 	add	x2, sp, #0x20
    8261dbfc:	528002a0 	mov	w0, #0x15                  	// #21
    8261dc00:	9400065d 	bl	8261f574 <uclass_get_device_by_ofnode>
    8261dc04:	350001c0 	cbnz	w0, 8261dc3c <clk_get_by_index_tail.part.0+0x6c>
    8261dc08:	f94013e0 	ldr	x0, [sp, #32]
    8261dc0c:	f9000260 	str	x0, [x19]
    8261dc10:	f9400000 	ldr	x0, [x0]
    8261dc14:	f9403400 	ldr	x0, [x0, #104]
    8261dc18:	f9400002 	ldr	x2, [x0]
    8261dc1c:	b40001e2 	cbz	x2, 8261dc58 <clk_get_by_index_tail.part.0+0x88>
    8261dc20:	aa1403e1 	mov	x1, x20
    8261dc24:	aa1303e0 	mov	x0, x19
    8261dc28:	d63f0040 	blr	x2
    8261dc2c:	35000080 	cbnz	w0, 8261dc3c <clk_get_by_index_tail.part.0+0x6c>
    8261dc30:	f94013e0 	ldr	x0, [sp, #32]
    8261dc34:	aa1303e1 	mov	x1, x19
    8261dc38:	97ffffdb 	bl	8261dba4 <clk_request>
    8261dc3c:	d0000041 	adrp	x1, 82627000 <multipliers+0x16ba>
    8261dc40:	f94017e2 	ldr	x2, [sp, #40]
    8261dc44:	f9421c23 	ldr	x3, [x1, #1080]
    8261dc48:	eb030042 	subs	x2, x2, x3
    8261dc4c:	d2800003 	mov	x3, #0x0                   	// #0
    8261dc50:	540001a0 	b.eq	8261dc84 <clk_get_by_index_tail.part.0+0xb4>  // b.none
    8261dc54:	97ffd1ea 	bl	826123fc <__stack_chk_fail>
    8261dc58:	b9400a80 	ldr	w0, [x20, #8]
    8261dc5c:	7100041f 	cmp	w0, #0x1
    8261dc60:	540000ec 	b.gt	8261dc7c <clk_get_by_index_tail.part.0+0xac>
    8261dc64:	34000080 	cbz	w0, 8261dc74 <clk_get_by_index_tail.part.0+0xa4>
    8261dc68:	b9400e80 	ldr	w0, [x20, #12]
    8261dc6c:	f9000660 	str	x0, [x19, #8]
    8261dc70:	17fffff0 	b	8261dc30 <clk_get_by_index_tail.part.0+0x60>
    8261dc74:	f900067f 	str	xzr, [x19, #8]
    8261dc78:	17ffffee 	b	8261dc30 <clk_get_by_index_tail.part.0+0x60>
    8261dc7c:	128002a0 	mov	w0, #0xffffffea            	// #-22
    8261dc80:	17ffffef 	b	8261dc3c <clk_get_by_index_tail.part.0+0x6c>
    8261dc84:	a94153f3 	ldp	x19, x20, [sp, #16]
    8261dc88:	a8c37bfd 	ldp	x29, x30, [sp], #48
    8261dc8c:	d65f03c0 	ret

000000008261dc90 <clk_get_by_index>:
    8261dc90:	a9b87bfd 	stp	x29, x30, [sp, #-128]!
    8261dc94:	2a0103e4 	mov	w4, w1
    8261dc98:	90000041 	adrp	x1, 82625000 <_ctype+0x35c>
    8261dc9c:	910003fd 	mov	x29, sp
    8261dca0:	f9000bf3 	str	x19, [sp, #16]
    8261dca4:	aa0203f3 	mov	x19, x2
    8261dca8:	d0000042 	adrp	x2, 82627000 <multipliers+0x16ba>
    8261dcac:	9100a3e5 	add	x5, sp, #0x28
    8261dcb0:	f9401400 	ldr	x0, [x0, #40]
    8261dcb4:	f9421c43 	ldr	x3, [x2, #1080]
    8261dcb8:	f9003fe3 	str	x3, [sp, #120]
    8261dcbc:	d2800003 	mov	x3, #0x0                   	// #0
    8261dcc0:	91071c21 	add	x1, x1, #0x1c7
    8261dcc4:	90000042 	adrp	x2, 82625000 <_ctype+0x35c>
    8261dcc8:	9105e442 	add	x2, x2, #0x179
    8261dccc:	94000762 	bl	8261fa54 <ofnode_parse_phandle_with_args>
    8261dcd0:	f900027f 	str	xzr, [x19]
    8261dcd4:	35000080 	cbnz	w0, 8261dce4 <clk_get_by_index+0x54>
    8261dcd8:	aa1303e1 	mov	x1, x19
    8261dcdc:	9100a3e0 	add	x0, sp, #0x28
    8261dce0:	97ffffbc 	bl	8261dbd0 <clk_get_by_index_tail.part.0>
    8261dce4:	d0000041 	adrp	x1, 82627000 <multipliers+0x16ba>
    8261dce8:	f9403fe2 	ldr	x2, [sp, #120]
    8261dcec:	f9421c23 	ldr	x3, [x1, #1080]
    8261dcf0:	eb030042 	subs	x2, x2, x3
    8261dcf4:	d2800003 	mov	x3, #0x0                   	// #0
    8261dcf8:	54000040 	b.eq	8261dd00 <clk_get_by_index+0x70>  // b.none
    8261dcfc:	97ffd1c0 	bl	826123fc <__stack_chk_fail>
    8261dd00:	f9400bf3 	ldr	x19, [sp, #16]
    8261dd04:	a8c87bfd 	ldp	x29, x30, [sp], #128
    8261dd08:	d65f03c0 	ret

000000008261dd0c <clk_get_by_name>:
    8261dd0c:	a9be7bfd 	stp	x29, x30, [sp, #-32]!
    8261dd10:	910003fd 	mov	x29, sp
    8261dd14:	a90153f3 	stp	x19, x20, [sp, #16]
    8261dd18:	aa0003f3 	mov	x19, x0
    8261dd1c:	aa0203f4 	mov	x20, x2
    8261dd20:	f900005f 	str	xzr, [x2]
    8261dd24:	aa0103e2 	mov	x2, x1
    8261dd28:	90000041 	adrp	x1, 82625000 <_ctype+0x35c>
    8261dd2c:	91061821 	add	x1, x1, #0x186
    8261dd30:	f9401400 	ldr	x0, [x0, #40]
    8261dd34:	94000738 	bl	8261fa14 <ofnode_stringlist_search>
    8261dd38:	37f800e0 	tbnz	w0, #31, 8261dd54 <clk_get_by_name+0x48>
    8261dd3c:	2a0003e1 	mov	w1, w0
    8261dd40:	aa1403e2 	mov	x2, x20
    8261dd44:	aa1303e0 	mov	x0, x19
    8261dd48:	a94153f3 	ldp	x19, x20, [sp, #16]
    8261dd4c:	a8c27bfd 	ldp	x29, x30, [sp], #32
    8261dd50:	17ffffd0 	b	8261dc90 <clk_get_by_index>
    8261dd54:	a94153f3 	ldp	x19, x20, [sp, #16]
    8261dd58:	a8c27bfd 	ldp	x29, x30, [sp], #32
    8261dd5c:	d65f03c0 	ret

000000008261dd60 <clk_get_by_indexed_prop>:
    8261dd60:	a9b87bfd 	stp	x29, x30, [sp, #-128]!
    8261dd64:	910003fd 	mov	x29, sp
    8261dd68:	f9000bf3 	str	x19, [sp, #16]
    8261dd6c:	aa0303f3 	mov	x19, x3
    8261dd70:	d0000043 	adrp	x3, 82627000 <multipliers+0x16ba>
    8261dd74:	9100a3e5 	add	x5, sp, #0x28
    8261dd78:	f9421c64 	ldr	x4, [x3, #1080]
    8261dd7c:	f9003fe4 	str	x4, [sp, #120]
    8261dd80:	d2800004 	mov	x4, #0x0                   	// #0
    8261dd84:	52800003 	mov	w3, #0x0                   	// #0
    8261dd88:	f900027f 	str	xzr, [x19]
    8261dd8c:	2a0203e4 	mov	w4, w2
    8261dd90:	90000042 	adrp	x2, 82625000 <_ctype+0x35c>
    8261dd94:	9105e442 	add	x2, x2, #0x179
    8261dd98:	f9401400 	ldr	x0, [x0, #40]
    8261dd9c:	9400072e 	bl	8261fa54 <ofnode_parse_phandle_with_args>
    8261dda0:	350000a0 	cbnz	w0, 8261ddb4 <clk_get_by_indexed_prop+0x54>
    8261dda4:	f900027f 	str	xzr, [x19]
    8261dda8:	aa1303e1 	mov	x1, x19
    8261ddac:	9100a3e0 	add	x0, sp, #0x28
    8261ddb0:	97ffff88 	bl	8261dbd0 <clk_get_by_index_tail.part.0>
    8261ddb4:	d0000041 	adrp	x1, 82627000 <multipliers+0x16ba>
    8261ddb8:	f9403fe2 	ldr	x2, [sp, #120]
    8261ddbc:	f9421c23 	ldr	x3, [x1, #1080]
    8261ddc0:	eb030042 	subs	x2, x2, x3
    8261ddc4:	d2800003 	mov	x3, #0x0                   	// #0
    8261ddc8:	54000040 	b.eq	8261ddd0 <clk_get_by_indexed_prop+0x70>  // b.none
    8261ddcc:	97ffd18c 	bl	826123fc <__stack_chk_fail>
    8261ddd0:	f9400bf3 	ldr	x19, [sp, #16]
    8261ddd4:	a8c87bfd 	ldp	x29, x30, [sp], #128
    8261ddd8:	d65f03c0 	ret

000000008261dddc <clk_free>:
    8261dddc:	f9400001 	ldr	x1, [x0]
    8261dde0:	f9400021 	ldr	x1, [x1]
    8261dde4:	f9403421 	ldr	x1, [x1, #104]
    8261dde8:	f9400821 	ldr	x1, [x1, #16]
    8261ddec:	b4000061 	cbz	x1, 8261ddf8 <clk_free+0x1c>
    8261ddf0:	aa0103f0 	mov	x16, x1
    8261ddf4:	d61f0200 	br	x16
    8261ddf8:	52800000 	mov	w0, #0x0                   	// #0
    8261ddfc:	d65f03c0 	ret

000000008261de00 <clk_get_rate>:
    8261de00:	f9400001 	ldr	x1, [x0]
    8261de04:	f9400021 	ldr	x1, [x1]
    8261de08:	f9403421 	ldr	x1, [x1, #104]
    8261de0c:	f9400c21 	ldr	x1, [x1, #24]
    8261de10:	b4000061 	cbz	x1, 8261de1c <clk_get_rate+0x1c>
    8261de14:	aa0103f0 	mov	x16, x1
    8261de18:	d61f0200 	br	x16
    8261de1c:	928004a0 	mov	x0, #0xffffffffffffffda    	// #-38
    8261de20:	d65f03c0 	ret

000000008261de24 <clk_set_rate>:
    8261de24:	f9400002 	ldr	x2, [x0]
    8261de28:	f9400042 	ldr	x2, [x2]
    8261de2c:	f9403442 	ldr	x2, [x2, #104]
    8261de30:	f9401042 	ldr	x2, [x2, #32]
    8261de34:	b4000062 	cbz	x2, 8261de40 <clk_set_rate+0x1c>
    8261de38:	aa0203f0 	mov	x16, x2
    8261de3c:	d61f0200 	br	x16
    8261de40:	928004a0 	mov	x0, #0xffffffffffffffda    	// #-38
    8261de44:	d65f03c0 	ret

000000008261de48 <clk_set_parent>:
    8261de48:	f9400002 	ldr	x2, [x0]
    8261de4c:	f9400042 	ldr	x2, [x2]
    8261de50:	f9403442 	ldr	x2, [x2, #104]
    8261de54:	f9401442 	ldr	x2, [x2, #40]
    8261de58:	b4000062 	cbz	x2, 8261de64 <clk_set_parent+0x1c>
    8261de5c:	aa0203f0 	mov	x16, x2
    8261de60:	d61f0200 	br	x16
    8261de64:	128004a0 	mov	w0, #0xffffffda            	// #-38
    8261de68:	d65f03c0 	ret

000000008261de6c <clk_set_defaults>:
    8261de6c:	a9b87bfd 	stp	x29, x30, [sp, #-128]!
    8261de70:	90000042 	adrp	x2, 82625000 <_ctype+0x35c>
    8261de74:	9105e442 	add	x2, x2, #0x179
    8261de78:	910003fd 	mov	x29, sp
    8261de7c:	a90153f3 	stp	x19, x20, [sp, #16]
    8261de80:	aa0003f4 	mov	x20, x0
    8261de84:	d0000040 	adrp	x0, 82627000 <multipliers+0x16ba>
    8261de88:	a9025bf5 	stp	x21, x22, [sp, #32]
    8261de8c:	90000056 	adrp	x22, 82625000 <_ctype+0x35c>
    8261de90:	91064ad6 	add	x22, x22, #0x192
    8261de94:	f9001bf7 	str	x23, [sp, #48]
    8261de98:	f9421c01 	ldr	x1, [x0, #1080]
    8261de9c:	f9003fe1 	str	x1, [sp, #120]
    8261dea0:	d2800001 	mov	x1, #0x0                   	// #0
    8261dea4:	f9401680 	ldr	x0, [x20, #40]
    8261dea8:	aa1603e1 	mov	x1, x22
    8261deac:	94000710 	bl	8261faec <ofnode_count_phandle_with_args>
    8261deb0:	36f80500 	tbz	w0, #31, 8261df50 <clk_set_defaults+0xe4>
    8261deb4:	f9401680 	ldr	x0, [x20, #40]
    8261deb8:	90000055 	adrp	x21, 82625000 <_ctype+0x35c>
    8261debc:	9106a6b5 	add	x21, x21, #0x1a9
    8261dec0:	aa1503e1 	mov	x1, x21
    8261dec4:	940006bb 	bl	8261f9b0 <ofnode_read_size>
    8261dec8:	36f804e0 	tbz	w0, #31, 8261df64 <clk_set_defaults+0xf8>
    8261decc:	52800000 	mov	w0, #0x0                   	// #0
    8261ded0:	14000037 	b	8261dfac <clk_set_defaults+0x140>
    8261ded4:	910183e3 	add	x3, sp, #0x60
    8261ded8:	2a1303e2 	mov	w2, w19
    8261dedc:	aa1603e1 	mov	x1, x22
    8261dee0:	aa1403e0 	mov	x0, x20
    8261dee4:	97ffff9f 	bl	8261dd60 <clk_get_by_indexed_prop>
    8261dee8:	3100081f 	cmn	w0, #0x2
    8261deec:	540000a1 	b.ne	8261df00 <clk_set_defaults+0x94>  // b.any
    8261def0:	11000673 	add	w19, w19, #0x1
    8261def4:	6b1302bf 	cmp	w21, w19
    8261def8:	54fffee1 	b.ne	8261ded4 <clk_set_defaults+0x68>  // b.any
    8261defc:	17ffffee 	b	8261deb4 <clk_set_defaults+0x48>
    8261df00:	350001a0 	cbnz	w0, 8261df34 <clk_set_defaults+0xc8>
    8261df04:	910123e3 	add	x3, sp, #0x48
    8261df08:	2a1303e2 	mov	w2, w19
    8261df0c:	aa1703e1 	mov	x1, x23
    8261df10:	aa1403e0 	mov	x0, x20
    8261df14:	97ffff93 	bl	8261dd60 <clk_get_by_indexed_prop>
    8261df18:	350000e0 	cbnz	w0, 8261df34 <clk_set_defaults+0xc8>
    8261df1c:	910183e1 	add	x1, sp, #0x60
    8261df20:	910123e0 	add	x0, sp, #0x48
    8261df24:	97ffffc9 	bl	8261de48 <clk_set_parent>
    8261df28:	3100981f 	cmn	w0, #0x26
    8261df2c:	54fffe20 	b.eq	8261def0 <clk_set_defaults+0x84>  // b.none
    8261df30:	34fffe00 	cbz	w0, 8261def0 <clk_set_defaults+0x84>
    8261df34:	d0000041 	adrp	x1, 82627000 <multipliers+0x16ba>
    8261df38:	f9403fe2 	ldr	x2, [sp, #120]
    8261df3c:	f9421c23 	ldr	x3, [x1, #1080]
    8261df40:	eb030042 	subs	x2, x2, x3
    8261df44:	d2800003 	mov	x3, #0x0                   	// #0
    8261df48:	54000580 	b.eq	8261dff8 <clk_set_defaults+0x18c>  // b.none
    8261df4c:	97ffd12c 	bl	826123fc <__stack_chk_fail>
    8261df50:	90000057 	adrp	x23, 82625000 <_ctype+0x35c>
    8261df54:	2a0003f5 	mov	w21, w0
    8261df58:	9106faf7 	add	x23, x23, #0x1be
    8261df5c:	52800013 	mov	w19, #0x0                   	// #0
    8261df60:	17ffffe5 	b	8261def4 <clk_set_defaults+0x88>
    8261df64:	93407c00 	sxtw	x0, w0
    8261df68:	d2800081 	mov	x1, #0x4                   	// #4
    8261df6c:	d342fc13 	lsr	x19, x0, #2
    8261df70:	aa1303e0 	mov	x0, x19
    8261df74:	97ffe966 	bl	8261850c <calloc>
    8261df78:	aa0003f6 	mov	x22, x0
    8261df7c:	b40003a0 	cbz	x0, 8261dff0 <clk_set_defaults+0x184>
    8261df80:	aa0003e2 	mov	x2, x0
    8261df84:	aa1303e3 	mov	x3, x19
    8261df88:	f9401680 	ldr	x0, [x20, #40]
    8261df8c:	aa1503e1 	mov	x1, x21
    8261df90:	9400067e 	bl	8261f988 <ofnode_read_u32_array>
    8261df94:	350000c0 	cbnz	w0, 8261dfac <clk_set_defaults+0x140>
    8261df98:	90000057 	adrp	x23, 82625000 <_ctype+0x35c>
    8261df9c:	9106faf7 	add	x23, x23, #0x1be
    8261dfa0:	d2800015 	mov	x21, #0x0                   	// #0
    8261dfa4:	6b15027f 	cmp	w19, w21
    8261dfa8:	5400008c 	b.gt	8261dfb8 <clk_set_defaults+0x14c>
    8261dfac:	7100001f 	cmp	w0, #0x0
    8261dfb0:	1a9fd000 	csel	w0, w0, wzr, le
    8261dfb4:	17ffffe0 	b	8261df34 <clk_set_defaults+0xc8>
    8261dfb8:	b8757ac1 	ldr	w1, [x22, x21, lsl #2]
    8261dfbc:	34000161 	cbz	w1, 8261dfe8 <clk_set_defaults+0x17c>
    8261dfc0:	910183e3 	add	x3, sp, #0x60
    8261dfc4:	2a1503e2 	mov	w2, w21
    8261dfc8:	aa1703e1 	mov	x1, x23
    8261dfcc:	aa1403e0 	mov	x0, x20
    8261dfd0:	97ffff64 	bl	8261dd60 <clk_get_by_indexed_prop>
    8261dfd4:	350000a0 	cbnz	w0, 8261dfe8 <clk_set_defaults+0x17c>
    8261dfd8:	b8757ac1 	ldr	w1, [x22, x21, lsl #2]
    8261dfdc:	910183e0 	add	x0, sp, #0x60
    8261dfe0:	97ffff91 	bl	8261de24 <clk_set_rate>
    8261dfe4:	37fffe40 	tbnz	w0, #31, 8261dfac <clk_set_defaults+0x140>
    8261dfe8:	910006b5 	add	x21, x21, #0x1
    8261dfec:	17ffffee 	b	8261dfa4 <clk_set_defaults+0x138>
    8261dff0:	12800160 	mov	w0, #0xfffffff4            	// #-12
    8261dff4:	17ffffee 	b	8261dfac <clk_set_defaults+0x140>
    8261dff8:	a94153f3 	ldp	x19, x20, [sp, #16]
    8261dffc:	a9425bf5 	ldp	x21, x22, [sp, #32]
    8261e000:	f9401bf7 	ldr	x23, [sp, #48]
    8261e004:	a8c87bfd 	ldp	x29, x30, [sp], #128
    8261e008:	d65f03c0 	ret

000000008261e00c <clk_enable>:
    8261e00c:	f9400001 	ldr	x1, [x0]
    8261e010:	f9400021 	ldr	x1, [x1]
    8261e014:	f9403421 	ldr	x1, [x1, #104]
    8261e018:	f9401821 	ldr	x1, [x1, #48]
    8261e01c:	b4000061 	cbz	x1, 8261e028 <clk_enable+0x1c>
    8261e020:	aa0103f0 	mov	x16, x1
    8261e024:	d61f0200 	br	x16
    8261e028:	128004a0 	mov	w0, #0xffffffda            	// #-38
    8261e02c:	d65f03c0 	ret

000000008261e030 <clk_fixed_rate_ofdata_to_platdata>:
    8261e030:	a9be7bfd 	stp	x29, x30, [sp, #-32]!
    8261e034:	f0000021 	adrp	x1, 82625000 <_ctype+0x35c>
    8261e038:	9105a421 	add	x1, x1, #0x169
    8261e03c:	910003fd 	mov	x29, sp
    8261e040:	a90153f3 	stp	x19, x20, [sp, #16]
    8261e044:	aa0003f4 	mov	x20, x0
    8261e048:	52800002 	mov	w2, #0x0                   	// #0
    8261e04c:	f9401400 	ldr	x0, [x0, #40]
    8261e050:	94000646 	bl	8261f968 <ofnode_read_u32_default>
    8261e054:	93407c13 	sxtw	x19, w0
    8261e058:	aa1403e0 	mov	x0, x20
    8261e05c:	94000190 	bl	8261e69c <dev_get_platdata>
    8261e060:	f9000013 	str	x19, [x0]
    8261e064:	52800000 	mov	w0, #0x0                   	// #0
    8261e068:	a94153f3 	ldp	x19, x20, [sp, #16]
    8261e06c:	a8c27bfd 	ldp	x29, x30, [sp], #32
    8261e070:	d65f03c0 	ret

000000008261e074 <clk_fixed_rate_get_rate>:
    8261e074:	f9400401 	ldr	x1, [x0, #8]
    8261e078:	b5000101 	cbnz	x1, 8261e098 <clk_fixed_rate_get_rate+0x24>
    8261e07c:	a9bf7bfd 	stp	x29, x30, [sp, #-16]!
    8261e080:	910003fd 	mov	x29, sp
    8261e084:	f9400000 	ldr	x0, [x0]
    8261e088:	94000185 	bl	8261e69c <dev_get_platdata>
    8261e08c:	a8c17bfd 	ldp	x29, x30, [sp], #16
    8261e090:	f9400000 	ldr	x0, [x0]
    8261e094:	d65f03c0 	ret
    8261e098:	928002a0 	mov	x0, #0xffffffffffffffea    	// #-22
    8261e09c:	d65f03c0 	ret

000000008261e0a0 <clk_fixed_factor_get_rate>:
    8261e0a0:	a9be7bfd 	stp	x29, x30, [sp, #-32]!
    8261e0a4:	910003fd 	mov	x29, sp
    8261e0a8:	a90153f3 	stp	x19, x20, [sp, #16]
    8261e0ac:	aa0003f4 	mov	x20, x0
    8261e0b0:	f9400000 	ldr	x0, [x0]
    8261e0b4:	9400017a 	bl	8261e69c <dev_get_platdata>
    8261e0b8:	f9400681 	ldr	x1, [x20, #8]
    8261e0bc:	b5000181 	cbnz	x1, 8261e0ec <clk_fixed_factor_get_rate+0x4c>
    8261e0c0:	aa0003f3 	mov	x19, x0
    8261e0c4:	97ffff4f 	bl	8261de00 <clk_get_rate>
    8261e0c8:	b140041f 	cmn	x0, #0x1, lsl #12
    8261e0cc:	540000a8 	b.hi	8261e0e0 <clk_fixed_factor_get_rate+0x40>  // b.pmore
    8261e0d0:	b9401a61 	ldr	w1, [x19, #24]
    8261e0d4:	9ac10800 	udiv	x0, x0, x1
    8261e0d8:	b9401e61 	ldr	w1, [x19, #28]
    8261e0dc:	9b017c00 	mul	x0, x0, x1
    8261e0e0:	a94153f3 	ldp	x19, x20, [sp, #16]
    8261e0e4:	a8c27bfd 	ldp	x29, x30, [sp], #32
    8261e0e8:	d65f03c0 	ret
    8261e0ec:	928002a0 	mov	x0, #0xffffffffffffffea    	// #-22
    8261e0f0:	17fffffc 	b	8261e0e0 <clk_fixed_factor_get_rate+0x40>

000000008261e0f4 <clk_fixed_factor_ofdata_to_platdata>:
    8261e0f4:	a9bd7bfd 	stp	x29, x30, [sp, #-48]!
    8261e0f8:	910003fd 	mov	x29, sp
    8261e0fc:	a90153f3 	stp	x19, x20, [sp, #16]
    8261e100:	aa0003f4 	mov	x20, x0
    8261e104:	f90013f5 	str	x21, [sp, #32]
    8261e108:	94000165 	bl	8261e69c <dev_get_platdata>
    8261e10c:	52800001 	mov	w1, #0x0                   	// #0
    8261e110:	aa0003e2 	mov	x2, x0
    8261e114:	aa0003f3 	mov	x19, x0
    8261e118:	aa1403e0 	mov	x0, x20
    8261e11c:	97fffedd 	bl	8261dc90 <clk_get_by_index>
    8261e120:	2a0003f5 	mov	w21, w0
    8261e124:	350001a0 	cbnz	w0, 8261e158 <clk_fixed_factor_ofdata_to_platdata+0x64>
    8261e128:	f9401680 	ldr	x0, [x20, #40]
    8261e12c:	52800022 	mov	w2, #0x1                   	// #1
    8261e130:	f0000021 	adrp	x1, 82625000 <_ctype+0x35c>
    8261e134:	91055021 	add	x1, x1, #0x154
    8261e138:	9400060c 	bl	8261f968 <ofnode_read_u32_default>
    8261e13c:	b9001a60 	str	w0, [x19, #24]
    8261e140:	52800022 	mov	w2, #0x1                   	// #1
    8261e144:	f0000021 	adrp	x1, 82625000 <_ctype+0x35c>
    8261e148:	f9401680 	ldr	x0, [x20, #40]
    8261e14c:	91057821 	add	x1, x1, #0x15e
    8261e150:	94000606 	bl	8261f968 <ofnode_read_u32_default>
    8261e154:	b9001e60 	str	w0, [x19, #28]
    8261e158:	2a1503e0 	mov	w0, w21
    8261e15c:	a94153f3 	ldp	x19, x20, [sp, #16]
    8261e160:	f94013f5 	ldr	x21, [sp, #32]
    8261e164:	a8c37bfd 	ldp	x29, x30, [sp], #48
    8261e168:	d65f03c0 	ret

000000008261e16c <alloc_priv>:
    8261e16c:	362802c1 	tbz	w1, #5, 8261e1c4 <alloc_priv+0x58>
    8261e170:	a9be7bfd 	stp	x29, x30, [sp, #-32]!
    8261e174:	910003fd 	mov	x29, sp
    8261e178:	a90153f3 	stp	x19, x20, [sp, #16]
    8261e17c:	1100fc13 	add	w19, w0, #0x3f
    8261e180:	121a6673 	and	w19, w19, #0xffffffc0
    8261e184:	d2800800 	mov	x0, #0x40                  	// #64
    8261e188:	93407e73 	sxtw	x19, w19
    8261e18c:	aa1303e1 	mov	x1, x19
    8261e190:	97ffe8db 	bl	826184fc <memalign_simple>
    8261e194:	aa0003f4 	mov	x20, x0
    8261e198:	b40000e0 	cbz	x0, 8261e1b4 <alloc_priv+0x48>
    8261e19c:	aa1303e2 	mov	x2, x19
    8261e1a0:	52800001 	mov	w1, #0x0                   	// #0
    8261e1a4:	97fff83e 	bl	8261c29c <memset>
    8261e1a8:	8b130281 	add	x1, x20, x19
    8261e1ac:	aa1403e0 	mov	x0, x20
    8261e1b0:	97ffdede 	bl	82615d28 <flush_dcache_range>
    8261e1b4:	aa1403e0 	mov	x0, x20
    8261e1b8:	a94153f3 	ldp	x19, x20, [sp, #16]
    8261e1bc:	a8c27bfd 	ldp	x29, x30, [sp], #32
    8261e1c0:	d65f03c0 	ret
    8261e1c4:	93407c01 	sxtw	x1, w0
    8261e1c8:	d2800020 	mov	x0, #0x1                   	// #1
    8261e1cc:	17ffe8d0 	b	8261850c <calloc>

000000008261e1d0 <device_bind_common.constprop.0>:
    8261e1d0:	a9b97bfd 	stp	x29, x30, [sp, #-112]!
    8261e1d4:	910003fd 	mov	x29, sp
    8261e1d8:	a90153f3 	stp	x19, x20, [sp, #16]
    8261e1dc:	aa0003f4 	mov	x20, x0
    8261e1e0:	b0000040 	adrp	x0, 82627000 <multipliers+0x16ba>
    8261e1e4:	a9025bf5 	stp	x21, x22, [sp, #32]
    8261e1e8:	aa0103f6 	mov	x22, x1
    8261e1ec:	aa0603f5 	mov	x21, x6
    8261e1f0:	a90363f7 	stp	x23, x24, [sp, #48]
    8261e1f4:	aa0303f8 	mov	x24, x3
    8261e1f8:	a9046bf9 	stp	x25, x26, [sp, #64]
    8261e1fc:	aa0203f9 	mov	x25, x2
    8261e200:	aa0403fa 	mov	x26, x4
    8261e204:	f9002bfb 	str	x27, [sp, #80]
    8261e208:	aa0503fb 	mov	x27, x5
    8261e20c:	f9421c01 	ldr	x1, [x0, #1080]
    8261e210:	f90037e1 	str	x1, [sp, #104]
    8261e214:	d2800001 	mov	x1, #0x0                   	// #0
    8261e218:	b4000046 	cbz	x6, 8261e220 <device_bind_common.constprop.0+0x50>
    8261e21c:	f90000df 	str	xzr, [x6]
    8261e220:	b4001039 	cbz	x25, 8261e424 <device_bind_common.constprop.0+0x254>
    8261e224:	b9400ac0 	ldr	w0, [x22, #8]
    8261e228:	910183e1 	add	x1, sp, #0x60
    8261e22c:	9400032e 	bl	8261eee4 <uclass_get>
    8261e230:	350000e0 	cbnz	w0, 8261e24c <device_bind_common.constprop.0+0x7c>
    8261e234:	d2801401 	mov	x1, #0xa0                  	// #160
    8261e238:	d2800020 	mov	x0, #0x1                   	// #1
    8261e23c:	97ffe8b4 	bl	8261850c <calloc>
    8261e240:	aa0003f3 	mov	x19, x0
    8261e244:	b5000120 	cbnz	x0, 8261e268 <device_bind_common.constprop.0+0x98>
    8261e248:	12800160 	mov	w0, #0xfffffff4            	// #-12
    8261e24c:	b0000041 	adrp	x1, 82627000 <multipliers+0x16ba>
    8261e250:	f94037e2 	ldr	x2, [sp, #104]
    8261e254:	f9421c23 	ldr	x3, [x1, #1080]
    8261e258:	eb030042 	subs	x2, x2, x3
    8261e25c:	d2800003 	mov	x3, #0x0                   	// #0
    8261e260:	54000f40 	b.eq	8261e448 <device_bind_common.constprop.0+0x278>  // b.none
    8261e264:	97ffd066 	bl	826123fc <__stack_chk_fail>
    8261e268:	91020017 	add	x23, x0, #0x80
    8261e26c:	9101c000 	add	x0, x0, #0x70
    8261e270:	f9004277 	str	x23, [x19, #128]
    8261e274:	12800001 	mov	w1, #0xffffffff            	// #-1
    8261e278:	f90006f7 	str	x23, [x23, #8]
    8261e27c:	f9003a60 	str	x0, [x19, #112]
    8261e280:	f9000400 	str	x0, [x0, #8]
    8261e284:	91018260 	add	x0, x19, #0x60
    8261e288:	f9003260 	str	x0, [x19, #96]
    8261e28c:	f9000400 	str	x0, [x0, #8]
    8261e290:	a9006676 	stp	x22, x25, [x19]
    8261e294:	f94033e0 	ldr	x0, [sp, #96]
    8261e298:	f9000a78 	str	x24, [x19, #16]
    8261e29c:	a902ea7b 	stp	x27, x26, [x19, #40]
    8261e2a0:	f9001e74 	str	x20, [x19, #56]
    8261e2a4:	f9002660 	str	x0, [x19, #72]
    8261e2a8:	29128661 	stp	w1, w1, [x19, #148]
    8261e2ac:	f9400400 	ldr	x0, [x0, #8]
    8261e2b0:	b9408001 	ldr	w1, [x0, #128]
    8261e2b4:	36000121 	tbz	w1, #0, 8261e2d8 <device_bind_common.constprop.0+0x108>
    8261e2b8:	f9400001 	ldr	x1, [x0]
    8261e2bc:	b40000e1 	cbz	x1, 8261e2d8 <device_bind_common.constprop.0+0x108>
    8261e2c0:	b100077f 	cmn	x27, #0x1
    8261e2c4:	540000a0 	b.eq	8261e2d8 <device_bind_common.constprop.0+0x108>  // b.none
    8261e2c8:	f9406640 	ldr	x0, [x18, #200]
    8261e2cc:	91025263 	add	x3, x19, #0x94
    8261e2d0:	2a1b03e2 	mov	w2, w27
    8261e2d4:	97fff5dd 	bl	8261ba48 <fdtdec_get_alias_seq>
    8261e2d8:	b9405ec0 	ldr	w0, [x22, #92]
    8261e2dc:	350001e0 	cbnz	w0, 8261e318 <device_bind_common.constprop.0+0x148>
    8261e2e0:	f94033e0 	ldr	x0, [sp, #96]
    8261e2e4:	f9400400 	ldr	x0, [x0, #8]
    8261e2e8:	b9406801 	ldr	w1, [x0, #104]
    8261e2ec:	340002a1 	cbz	w1, 8261e340 <device_bind_common.constprop.0+0x170>
    8261e2f0:	b9409260 	ldr	w0, [x19, #144]
    8261e2f4:	93407c21 	sxtw	x1, w1
    8261e2f8:	321c0000 	orr	w0, w0, #0x10
    8261e2fc:	b9009260 	str	w0, [x19, #144]
    8261e300:	d2800020 	mov	x0, #0x1                   	// #1
    8261e304:	97ffe882 	bl	8261850c <calloc>
    8261e308:	f9001260 	str	x0, [x19, #32]
    8261e30c:	b50001a0 	cbnz	x0, 8261e340 <device_bind_common.constprop.0+0x170>
    8261e310:	12800160 	mov	w0, #0xfffffff4            	// #-12
    8261e314:	14000033 	b	8261e3e0 <device_bind_common.constprop.0+0x210>
    8261e318:	b5fffe58 	cbnz	x24, 8261e2e0 <device_bind_common.constprop.0+0x110>
    8261e31c:	b9409260 	ldr	w0, [x19, #144]
    8261e320:	321f0000 	orr	w0, w0, #0x2
    8261e324:	b9009260 	str	w0, [x19, #144]
    8261e328:	d2800020 	mov	x0, #0x1                   	// #1
    8261e32c:	b9805ec1 	ldrsw	x1, [x22, #92]
    8261e330:	97ffe877 	bl	8261850c <calloc>
    8261e334:	f9000a60 	str	x0, [x19, #16]
    8261e338:	b5fffd40 	cbnz	x0, 8261e2e0 <device_bind_common.constprop.0+0x110>
    8261e33c:	17ffffc3 	b	8261e248 <device_bind_common.constprop.0+0x78>
    8261e340:	b5000234 	cbnz	x20, 8261e384 <device_bind_common.constprop.0+0x1b4>
    8261e344:	aa1303e0 	mov	x0, x19
    8261e348:	940004c0 	bl	8261f648 <uclass_bind_device>
    8261e34c:	35000440 	cbnz	w0, 8261e3d4 <device_bind_common.constprop.0+0x204>
    8261e350:	f9400ec1 	ldr	x1, [x22, #24]
    8261e354:	b50003a1 	cbnz	x1, 8261e3c8 <device_bind_common.constprop.0+0x1f8>
    8261e358:	b50004d4 	cbnz	x20, 8261e3f0 <device_bind_common.constprop.0+0x220>
    8261e35c:	f94033e0 	ldr	x0, [sp, #96]
    8261e360:	f9400400 	ldr	x0, [x0, #8]
    8261e364:	f9400801 	ldr	x1, [x0, #16]
    8261e368:	b5000521 	cbnz	x1, 8261e40c <device_bind_common.constprop.0+0x23c>
    8261e36c:	b5000595 	cbnz	x21, 8261e41c <device_bind_common.constprop.0+0x24c>
    8261e370:	b9409260 	ldr	w0, [x19, #144]
    8261e374:	321a0000 	orr	w0, w0, #0x40
    8261e378:	b9009260 	str	w0, [x19, #144]
    8261e37c:	52800000 	mov	w0, #0x0                   	// #0
    8261e380:	17ffffb3 	b	8261e24c <device_bind_common.constprop.0+0x7c>
    8261e384:	f9400280 	ldr	x0, [x20]
    8261e388:	b9406401 	ldr	w1, [x0, #100]
    8261e38c:	350000a1 	cbnz	w1, 8261e3a0 <device_bind_common.constprop.0+0x1d0>
    8261e390:	f9402680 	ldr	x0, [x20, #72]
    8261e394:	f9400400 	ldr	x0, [x0, #8]
    8261e398:	b9407001 	ldr	w1, [x0, #112]
    8261e39c:	34000481 	cbz	w1, 8261e42c <device_bind_common.constprop.0+0x25c>
    8261e3a0:	b9409260 	ldr	w0, [x19, #144]
    8261e3a4:	93407c21 	sxtw	x1, w1
    8261e3a8:	321d0000 	orr	w0, w0, #0x8
    8261e3ac:	b9009260 	str	w0, [x19, #144]
    8261e3b0:	d2800020 	mov	x0, #0x1                   	// #1
    8261e3b4:	97ffe856 	bl	8261850c <calloc>
    8261e3b8:	f9000e60 	str	x0, [x19, #24]
    8261e3bc:	b5000380 	cbnz	x0, 8261e42c <device_bind_common.constprop.0+0x25c>
    8261e3c0:	12800160 	mov	w0, #0xfffffff4            	// #-12
    8261e3c4:	14000004 	b	8261e3d4 <device_bind_common.constprop.0+0x204>
    8261e3c8:	aa1303e0 	mov	x0, x19
    8261e3cc:	d63f0020 	blr	x1
    8261e3d0:	34fffc40 	cbz	w0, 8261e358 <device_bind_common.constprop.0+0x188>
    8261e3d4:	b9409261 	ldr	w1, [x19, #144]
    8261e3d8:	36200041 	tbz	w1, #4, 8261e3e0 <device_bind_common.constprop.0+0x210>
    8261e3dc:	f900127f 	str	xzr, [x19, #32]
    8261e3e0:	b9409261 	ldr	w1, [x19, #144]
    8261e3e4:	360ff341 	tbz	w1, #1, 8261e24c <device_bind_common.constprop.0+0x7c>
    8261e3e8:	f9000a7f 	str	xzr, [x19, #16]
    8261e3ec:	17ffff98 	b	8261e24c <device_bind_common.constprop.0+0x7c>
    8261e3f0:	f9400280 	ldr	x0, [x20]
    8261e3f4:	f9402001 	ldr	x1, [x0, #64]
    8261e3f8:	b4fffb21 	cbz	x1, 8261e35c <device_bind_common.constprop.0+0x18c>
    8261e3fc:	aa1303e0 	mov	x0, x19
    8261e400:	d63f0020 	blr	x1
    8261e404:	34fffac0 	cbz	w0, 8261e35c <device_bind_common.constprop.0+0x18c>
    8261e408:	17fffff3 	b	8261e3d4 <device_bind_common.constprop.0+0x204>
    8261e40c:	aa1303e0 	mov	x0, x19
    8261e410:	d63f0020 	blr	x1
    8261e414:	34fffac0 	cbz	w0, 8261e36c <device_bind_common.constprop.0+0x19c>
    8261e418:	17ffffef 	b	8261e3d4 <device_bind_common.constprop.0+0x204>
    8261e41c:	f90002b3 	str	x19, [x21]
    8261e420:	17ffffd4 	b	8261e370 <device_bind_common.constprop.0+0x1a0>
    8261e424:	128002a0 	mov	w0, #0xffffffea            	// #-22
    8261e428:	17ffff89 	b	8261e24c <device_bind_common.constprop.0+0x7c>
    8261e42c:	f9403e81 	ldr	x1, [x20, #120]
    8261e430:	f9003e97 	str	x23, [x20, #120]
    8261e434:	9101c280 	add	x0, x20, #0x70
    8261e438:	f9004260 	str	x0, [x19, #128]
    8261e43c:	f90006e1 	str	x1, [x23, #8]
    8261e440:	f9000037 	str	x23, [x1]
    8261e444:	17ffffc0 	b	8261e344 <device_bind_common.constprop.0+0x174>
    8261e448:	a94153f3 	ldp	x19, x20, [sp, #16]
    8261e44c:	a9425bf5 	ldp	x21, x22, [sp, #32]
    8261e450:	a94363f7 	ldp	x23, x24, [sp, #48]
    8261e454:	a9446bf9 	ldp	x25, x26, [sp, #64]
    8261e458:	f9402bfb 	ldr	x27, [sp, #80]
    8261e45c:	a8c77bfd 	ldp	x29, x30, [sp], #112
    8261e460:	d65f03c0 	ret

000000008261e464 <device_bind_with_driver_data>:
    8261e464:	aa0503e6 	mov	x6, x5
    8261e468:	aa0403e5 	mov	x5, x4
    8261e46c:	aa0303e4 	mov	x4, x3
    8261e470:	d2800003 	mov	x3, #0x0                   	// #0
    8261e474:	17ffff57 	b	8261e1d0 <device_bind_common.constprop.0>

000000008261e478 <device_bind_by_name>:
    8261e478:	a9bd7bfd 	stp	x29, x30, [sp, #-48]!
    8261e47c:	910003fd 	mov	x29, sp
    8261e480:	a90153f3 	stp	x19, x20, [sp, #16]
    8261e484:	aa0003f4 	mov	x20, x0
    8261e488:	aa0203f3 	mov	x19, x2
    8261e48c:	a9025bf5 	stp	x21, x22, [sp, #32]
    8261e490:	12001c36 	and	w22, w1, #0xff
    8261e494:	aa0303f5 	mov	x21, x3
    8261e498:	f9400040 	ldr	x0, [x2]
    8261e49c:	940000eb 	bl	8261e848 <lists_driver_lookup_name>
    8261e4a0:	b40001c0 	cbz	x0, 8261e4d8 <device_bind_by_name+0x60>
    8261e4a4:	aa0003e1 	mov	x1, x0
    8261e4a8:	34000076 	cbz	w22, 8261e4b4 <device_bind_by_name+0x3c>
    8261e4ac:	b9407000 	ldr	w0, [x0, #112]
    8261e4b0:	361001e0 	tbz	w0, #2, 8261e4ec <device_bind_by_name+0x74>
    8261e4b4:	aa1503e6 	mov	x6, x21
    8261e4b8:	aa1403e0 	mov	x0, x20
    8261e4bc:	a9400e62 	ldp	x2, x3, [x19]
    8261e4c0:	92800005 	mov	x5, #0xffffffffffffffff    	// #-1
    8261e4c4:	a94153f3 	ldp	x19, x20, [sp, #16]
    8261e4c8:	d2800004 	mov	x4, #0x0                   	// #0
    8261e4cc:	a9425bf5 	ldp	x21, x22, [sp, #32]
    8261e4d0:	a8c37bfd 	ldp	x29, x30, [sp], #48
    8261e4d4:	17ffff3f 	b	8261e1d0 <device_bind_common.constprop.0>
    8261e4d8:	12800020 	mov	w0, #0xfffffffe            	// #-2
    8261e4dc:	a94153f3 	ldp	x19, x20, [sp, #16]
    8261e4e0:	a9425bf5 	ldp	x21, x22, [sp, #32]
    8261e4e4:	a8c37bfd 	ldp	x29, x30, [sp], #48
    8261e4e8:	d65f03c0 	ret
    8261e4ec:	12800000 	mov	w0, #0xffffffff            	// #-1
    8261e4f0:	17fffffb 	b	8261e4dc <device_bind_by_name+0x64>

000000008261e4f4 <device_probe>:
    8261e4f4:	b4000d00 	cbz	x0, 8261e694 <device_probe+0x1a0>
    8261e4f8:	a9be7bfd 	stp	x29, x30, [sp, #-32]!
    8261e4fc:	910003fd 	mov	x29, sp
    8261e500:	a90153f3 	stp	x19, x20, [sp, #16]
    8261e504:	aa0003f3 	mov	x19, x0
    8261e508:	b9409000 	ldr	w0, [x0, #144]
    8261e50c:	360000a0 	tbz	w0, #0, 8261e520 <device_probe+0x2c>
    8261e510:	52800000 	mov	w0, #0x0                   	// #0
    8261e514:	a94153f3 	ldp	x19, x20, [sp, #16]
    8261e518:	a8c27bfd 	ldp	x29, x30, [sp], #32
    8261e51c:	d65f03c0 	ret
    8261e520:	f9400274 	ldr	x20, [x19]
    8261e524:	b9405a80 	ldr	w0, [x20, #88]
    8261e528:	35000420 	cbnz	w0, 8261e5ac <device_probe+0xb8>
    8261e52c:	f9402660 	ldr	x0, [x19, #72]
    8261e530:	f9400401 	ldr	x1, [x0, #8]
    8261e534:	b9406420 	ldr	w0, [x1, #100]
    8261e538:	35000540 	cbnz	w0, 8261e5e0 <device_probe+0xec>
    8261e53c:	f9401e61 	ldr	x1, [x19, #56]
    8261e540:	b50005e1 	cbnz	x1, 8261e5fc <device_probe+0x108>
    8261e544:	aa1303e0 	mov	x0, x19
    8261e548:	9400045c 	bl	8261f6b8 <uclass_resolve_seq>
    8261e54c:	37f803e0 	tbnz	w0, #31, 8261e5c8 <device_probe+0xd4>
    8261e550:	b9009a60 	str	w0, [x19, #152]
    8261e554:	b9409260 	ldr	w0, [x19, #144]
    8261e558:	32000000 	orr	w0, w0, #0x1
    8261e55c:	b9009260 	str	w0, [x19, #144]
    8261e560:	aa1303e0 	mov	x0, x19
    8261e564:	94000486 	bl	8261f77c <uclass_pre_probe_device>
    8261e568:	35000300 	cbnz	w0, 8261e5c8 <device_probe+0xd4>
    8261e56c:	f9401e60 	ldr	x0, [x19, #56]
    8261e570:	b50006e0 	cbnz	x0, 8261e64c <device_probe+0x158>
    8261e574:	f9401e81 	ldr	x1, [x20, #56]
    8261e578:	b5000781 	cbnz	x1, 8261e668 <device_probe+0x174>
    8261e57c:	aa1303e0 	mov	x0, x19
    8261e580:	97fffe3b 	bl	8261de6c <clk_set_defaults>
    8261e584:	35000220 	cbnz	w0, 8261e5c8 <device_probe+0xd4>
    8261e588:	f9401281 	ldr	x1, [x20, #32]
    8261e58c:	b40007c1 	cbz	x1, 8261e684 <device_probe+0x190>
    8261e590:	aa1303e0 	mov	x0, x19
    8261e594:	d63f0020 	blr	x1
    8261e598:	34000760 	cbz	w0, 8261e684 <device_probe+0x190>
    8261e59c:	b9409261 	ldr	w1, [x19, #144]
    8261e5a0:	121f7821 	and	w1, w1, #0xfffffffe
    8261e5a4:	b9009261 	str	w1, [x19, #144]
    8261e5a8:	14000008 	b	8261e5c8 <device_probe+0xd4>
    8261e5ac:	f9402261 	ldr	x1, [x19, #64]
    8261e5b0:	b5fffbe1 	cbnz	x1, 8261e52c <device_probe+0x38>
    8261e5b4:	b9407281 	ldr	w1, [x20, #112]
    8261e5b8:	97fffeed 	bl	8261e16c <alloc_priv>
    8261e5bc:	f9002260 	str	x0, [x19, #64]
    8261e5c0:	b5fffb60 	cbnz	x0, 8261e52c <device_probe+0x38>
    8261e5c4:	12800160 	mov	w0, #0xfffffff4            	// #-12
    8261e5c8:	b9409261 	ldr	w1, [x19, #144]
    8261e5cc:	121f7821 	and	w1, w1, #0xfffffffe
    8261e5d0:	b9009261 	str	w1, [x19, #144]
    8261e5d4:	12800001 	mov	w1, #0xffffffff            	// #-1
    8261e5d8:	b9009a61 	str	w1, [x19, #152]
    8261e5dc:	17ffffce 	b	8261e514 <device_probe+0x20>
    8261e5e0:	f9402a62 	ldr	x2, [x19, #80]
    8261e5e4:	b5fffac2 	cbnz	x2, 8261e53c <device_probe+0x48>
    8261e5e8:	b9408021 	ldr	w1, [x1, #128]
    8261e5ec:	97fffee0 	bl	8261e16c <alloc_priv>
    8261e5f0:	f9002a60 	str	x0, [x19, #80]
    8261e5f4:	b5fffa40 	cbnz	x0, 8261e53c <device_probe+0x48>
    8261e5f8:	17fffff3 	b	8261e5c4 <device_probe+0xd0>
    8261e5fc:	f9400020 	ldr	x0, [x1]
    8261e600:	b9406000 	ldr	w0, [x0, #96]
    8261e604:	35000160 	cbnz	w0, 8261e630 <device_probe+0x13c>
    8261e608:	f9402420 	ldr	x0, [x1, #72]
    8261e60c:	f9400400 	ldr	x0, [x0, #8]
    8261e610:	b9406c00 	ldr	w0, [x0, #108]
    8261e614:	350000e0 	cbnz	w0, 8261e630 <device_probe+0x13c>
    8261e618:	f9401e60 	ldr	x0, [x19, #56]
    8261e61c:	97ffffb6 	bl	8261e4f4 <device_probe>
    8261e620:	35fffd40 	cbnz	w0, 8261e5c8 <device_probe+0xd4>
    8261e624:	b9409260 	ldr	w0, [x19, #144]
    8261e628:	3607f8e0 	tbz	w0, #0, 8261e544 <device_probe+0x50>
    8261e62c:	17ffffb9 	b	8261e510 <device_probe+0x1c>
    8261e630:	f9402e61 	ldr	x1, [x19, #88]
    8261e634:	b5ffff21 	cbnz	x1, 8261e618 <device_probe+0x124>
    8261e638:	b9407281 	ldr	w1, [x20, #112]
    8261e63c:	97fffecc 	bl	8261e16c <alloc_priv>
    8261e640:	f9002e60 	str	x0, [x19, #88]
    8261e644:	b5fffea0 	cbnz	x0, 8261e618 <device_probe+0x124>
    8261e648:	17ffffdf 	b	8261e5c4 <device_probe+0xd0>
    8261e64c:	f9400000 	ldr	x0, [x0]
    8261e650:	f9402401 	ldr	x1, [x0, #72]
    8261e654:	b4fff901 	cbz	x1, 8261e574 <device_probe+0x80>
    8261e658:	aa1303e0 	mov	x0, x19
    8261e65c:	d63f0020 	blr	x1
    8261e660:	34fff8a0 	cbz	w0, 8261e574 <device_probe+0x80>
    8261e664:	17ffffd9 	b	8261e5c8 <device_probe+0xd4>
    8261e668:	f9401660 	ldr	x0, [x19, #40]
    8261e66c:	b100041f 	cmn	x0, #0x1
    8261e670:	54fff860 	b.eq	8261e57c <device_probe+0x88>  // b.none
    8261e674:	aa1303e0 	mov	x0, x19
    8261e678:	d63f0020 	blr	x1
    8261e67c:	34fff800 	cbz	w0, 8261e57c <device_probe+0x88>
    8261e680:	17ffffd2 	b	8261e5c8 <device_probe+0xd4>
    8261e684:	aa1303e0 	mov	x0, x19
    8261e688:	94000457 	bl	8261f7e4 <uclass_post_probe_device>
    8261e68c:	34fff420 	cbz	w0, 8261e510 <device_probe+0x1c>
    8261e690:	17ffffce 	b	8261e5c8 <device_probe+0xd4>
    8261e694:	128002a0 	mov	w0, #0xffffffea            	// #-22
    8261e698:	d65f03c0 	ret

000000008261e69c <dev_get_platdata>:
    8261e69c:	b4000040 	cbz	x0, 8261e6a4 <dev_get_platdata+0x8>
    8261e6a0:	f9400800 	ldr	x0, [x0, #16]
    8261e6a4:	d65f03c0 	ret

000000008261e6a8 <dev_get_parent_platdata>:
    8261e6a8:	b4000040 	cbz	x0, 8261e6b0 <dev_get_parent_platdata+0x8>
    8261e6ac:	f9400c00 	ldr	x0, [x0, #24]
    8261e6b0:	d65f03c0 	ret

000000008261e6b4 <dev_get_uclass_platdata>:
    8261e6b4:	b4000040 	cbz	x0, 8261e6bc <dev_get_uclass_platdata+0x8>
    8261e6b8:	f9401000 	ldr	x0, [x0, #32]
    8261e6bc:	d65f03c0 	ret

000000008261e6c0 <dev_get_priv>:
    8261e6c0:	b4000040 	cbz	x0, 8261e6c8 <dev_get_priv+0x8>
    8261e6c4:	f9402000 	ldr	x0, [x0, #64]
    8261e6c8:	d65f03c0 	ret

000000008261e6cc <dev_get_uclass_priv>:
    8261e6cc:	b4000040 	cbz	x0, 8261e6d4 <dev_get_uclass_priv+0x8>
    8261e6d0:	f9402800 	ldr	x0, [x0, #80]
    8261e6d4:	d65f03c0 	ret

000000008261e6d8 <dev_get_parent_priv>:
    8261e6d8:	b4000040 	cbz	x0, 8261e6e0 <dev_get_parent_priv+0x8>
    8261e6dc:	f9402c00 	ldr	x0, [x0, #88]
    8261e6e0:	d65f03c0 	ret

000000008261e6e4 <device_find_first_child>:
    8261e6e4:	f9403802 	ldr	x2, [x0, #112]
    8261e6e8:	9101c003 	add	x3, x0, #0x70
    8261e6ec:	eb03005f 	cmp	x2, x3
    8261e6f0:	d1020040 	sub	x0, x2, #0x80
    8261e6f4:	9a9f1000 	csel	x0, x0, xzr, ne  // ne = any
    8261e6f8:	f9000020 	str	x0, [x1]
    8261e6fc:	52800000 	mov	w0, #0x0                   	// #0
    8261e700:	d65f03c0 	ret

000000008261e704 <dev_get_parent>:
    8261e704:	f9401c00 	ldr	x0, [x0, #56]
    8261e708:	d65f03c0 	ret

000000008261e70c <device_set_name_alloced>:
    8261e70c:	b9409001 	ldr	w1, [x0, #144]
    8261e710:	32190021 	orr	w1, w1, #0x80
    8261e714:	b9009001 	str	w1, [x0, #144]
    8261e718:	d65f03c0 	ret

000000008261e71c <devfdt_get_addr_index>:
    8261e71c:	a9bc7bfd 	stp	x29, x30, [sp, #-64]!
    8261e720:	910003fd 	mov	x29, sp
    8261e724:	a90153f3 	stp	x19, x20, [sp, #16]
    8261e728:	aa0003f4 	mov	x20, x0
    8261e72c:	b0000040 	adrp	x0, 82627000 <multipliers+0x16ba>
    8261e730:	a9025bf5 	stp	x21, x22, [sp, #32]
    8261e734:	2a0103f6 	mov	w22, w1
    8261e738:	f9421c01 	ldr	x1, [x0, #1080]
    8261e73c:	f9001fe1 	str	x1, [sp, #56]
    8261e740:	d2800001 	mov	x1, #0x0                   	// #0
    8261e744:	b90037ff 	str	wzr, [sp, #52]
    8261e748:	f9401e81 	ldr	x1, [x20, #56]
    8261e74c:	f9406640 	ldr	x0, [x18, #200]
    8261e750:	b9402821 	ldr	w1, [x1, #40]
    8261e754:	97fff144 	bl	8261ac64 <fdt_address_cells>
    8261e758:	93407c13 	sxtw	x19, w0
    8261e75c:	7100027f 	cmp	w19, #0x0
    8261e760:	5400054d 	b.le	8261e808 <devfdt_get_addr_index+0xec>
    8261e764:	f9401e81 	ldr	x1, [x20, #56]
    8261e768:	f9406640 	ldr	x0, [x18, #200]
    8261e76c:	b9402821 	ldr	w1, [x1, #40]
    8261e770:	97fff15e 	bl	8261ace8 <fdt_size_cells>
    8261e774:	2a0003f5 	mov	w21, w0
    8261e778:	37f80480 	tbnz	w0, #31, 8261e808 <devfdt_get_addr_index+0xec>
    8261e77c:	b9402a81 	ldr	w1, [x20, #40]
    8261e780:	f0000022 	adrp	x2, 82625000 <_ctype+0x35c>
    8261e784:	f9406640 	ldr	x0, [x18, #200]
    8261e788:	9113e842 	add	x2, x2, #0x4fa
    8261e78c:	9100d3e3 	add	x3, sp, #0x34
    8261e790:	97fff2a2 	bl	8261b218 <fdt_getprop>
    8261e794:	aa0003e2 	mov	x2, x0
    8261e798:	b4000380 	cbz	x0, 8261e808 <devfdt_get_addr_index+0xec>
    8261e79c:	0b150263 	add	w3, w19, w21
    8261e7a0:	b98037e0 	ldrsw	x0, [sp, #52]
    8261e7a4:	9b367c61 	smull	x1, w3, w22
    8261e7a8:	d37ef421 	lsl	x1, x1, #2
    8261e7ac:	eb01001f 	cmp	x0, x1
    8261e7b0:	540002c9 	b.ls	8261e808 <devfdt_get_addr_index+0xec>  // b.plast
    8261e7b4:	8b010042 	add	x2, x2, x1
    8261e7b8:	35000155 	cbnz	w21, 8261e7e0 <devfdt_get_addr_index+0xc4>
    8261e7bc:	d2800001 	mov	x1, #0x0                   	// #0
    8261e7c0:	d2800000 	mov	x0, #0x0                   	// #0
    8261e7c4:	b8617843 	ldr	w3, [x2, x1, lsl #2]
    8261e7c8:	91000421 	add	x1, x1, #0x1
    8261e7cc:	5ac00863 	rev	w3, w3
    8261e7d0:	aa008060 	orr	x0, x3, x0, lsl #32
    8261e7d4:	eb13003f 	cmp	x1, x19
    8261e7d8:	54ffff61 	b.ne	8261e7c4 <devfdt_get_addr_index+0xa8>  // b.any
    8261e7dc:	14000004 	b	8261e7ec <devfdt_get_addr_index+0xd0>
    8261e7e0:	b9402a81 	ldr	w1, [x20, #40]
    8261e7e4:	f9406640 	ldr	x0, [x18, #200]
    8261e7e8:	97ffe5c6 	bl	82617f00 <fdt_translate_address>
    8261e7ec:	b0000041 	adrp	x1, 82627000 <multipliers+0x16ba>
    8261e7f0:	f9401fe2 	ldr	x2, [sp, #56]
    8261e7f4:	f9421c23 	ldr	x3, [x1, #1080]
    8261e7f8:	eb030042 	subs	x2, x2, x3
    8261e7fc:	d2800003 	mov	x3, #0x0                   	// #0
    8261e800:	54000080 	b.eq	8261e810 <devfdt_get_addr_index+0xf4>  // b.none
    8261e804:	97ffcefe 	bl	826123fc <__stack_chk_fail>
    8261e808:	b2407fe0 	mov	x0, #0xffffffff            	// #4294967295
    8261e80c:	17fffff8 	b	8261e7ec <devfdt_get_addr_index+0xd0>
    8261e810:	a94153f3 	ldp	x19, x20, [sp, #16]
    8261e814:	a9425bf5 	ldp	x21, x22, [sp, #32]
    8261e818:	a8c47bfd 	ldp	x29, x30, [sp], #64
    8261e81c:	d65f03c0 	ret

000000008261e820 <devfdt_remap_addr_index>:
    8261e820:	a9bf7bfd 	stp	x29, x30, [sp, #-16]!
    8261e824:	910003fd 	mov	x29, sp
    8261e828:	97ffffbd 	bl	8261e71c <devfdt_get_addr_index>
    8261e82c:	b2407fe1 	mov	x1, #0xffffffff            	// #4294967295
    8261e830:	eb01001f 	cmp	x0, x1
    8261e834:	9a9f1000 	csel	x0, x0, xzr, ne  // ne = any
    8261e838:	a8c17bfd 	ldp	x29, x30, [sp], #16
    8261e83c:	d65f03c0 	ret

000000008261e840 <devfdt_remap_addr>:
    8261e840:	52800001 	mov	w1, #0x0                   	// #0
    8261e844:	17fffff7 	b	8261e820 <devfdt_remap_addr_index>

000000008261e848 <lists_driver_lookup_name>:
    8261e848:	a9bd7bfd 	stp	x29, x30, [sp, #-48]!
    8261e84c:	910003fd 	mov	x29, sp
    8261e850:	a90153f3 	stp	x19, x20, [sp, #16]
    8261e854:	d0000053 	adrp	x19, 82628000 <ovl+0xf0>
    8261e858:	d0000054 	adrp	x20, 82628000 <ovl+0xf0>
    8261e85c:	911a0273 	add	x19, x19, #0x680
    8261e860:	91380294 	add	x20, x20, #0xe00
    8261e864:	cb130294 	sub	x20, x20, x19
    8261e868:	f90013f5 	str	x21, [sp, #32]
    8261e86c:	aa0003f5 	mov	x21, x0
    8261e870:	b203ebe0 	mov	x0, #0xeeeeeeeeeeeeeeee    	// #-1229782938247303442
    8261e874:	9343fe94 	asr	x20, x20, #3
    8261e878:	f29ddde0 	movk	x0, #0xeeef
    8261e87c:	9b007e94 	mul	x20, x20, x0
    8261e880:	52800f00 	mov	w0, #0x78                  	// #120
    8261e884:	9b204e94 	smaddl	x20, w20, w0, x19
    8261e888:	eb13029f 	cmp	x20, x19
    8261e88c:	540000e1 	b.ne	8261e8a8 <lists_driver_lookup_name+0x60>  // b.any
    8261e890:	d2800013 	mov	x19, #0x0                   	// #0
    8261e894:	aa1303e0 	mov	x0, x19
    8261e898:	a94153f3 	ldp	x19, x20, [sp, #16]
    8261e89c:	f94013f5 	ldr	x21, [sp, #32]
    8261e8a0:	a8c37bfd 	ldp	x29, x30, [sp], #48
    8261e8a4:	d65f03c0 	ret
    8261e8a8:	f9400261 	ldr	x1, [x19]
    8261e8ac:	aa1503e0 	mov	x0, x21
    8261e8b0:	97fff625 	bl	8261c144 <strcmp>
    8261e8b4:	34ffff00 	cbz	w0, 8261e894 <lists_driver_lookup_name+0x4c>
    8261e8b8:	9101e273 	add	x19, x19, #0x78
    8261e8bc:	17fffff3 	b	8261e888 <lists_driver_lookup_name+0x40>

000000008261e8c0 <lists_uclass_lookup>:
    8261e8c0:	2a0003e2 	mov	w2, w0
    8261e8c4:	f0000041 	adrp	x1, 82629000 <_u_boot_list_2_uclass_2_nop+0x20>
    8261e8c8:	d0000040 	adrp	x0, 82628000 <ovl+0xf0>
    8261e8cc:	910e6021 	add	x1, x1, #0x398
    8261e8d0:	91392000 	add	x0, x0, #0xe48
    8261e8d4:	b204cfe3 	mov	x3, #0xf0f0f0f0f0f0f0f0    	// #-1085102592571150096
    8261e8d8:	cb000021 	sub	x1, x1, x0
    8261e8dc:	f29e1e23 	movk	x3, #0xf0f1
    8261e8e0:	9343fc21 	asr	x1, x1, #3
    8261e8e4:	9b037c21 	mul	x1, x1, x3
    8261e8e8:	52801103 	mov	w3, #0x88                  	// #136
    8261e8ec:	9b230021 	smaddl	x1, w1, w3, x0
    8261e8f0:	eb00003f 	cmp	x1, x0
    8261e8f4:	54000061 	b.ne	8261e900 <lists_uclass_lookup+0x40>  // b.any
    8261e8f8:	d2800000 	mov	x0, #0x0                   	// #0
    8261e8fc:	d65f03c0 	ret
    8261e900:	b9400803 	ldr	w3, [x0, #8]
    8261e904:	6b02007f 	cmp	w3, w2
    8261e908:	54ffffa0 	b.eq	8261e8fc <lists_uclass_lookup+0x3c>  // b.none
    8261e90c:	91022000 	add	x0, x0, #0x88
    8261e910:	17fffff8 	b	8261e8f0 <lists_uclass_lookup+0x30>

000000008261e914 <lists_bind_drivers>:
    8261e914:	a9bb7bfd 	stp	x29, x30, [sp, #-80]!
    8261e918:	910003fd 	mov	x29, sp
    8261e91c:	a90153f3 	stp	x19, x20, [sp, #16]
    8261e920:	d0000053 	adrp	x19, 82628000 <ovl+0xf0>
    8261e924:	d0000054 	adrp	x20, 82628000 <ovl+0xf0>
    8261e928:	91380273 	add	x19, x19, #0xe00
    8261e92c:	91380294 	add	x20, x20, #0xe00
    8261e930:	cb130294 	sub	x20, x20, x19
    8261e934:	a9025bf5 	stp	x21, x22, [sp, #32]
    8261e938:	aa0003f6 	mov	x22, x0
    8261e93c:	93448e94 	sbfx	x20, x20, #4, #32
    8261e940:	f9001bf7 	str	x23, [sp, #48]
    8261e944:	b0000040 	adrp	x0, 82627000 <multipliers+0x16ba>
    8261e948:	12001c37 	and	w23, w1, #0xff
    8261e94c:	8b141274 	add	x20, x19, x20, lsl #4
    8261e950:	f9421c01 	ldr	x1, [x0, #1080]
    8261e954:	f90027e1 	str	x1, [sp, #72]
    8261e958:	d2800001 	mov	x1, #0x0                   	// #0
    8261e95c:	52800015 	mov	w21, #0x0                   	// #0
    8261e960:	eb13029f 	cmp	x20, x19
    8261e964:	54000101 	b.ne	8261e984 <lists_bind_drivers+0x70>  // b.any
    8261e968:	b0000040 	adrp	x0, 82627000 <multipliers+0x16ba>
    8261e96c:	f94027e1 	ldr	x1, [sp, #72]
    8261e970:	f9421c02 	ldr	x2, [x0, #1080]
    8261e974:	eb020021 	subs	x1, x1, x2
    8261e978:	d2800002 	mov	x2, #0x0                   	// #0
    8261e97c:	540001e0 	b.eq	8261e9b8 <lists_bind_drivers+0xa4>  // b.none
    8261e980:	97ffce9f 	bl	826123fc <__stack_chk_fail>
    8261e984:	2a1703e1 	mov	w1, w23
    8261e988:	910103e3 	add	x3, sp, #0x40
    8261e98c:	aa1303e2 	mov	x2, x19
    8261e990:	aa1603e0 	mov	x0, x22
    8261e994:	97fffeb9 	bl	8261e478 <device_bind_by_name>
    8261e998:	11000401 	add	w1, w0, #0x1
    8261e99c:	7100043f 	cmp	w1, #0x1
    8261e9a0:	54000089 	b.ls	8261e9b0 <lists_bind_drivers+0x9c>  // b.plast
    8261e9a4:	710002bf 	cmp	w21, #0x0
    8261e9a8:	3a421800 	ccmn	w0, #0x2, #0x0, ne  // ne = any
    8261e9ac:	1a8002b5 	csel	w21, w21, w0, eq  // eq = none
    8261e9b0:	91004273 	add	x19, x19, #0x10
    8261e9b4:	17ffffeb 	b	8261e960 <lists_bind_drivers+0x4c>
    8261e9b8:	2a1503e0 	mov	w0, w21
    8261e9bc:	a94153f3 	ldp	x19, x20, [sp, #16]
    8261e9c0:	a9425bf5 	ldp	x21, x22, [sp, #32]
    8261e9c4:	f9401bf7 	ldr	x23, [sp, #48]
    8261e9c8:	a8c57bfd 	ldp	x29, x30, [sp], #80
    8261e9cc:	d65f03c0 	ret

000000008261e9d0 <device_bind_driver_to_node>:
    8261e9d0:	a9bd7bfd 	stp	x29, x30, [sp, #-48]!
    8261e9d4:	910003fd 	mov	x29, sp
    8261e9d8:	a90153f3 	stp	x19, x20, [sp, #16]
    8261e9dc:	aa0003f3 	mov	x19, x0
    8261e9e0:	aa0203f4 	mov	x20, x2
    8261e9e4:	aa0103e0 	mov	x0, x1
    8261e9e8:	a9025bf5 	stp	x21, x22, [sp, #32]
    8261e9ec:	aa0303f5 	mov	x21, x3
    8261e9f0:	aa0403f6 	mov	x22, x4
    8261e9f4:	97ffff95 	bl	8261e848 <lists_driver_lookup_name>
    8261e9f8:	b4000160 	cbz	x0, 8261ea24 <device_bind_driver_to_node+0x54>
    8261e9fc:	aa0003e1 	mov	x1, x0
    8261ea00:	aa1603e5 	mov	x5, x22
    8261ea04:	aa1503e4 	mov	x4, x21
    8261ea08:	aa1403e2 	mov	x2, x20
    8261ea0c:	aa1303e0 	mov	x0, x19
    8261ea10:	d2800003 	mov	x3, #0x0                   	// #0
    8261ea14:	a94153f3 	ldp	x19, x20, [sp, #16]
    8261ea18:	a9425bf5 	ldp	x21, x22, [sp, #32]
    8261ea1c:	a8c37bfd 	ldp	x29, x30, [sp], #48
    8261ea20:	17fffe91 	b	8261e464 <device_bind_with_driver_data>
    8261ea24:	12800020 	mov	w0, #0xfffffffe            	// #-2
    8261ea28:	a94153f3 	ldp	x19, x20, [sp, #16]
    8261ea2c:	a9425bf5 	ldp	x21, x22, [sp, #32]
    8261ea30:	a8c37bfd 	ldp	x29, x30, [sp], #48
    8261ea34:	d65f03c0 	ret

000000008261ea38 <device_bind_driver>:
    8261ea38:	aa0303e4 	mov	x4, x3
    8261ea3c:	92800003 	mov	x3, #0xffffffffffffffff    	// #-1
    8261ea40:	17ffffe4 	b	8261e9d0 <device_bind_driver_to_node>

000000008261ea44 <lists_bind_fdt>:
    8261ea44:	a9b77bfd 	stp	x29, x30, [sp, #-144]!
    8261ea48:	910003fd 	mov	x29, sp
    8261ea4c:	a90153f3 	stp	x19, x20, [sp, #16]
    8261ea50:	aa0103f4 	mov	x20, x1
    8261ea54:	a9025bf5 	stp	x21, x22, [sp, #32]
    8261ea58:	aa0203f5 	mov	x21, x2
    8261ea5c:	a90363f7 	stp	x23, x24, [sp, #48]
    8261ea60:	a9046bf9 	stp	x25, x26, [sp, #64]
    8261ea64:	aa0003f9 	mov	x25, x0
    8261ea68:	12001c60 	and	w0, w3, #0xff
    8261ea6c:	a90573fb 	stp	x27, x28, [sp, #80]
    8261ea70:	b9006fe0 	str	w0, [sp, #108]
    8261ea74:	b0000040 	adrp	x0, 82627000 <multipliers+0x16ba>
    8261ea78:	f9421c01 	ldr	x1, [x0, #1080]
    8261ea7c:	f90047e1 	str	x1, [sp, #136]
    8261ea80:	d2800001 	mov	x1, #0x0                   	// #0
    8261ea84:	b4000042 	cbz	x2, 8261ea8c <lists_bind_fdt+0x48>
    8261ea88:	f900005f 	str	xzr, [x2]
    8261ea8c:	aa1403e0 	mov	x0, x20
    8261ea90:	940003c4 	bl	8261f9a0 <ofnode_get_name>
    8261ea94:	9101f3e2 	add	x2, sp, #0x7c
    8261ea98:	aa0003f8 	mov	x24, x0
    8261ea9c:	f0000021 	adrp	x1, 82625000 <_ctype+0x35c>
    8261eaa0:	aa1403e0 	mov	x0, x20
    8261eaa4:	91145421 	add	x1, x1, #0x515
    8261eaa8:	94000421 	bl	8261fb2c <ofnode_get_property>
    8261eaac:	aa0003f7 	mov	x23, x0
    8261eab0:	b4000360 	cbz	x0, 8261eb1c <lists_bind_fdt+0xd8>
    8261eab4:	d0000056 	adrp	x22, 82628000 <ovl+0xf0>
    8261eab8:	d0000053 	adrp	x19, 82628000 <ovl+0xf0>
    8261eabc:	911a02d6 	add	x22, x22, #0x680
    8261eac0:	91380273 	add	x19, x19, #0xe00
    8261eac4:	cb160273 	sub	x19, x19, x22
    8261eac8:	b203ebe0 	mov	x0, #0xeeeeeeeeeeeeeeee    	// #-1229782938247303442
    8261eacc:	f29ddde0 	movk	x0, #0xeeef
    8261ead0:	5280001b 	mov	w27, #0x0                   	// #0
    8261ead4:	9343fe73 	asr	x19, x19, #3
    8261ead8:	9b007e73 	mul	x19, x19, x0
    8261eadc:	52800f00 	mov	w0, #0x78                  	// #120
    8261eae0:	9b205a60 	smaddl	x0, w19, w0, x22
    8261eae4:	f90033e0 	str	x0, [sp, #96]
    8261eae8:	b9407fe0 	ldr	w0, [sp, #124]
    8261eaec:	6b1b001f 	cmp	w0, w27
    8261eaf0:	540001cd 	b.le	8261eb28 <lists_bind_fdt+0xe4>
    8261eaf4:	8b3bc2fc 	add	x28, x23, w27, sxtw
    8261eaf8:	aa1603f3 	mov	x19, x22
    8261eafc:	f94033e0 	ldr	x0, [sp, #96]
    8261eb00:	eb13001f 	cmp	x0, x19
    8261eb04:	54000221 	b.ne	8261eb48 <lists_bind_fdt+0x104>  // b.any
    8261eb08:	aa1c03e0 	mov	x0, x28
    8261eb0c:	97fff5b0 	bl	8261c1cc <strlen>
    8261eb10:	91000400 	add	x0, x0, #0x1
    8261eb14:	0b00037b 	add	w27, w27, w0
    8261eb18:	17fffff4 	b	8261eae8 <lists_bind_fdt+0xa4>
    8261eb1c:	b9407fe0 	ldr	w0, [sp, #124]
    8261eb20:	3100041f 	cmn	w0, #0x1
    8261eb24:	54000041 	b.ne	8261eb2c <lists_bind_fdt+0xe8>  // b.any
    8261eb28:	52800000 	mov	w0, #0x0                   	// #0
    8261eb2c:	b0000041 	adrp	x1, 82627000 <multipliers+0x16ba>
    8261eb30:	f94047e2 	ldr	x2, [sp, #136]
    8261eb34:	f9421c23 	ldr	x3, [x1, #1080]
    8261eb38:	eb030042 	subs	x2, x2, x3
    8261eb3c:	d2800003 	mov	x3, #0x0                   	// #0
    8261eb40:	54000480 	b.eq	8261ebd0 <lists_bind_fdt+0x18c>  // b.none
    8261eb44:	97ffce2e 	bl	826123fc <__stack_chk_fail>
    8261eb48:	f9400a7a 	ldr	x26, [x19, #16]
    8261eb4c:	b50000fa 	cbnz	x26, 8261eb68 <lists_bind_fdt+0x124>
    8261eb50:	9101e273 	add	x19, x19, #0x78
    8261eb54:	17ffffea 	b	8261eafc <lists_bind_fdt+0xb8>
    8261eb58:	aa1c03e1 	mov	x1, x28
    8261eb5c:	97fff57a 	bl	8261c144 <strcmp>
    8261eb60:	34000100 	cbz	w0, 8261eb80 <lists_bind_fdt+0x13c>
    8261eb64:	9100435a 	add	x26, x26, #0x10
    8261eb68:	f9400340 	ldr	x0, [x26]
    8261eb6c:	b5ffff60 	cbnz	x0, 8261eb58 <lists_bind_fdt+0x114>
    8261eb70:	17fffff8 	b	8261eb50 <lists_bind_fdt+0x10c>
    8261eb74:	b9407260 	ldr	w0, [x19, #112]
    8261eb78:	37100100 	tbnz	w0, #2, 8261eb98 <lists_bind_fdt+0x154>
    8261eb7c:	17ffffeb 	b	8261eb28 <lists_bind_fdt+0xe4>
    8261eb80:	b9406fe0 	ldr	w0, [sp, #108]
    8261eb84:	340000a0 	cbz	w0, 8261eb98 <lists_bind_fdt+0x154>
    8261eb88:	aa1403e0 	mov	x0, x20
    8261eb8c:	94000330 	bl	8261f84c <dm_ofnode_pre_reloc>
    8261eb90:	72001c1f 	tst	w0, #0xff
    8261eb94:	54ffff00 	b.eq	8261eb74 <lists_bind_fdt+0x130>  // b.none
    8261eb98:	f9400743 	ldr	x3, [x26, #8]
    8261eb9c:	910203e5 	add	x5, sp, #0x80
    8261eba0:	aa1403e4 	mov	x4, x20
    8261eba4:	aa1803e2 	mov	x2, x24
    8261eba8:	aa1303e1 	mov	x1, x19
    8261ebac:	aa1903e0 	mov	x0, x25
    8261ebb0:	97fffe2d 	bl	8261e464 <device_bind_with_driver_data>
    8261ebb4:	31004c1f 	cmn	w0, #0x13
    8261ebb8:	54fffa80 	b.eq	8261eb08 <lists_bind_fdt+0xc4>  // b.none
    8261ebbc:	35fffb80 	cbnz	w0, 8261eb2c <lists_bind_fdt+0xe8>
    8261ebc0:	b4fffb55 	cbz	x21, 8261eb28 <lists_bind_fdt+0xe4>
    8261ebc4:	f94043e1 	ldr	x1, [sp, #128]
    8261ebc8:	f90002a1 	str	x1, [x21]
    8261ebcc:	17ffffd8 	b	8261eb2c <lists_bind_fdt+0xe8>
    8261ebd0:	a94153f3 	ldp	x19, x20, [sp, #16]
    8261ebd4:	a9425bf5 	ldp	x21, x22, [sp, #32]
    8261ebd8:	a94363f7 	ldp	x23, x24, [sp, #48]
    8261ebdc:	a9446bf9 	ldp	x25, x26, [sp, #64]
    8261ebe0:	a94573fb 	ldp	x27, x28, [sp, #80]
    8261ebe4:	a8c97bfd 	ldp	x29, x30, [sp], #144
    8261ebe8:	d65f03c0 	ret

000000008261ebec <dm_scan_fdt_node>:
    8261ebec:	a9bb7bfd 	stp	x29, x30, [sp, #-80]!
    8261ebf0:	910003fd 	mov	x29, sp
    8261ebf4:	a9025bf5 	stp	x21, x22, [sp, #32]
    8261ebf8:	aa0103f5 	mov	x21, x1
    8261ebfc:	aa0003f6 	mov	x22, x0
    8261ec00:	2a0203e1 	mov	w1, w2
    8261ec04:	aa1503e0 	mov	x0, x21
    8261ec08:	a90153f3 	stp	x19, x20, [sp, #16]
    8261ec0c:	52800014 	mov	w20, #0x0                   	// #0
    8261ec10:	a90363f7 	stp	x23, x24, [sp, #48]
    8261ec14:	12001c78 	and	w24, w3, #0xff
    8261ec18:	f0000037 	adrp	x23, 82625000 <_ctype+0x35c>
    8261ec1c:	91153ef7 	add	x23, x23, #0x54f
    8261ec20:	a9046bf9 	stp	x25, x26, [sp, #64]
    8261ec24:	90000059 	adrp	x25, 82626000 <multipliers+0x6ba>
    8261ec28:	97ffefd6 	bl	8261ab80 <fdt_first_subnode>
    8261ec2c:	913b0b39 	add	x25, x25, #0xec2
    8261ec30:	2a0003f3 	mov	w19, w0
    8261ec34:	7100027f 	cmp	w19, #0x0
    8261ec38:	5400010c 	b.gt	8261ec58 <dm_scan_fdt_node+0x6c>
    8261ec3c:	2a1403e0 	mov	w0, w20
    8261ec40:	a94153f3 	ldp	x19, x20, [sp, #16]
    8261ec44:	a9425bf5 	ldp	x21, x22, [sp, #32]
    8261ec48:	a94363f7 	ldp	x23, x24, [sp, #48]
    8261ec4c:	a9446bf9 	ldp	x25, x26, [sp, #64]
    8261ec50:	a8c57bfd 	ldp	x29, x30, [sp], #80
    8261ec54:	d65f03c0 	ret
    8261ec58:	d2800002 	mov	x2, #0x0                   	// #0
    8261ec5c:	2a1303e1 	mov	w1, w19
    8261ec60:	aa1503e0 	mov	x0, x21
    8261ec64:	97fff0c7 	bl	8261af80 <fdt_get_name>
    8261ec68:	aa1703e1 	mov	x1, x23
    8261ec6c:	aa0003fa 	mov	x26, x0
    8261ec70:	97fff535 	bl	8261c144 <strcmp>
    8261ec74:	350001c0 	cbnz	w0, 8261ecac <dm_scan_fdt_node+0xc0>
    8261ec78:	2a1803e3 	mov	w3, w24
    8261ec7c:	2a1303e2 	mov	w2, w19
    8261ec80:	aa1503e1 	mov	x1, x21
    8261ec84:	aa1603e0 	mov	x0, x22
    8261ec88:	97ffffd9 	bl	8261ebec <dm_scan_fdt_node>
    8261ec8c:	7100001f 	cmp	w0, #0x0
    8261ec90:	7a401a80 	ccmp	w20, #0x0, #0x0, ne  // ne = any
    8261ec94:	1a801294 	csel	w20, w20, w0, ne  // ne = any
    8261ec98:	2a1303e1 	mov	w1, w19
    8261ec9c:	aa1503e0 	mov	x0, x21
    8261eca0:	97ffefd0 	bl	8261abe0 <fdt_next_subnode>
    8261eca4:	2a0003f3 	mov	w19, w0
    8261eca8:	17ffffe3 	b	8261ec34 <dm_scan_fdt_node+0x48>
    8261ecac:	aa1903e1 	mov	x1, x25
    8261ecb0:	aa1a03e0 	mov	x0, x26
    8261ecb4:	97fff524 	bl	8261c144 <strcmp>
    8261ecb8:	34fffe00 	cbz	w0, 8261ec78 <dm_scan_fdt_node+0x8c>
    8261ecbc:	2a1303e1 	mov	w1, w19
    8261ecc0:	aa1503e0 	mov	x0, x21
    8261ecc4:	97fff351 	bl	8261ba08 <fdtdec_get_is_enabled>
    8261ecc8:	34fffe80 	cbz	w0, 8261ec98 <dm_scan_fdt_node+0xac>
    8261eccc:	2a1803e3 	mov	w3, w24
    8261ecd0:	93407e61 	sxtw	x1, w19
    8261ecd4:	aa1603e0 	mov	x0, x22
    8261ecd8:	d2800002 	mov	x2, #0x0                   	// #0
    8261ecdc:	97ffff5a 	bl	8261ea44 <lists_bind_fdt>
    8261ece0:	17ffffeb 	b	8261ec8c <dm_scan_fdt_node+0xa0>

000000008261ece4 <dm_scan_fdt_ofnode_path>:
    8261ece4:	a9be7bfd 	stp	x29, x30, [sp, #-32]!
    8261ece8:	910003fd 	mov	x29, sp
    8261ecec:	f9000bf3 	str	x19, [sp, #16]
    8261ecf0:	12001c33 	and	w19, w1, #0xff
    8261ecf4:	94000386 	bl	8261fb0c <ofnode_path>
    8261ecf8:	b100041f 	cmn	x0, #0x1
    8261ecfc:	54000100 	b.eq	8261ed1c <dm_scan_fdt_ofnode_path+0x38>  // b.none
    8261ed00:	2a1303e3 	mov	w3, w19
    8261ed04:	aa0003e2 	mov	x2, x0
    8261ed08:	f9400bf3 	ldr	x19, [sp, #16]
    8261ed0c:	a8c27bfd 	ldp	x29, x30, [sp], #32
    8261ed10:	f9405640 	ldr	x0, [x18, #168]
    8261ed14:	f9406641 	ldr	x1, [x18, #200]
    8261ed18:	17ffffb5 	b	8261ebec <dm_scan_fdt_node>
    8261ed1c:	52800000 	mov	w0, #0x0                   	// #0
    8261ed20:	f9400bf3 	ldr	x19, [sp, #16]
    8261ed24:	a8c27bfd 	ldp	x29, x30, [sp], #32
    8261ed28:	d65f03c0 	ret

000000008261ed2c <dm_init>:
    8261ed2c:	f9405640 	ldr	x0, [x18, #168]
    8261ed30:	b5000240 	cbnz	x0, 8261ed78 <dm_init+0x4c>
    8261ed34:	a9bf7bfd 	stp	x29, x30, [sp, #-16]!
    8261ed38:	9102e240 	add	x0, x18, #0xb8
    8261ed3c:	d0000022 	adrp	x2, 82624000 <blk_find_max_devnum+0x3c>
    8261ed40:	910003fd 	mov	x29, sp
    8261ed44:	f9005e40 	str	x0, [x18, #184]
    8261ed48:	91170042 	add	x2, x2, #0x5c0
    8261ed4c:	f9000400 	str	x0, [x0, #8]
    8261ed50:	9102a243 	add	x3, x18, #0xa8
    8261ed54:	52800001 	mov	w1, #0x0                   	// #0
    8261ed58:	d2800000 	mov	x0, #0x0                   	// #0
    8261ed5c:	97fffdc7 	bl	8261e478 <device_bind_by_name>
    8261ed60:	35000100 	cbnz	w0, 8261ed80 <dm_init+0x54>
    8261ed64:	f9405641 	ldr	x1, [x18, #168]
    8261ed68:	f900143f 	str	xzr, [x1, #40]
    8261ed6c:	a8c17bfd 	ldp	x29, x30, [sp], #16
    8261ed70:	f9405640 	ldr	x0, [x18, #168]
    8261ed74:	17fffde0 	b	8261e4f4 <device_probe>
    8261ed78:	128002a0 	mov	w0, #0xffffffea            	// #-22
    8261ed7c:	d65f03c0 	ret
    8261ed80:	a8c17bfd 	ldp	x29, x30, [sp], #16
    8261ed84:	d65f03c0 	ret

000000008261ed88 <dm_scan_platdata>:
    8261ed88:	a9bf7bfd 	stp	x29, x30, [sp, #-16]!
    8261ed8c:	2a0003e1 	mov	w1, w0
    8261ed90:	910003fd 	mov	x29, sp
    8261ed94:	f9405640 	ldr	x0, [x18, #168]
    8261ed98:	97fffedf 	bl	8261e914 <lists_bind_drivers>
    8261ed9c:	3100081f 	cmn	w0, #0x2
    8261eda0:	54000041 	b.ne	8261eda8 <dm_scan_platdata+0x20>  // b.any
    8261eda4:	52800000 	mov	w0, #0x0                   	// #0
    8261eda8:	a8c17bfd 	ldp	x29, x30, [sp], #16
    8261edac:	d65f03c0 	ret

000000008261edb0 <dm_scan_fdt_dev>:
    8261edb0:	f9401402 	ldr	x2, [x0, #40]
    8261edb4:	b100045f 	cmn	x2, #0x1
    8261edb8:	540000c0 	b.eq	8261edd0 <dm_scan_fdt_dev+0x20>  // b.none
    8261edbc:	f9406641 	ldr	x1, [x18, #200]
    8261edc0:	f9400643 	ldr	x3, [x18, #8]
    8261edc4:	aa2303e3 	mvn	x3, x3
    8261edc8:	12000063 	and	w3, w3, #0x1
    8261edcc:	17ffff88 	b	8261ebec <dm_scan_fdt_node>
    8261edd0:	52800000 	mov	w0, #0x0                   	// #0
    8261edd4:	d65f03c0 	ret

000000008261edd8 <dm_scan_fdt>:
    8261edd8:	2a0103e3 	mov	w3, w1
    8261eddc:	aa0003e1 	mov	x1, x0
    8261ede0:	f9405640 	ldr	x0, [x18, #168]
    8261ede4:	52800002 	mov	w2, #0x0                   	// #0
    8261ede8:	17ffff81 	b	8261ebec <dm_scan_fdt_node>

000000008261edec <dm_extended_scan_fdt>:
    8261edec:	a9be7bfd 	stp	x29, x30, [sp, #-32]!
    8261edf0:	910003fd 	mov	x29, sp
    8261edf4:	f9000bf3 	str	x19, [sp, #16]
    8261edf8:	12001c33 	and	w19, w1, #0xff
    8261edfc:	2a1303e1 	mov	w1, w19
    8261ee00:	97fffff6 	bl	8261edd8 <dm_scan_fdt>
    8261ee04:	35000180 	cbnz	w0, 8261ee34 <dm_extended_scan_fdt+0x48>
    8261ee08:	f0000020 	adrp	x0, 82625000 <_ctype+0x35c>
    8261ee0c:	2a1303e1 	mov	w1, w19
    8261ee10:	91090000 	add	x0, x0, #0x240
    8261ee14:	97ffffb4 	bl	8261ece4 <dm_scan_fdt_ofnode_path>
    8261ee18:	350000e0 	cbnz	w0, 8261ee34 <dm_extended_scan_fdt+0x48>
    8261ee1c:	2a1303e1 	mov	w1, w19
    8261ee20:	f0000020 	adrp	x0, 82625000 <_ctype+0x35c>
    8261ee24:	f9400bf3 	ldr	x19, [sp, #16]
    8261ee28:	91092000 	add	x0, x0, #0x248
    8261ee2c:	a8c27bfd 	ldp	x29, x30, [sp], #32
    8261ee30:	17ffffad 	b	8261ece4 <dm_scan_fdt_ofnode_path>
    8261ee34:	f9400bf3 	ldr	x19, [sp, #16]
    8261ee38:	a8c27bfd 	ldp	x29, x30, [sp], #32
    8261ee3c:	d65f03c0 	ret

000000008261ee40 <dm_scan_other>:
    8261ee40:	52800000 	mov	w0, #0x0                   	// #0
    8261ee44:	d65f03c0 	ret

000000008261ee48 <dm_init_and_scan>:
    8261ee48:	a9be7bfd 	stp	x29, x30, [sp, #-32]!
    8261ee4c:	910003fd 	mov	x29, sp
    8261ee50:	f9000bf3 	str	x19, [sp, #16]
    8261ee54:	12001c13 	and	w19, w0, #0xff
    8261ee58:	52800000 	mov	w0, #0x0                   	// #0
    8261ee5c:	97ffffb4 	bl	8261ed2c <dm_init>
    8261ee60:	35000180 	cbnz	w0, 8261ee90 <dm_init_and_scan+0x48>
    8261ee64:	2a1303e0 	mov	w0, w19
    8261ee68:	97ffffc8 	bl	8261ed88 <dm_scan_platdata>
    8261ee6c:	35000120 	cbnz	w0, 8261ee90 <dm_init_and_scan+0x48>
    8261ee70:	f9406640 	ldr	x0, [x18, #200]
    8261ee74:	2a1303e1 	mov	w1, w19
    8261ee78:	97ffffdd 	bl	8261edec <dm_extended_scan_fdt>
    8261ee7c:	350000a0 	cbnz	w0, 8261ee90 <dm_init_and_scan+0x48>
    8261ee80:	2a1303e0 	mov	w0, w19
    8261ee84:	f9400bf3 	ldr	x19, [sp, #16]
    8261ee88:	a8c27bfd 	ldp	x29, x30, [sp], #32
    8261ee8c:	17ffffed 	b	8261ee40 <dm_scan_other>
    8261ee90:	f9400bf3 	ldr	x19, [sp, #16]
    8261ee94:	a8c27bfd 	ldp	x29, x30, [sp], #32
    8261ee98:	d65f03c0 	ret

000000008261ee9c <uclass_find>:
    8261ee9c:	2a0003e3 	mov	w3, w0
    8261eea0:	aa1203e2 	mov	x2, x18
    8261eea4:	f9405640 	ldr	x0, [x18, #168]
    8261eea8:	b4000100 	cbz	x0, 8261eec8 <uclass_find+0x2c>
    8261eeac:	f84b8c41 	ldr	x1, [x2, #184]!
    8261eeb0:	d1008020 	sub	x0, x1, #0x20
    8261eeb4:	aa0003e1 	mov	x1, x0
    8261eeb8:	f8420c24 	ldr	x4, [x1, #32]!
    8261eebc:	eb02003f 	cmp	x1, x2
    8261eec0:	54000061 	b.ne	8261eecc <uclass_find+0x30>  // b.any
    8261eec4:	d2800000 	mov	x0, #0x0                   	// #0
    8261eec8:	d65f03c0 	ret
    8261eecc:	f9400401 	ldr	x1, [x0, #8]
    8261eed0:	b9400821 	ldr	w1, [x1, #8]
    8261eed4:	6b03003f 	cmp	w1, w3
    8261eed8:	54ffff80 	b.eq	8261eec8 <uclass_find+0x2c>  // b.none
    8261eedc:	d1008080 	sub	x0, x4, #0x20
    8261eee0:	17fffff5 	b	8261eeb4 <uclass_find+0x18>

000000008261eee4 <uclass_get>:
    8261eee4:	a9bd7bfd 	stp	x29, x30, [sp, #-48]!
    8261eee8:	2a0003e5 	mov	w5, w0
    8261eeec:	910003fd 	mov	x29, sp
    8261eef0:	a90153f3 	stp	x19, x20, [sp, #16]
    8261eef4:	a9025bf5 	stp	x21, x22, [sp, #32]
    8261eef8:	aa0103f6 	mov	x22, x1
    8261eefc:	f900003f 	str	xzr, [x1]
    8261ef00:	97ffffe7 	bl	8261ee9c <uclass_find>
    8261ef04:	b5000700 	cbnz	x0, 8261efe4 <uclass_get+0x100>
    8261ef08:	f90002df 	str	xzr, [x22]
    8261ef0c:	2a0503e0 	mov	w0, w5
    8261ef10:	97fffe6c 	bl	8261e8c0 <lists_uclass_lookup>
    8261ef14:	aa0003f5 	mov	x21, x0
    8261ef18:	b40006a0 	cbz	x0, 8261efec <uclass_get+0x108>
    8261ef1c:	d2800601 	mov	x1, #0x30                  	// #48
    8261ef20:	d2800020 	mov	x0, #0x1                   	// #1
    8261ef24:	97ffe57a 	bl	8261850c <calloc>
    8261ef28:	aa0003f3 	mov	x19, x0
    8261ef2c:	b50000c0 	cbnz	x0, 8261ef44 <uclass_get+0x60>
    8261ef30:	12800160 	mov	w0, #0xfffffff4            	// #-12
    8261ef34:	a94153f3 	ldp	x19, x20, [sp, #16]
    8261ef38:	a9425bf5 	ldp	x21, x22, [sp, #32]
    8261ef3c:	a8c37bfd 	ldp	x29, x30, [sp], #48
    8261ef40:	d65f03c0 	ret
    8261ef44:	b94062a1 	ldr	w1, [x21, #96]
    8261ef48:	35000261 	cbnz	w1, 8261ef94 <uclass_get+0xb0>
    8261ef4c:	91008274 	add	x20, x19, #0x20
    8261ef50:	91004260 	add	x0, x19, #0x10
    8261ef54:	f9000675 	str	x21, [x19, #8]
    8261ef58:	9102e242 	add	x2, x18, #0xb8
    8261ef5c:	f9001274 	str	x20, [x19, #32]
    8261ef60:	f9000694 	str	x20, [x20, #8]
    8261ef64:	f9000a60 	str	x0, [x19, #16]
    8261ef68:	f9000400 	str	x0, [x0, #8]
    8261ef6c:	f9405e41 	ldr	x1, [x18, #184]
    8261ef70:	f9000434 	str	x20, [x1, #8]
    8261ef74:	f9001261 	str	x1, [x19, #32]
    8261ef78:	f9000682 	str	x2, [x20, #8]
    8261ef7c:	f9005e54 	str	x20, [x18, #184]
    8261ef80:	f9402aa1 	ldr	x1, [x21, #80]
    8261ef84:	b5000141 	cbnz	x1, 8261efac <uclass_get+0xc8>
    8261ef88:	f90002d3 	str	x19, [x22]
    8261ef8c:	52800000 	mov	w0, #0x0                   	// #0
    8261ef90:	17ffffe9 	b	8261ef34 <uclass_get+0x50>
    8261ef94:	93407c21 	sxtw	x1, w1
    8261ef98:	d2800020 	mov	x0, #0x1                   	// #1
    8261ef9c:	97ffe55c 	bl	8261850c <calloc>
    8261efa0:	f9000260 	str	x0, [x19]
    8261efa4:	b5fffd40 	cbnz	x0, 8261ef4c <uclass_get+0x68>
    8261efa8:	17ffffe2 	b	8261ef30 <uclass_get+0x4c>
    8261efac:	aa1303e0 	mov	x0, x19
    8261efb0:	d63f0020 	blr	x1
    8261efb4:	34fffea0 	cbz	w0, 8261ef88 <uclass_get+0xa4>
    8261efb8:	b94062a1 	ldr	w1, [x21, #96]
    8261efbc:	35000101 	cbnz	w1, 8261efdc <uclass_get+0xf8>
    8261efc0:	f9401262 	ldr	x2, [x19, #32]
    8261efc4:	f9400681 	ldr	x1, [x20, #8]
    8261efc8:	f9000441 	str	x1, [x2, #8]
    8261efcc:	f9000022 	str	x2, [x1]
    8261efd0:	f900127f 	str	xzr, [x19, #32]
    8261efd4:	f900069f 	str	xzr, [x20, #8]
    8261efd8:	17ffffd7 	b	8261ef34 <uclass_get+0x50>
    8261efdc:	f900027f 	str	xzr, [x19]
    8261efe0:	17fffff8 	b	8261efc0 <uclass_get+0xdc>
    8261efe4:	f90002c0 	str	x0, [x22]
    8261efe8:	17ffffe9 	b	8261ef8c <uclass_get+0xa8>
    8261efec:	12800be0 	mov	w0, #0xffffffa0            	// #-96
    8261eff0:	17ffffd1 	b	8261ef34 <uclass_get+0x50>

000000008261eff4 <uclass_find_device>:
    8261eff4:	a9bd7bfd 	stp	x29, x30, [sp, #-48]!
    8261eff8:	910003fd 	mov	x29, sp
    8261effc:	a90153f3 	stp	x19, x20, [sp, #16]
    8261f000:	aa0203f4 	mov	x20, x2
    8261f004:	2a0103f3 	mov	w19, w1
    8261f008:	90000041 	adrp	x1, 82627000 <multipliers+0x16ba>
    8261f00c:	f9421c22 	ldr	x2, [x1, #1080]
    8261f010:	f90017e2 	str	x2, [sp, #40]
    8261f014:	d2800002 	mov	x2, #0x0                   	// #0
    8261f018:	f900029f 	str	xzr, [x20]
    8261f01c:	910083e1 	add	x1, sp, #0x20
    8261f020:	97ffffb1 	bl	8261eee4 <uclass_get>
    8261f024:	35000200 	cbnz	w0, 8261f064 <uclass_find_device+0x70>
    8261f028:	f94013e1 	ldr	x1, [sp, #32]
    8261f02c:	91004024 	add	x4, x1, #0x10
    8261f030:	f9400823 	ldr	x3, [x1, #16]
    8261f034:	eb03009f 	cmp	x4, x3
    8261f038:	540000e0 	b.eq	8261f054 <uclass_find_device+0x60>  // b.none
    8261f03c:	d1018063 	sub	x3, x3, #0x60
    8261f040:	2a1303e1 	mov	w1, w19
    8261f044:	aa0303e2 	mov	x2, x3
    8261f048:	f8460c45 	ldr	x5, [x2, #96]!
    8261f04c:	eb02009f 	cmp	x4, x2
    8261f050:	54000061 	b.ne	8261f05c <uclass_find_device+0x68>  // b.any
    8261f054:	12800240 	mov	w0, #0xffffffed            	// #-19
    8261f058:	14000003 	b	8261f064 <uclass_find_device+0x70>
    8261f05c:	35000121 	cbnz	w1, 8261f080 <uclass_find_device+0x8c>
    8261f060:	f9000283 	str	x3, [x20]
    8261f064:	90000041 	adrp	x1, 82627000 <multipliers+0x16ba>
    8261f068:	f94017e2 	ldr	x2, [sp, #40]
    8261f06c:	f9421c23 	ldr	x3, [x1, #1080]
    8261f070:	eb030042 	subs	x2, x2, x3
    8261f074:	d2800003 	mov	x3, #0x0                   	// #0
    8261f078:	540000a0 	b.eq	8261f08c <uclass_find_device+0x98>  // b.none
    8261f07c:	97ffcce0 	bl	826123fc <__stack_chk_fail>
    8261f080:	d10180a3 	sub	x3, x5, #0x60
    8261f084:	51000421 	sub	w1, w1, #0x1
    8261f088:	17ffffef 	b	8261f044 <uclass_find_device+0x50>
    8261f08c:	a94153f3 	ldp	x19, x20, [sp, #16]
    8261f090:	a8c37bfd 	ldp	x29, x30, [sp], #48
    8261f094:	d65f03c0 	ret

000000008261f098 <uclass_find_first_device>:
    8261f098:	a9bd7bfd 	stp	x29, x30, [sp, #-48]!
    8261f09c:	910003fd 	mov	x29, sp
    8261f0a0:	f9000bf3 	str	x19, [sp, #16]
    8261f0a4:	aa0103f3 	mov	x19, x1
    8261f0a8:	90000041 	adrp	x1, 82627000 <multipliers+0x16ba>
    8261f0ac:	f9421c22 	ldr	x2, [x1, #1080]
    8261f0b0:	f90017e2 	str	x2, [sp, #40]
    8261f0b4:	d2800002 	mov	x2, #0x0                   	// #0
    8261f0b8:	910083e1 	add	x1, sp, #0x20
    8261f0bc:	f900027f 	str	xzr, [x19]
    8261f0c0:	97ffff89 	bl	8261eee4 <uclass_get>
    8261f0c4:	35000100 	cbnz	w0, 8261f0e4 <uclass_find_first_device+0x4c>
    8261f0c8:	f94013e1 	ldr	x1, [sp, #32]
    8261f0cc:	91004022 	add	x2, x1, #0x10
    8261f0d0:	f9400821 	ldr	x1, [x1, #16]
    8261f0d4:	eb02003f 	cmp	x1, x2
    8261f0d8:	54000140 	b.eq	8261f100 <uclass_find_first_device+0x68>  // b.none
    8261f0dc:	d1018021 	sub	x1, x1, #0x60
    8261f0e0:	f9000261 	str	x1, [x19]
    8261f0e4:	90000041 	adrp	x1, 82627000 <multipliers+0x16ba>
    8261f0e8:	f94017e2 	ldr	x2, [sp, #40]
    8261f0ec:	f9421c23 	ldr	x3, [x1, #1080]
    8261f0f0:	eb030042 	subs	x2, x2, x3
    8261f0f4:	d2800003 	mov	x3, #0x0                   	// #0
    8261f0f8:	54000080 	b.eq	8261f108 <uclass_find_first_device+0x70>  // b.none
    8261f0fc:	97ffccc0 	bl	826123fc <__stack_chk_fail>
    8261f100:	12800240 	mov	w0, #0xffffffed            	// #-19
    8261f104:	17fffff8 	b	8261f0e4 <uclass_find_first_device+0x4c>
    8261f108:	f9400bf3 	ldr	x19, [sp, #16]
    8261f10c:	a8c37bfd 	ldp	x29, x30, [sp], #48
    8261f110:	d65f03c0 	ret

000000008261f114 <uclass_find_next_device>:
    8261f114:	f9400001 	ldr	x1, [x0]
    8261f118:	f900001f 	str	xzr, [x0]
    8261f11c:	f9402422 	ldr	x2, [x1, #72]
    8261f120:	f9403023 	ldr	x3, [x1, #96]
    8261f124:	91004042 	add	x2, x2, #0x10
    8261f128:	d1018061 	sub	x1, x3, #0x60
    8261f12c:	eb02007f 	cmp	x3, x2
    8261f130:	9a9f1021 	csel	x1, x1, xzr, ne  // ne = any
    8261f134:	f9000001 	str	x1, [x0]
    8261f138:	52800000 	mov	w0, #0x0                   	// #0
    8261f13c:	d65f03c0 	ret

000000008261f140 <uclass_find_device_by_seq>:
    8261f140:	a9bc7bfd 	stp	x29, x30, [sp, #-64]!
    8261f144:	910003fd 	mov	x29, sp
    8261f148:	a90153f3 	stp	x19, x20, [sp, #16]
    8261f14c:	2a0103f3 	mov	w19, w1
    8261f150:	90000041 	adrp	x1, 82627000 <multipliers+0x16ba>
    8261f154:	f90013f5 	str	x21, [sp, #32]
    8261f158:	12001c55 	and	w21, w2, #0xff
    8261f15c:	f9421c22 	ldr	x2, [x1, #1080]
    8261f160:	f9001fe2 	str	x2, [sp, #56]
    8261f164:	d2800002 	mov	x2, #0x0                   	// #0
    8261f168:	f900007f 	str	xzr, [x3]
    8261f16c:	3100067f 	cmn	w19, #0x1
    8261f170:	54000121 	b.ne	8261f194 <uclass_find_device_by_seq+0x54>  // b.any
    8261f174:	12800240 	mov	w0, #0xffffffed            	// #-19
    8261f178:	90000041 	adrp	x1, 82627000 <multipliers+0x16ba>
    8261f17c:	f9401fe2 	ldr	x2, [sp, #56]
    8261f180:	f9421c23 	ldr	x3, [x1, #1080]
    8261f184:	eb030042 	subs	x2, x2, x3
    8261f188:	d2800003 	mov	x3, #0x0                   	// #0
    8261f18c:	540002c0 	b.eq	8261f1e4 <uclass_find_device_by_seq+0xa4>  // b.none
    8261f190:	97ffcc9b 	bl	826123fc <__stack_chk_fail>
    8261f194:	aa0303f4 	mov	x20, x3
    8261f198:	9100c3e1 	add	x1, sp, #0x30
    8261f19c:	97ffff52 	bl	8261eee4 <uclass_get>
    8261f1a0:	35fffec0 	cbnz	w0, 8261f178 <uclass_find_device_by_seq+0x38>
    8261f1a4:	f9401be1 	ldr	x1, [sp, #48]
    8261f1a8:	f8410c24 	ldr	x4, [x1, #16]!
    8261f1ac:	d1018084 	sub	x4, x4, #0x60
    8261f1b0:	aa0403e3 	mov	x3, x4
    8261f1b4:	f8460c65 	ldr	x5, [x3, #96]!
    8261f1b8:	eb01007f 	cmp	x3, x1
    8261f1bc:	54fffdc0 	b.eq	8261f174 <uclass_find_device_by_seq+0x34>  // b.none
    8261f1c0:	29528883 	ldp	w3, w2, [x4, #148]
    8261f1c4:	710002bf 	cmp	w21, #0x0
    8261f1c8:	1a821063 	csel	w3, w3, w2, ne  // ne = any
    8261f1cc:	6b13007f 	cmp	w3, w19
    8261f1d0:	54000061 	b.ne	8261f1dc <uclass_find_device_by_seq+0x9c>  // b.any
    8261f1d4:	f9000284 	str	x4, [x20]
    8261f1d8:	17ffffe8 	b	8261f178 <uclass_find_device_by_seq+0x38>
    8261f1dc:	d10180a4 	sub	x4, x5, #0x60
    8261f1e0:	17fffff4 	b	8261f1b0 <uclass_find_device_by_seq+0x70>
    8261f1e4:	a94153f3 	ldp	x19, x20, [sp, #16]
    8261f1e8:	f94013f5 	ldr	x21, [sp, #32]
    8261f1ec:	a8c47bfd 	ldp	x29, x30, [sp], #64
    8261f1f0:	d65f03c0 	ret

000000008261f1f4 <uclass_find_device_by_of_offset>:
    8261f1f4:	a9bd7bfd 	stp	x29, x30, [sp, #-48]!
    8261f1f8:	910003fd 	mov	x29, sp
    8261f1fc:	a90153f3 	stp	x19, x20, [sp, #16]
    8261f200:	aa0203f4 	mov	x20, x2
    8261f204:	2a0103f3 	mov	w19, w1
    8261f208:	90000041 	adrp	x1, 82627000 <multipliers+0x16ba>
    8261f20c:	f9421c22 	ldr	x2, [x1, #1080]
    8261f210:	f90017e2 	str	x2, [sp, #40]
    8261f214:	d2800002 	mov	x2, #0x0                   	// #0
    8261f218:	f900029f 	str	xzr, [x20]
    8261f21c:	36f80133 	tbz	w19, #31, 8261f240 <uclass_find_device_by_of_offset+0x4c>
    8261f220:	12800240 	mov	w0, #0xffffffed            	// #-19
    8261f224:	90000041 	adrp	x1, 82627000 <multipliers+0x16ba>
    8261f228:	f94017e2 	ldr	x2, [sp, #40]
    8261f22c:	f9421c23 	ldr	x3, [x1, #1080]
    8261f230:	eb030042 	subs	x2, x2, x3
    8261f234:	d2800003 	mov	x3, #0x0                   	// #0
    8261f238:	54000260 	b.eq	8261f284 <uclass_find_device_by_of_offset+0x90>  // b.none
    8261f23c:	97ffcc70 	bl	826123fc <__stack_chk_fail>
    8261f240:	910083e1 	add	x1, sp, #0x20
    8261f244:	97ffff28 	bl	8261eee4 <uclass_get>
    8261f248:	35fffee0 	cbnz	w0, 8261f224 <uclass_find_device_by_of_offset+0x30>
    8261f24c:	f94013e1 	ldr	x1, [sp, #32]
    8261f250:	f8410c23 	ldr	x3, [x1, #16]!
    8261f254:	d1018063 	sub	x3, x3, #0x60
    8261f258:	aa0303e2 	mov	x2, x3
    8261f25c:	f8460c44 	ldr	x4, [x2, #96]!
    8261f260:	eb01005f 	cmp	x2, x1
    8261f264:	54fffde0 	b.eq	8261f220 <uclass_find_device_by_of_offset+0x2c>  // b.none
    8261f268:	f9401462 	ldr	x2, [x3, #40]
    8261f26c:	6b02027f 	cmp	w19, w2
    8261f270:	54000061 	b.ne	8261f27c <uclass_find_device_by_of_offset+0x88>  // b.any
    8261f274:	f9000283 	str	x3, [x20]
    8261f278:	17ffffeb 	b	8261f224 <uclass_find_device_by_of_offset+0x30>
    8261f27c:	d1018083 	sub	x3, x4, #0x60
    8261f280:	17fffff6 	b	8261f258 <uclass_find_device_by_of_offset+0x64>
    8261f284:	a94153f3 	ldp	x19, x20, [sp, #16]
    8261f288:	a8c37bfd 	ldp	x29, x30, [sp], #48
    8261f28c:	d65f03c0 	ret

000000008261f290 <uclass_find_device_by_ofnode>:
    8261f290:	a9bd7bfd 	stp	x29, x30, [sp, #-48]!
    8261f294:	910003fd 	mov	x29, sp
    8261f298:	a90153f3 	stp	x19, x20, [sp, #16]
    8261f29c:	aa0203f4 	mov	x20, x2
    8261f2a0:	aa0103f3 	mov	x19, x1
    8261f2a4:	90000041 	adrp	x1, 82627000 <multipliers+0x16ba>
    8261f2a8:	f9421c22 	ldr	x2, [x1, #1080]
    8261f2ac:	f90017e2 	str	x2, [sp, #40]
    8261f2b0:	d2800002 	mov	x2, #0x0                   	// #0
    8261f2b4:	f900029f 	str	xzr, [x20]
    8261f2b8:	b100067f 	cmn	x19, #0x1
    8261f2bc:	54000121 	b.ne	8261f2e0 <uclass_find_device_by_ofnode+0x50>  // b.any
    8261f2c0:	12800240 	mov	w0, #0xffffffed            	// #-19
    8261f2c4:	90000041 	adrp	x1, 82627000 <multipliers+0x16ba>
    8261f2c8:	f94017e2 	ldr	x2, [sp, #40]
    8261f2cc:	f9421c23 	ldr	x3, [x1, #1080]
    8261f2d0:	eb030042 	subs	x2, x2, x3
    8261f2d4:	d2800003 	mov	x3, #0x0                   	// #0
    8261f2d8:	54000260 	b.eq	8261f324 <uclass_find_device_by_ofnode+0x94>  // b.none
    8261f2dc:	97ffcc48 	bl	826123fc <__stack_chk_fail>
    8261f2e0:	910083e1 	add	x1, sp, #0x20
    8261f2e4:	97ffff00 	bl	8261eee4 <uclass_get>
    8261f2e8:	35fffee0 	cbnz	w0, 8261f2c4 <uclass_find_device_by_ofnode+0x34>
    8261f2ec:	f94013e1 	ldr	x1, [sp, #32]
    8261f2f0:	f8410c23 	ldr	x3, [x1, #16]!
    8261f2f4:	d1018063 	sub	x3, x3, #0x60
    8261f2f8:	aa0303e2 	mov	x2, x3
    8261f2fc:	f8460c44 	ldr	x4, [x2, #96]!
    8261f300:	eb01005f 	cmp	x2, x1
    8261f304:	54fffde0 	b.eq	8261f2c0 <uclass_find_device_by_ofnode+0x30>  // b.none
    8261f308:	f9401462 	ldr	x2, [x3, #40]
    8261f30c:	eb13005f 	cmp	x2, x19
    8261f310:	54000061 	b.ne	8261f31c <uclass_find_device_by_ofnode+0x8c>  // b.any
    8261f314:	f9000283 	str	x3, [x20]
    8261f318:	17ffffeb 	b	8261f2c4 <uclass_find_device_by_ofnode+0x34>
    8261f31c:	d1018083 	sub	x3, x4, #0x60
    8261f320:	17fffff6 	b	8261f2f8 <uclass_find_device_by_ofnode+0x68>
    8261f324:	a94153f3 	ldp	x19, x20, [sp, #16]
    8261f328:	a8c37bfd 	ldp	x29, x30, [sp], #48
    8261f32c:	d65f03c0 	ret

000000008261f330 <uclass_get_device_by_driver>:
    8261f330:	a9bc7bfd 	stp	x29, x30, [sp, #-64]!
    8261f334:	910003fd 	mov	x29, sp
    8261f338:	a90153f3 	stp	x19, x20, [sp, #16]
    8261f33c:	aa0103f4 	mov	x20, x1
    8261f340:	90000041 	adrp	x1, 82627000 <multipliers+0x16ba>
    8261f344:	f90013f5 	str	x21, [sp, #32]
    8261f348:	aa0203f5 	mov	x21, x2
    8261f34c:	f9421c22 	ldr	x2, [x1, #1080]
    8261f350:	f9001fe2 	str	x2, [sp, #56]
    8261f354:	d2800002 	mov	x2, #0x0                   	// #0
    8261f358:	9100c3e1 	add	x1, sp, #0x30
    8261f35c:	97fffee2 	bl	8261eee4 <uclass_get>
    8261f360:	35000220 	cbnz	w0, 8261f3a4 <uclass_get_device_by_driver+0x74>
    8261f364:	f9401be0 	ldr	x0, [sp, #48]
    8261f368:	f8410c13 	ldr	x19, [x0, #16]!
    8261f36c:	d1018273 	sub	x19, x19, #0x60
    8261f370:	aa1303e3 	mov	x3, x19
    8261f374:	f8460c61 	ldr	x1, [x3, #96]!
    8261f378:	eb00007f 	cmp	x3, x0
    8261f37c:	54000061 	b.ne	8261f388 <uclass_get_device_by_driver+0x58>  // b.any
    8261f380:	12800240 	mov	w0, #0xffffffed            	// #-19
    8261f384:	14000008 	b	8261f3a4 <uclass_get_device_by_driver+0x74>
    8261f388:	f9400262 	ldr	x2, [x19]
    8261f38c:	eb14005f 	cmp	x2, x20
    8261f390:	54000181 	b.ne	8261f3c0 <uclass_get_device_by_driver+0x90>  // b.any
    8261f394:	aa1303e0 	mov	x0, x19
    8261f398:	97fffc57 	bl	8261e4f4 <device_probe>
    8261f39c:	35000040 	cbnz	w0, 8261f3a4 <uclass_get_device_by_driver+0x74>
    8261f3a0:	f90002b3 	str	x19, [x21]
    8261f3a4:	90000041 	adrp	x1, 82627000 <multipliers+0x16ba>
    8261f3a8:	f9401fe2 	ldr	x2, [sp, #56]
    8261f3ac:	f9421c23 	ldr	x3, [x1, #1080]
    8261f3b0:	eb030042 	subs	x2, x2, x3
    8261f3b4:	d2800003 	mov	x3, #0x0                   	// #0
    8261f3b8:	54000080 	b.eq	8261f3c8 <uclass_get_device_by_driver+0x98>  // b.none
    8261f3bc:	97ffcc10 	bl	826123fc <__stack_chk_fail>
    8261f3c0:	d1018033 	sub	x19, x1, #0x60
    8261f3c4:	17ffffeb 	b	8261f370 <uclass_get_device_by_driver+0x40>
    8261f3c8:	a94153f3 	ldp	x19, x20, [sp, #16]
    8261f3cc:	f94013f5 	ldr	x21, [sp, #32]
    8261f3d0:	a8c47bfd 	ldp	x29, x30, [sp], #64
    8261f3d4:	d65f03c0 	ret

000000008261f3d8 <uclass_get_device_tail>:
    8261f3d8:	350001c1 	cbnz	w1, 8261f410 <uclass_get_device_tail+0x38>
    8261f3dc:	a9be7bfd 	stp	x29, x30, [sp, #-32]!
    8261f3e0:	910003fd 	mov	x29, sp
    8261f3e4:	a90153f3 	stp	x19, x20, [sp, #16]
    8261f3e8:	aa0003f4 	mov	x20, x0
    8261f3ec:	aa0203f3 	mov	x19, x2
    8261f3f0:	97fffc41 	bl	8261e4f4 <device_probe>
    8261f3f4:	2a0003e1 	mov	w1, w0
    8261f3f8:	35000040 	cbnz	w0, 8261f400 <uclass_get_device_tail+0x28>
    8261f3fc:	f9000274 	str	x20, [x19]
    8261f400:	2a0103e0 	mov	w0, w1
    8261f404:	a94153f3 	ldp	x19, x20, [sp, #16]
    8261f408:	a8c27bfd 	ldp	x29, x30, [sp], #32
    8261f40c:	d65f03c0 	ret
    8261f410:	2a0103e0 	mov	w0, w1
    8261f414:	d65f03c0 	ret

000000008261f418 <uclass_get_device>:
    8261f418:	a9bd7bfd 	stp	x29, x30, [sp, #-48]!
    8261f41c:	910003fd 	mov	x29, sp
    8261f420:	f9000bf3 	str	x19, [sp, #16]
    8261f424:	aa0203f3 	mov	x19, x2
    8261f428:	90000042 	adrp	x2, 82627000 <multipliers+0x16ba>
    8261f42c:	f9421c43 	ldr	x3, [x2, #1080]
    8261f430:	f90017e3 	str	x3, [sp, #40]
    8261f434:	d2800003 	mov	x3, #0x0                   	// #0
    8261f438:	910083e2 	add	x2, sp, #0x20
    8261f43c:	f900027f 	str	xzr, [x19]
    8261f440:	97fffeed 	bl	8261eff4 <uclass_find_device>
    8261f444:	2a0003e1 	mov	w1, w0
    8261f448:	f94013e0 	ldr	x0, [sp, #32]
    8261f44c:	aa1303e2 	mov	x2, x19
    8261f450:	97ffffe2 	bl	8261f3d8 <uclass_get_device_tail>
    8261f454:	90000041 	adrp	x1, 82627000 <multipliers+0x16ba>
    8261f458:	f94017e2 	ldr	x2, [sp, #40]
    8261f45c:	f9421c23 	ldr	x3, [x1, #1080]
    8261f460:	eb030042 	subs	x2, x2, x3
    8261f464:	d2800003 	mov	x3, #0x0                   	// #0
    8261f468:	54000040 	b.eq	8261f470 <uclass_get_device+0x58>  // b.none
    8261f46c:	97ffcbe4 	bl	826123fc <__stack_chk_fail>
    8261f470:	f9400bf3 	ldr	x19, [sp, #16]
    8261f474:	a8c37bfd 	ldp	x29, x30, [sp], #48
    8261f478:	d65f03c0 	ret

000000008261f47c <uclass_get_device_by_seq>:
    8261f47c:	a9bc7bfd 	stp	x29, x30, [sp, #-64]!
    8261f480:	910003fd 	mov	x29, sp
    8261f484:	a90153f3 	stp	x19, x20, [sp, #16]
    8261f488:	aa0203f3 	mov	x19, x2
    8261f48c:	90000042 	adrp	x2, 82627000 <multipliers+0x16ba>
    8261f490:	f90013f5 	str	x21, [sp, #32]
    8261f494:	2a0003f4 	mov	w20, w0
    8261f498:	2a0103f5 	mov	w21, w1
    8261f49c:	f9421c43 	ldr	x3, [x2, #1080]
    8261f4a0:	f9001fe3 	str	x3, [sp, #56]
    8261f4a4:	d2800003 	mov	x3, #0x0                   	// #0
    8261f4a8:	f900027f 	str	xzr, [x19]
    8261f4ac:	9100c3e3 	add	x3, sp, #0x30
    8261f4b0:	52800002 	mov	w2, #0x0                   	// #0
    8261f4b4:	97ffff23 	bl	8261f140 <uclass_find_device_by_seq>
    8261f4b8:	31004c1f 	cmn	w0, #0x13
    8261f4bc:	540000c1 	b.ne	8261f4d4 <uclass_get_device_by_seq+0x58>  // b.any
    8261f4c0:	9100c3e3 	add	x3, sp, #0x30
    8261f4c4:	2a1503e1 	mov	w1, w21
    8261f4c8:	2a1403e0 	mov	w0, w20
    8261f4cc:	52800022 	mov	w2, #0x1                   	// #1
    8261f4d0:	97ffff1c 	bl	8261f140 <uclass_find_device_by_seq>
    8261f4d4:	2a0003e1 	mov	w1, w0
    8261f4d8:	aa1303e2 	mov	x2, x19
    8261f4dc:	f9401be0 	ldr	x0, [sp, #48]
    8261f4e0:	97ffffbe 	bl	8261f3d8 <uclass_get_device_tail>
    8261f4e4:	90000041 	adrp	x1, 82627000 <multipliers+0x16ba>
    8261f4e8:	f9401fe2 	ldr	x2, [sp, #56]
    8261f4ec:	f9421c23 	ldr	x3, [x1, #1080]
    8261f4f0:	eb030042 	subs	x2, x2, x3
    8261f4f4:	d2800003 	mov	x3, #0x0                   	// #0
    8261f4f8:	54000040 	b.eq	8261f500 <uclass_get_device_by_seq+0x84>  // b.none
    8261f4fc:	97ffcbc0 	bl	826123fc <__stack_chk_fail>
    8261f500:	a94153f3 	ldp	x19, x20, [sp, #16]
    8261f504:	f94013f5 	ldr	x21, [sp, #32]
    8261f508:	a8c47bfd 	ldp	x29, x30, [sp], #64
    8261f50c:	d65f03c0 	ret

000000008261f510 <uclass_get_device_by_of_offset>:
    8261f510:	a9bd7bfd 	stp	x29, x30, [sp, #-48]!
    8261f514:	910003fd 	mov	x29, sp
    8261f518:	f9000bf3 	str	x19, [sp, #16]
    8261f51c:	aa0203f3 	mov	x19, x2
    8261f520:	90000042 	adrp	x2, 82627000 <multipliers+0x16ba>
    8261f524:	f9421c43 	ldr	x3, [x2, #1080]
    8261f528:	f90017e3 	str	x3, [sp, #40]
    8261f52c:	d2800003 	mov	x3, #0x0                   	// #0
    8261f530:	910083e2 	add	x2, sp, #0x20
    8261f534:	f900027f 	str	xzr, [x19]
    8261f538:	97ffff2f 	bl	8261f1f4 <uclass_find_device_by_of_offset>
    8261f53c:	2a0003e1 	mov	w1, w0
    8261f540:	f94013e0 	ldr	x0, [sp, #32]
    8261f544:	aa1303e2 	mov	x2, x19
    8261f548:	97ffffa4 	bl	8261f3d8 <uclass_get_device_tail>
    8261f54c:	90000041 	adrp	x1, 82627000 <multipliers+0x16ba>
    8261f550:	f94017e2 	ldr	x2, [sp, #40]
    8261f554:	f9421c23 	ldr	x3, [x1, #1080]
    8261f558:	eb030042 	subs	x2, x2, x3
    8261f55c:	d2800003 	mov	x3, #0x0                   	// #0
    8261f560:	54000040 	b.eq	8261f568 <uclass_get_device_by_of_offset+0x58>  // b.none
    8261f564:	97ffcba6 	bl	826123fc <__stack_chk_fail>
    8261f568:	f9400bf3 	ldr	x19, [sp, #16]
    8261f56c:	a8c37bfd 	ldp	x29, x30, [sp], #48
    8261f570:	d65f03c0 	ret

000000008261f574 <uclass_get_device_by_ofnode>:
    8261f574:	a9bd7bfd 	stp	x29, x30, [sp, #-48]!
    8261f578:	910003fd 	mov	x29, sp
    8261f57c:	f9000bf3 	str	x19, [sp, #16]
    8261f580:	aa0203f3 	mov	x19, x2
    8261f584:	90000042 	adrp	x2, 82627000 <multipliers+0x16ba>
    8261f588:	f9421c43 	ldr	x3, [x2, #1080]
    8261f58c:	f90017e3 	str	x3, [sp, #40]
    8261f590:	d2800003 	mov	x3, #0x0                   	// #0
    8261f594:	910083e2 	add	x2, sp, #0x20
    8261f598:	f900027f 	str	xzr, [x19]
    8261f59c:	97ffff3d 	bl	8261f290 <uclass_find_device_by_ofnode>
    8261f5a0:	2a0003e1 	mov	w1, w0
    8261f5a4:	f94013e0 	ldr	x0, [sp, #32]
    8261f5a8:	aa1303e2 	mov	x2, x19
    8261f5ac:	97ffff8b 	bl	8261f3d8 <uclass_get_device_tail>
    8261f5b0:	90000041 	adrp	x1, 82627000 <multipliers+0x16ba>
    8261f5b4:	f94017e2 	ldr	x2, [sp, #40]
    8261f5b8:	f9421c23 	ldr	x3, [x1, #1080]
    8261f5bc:	eb030042 	subs	x2, x2, x3
    8261f5c0:	d2800003 	mov	x3, #0x0                   	// #0
    8261f5c4:	54000040 	b.eq	8261f5cc <uclass_get_device_by_ofnode+0x58>  // b.none
    8261f5c8:	97ffcb8d 	bl	826123fc <__stack_chk_fail>
    8261f5cc:	f9400bf3 	ldr	x19, [sp, #16]
    8261f5d0:	a8c37bfd 	ldp	x29, x30, [sp], #48
    8261f5d4:	d65f03c0 	ret

000000008261f5d8 <uclass_first_device_check>:
    8261f5d8:	a9be7bfd 	stp	x29, x30, [sp, #-32]!
    8261f5dc:	910003fd 	mov	x29, sp
    8261f5e0:	f9000bf3 	str	x19, [sp, #16]
    8261f5e4:	aa0103f3 	mov	x19, x1
    8261f5e8:	f900003f 	str	xzr, [x1]
    8261f5ec:	97fffeab 	bl	8261f098 <uclass_find_first_device>
    8261f5f0:	350000e0 	cbnz	w0, 8261f60c <uclass_first_device_check+0x34>
    8261f5f4:	f9400261 	ldr	x1, [x19]
    8261f5f8:	b40000a1 	cbz	x1, 8261f60c <uclass_first_device_check+0x34>
    8261f5fc:	f9400bf3 	ldr	x19, [sp, #16]
    8261f600:	aa0103e0 	mov	x0, x1
    8261f604:	a8c27bfd 	ldp	x29, x30, [sp], #32
    8261f608:	17fffbbb 	b	8261e4f4 <device_probe>
    8261f60c:	f9400bf3 	ldr	x19, [sp, #16]
    8261f610:	a8c27bfd 	ldp	x29, x30, [sp], #32
    8261f614:	d65f03c0 	ret

000000008261f618 <uclass_next_device_check>:
    8261f618:	a9bf7bfd 	stp	x29, x30, [sp, #-16]!
    8261f61c:	aa0003e4 	mov	x4, x0
    8261f620:	910003fd 	mov	x29, sp
    8261f624:	97fffebc 	bl	8261f114 <uclass_find_next_device>
    8261f628:	350000c0 	cbnz	w0, 8261f640 <uclass_next_device_check+0x28>
    8261f62c:	f9400081 	ldr	x1, [x4]
    8261f630:	b4000081 	cbz	x1, 8261f640 <uclass_next_device_check+0x28>
    8261f634:	a8c17bfd 	ldp	x29, x30, [sp], #16
    8261f638:	aa0103e0 	mov	x0, x1
    8261f63c:	17fffbae 	b	8261e4f4 <device_probe>
    8261f640:	a8c17bfd 	ldp	x29, x30, [sp], #16
    8261f644:	d65f03c0 	ret

000000008261f648 <uclass_bind_device>:
    8261f648:	a9be7bfd 	stp	x29, x30, [sp, #-32]!
    8261f64c:	910003fd 	mov	x29, sp
    8261f650:	a90153f3 	stp	x19, x20, [sp, #16]
    8261f654:	91018014 	add	x20, x0, #0x60
    8261f658:	f9402401 	ldr	x1, [x0, #72]
    8261f65c:	91004021 	add	x1, x1, #0x10
    8261f660:	f9400422 	ldr	x2, [x1, #8]
    8261f664:	f9000434 	str	x20, [x1, #8]
    8261f668:	a9060801 	stp	x1, x2, [x0, #96]
    8261f66c:	f9000054 	str	x20, [x2]
    8261f670:	f9401c01 	ldr	x1, [x0, #56]
    8261f674:	b40001e1 	cbz	x1, 8261f6b0 <uclass_bind_device+0x68>
    8261f678:	f9402421 	ldr	x1, [x1, #72]
    8261f67c:	f9400421 	ldr	x1, [x1, #8]
    8261f680:	f9401c21 	ldr	x1, [x1, #56]
    8261f684:	b4000161 	cbz	x1, 8261f6b0 <uclass_bind_device+0x68>
    8261f688:	aa0003f3 	mov	x19, x0
    8261f68c:	d63f0020 	blr	x1
    8261f690:	340000a0 	cbz	w0, 8261f6a4 <uclass_bind_device+0x5c>
    8261f694:	a9460662 	ldp	x2, x1, [x19, #96]
    8261f698:	f9000441 	str	x1, [x2, #8]
    8261f69c:	f9000022 	str	x2, [x1]
    8261f6a0:	a9067e7f 	stp	xzr, xzr, [x19, #96]
    8261f6a4:	a94153f3 	ldp	x19, x20, [sp, #16]
    8261f6a8:	a8c27bfd 	ldp	x29, x30, [sp], #32
    8261f6ac:	d65f03c0 	ret
    8261f6b0:	52800000 	mov	w0, #0x0                   	// #0
    8261f6b4:	17fffffc 	b	8261f6a4 <uclass_bind_device+0x5c>

000000008261f6b8 <uclass_resolve_seq>:
    8261f6b8:	a9bd7bfd 	stp	x29, x30, [sp, #-48]!
    8261f6bc:	52800002 	mov	w2, #0x0                   	// #0
    8261f6c0:	910003fd 	mov	x29, sp
    8261f6c4:	a90153f3 	stp	x19, x20, [sp, #16]
    8261f6c8:	aa0003f4 	mov	x20, x0
    8261f6cc:	90000040 	adrp	x0, 82627000 <multipliers+0x16ba>
    8261f6d0:	f9421c01 	ldr	x1, [x0, #1080]
    8261f6d4:	f90017e1 	str	x1, [sp, #40]
    8261f6d8:	d2800001 	mov	x1, #0x0                   	// #0
    8261f6dc:	910083e3 	add	x3, sp, #0x20
    8261f6e0:	f9402680 	ldr	x0, [x20, #72]
    8261f6e4:	b9409681 	ldr	w1, [x20, #148]
    8261f6e8:	f9400400 	ldr	x0, [x0, #8]
    8261f6ec:	b9400800 	ldr	w0, [x0, #8]
    8261f6f0:	97fffe94 	bl	8261f140 <uclass_find_device_by_seq>
    8261f6f4:	2a0003f3 	mov	w19, w0
    8261f6f8:	340000e0 	cbz	w0, 8261f714 <uclass_resolve_seq+0x5c>
    8261f6fc:	31004c1f 	cmn	w0, #0x13
    8261f700:	54000241 	b.ne	8261f748 <uclass_resolve_seq+0x90>  // b.any
    8261f704:	b9409693 	ldr	w19, [x20, #148]
    8261f708:	3100067f 	cmn	w19, #0x1
    8261f70c:	540001e1 	b.ne	8261f748 <uclass_resolve_seq+0x90>  // b.any
    8261f710:	52800013 	mov	w19, #0x0                   	// #0
    8261f714:	f9402680 	ldr	x0, [x20, #72]
    8261f718:	910083e3 	add	x3, sp, #0x20
    8261f71c:	2a1303e1 	mov	w1, w19
    8261f720:	52800002 	mov	w2, #0x0                   	// #0
    8261f724:	f9400400 	ldr	x0, [x0, #8]
    8261f728:	b9400800 	ldr	w0, [x0, #8]
    8261f72c:	97fffe85 	bl	8261f140 <uclass_find_device_by_seq>
    8261f730:	31004c1f 	cmn	w0, #0x13
    8261f734:	540000a0 	b.eq	8261f748 <uclass_resolve_seq+0x90>  // b.none
    8261f738:	35000160 	cbnz	w0, 8261f764 <uclass_resolve_seq+0xac>
    8261f73c:	11000673 	add	w19, w19, #0x1
    8261f740:	710f9e7f 	cmp	w19, #0x3e7
    8261f744:	54fffe81 	b.ne	8261f714 <uclass_resolve_seq+0x5c>  // b.any
    8261f748:	90000040 	adrp	x0, 82627000 <multipliers+0x16ba>
    8261f74c:	f94017e1 	ldr	x1, [sp, #40]
    8261f750:	f9421c02 	ldr	x2, [x0, #1080]
    8261f754:	eb020021 	subs	x1, x1, x2
    8261f758:	d2800002 	mov	x2, #0x0                   	// #0
    8261f75c:	54000080 	b.eq	8261f76c <uclass_resolve_seq+0xb4>  // b.none
    8261f760:	97ffcb27 	bl	826123fc <__stack_chk_fail>
    8261f764:	2a0003f3 	mov	w19, w0
    8261f768:	17fffff8 	b	8261f748 <uclass_resolve_seq+0x90>
    8261f76c:	2a1303e0 	mov	w0, w19
    8261f770:	a94153f3 	ldp	x19, x20, [sp, #16]
    8261f774:	a8c37bfd 	ldp	x29, x30, [sp], #48
    8261f778:	d65f03c0 	ret

000000008261f77c <uclass_pre_probe_device>:
    8261f77c:	a9be7bfd 	stp	x29, x30, [sp, #-32]!
    8261f780:	910003fd 	mov	x29, sp
    8261f784:	f9000bf3 	str	x19, [sp, #16]
    8261f788:	aa0003f3 	mov	x19, x0
    8261f78c:	f9402401 	ldr	x1, [x0, #72]
    8261f790:	f9400421 	ldr	x1, [x1, #8]
    8261f794:	f9401021 	ldr	x1, [x1, #32]
    8261f798:	b50000a1 	cbnz	x1, 8261f7ac <uclass_pre_probe_device+0x30>
    8261f79c:	f9401e60 	ldr	x0, [x19, #56]
    8261f7a0:	b5000100 	cbnz	x0, 8261f7c0 <uclass_pre_probe_device+0x44>
    8261f7a4:	52800000 	mov	w0, #0x0                   	// #0
    8261f7a8:	14000003 	b	8261f7b4 <uclass_pre_probe_device+0x38>
    8261f7ac:	d63f0020 	blr	x1
    8261f7b0:	34ffff60 	cbz	w0, 8261f79c <uclass_pre_probe_device+0x20>
    8261f7b4:	f9400bf3 	ldr	x19, [sp, #16]
    8261f7b8:	a8c27bfd 	ldp	x29, x30, [sp], #32
    8261f7bc:	d65f03c0 	ret
    8261f7c0:	f9402400 	ldr	x0, [x0, #72]
    8261f7c4:	f9400400 	ldr	x0, [x0, #8]
    8261f7c8:	f9402001 	ldr	x1, [x0, #64]
    8261f7cc:	b4fffec1 	cbz	x1, 8261f7a4 <uclass_pre_probe_device+0x28>
    8261f7d0:	aa1303e0 	mov	x0, x19
    8261f7d4:	aa0103f0 	mov	x16, x1
    8261f7d8:	f9400bf3 	ldr	x19, [sp, #16]
    8261f7dc:	a8c27bfd 	ldp	x29, x30, [sp], #32
    8261f7e0:	d61f0200 	br	x16

000000008261f7e4 <uclass_post_probe_device>:
    8261f7e4:	a9be7bfd 	stp	x29, x30, [sp, #-32]!
    8261f7e8:	910003fd 	mov	x29, sp
    8261f7ec:	f9000bf3 	str	x19, [sp, #16]
    8261f7f0:	aa0003f3 	mov	x19, x0
    8261f7f4:	f9401c01 	ldr	x1, [x0, #56]
    8261f7f8:	b5000121 	cbnz	x1, 8261f81c <uclass_post_probe_device+0x38>
    8261f7fc:	f9402660 	ldr	x0, [x19, #72]
    8261f800:	f9400400 	ldr	x0, [x0, #8]
    8261f804:	f9401401 	ldr	x1, [x0, #40]
    8261f808:	b5000181 	cbnz	x1, 8261f838 <uclass_post_probe_device+0x54>
    8261f80c:	52800000 	mov	w0, #0x0                   	// #0
    8261f810:	f9400bf3 	ldr	x19, [sp, #16]
    8261f814:	a8c27bfd 	ldp	x29, x30, [sp], #32
    8261f818:	d65f03c0 	ret
    8261f81c:	f9402421 	ldr	x1, [x1, #72]
    8261f820:	f9400421 	ldr	x1, [x1, #8]
    8261f824:	f9402421 	ldr	x1, [x1, #72]
    8261f828:	b4fffea1 	cbz	x1, 8261f7fc <uclass_post_probe_device+0x18>
    8261f82c:	d63f0020 	blr	x1
    8261f830:	34fffe60 	cbz	w0, 8261f7fc <uclass_post_probe_device+0x18>
    8261f834:	17fffff7 	b	8261f810 <uclass_post_probe_device+0x2c>
    8261f838:	aa1303e0 	mov	x0, x19
    8261f83c:	aa0103f0 	mov	x16, x1
    8261f840:	f9400bf3 	ldr	x19, [sp, #16]
    8261f844:	a8c27bfd 	ldp	x29, x30, [sp], #32
    8261f848:	d61f0200 	br	x16

000000008261f84c <dm_ofnode_pre_reloc>:
    8261f84c:	52800020 	mov	w0, #0x1                   	// #1
    8261f850:	d65f03c0 	ret

000000008261f854 <simple_bus_post_bind>:
    8261f854:	a9bc7bfd 	stp	x29, x30, [sp, #-64]!
    8261f858:	d2800063 	mov	x3, #0x3                   	// #3
    8261f85c:	910003fd 	mov	x29, sp
    8261f860:	f9000bf3 	str	x19, [sp, #16]
    8261f864:	aa0003f3 	mov	x19, x0
    8261f868:	90000040 	adrp	x0, 82627000 <multipliers+0x16ba>
    8261f86c:	9100a3e2 	add	x2, sp, #0x28
    8261f870:	f9421c01 	ldr	x1, [x0, #1080]
    8261f874:	f9001fe1 	str	x1, [sp, #56]
    8261f878:	d2800001 	mov	x1, #0x0                   	// #0
    8261f87c:	f9401660 	ldr	x0, [x19, #40]
    8261f880:	d0000021 	adrp	x1, 82625000 <_ctype+0x35c>
    8261f884:	91151c21 	add	x1, x1, #0x547
    8261f888:	94000040 	bl	8261f988 <ofnode_read_u32_array>
    8261f88c:	35000120 	cbnz	w0, 8261f8b0 <simple_bus_post_bind+0x5c>
    8261f890:	aa1303e0 	mov	x0, x19
    8261f894:	97fffb88 	bl	8261e6b4 <dev_get_uclass_platdata>
    8261f898:	b9402be1 	ldr	w1, [sp, #40]
    8261f89c:	b9000001 	str	w1, [x0]
    8261f8a0:	b9402fe1 	ldr	w1, [sp, #44]
    8261f8a4:	b9000801 	str	w1, [x0, #8]
    8261f8a8:	b94033e1 	ldr	w1, [sp, #48]
    8261f8ac:	b9000401 	str	w1, [x0, #4]
    8261f8b0:	aa1303e0 	mov	x0, x19
    8261f8b4:	97fffd3f 	bl	8261edb0 <dm_scan_fdt_dev>
    8261f8b8:	90000041 	adrp	x1, 82627000 <multipliers+0x16ba>
    8261f8bc:	f9401fe2 	ldr	x2, [sp, #56]
    8261f8c0:	f9421c23 	ldr	x3, [x1, #1080]
    8261f8c4:	eb030042 	subs	x2, x2, x3
    8261f8c8:	d2800003 	mov	x3, #0x0                   	// #0
    8261f8cc:	54000040 	b.eq	8261f8d4 <simple_bus_post_bind+0x80>  // b.none
    8261f8d0:	97ffcacb 	bl	826123fc <__stack_chk_fail>
    8261f8d4:	f9400bf3 	ldr	x19, [sp, #16]
    8261f8d8:	a8c47bfd 	ldp	x29, x30, [sp], #64
    8261f8dc:	d65f03c0 	ret

000000008261f8e0 <ofnode_read_u32>:
    8261f8e0:	a9bd7bfd 	stp	x29, x30, [sp, #-48]!
    8261f8e4:	aa0003e4 	mov	x4, x0
    8261f8e8:	90000040 	adrp	x0, 82627000 <multipliers+0x16ba>
    8261f8ec:	910003fd 	mov	x29, sp
    8261f8f0:	f9000bf3 	str	x19, [sp, #16]
    8261f8f4:	aa0203f3 	mov	x19, x2
    8261f8f8:	910093e3 	add	x3, sp, #0x24
    8261f8fc:	f9421c02 	ldr	x2, [x0, #1080]
    8261f900:	f90017e2 	str	x2, [sp, #40]
    8261f904:	d2800002 	mov	x2, #0x0                   	// #0
    8261f908:	aa0103e2 	mov	x2, x1
    8261f90c:	2a0403e1 	mov	w1, w4
    8261f910:	f9406640 	ldr	x0, [x18, #200]
    8261f914:	97ffee41 	bl	8261b218 <fdt_getprop>
    8261f918:	b4000080 	cbz	x0, 8261f928 <ofnode_read_u32+0x48>
    8261f91c:	b94027e1 	ldr	w1, [sp, #36]
    8261f920:	71000c3f 	cmp	w1, #0x3
    8261f924:	54000128 	b.hi	8261f948 <ofnode_read_u32+0x68>  // b.pmore
    8261f928:	128002a0 	mov	w0, #0xffffffea            	// #-22
    8261f92c:	90000041 	adrp	x1, 82627000 <multipliers+0x16ba>
    8261f930:	f94017e2 	ldr	x2, [sp, #40]
    8261f934:	f9421c23 	ldr	x3, [x1, #1080]
    8261f938:	eb030042 	subs	x2, x2, x3
    8261f93c:	d2800003 	mov	x3, #0x0                   	// #0
    8261f940:	540000e0 	b.eq	8261f95c <ofnode_read_u32+0x7c>  // b.none
    8261f944:	97ffcaae 	bl	826123fc <__stack_chk_fail>
    8261f948:	b9400000 	ldr	w0, [x0]
    8261f94c:	5ac00800 	rev	w0, w0
    8261f950:	b9000260 	str	w0, [x19]
    8261f954:	52800000 	mov	w0, #0x0                   	// #0
    8261f958:	17fffff5 	b	8261f92c <ofnode_read_u32+0x4c>
    8261f95c:	f9400bf3 	ldr	x19, [sp, #16]
    8261f960:	a8c37bfd 	ldp	x29, x30, [sp], #48
    8261f964:	d65f03c0 	ret

000000008261f968 <ofnode_read_u32_default>:
    8261f968:	a9be7bfd 	stp	x29, x30, [sp, #-32]!
    8261f96c:	910003fd 	mov	x29, sp
    8261f970:	b9001fe2 	str	w2, [sp, #28]
    8261f974:	910073e2 	add	x2, sp, #0x1c
    8261f978:	97ffffda 	bl	8261f8e0 <ofnode_read_u32>
    8261f97c:	b9401fe0 	ldr	w0, [sp, #28]
    8261f980:	a8c27bfd 	ldp	x29, x30, [sp], #32
    8261f984:	d65f03c0 	ret

000000008261f988 <ofnode_read_u32_array>:
    8261f988:	2a0303e4 	mov	w4, w3
    8261f98c:	aa0203e3 	mov	x3, x2
    8261f990:	aa0103e2 	mov	x2, x1
    8261f994:	2a0003e1 	mov	w1, w0
    8261f998:	f9406640 	ldr	x0, [x18, #200]
    8261f99c:	17fff0b1 	b	8261bc60 <fdtdec_get_int_array>

000000008261f9a0 <ofnode_get_name>:
    8261f9a0:	aa0003e1 	mov	x1, x0
    8261f9a4:	d2800002 	mov	x2, #0x0                   	// #0
    8261f9a8:	f9406640 	ldr	x0, [x18, #200]
    8261f9ac:	17ffed75 	b	8261af80 <fdt_get_name>

000000008261f9b0 <ofnode_read_size>:
    8261f9b0:	a9be7bfd 	stp	x29, x30, [sp, #-32]!
    8261f9b4:	aa0003e4 	mov	x4, x0
    8261f9b8:	90000040 	adrp	x0, 82627000 <multipliers+0x16ba>
    8261f9bc:	910003fd 	mov	x29, sp
    8261f9c0:	f9421c02 	ldr	x2, [x0, #1080]
    8261f9c4:	f9000fe2 	str	x2, [sp, #24]
    8261f9c8:	d2800002 	mov	x2, #0x0                   	// #0
    8261f9cc:	910053e3 	add	x3, sp, #0x14
    8261f9d0:	aa0103e2 	mov	x2, x1
    8261f9d4:	2a0403e1 	mov	w1, w4
    8261f9d8:	f9406640 	ldr	x0, [x18, #200]
    8261f9dc:	97ffee0f 	bl	8261b218 <fdt_getprop>
    8261f9e0:	f100001f 	cmp	x0, #0x0
    8261f9e4:	b94017e0 	ldr	w0, [sp, #20]
    8261f9e8:	128002a1 	mov	w1, #0xffffffea            	// #-22
    8261f9ec:	1a811000 	csel	w0, w0, w1, ne  // ne = any
    8261f9f0:	90000041 	adrp	x1, 82627000 <multipliers+0x16ba>
    8261f9f4:	f9400fe2 	ldr	x2, [sp, #24]
    8261f9f8:	f9421c23 	ldr	x3, [x1, #1080]
    8261f9fc:	eb030042 	subs	x2, x2, x3
    8261fa00:	d2800003 	mov	x3, #0x0                   	// #0
    8261fa04:	54000040 	b.eq	8261fa0c <ofnode_read_size+0x5c>  // b.none
    8261fa08:	97ffca7d 	bl	826123fc <__stack_chk_fail>
    8261fa0c:	a8c27bfd 	ldp	x29, x30, [sp], #32
    8261fa10:	d65f03c0 	ret

000000008261fa14 <ofnode_stringlist_search>:
    8261fa14:	a9bf7bfd 	stp	x29, x30, [sp, #-16]!
    8261fa18:	aa0203e3 	mov	x3, x2
    8261fa1c:	aa0103e2 	mov	x2, x1
    8261fa20:	910003fd 	mov	x29, sp
    8261fa24:	2a0003e1 	mov	w1, w0
    8261fa28:	f9406640 	ldr	x0, [x18, #200]
    8261fa2c:	97ffef44 	bl	8261b73c <fdt_stringlist_search>
    8261fa30:	3100041f 	cmn	w0, #0x1
    8261fa34:	540000c0 	b.eq	8261fa4c <ofnode_stringlist_search+0x38>  // b.none
    8261fa38:	7100001f 	cmp	w0, #0x0
    8261fa3c:	128002a1 	mov	w1, #0xffffffea            	// #-22
    8261fa40:	1a81a000 	csel	w0, w0, w1, ge  // ge = tcont
    8261fa44:	a8c17bfd 	ldp	x29, x30, [sp], #16
    8261fa48:	d65f03c0 	ret
    8261fa4c:	12800780 	mov	w0, #0xffffffc3            	// #-61
    8261fa50:	17fffffd 	b	8261fa44 <ofnode_stringlist_search+0x30>

000000008261fa54 <ofnode_parse_phandle_with_args>:
    8261fa54:	a9b97bfd 	stp	x29, x30, [sp, #-112]!
    8261fa58:	aa0003e7 	mov	x7, x0
    8261fa5c:	90000040 	adrp	x0, 82627000 <multipliers+0x16ba>
    8261fa60:	910003fd 	mov	x29, sp
    8261fa64:	a90153f3 	stp	x19, x20, [sp, #16]
    8261fa68:	aa0503f3 	mov	x19, x5
    8261fa6c:	910083e6 	add	x6, sp, #0x20
    8261fa70:	f9421c05 	ldr	x5, [x0, #1080]
    8261fa74:	f90037e5 	str	x5, [sp, #104]
    8261fa78:	d2800005 	mov	x5, #0x0                   	// #0
    8261fa7c:	2a0403e5 	mov	w5, w4
    8261fa80:	2a0303e4 	mov	w4, w3
    8261fa84:	aa0203e3 	mov	x3, x2
    8261fa88:	aa0103e2 	mov	x2, x1
    8261fa8c:	f9406640 	ldr	x0, [x18, #200]
    8261fa90:	2a0703e1 	mov	w1, w7
    8261fa94:	97fff096 	bl	8261bcec <fdtdec_parse_phandle_with_args>
    8261fa98:	2a0003f4 	mov	w20, w0
    8261fa9c:	35000120 	cbnz	w0, 8261fac0 <ofnode_parse_phandle_with_args+0x6c>
    8261faa0:	b98023e0 	ldrsw	x0, [sp, #32]
    8261faa4:	9100a3e1 	add	x1, sp, #0x28
    8261faa8:	f9000260 	str	x0, [x19]
    8261faac:	d2800802 	mov	x2, #0x40                  	// #64
    8261fab0:	b94027e0 	ldr	w0, [sp, #36]
    8261fab4:	b9000a60 	str	w0, [x19, #8]
    8261fab8:	91003260 	add	x0, x19, #0xc
    8261fabc:	97fff213 	bl	8261c308 <memcpy>
    8261fac0:	90000040 	adrp	x0, 82627000 <multipliers+0x16ba>
    8261fac4:	f94037e1 	ldr	x1, [sp, #104]
    8261fac8:	f9421c02 	ldr	x2, [x0, #1080]
    8261facc:	eb020021 	subs	x1, x1, x2
    8261fad0:	d2800002 	mov	x2, #0x0                   	// #0
    8261fad4:	54000040 	b.eq	8261fadc <ofnode_parse_phandle_with_args+0x88>  // b.none
    8261fad8:	97ffca49 	bl	826123fc <__stack_chk_fail>
    8261fadc:	2a1403e0 	mov	w0, w20
    8261fae0:	a94153f3 	ldp	x19, x20, [sp, #16]
    8261fae4:	a8c77bfd 	ldp	x29, x30, [sp], #112
    8261fae8:	d65f03c0 	ret

000000008261faec <ofnode_count_phandle_with_args>:
    8261faec:	aa0203e3 	mov	x3, x2
    8261faf0:	aa0103e2 	mov	x2, x1
    8261faf4:	2a0003e1 	mov	w1, w0
    8261faf8:	d2800006 	mov	x6, #0x0                   	// #0
    8261fafc:	f9406640 	ldr	x0, [x18, #200]
    8261fb00:	12800005 	mov	w5, #0xffffffff            	// #-1
    8261fb04:	52800004 	mov	w4, #0x0                   	// #0
    8261fb08:	17fff079 	b	8261bcec <fdtdec_parse_phandle_with_args>

000000008261fb0c <ofnode_path>:
    8261fb0c:	a9bf7bfd 	stp	x29, x30, [sp, #-16]!
    8261fb10:	aa0003e1 	mov	x1, x0
    8261fb14:	910003fd 	mov	x29, sp
    8261fb18:	f9406640 	ldr	x0, [x18, #200]
    8261fb1c:	97ffee53 	bl	8261b468 <fdt_path_offset>
    8261fb20:	93407c00 	sxtw	x0, w0
    8261fb24:	a8c17bfd 	ldp	x29, x30, [sp], #16
    8261fb28:	d65f03c0 	ret

000000008261fb2c <ofnode_get_property>:
    8261fb2c:	aa0203e3 	mov	x3, x2
    8261fb30:	aa0103e2 	mov	x2, x1
    8261fb34:	2a0003e1 	mov	w1, w0
    8261fb38:	f9406640 	ldr	x0, [x18, #200]
    8261fb3c:	17ffedb7 	b	8261b218 <fdt_getprop>

000000008261fb40 <ofnode_read_bool>:
    8261fb40:	a9bf7bfd 	stp	x29, x30, [sp, #-16]!
    8261fb44:	d2800002 	mov	x2, #0x0                   	// #0
    8261fb48:	910003fd 	mov	x29, sp
    8261fb4c:	97fffff8 	bl	8261fb2c <ofnode_get_property>
    8261fb50:	f100001f 	cmp	x0, #0x0
    8261fb54:	1a9f07e0 	cset	w0, ne  // ne = any
    8261fb58:	a8c17bfd 	ldp	x29, x30, [sp], #16
    8261fb5c:	d65f03c0 	ret

000000008261fb60 <ofnode_read_resource>:
    8261fb60:	a9bc7bfd 	stp	x29, x30, [sp, #-64]!
    8261fb64:	aa0003e5 	mov	x5, x0
    8261fb68:	90000040 	adrp	x0, 82627000 <multipliers+0x16ba>
    8261fb6c:	910003fd 	mov	x29, sp
    8261fb70:	f9000bf3 	str	x19, [sp, #16]
    8261fb74:	aa0203f3 	mov	x19, x2
    8261fb78:	2a0103e3 	mov	w3, w1
    8261fb7c:	9100a3e4 	add	x4, sp, #0x28
    8261fb80:	f9421c02 	ldr	x2, [x0, #1080]
    8261fb84:	f9001fe2 	str	x2, [sp, #56]
    8261fb88:	d2800002 	mov	x2, #0x0                   	// #0
    8261fb8c:	2a0503e1 	mov	w1, w5
    8261fb90:	d0000022 	adrp	x2, 82625000 <_ctype+0x35c>
    8261fb94:	9113e842 	add	x2, x2, #0x4fa
    8261fb98:	f9406640 	ldr	x0, [x18, #200]
    8261fb9c:	97fff0bf 	bl	8261be98 <fdt_get_resource>
    8261fba0:	37f80220 	tbnz	w0, #31, 8261fbe4 <ofnode_read_resource+0x84>
    8261fba4:	aa1303e0 	mov	x0, x19
    8261fba8:	d2800702 	mov	x2, #0x38                  	// #56
    8261fbac:	52800001 	mov	w1, #0x0                   	// #0
    8261fbb0:	97fff1bb 	bl	8261c29c <memset>
    8261fbb4:	f94017e0 	ldr	x0, [sp, #40]
    8261fbb8:	f9000260 	str	x0, [x19]
    8261fbbc:	f9401be0 	ldr	x0, [sp, #48]
    8261fbc0:	f9000660 	str	x0, [x19, #8]
    8261fbc4:	52800000 	mov	w0, #0x0                   	// #0
    8261fbc8:	90000041 	adrp	x1, 82627000 <multipliers+0x16ba>
    8261fbcc:	f9401fe2 	ldr	x2, [sp, #56]
    8261fbd0:	f9421c23 	ldr	x3, [x1, #1080]
    8261fbd4:	eb030042 	subs	x2, x2, x3
    8261fbd8:	d2800003 	mov	x3, #0x0                   	// #0
    8261fbdc:	54000080 	b.eq	8261fbec <ofnode_read_resource+0x8c>  // b.none
    8261fbe0:	97ffca07 	bl	826123fc <__stack_chk_fail>
    8261fbe4:	128002a0 	mov	w0, #0xffffffea            	// #-22
    8261fbe8:	17fffff8 	b	8261fbc8 <ofnode_read_resource+0x68>
    8261fbec:	f9400bf3 	ldr	x19, [sp, #16]
    8261fbf0:	a8c47bfd 	ldp	x29, x30, [sp], #64
    8261fbf4:	d65f03c0 	ret

000000008261fbf8 <ofnode_read_resource_byname>:
    8261fbf8:	a9be7bfd 	stp	x29, x30, [sp, #-32]!
    8261fbfc:	910003fd 	mov	x29, sp
    8261fc00:	a90153f3 	stp	x19, x20, [sp, #16]
    8261fc04:	aa0203f4 	mov	x20, x2
    8261fc08:	aa0003f3 	mov	x19, x0
    8261fc0c:	aa0103e2 	mov	x2, x1
    8261fc10:	d0000021 	adrp	x1, 82625000 <_ctype+0x35c>
    8261fc14:	91255821 	add	x1, x1, #0x956
    8261fc18:	97ffff7f 	bl	8261fa14 <ofnode_stringlist_search>
    8261fc1c:	37f800e0 	tbnz	w0, #31, 8261fc38 <ofnode_read_resource_byname+0x40>
    8261fc20:	2a0003e1 	mov	w1, w0
    8261fc24:	aa1403e2 	mov	x2, x20
    8261fc28:	aa1303e0 	mov	x0, x19
    8261fc2c:	a94153f3 	ldp	x19, x20, [sp, #16]
    8261fc30:	a8c27bfd 	ldp	x29, x30, [sp], #32
    8261fc34:	17ffffcb 	b	8261fb60 <ofnode_read_resource>
    8261fc38:	a94153f3 	ldp	x19, x20, [sp, #16]
    8261fc3c:	a8c27bfd 	ldp	x29, x30, [sp], #32
    8261fc40:	d65f03c0 	ret

000000008261fc44 <ofnode_by_compatible>:
    8261fc44:	a9bf7bfd 	stp	x29, x30, [sp, #-16]!
    8261fc48:	aa0103e2 	mov	x2, x1
    8261fc4c:	2a0003e1 	mov	w1, w0
    8261fc50:	910003fd 	mov	x29, sp
    8261fc54:	f9406640 	ldr	x0, [x18, #200]
    8261fc58:	97ffef13 	bl	8261b8a4 <fdt_node_offset_by_compatible>
    8261fc5c:	93407c00 	sxtw	x0, w0
    8261fc60:	a8c17bfd 	ldp	x29, x30, [sp], #16
    8261fc64:	d65f03c0 	ret

000000008261fc68 <mmc_send_op_cond_iter>:
    8261fc68:	a9bb7bfd 	stp	x29, x30, [sp, #-80]!
    8261fc6c:	910003fd 	mov	x29, sp
    8261fc70:	f9000bf3 	str	x19, [sp, #16]
    8261fc74:	aa0003f3 	mov	x19, x0
    8261fc78:	90000040 	adrp	x0, 82627000 <multipliers+0x16ba>
    8261fc7c:	f9421c02 	ldr	x2, [x0, #1080]
    8261fc80:	f90027e2 	str	x2, [sp, #72]
    8261fc84:	d2800002 	mov	x2, #0x0                   	// #0
    8261fc88:	52800020 	mov	w0, #0x1                   	// #1
    8261fc8c:	790053e0 	strh	w0, [sp, #40]
    8261fc90:	52800020 	mov	w0, #0x1                   	// #1
    8261fc94:	2905ffe0 	stp	w0, wzr, [sp, #44]
    8261fc98:	34000141 	cbz	w1, 8261fcc0 <mmc_send_op_cond_iter+0x58>
    8261fc9c:	f9400261 	ldr	x1, [x19]
    8261fca0:	b9403a60 	ldr	w0, [x19, #56]
    8261fca4:	b9400c21 	ldr	w1, [x1, #12]
    8261fca8:	0a010001 	and	w1, w0, w1
    8261fcac:	12030400 	and	w0, w0, #0x60000000
    8261fcb0:	12193c21 	and	w1, w1, #0x7fff80
    8261fcb4:	2a000021 	orr	w1, w1, w0
    8261fcb8:	32020021 	orr	w1, w1, #0x40000000
    8261fcbc:	b90033e1 	str	w1, [sp, #48]
    8261fcc0:	9100a3e1 	add	x1, sp, #0x28
    8261fcc4:	aa1303e0 	mov	x0, x19
    8261fcc8:	d2800002 	mov	x2, #0x0                   	// #0
    8261fccc:	94000734 	bl	8262199c <mmc_send_cmd>
    8261fcd0:	35000060 	cbnz	w0, 8261fcdc <mmc_send_op_cond_iter+0x74>
    8261fcd4:	b94037e1 	ldr	w1, [sp, #52]
    8261fcd8:	b9003a61 	str	w1, [x19, #56]
    8261fcdc:	90000041 	adrp	x1, 82627000 <multipliers+0x16ba>
    8261fce0:	f94027e2 	ldr	x2, [sp, #72]
    8261fce4:	f9421c23 	ldr	x3, [x1, #1080]
    8261fce8:	eb030042 	subs	x2, x2, x3
    8261fcec:	d2800003 	mov	x3, #0x0                   	// #0
    8261fcf0:	54000040 	b.eq	8261fcf8 <mmc_send_op_cond_iter+0x90>  // b.none
    8261fcf4:	97ffc9c2 	bl	826123fc <__stack_chk_fail>
    8261fcf8:	f9400bf3 	ldr	x19, [sp, #16]
    8261fcfc:	a8c57bfd 	ldp	x29, x30, [sp], #80
    8261fd00:	d65f03c0 	ret

000000008261fd04 <mmc_send_ext_csd>:
    8261fd04:	a9bb7bfd 	stp	x29, x30, [sp, #-80]!
    8261fd08:	90000042 	adrp	x2, 82627000 <multipliers+0x16ba>
    8261fd0c:	910003fd 	mov	x29, sp
    8261fd10:	f9421c43 	ldr	x3, [x2, #1080]
    8261fd14:	f90027e3 	str	x3, [sp, #72]
    8261fd18:	d2800003 	mov	x3, #0x0                   	// #0
    8261fd1c:	52800102 	mov	w2, #0x8                   	// #8
    8261fd20:	f9000be1 	str	x1, [sp, #16]
    8261fd24:	b20003e1 	mov	x1, #0x100000001           	// #4294967297
    8261fd28:	f9000fe1 	str	x1, [sp, #24]
    8261fd2c:	52804001 	mov	w1, #0x200                 	// #512
    8261fd30:	790053e2 	strh	w2, [sp, #40]
    8261fd34:	528002a2 	mov	w2, #0x15                  	// #21
    8261fd38:	b90023e1 	str	w1, [sp, #32]
    8261fd3c:	9100a3e1 	add	x1, sp, #0x28
    8261fd40:	2905ffe2 	stp	w2, wzr, [sp, #44]
    8261fd44:	910043e2 	add	x2, sp, #0x10
    8261fd48:	94000715 	bl	8262199c <mmc_send_cmd>
    8261fd4c:	90000041 	adrp	x1, 82627000 <multipliers+0x16ba>
    8261fd50:	f94027e2 	ldr	x2, [sp, #72]
    8261fd54:	f9421c23 	ldr	x3, [x1, #1080]
    8261fd58:	eb030042 	subs	x2, x2, x3
    8261fd5c:	d2800003 	mov	x3, #0x0                   	// #0
    8261fd60:	54000040 	b.eq	8261fd68 <mmc_send_ext_csd+0x64>  // b.none
    8261fd64:	97ffc9a6 	bl	826123fc <__stack_chk_fail>
    8261fd68:	a8c57bfd 	ldp	x29, x30, [sp], #80
    8261fd6c:	d65f03c0 	ret

000000008261fd70 <mmc_go_idle>:
    8261fd70:	a9bb7bfd 	stp	x29, x30, [sp, #-80]!
    8261fd74:	910003fd 	mov	x29, sp
    8261fd78:	f9000bf3 	str	x19, [sp, #16]
    8261fd7c:	aa0003f3 	mov	x19, x0
    8261fd80:	90000040 	adrp	x0, 82627000 <multipliers+0x16ba>
    8261fd84:	f9421c01 	ldr	x1, [x0, #1080]
    8261fd88:	f90027e1 	str	x1, [sp, #72]
    8261fd8c:	d2800001 	mov	x1, #0x0                   	// #0
    8261fd90:	d2807d00 	mov	x0, #0x3e8                 	// #1000
    8261fd94:	97fff1d5 	bl	8261c4e8 <udelay>
    8261fd98:	790053ff 	strh	wzr, [sp, #40]
    8261fd9c:	aa1303e0 	mov	x0, x19
    8261fda0:	9100a3e1 	add	x1, sp, #0x28
    8261fda4:	d2800002 	mov	x2, #0x0                   	// #0
    8261fda8:	2905ffff 	stp	wzr, wzr, [sp, #44]
    8261fdac:	940006fc 	bl	8262199c <mmc_send_cmd>
    8261fdb0:	2a0003f3 	mov	w19, w0
    8261fdb4:	35000060 	cbnz	w0, 8261fdc0 <mmc_go_idle+0x50>
    8261fdb8:	d280fa00 	mov	x0, #0x7d0                 	// #2000
    8261fdbc:	97fff1cb 	bl	8261c4e8 <udelay>
    8261fdc0:	90000040 	adrp	x0, 82627000 <multipliers+0x16ba>
    8261fdc4:	f94027e1 	ldr	x1, [sp, #72]
    8261fdc8:	f9421c02 	ldr	x2, [x0, #1080]
    8261fdcc:	eb020021 	subs	x1, x1, x2
    8261fdd0:	d2800002 	mov	x2, #0x0                   	// #0
    8261fdd4:	54000040 	b.eq	8261fddc <mmc_go_idle+0x6c>  // b.none
    8261fdd8:	97ffc989 	bl	826123fc <__stack_chk_fail>
    8261fddc:	2a1303e0 	mov	w0, w19
    8261fde0:	f9400bf3 	ldr	x19, [sp, #16]
    8261fde4:	a8c57bfd 	ldp	x29, x30, [sp], #80
    8261fde8:	d65f03c0 	ret

000000008261fdec <mmc_set_capacity>:
    8261fdec:	71001c3f 	cmp	w1, #0x7
    8261fdf0:	540003c8 	b.hi	8261fe68 <mmc_set_capacity+0x7c>  // b.pmore
    8261fdf4:	a9be7bfd 	stp	x29, x30, [sp, #-32]!
    8261fdf8:	b0000022 	adrp	x2, 82624000 <blk_find_max_devnum+0x3c>
    8261fdfc:	912b7042 	add	x2, x2, #0xadc
    8261fe00:	910003fd 	mov	x29, sp
    8261fe04:	a90153f3 	stp	x19, x20, [sp, #16]
    8261fe08:	38614842 	ldrb	w2, [x2, w1, uxtw]
    8261fe0c:	10000063 	adr	x3, 8261fe18 <mmc_set_capacity+0x2c>
    8261fe10:	8b228862 	add	x2, x3, w2, sxtb #2
    8261fe14:	d61f0040 	br	x2
    8261fe18:	f9404401 	ldr	x1, [x0, #136]
    8261fe1c:	f9004001 	str	x1, [x0, #128]
    8261fe20:	b9407c14 	ldr	w20, [x0, #124]
    8261fe24:	f9404013 	ldr	x19, [x0, #128]
    8261fe28:	2a1403f4 	mov	w20, w20
    8261fe2c:	9400071c 	bl	82621a9c <mmc_get_blk_desc>
    8261fe30:	9ad40a73 	udiv	x19, x19, x20
    8261fe34:	f9000813 	str	x19, [x0, #16]
    8261fe38:	52800000 	mov	w0, #0x0                   	// #0
    8261fe3c:	a94153f3 	ldp	x19, x20, [sp, #16]
    8261fe40:	a8c27bfd 	ldp	x29, x30, [sp], #32
    8261fe44:	d65f03c0 	ret
    8261fe48:	f9404801 	ldr	x1, [x0, #144]
    8261fe4c:	17fffff4 	b	8261fe1c <mmc_set_capacity+0x30>
    8261fe50:	f9404c01 	ldr	x1, [x0, #152]
    8261fe54:	17fffff2 	b	8261fe1c <mmc_set_capacity+0x30>
    8261fe58:	51001021 	sub	w1, w1, #0x4
    8261fe5c:	8b21cc01 	add	x1, x0, w1, sxtw #3
    8261fe60:	f9405021 	ldr	x1, [x1, #160]
    8261fe64:	17ffffee 	b	8261fe1c <mmc_set_capacity+0x30>
    8261fe68:	12800000 	mov	w0, #0xffffffff            	// #-1
    8261fe6c:	d65f03c0 	ret

000000008261fe70 <mmc_read_and_compare_ext_csd>:
    8261fe70:	d109c3ff 	sub	sp, sp, #0x270
    8261fe74:	90000042 	adrp	x2, 82627000 <multipliers+0x16ba>
    8261fe78:	a9007bfd 	stp	x29, x30, [sp]
    8261fe7c:	910003fd 	mov	x29, sp
    8261fe80:	a90153f3 	stp	x19, x20, [sp, #16]
    8261fe84:	f9421c43 	ldr	x3, [x2, #1080]
    8261fe88:	f90137e3 	str	x3, [sp, #616]
    8261fe8c:	d2800003 	mov	x3, #0x0                   	// #0
    8261fe90:	12b7ff82 	mov	w2, #0x4003ffff            	// #1074003967
    8261fe94:	b9400803 	ldr	w3, [x0, #8]
    8261fe98:	6b02007f 	cmp	w3, w2
    8261fe9c:	54000489 	b.ls	8261ff2c <mmc_read_and_compare_ext_csd+0xbc>  // b.plast
    8261fea0:	91019ff3 	add	x19, sp, #0x67
    8261fea4:	927ae673 	and	x19, x19, #0xffffffffffffffc0
    8261fea8:	aa1303e1 	mov	x1, x19
    8261feac:	f9406814 	ldr	x20, [x0, #208]
    8261feb0:	97ffff95 	bl	8261fd04 <mmc_send_ext_csd>
    8261feb4:	350000c0 	cbnz	w0, 8261fecc <mmc_read_and_compare_ext_csd+0x5c>
    8261feb8:	39428281 	ldrb	w1, [x20, #160]
    8261febc:	39428260 	ldrb	w0, [x19, #160]
    8261fec0:	6b00003f 	cmp	w1, w0
    8261fec4:	54000120 	b.eq	8261fee8 <mmc_read_and_compare_ext_csd+0x78>  // b.none
    8261fec8:	12800920 	mov	w0, #0xffffffb6            	// #-74
    8261fecc:	90000041 	adrp	x1, 82627000 <multipliers+0x16ba>
    8261fed0:	f94137e2 	ldr	x2, [sp, #616]
    8261fed4:	f9421c23 	ldr	x3, [x1, #1080]
    8261fed8:	eb030042 	subs	x2, x2, x3
    8261fedc:	d2800003 	mov	x3, #0x0                   	// #0
    8261fee0:	540002a0 	b.eq	8261ff34 <mmc_read_and_compare_ext_csd+0xc4>  // b.none
    8261fee4:	97ffc946 	bl	826123fc <__stack_chk_fail>
    8261fee8:	39437681 	ldrb	w1, [x20, #221]
    8261feec:	39437660 	ldrb	w0, [x19, #221]
    8261fef0:	6b00003f 	cmp	w1, w0
    8261fef4:	54fffea1 	b.ne	8261fec8 <mmc_read_and_compare_ext_csd+0x58>  // b.any
    8261fef8:	39430281 	ldrb	w1, [x20, #192]
    8261fefc:	39430260 	ldrb	w0, [x19, #192]
    8261ff00:	6b00003f 	cmp	w1, w0
    8261ff04:	54fffe21 	b.ne	8261fec8 <mmc_read_and_compare_ext_csd+0x58>  // b.any
    8261ff08:	39438281 	ldrb	w1, [x20, #224]
    8261ff0c:	39438260 	ldrb	w0, [x19, #224]
    8261ff10:	6b00003f 	cmp	w1, w0
    8261ff14:	54fffda1 	b.ne	8261fec8 <mmc_read_and_compare_ext_csd+0x58>  // b.any
    8261ff18:	91035261 	add	x1, x19, #0xd4
    8261ff1c:	91035280 	add	x0, x20, #0xd4
    8261ff20:	d2800082 	mov	x2, #0x4                   	// #4
    8261ff24:	97fff113 	bl	8261c370 <memcmp>
    8261ff28:	35fffd00 	cbnz	w0, 8261fec8 <mmc_read_and_compare_ext_csd+0x58>
    8261ff2c:	52800000 	mov	w0, #0x0                   	// #0
    8261ff30:	17ffffe7 	b	8261fecc <mmc_read_and_compare_ext_csd+0x5c>
    8261ff34:	a9407bfd 	ldp	x29, x30, [sp]
    8261ff38:	a94153f3 	ldp	x19, x20, [sp, #16]
    8261ff3c:	9109c3ff 	add	sp, sp, #0x270
    8261ff40:	d65f03c0 	ret

000000008261ff44 <sd_get_capabilities>:
    8261ff44:	a9a27bfd 	stp	x29, x30, [sp, #-480]!
    8261ff48:	90000041 	adrp	x1, 82627000 <multipliers+0x16ba>
    8261ff4c:	910003fd 	mov	x29, sp
    8261ff50:	a90153f3 	stp	x19, x20, [sp, #16]
    8261ff54:	aa0003f3 	mov	x19, x0
    8261ff58:	a9025bf5 	stp	x21, x22, [sp, #32]
    8261ff5c:	528002b6 	mov	w22, #0x15                  	// #21
    8261ff60:	a90363f7 	stp	x23, x24, [sp, #48]
    8261ff64:	a9046bf9 	stp	x25, x26, [sp, #64]
    8261ff68:	f9002bfb 	str	x27, [sp, #80]
    8261ff6c:	f9421c22 	ldr	x2, [x1, #1080]
    8261ff70:	f900efe2 	str	x2, [sp, #472]
    8261ff74:	d2800002 	mov	x2, #0x0                   	// #0
    8261ff78:	52800041 	mov	w1, #0x2                   	// #2
    8261ff7c:	72a20001 	movk	w1, #0x1000, lsl #16
    8261ff80:	b9003001 	str	w1, [x0, #48]
    8261ff84:	528006e1 	mov	w1, #0x37                  	// #55
    8261ff88:	790133e1 	strh	w1, [sp, #152]
    8261ff8c:	7940d801 	ldrh	w1, [x0, #108]
    8261ff90:	53103c21 	lsl	w1, w1, #16
    8261ff94:	291387f6 	stp	w22, w1, [sp, #156]
    8261ff98:	910263e1 	add	x1, sp, #0x98
    8261ff9c:	94000680 	bl	8262199c <mmc_send_cmd>
    8261ffa0:	2a0003f4 	mov	w20, w0
    8261ffa4:	35000260 	cbnz	w0, 8261fff0 <sd_get_capabilities+0xac>
    8261ffa8:	91045ff5 	add	x21, sp, #0x117
    8261ffac:	52800660 	mov	w0, #0x33                  	// #51
    8261ffb0:	927ae6b5 	and	x21, x21, #0xffffffffffffffc0
    8261ffb4:	b20003f7 	mov	x23, #0x100000001           	// #4294967297
    8261ffb8:	52800118 	mov	w24, #0x8                   	// #8
    8261ffbc:	790133e0 	strh	w0, [sp, #152]
    8261ffc0:	2913fff6 	stp	w22, wzr, [sp, #156]
    8261ffc4:	52800096 	mov	w22, #0x4                   	// #4
    8261ffc8:	9101a3e2 	add	x2, sp, #0x68
    8261ffcc:	910263e1 	add	x1, sp, #0x98
    8261ffd0:	aa1303e0 	mov	x0, x19
    8261ffd4:	a906dff5 	stp	x21, x23, [sp, #104]
    8261ffd8:	b9007bf8 	str	w24, [sp, #120]
    8261ffdc:	94000670 	bl	8262199c <mmc_send_cmd>
    8261ffe0:	2a0003f4 	mov	w20, w0
    8261ffe4:	34000140 	cbz	w0, 8262000c <sd_get_capabilities+0xc8>
    8261ffe8:	710006d6 	subs	w22, w22, #0x1
    8261ffec:	54fffee1 	b.ne	8261ffc8 <sd_get_capabilities+0x84>  // b.any
    8261fff0:	90000040 	adrp	x0, 82627000 <multipliers+0x16ba>
    8261fff4:	f940efe1 	ldr	x1, [sp, #472]
    8261fff8:	f9421c02 	ldr	x2, [x0, #1080]
    8261fffc:	eb020021 	subs	x1, x1, x2
    82620000:	d2800002 	mov	x2, #0x0                   	// #0
    82620004:	540007e0 	b.eq	82620100 <sd_get_capabilities+0x1bc>  // b.none
    82620008:	97ffc8fd 	bl	826123fc <__stack_chk_fail>
    8262000c:	b94002a0 	ldr	w0, [x21]
    82620010:	5ac00800 	rev	w0, w0
    82620014:	b9004660 	str	w0, [x19, #68]
    82620018:	b94006a1 	ldr	w1, [x21, #4]
    8262001c:	5ac00821 	rev	w1, w1
    82620020:	b9004a61 	str	w1, [x19, #72]
    82620024:	d3586c01 	ubfx	x1, x0, #24, #4
    82620028:	7100043f 	cmp	w1, #0x1
    8262002c:	54000560 	b.eq	826200d8 <sd_get_capabilities+0x194>  // b.none
    82620030:	7100083f 	cmp	w1, #0x2
    82620034:	54000580 	b.eq	826200e4 <sd_get_capabilities+0x1a0>  // b.none
    82620038:	52b00021 	mov	w1, #0x80010000            	// #-2147418112
    8262003c:	b9000a61 	str	w1, [x19, #8]
    82620040:	36900080 	tbz	w0, #18, 82620050 <sd_get_capabilities+0x10c>
    82620044:	b9403260 	ldr	w0, [x19, #48]
    82620048:	32030000 	orr	w0, w0, #0x20000000
    8262004c:	b9003260 	str	w0, [x19, #48]
    82620050:	b9400a61 	ldr	w1, [x19, #8]
    82620054:	52b00020 	mov	w0, #0x80010000            	// #-2147418112
    82620058:	6b00003f 	cmp	w1, w0
    8262005c:	54fffca0 	b.eq	8261fff0 <sd_get_capabilities+0xac>  // b.none
    82620060:	91065ff5 	add	x21, sp, #0x197
    82620064:	529ffe39 	mov	w25, #0xfff1                	// #65521
    82620068:	927ae6b5 	and	x21, x21, #0xffffffffffffffc0
    8262006c:	528000b6 	mov	w22, #0x5                   	// #5
    82620070:	528000d7 	mov	w23, #0x6                   	// #6
    82620074:	528002b8 	mov	w24, #0x15                  	// #21
    82620078:	72a01ff9 	movk	w25, #0xff, lsl #16
    8262007c:	b20003fa 	mov	x26, #0x100000001           	// #4294967297
    82620080:	5280081b 	mov	w27, #0x40                  	// #64
    82620084:	710006d6 	subs	w22, w22, #0x1
    82620088:	540001a0 	b.eq	826200bc <sd_get_capabilities+0x178>  // b.none
    8262008c:	910203e2 	add	x2, sp, #0x80
    82620090:	9102e3e1 	add	x1, sp, #0xb8
    82620094:	aa1303e0 	mov	x0, x19
    82620098:	a9086bf5 	stp	x21, x26, [sp, #128]
    8262009c:	b90093fb 	str	w27, [sp, #144]
    826200a0:	790173f7 	strh	w23, [sp, #184]
    826200a4:	2917e7f8 	stp	w24, w25, [sp, #188]
    826200a8:	9400063d 	bl	8262199c <mmc_send_cmd>
    826200ac:	35000260 	cbnz	w0, 826200f8 <sd_get_capabilities+0x1b4>
    826200b0:	b9401ea0 	ldr	w0, [x21, #28]
    826200b4:	5ac00800 	rev	w0, w0
    826200b8:	378ffe60 	tbnz	w0, #17, 82620084 <sd_get_capabilities+0x140>
    826200bc:	b9400ea0 	ldr	w0, [x21, #12]
    826200c0:	5ac00800 	rev	w0, w0
    826200c4:	368ff960 	tbz	w0, #17, 8261fff0 <sd_get_capabilities+0xac>
    826200c8:	b9403260 	ldr	w0, [x19, #48]
    826200cc:	321d0000 	orr	w0, w0, #0x8
    826200d0:	b9003260 	str	w0, [x19, #48]
    826200d4:	17ffffc7 	b	8261fff0 <sd_get_capabilities+0xac>
    826200d8:	52814001 	mov	w1, #0xa00                 	// #2560
    826200dc:	72b00021 	movk	w1, #0x8001, lsl #16
    826200e0:	17ffffd7 	b	8262003c <sd_get_capabilities+0xf8>
    826200e4:	f271001f 	tst	x0, #0x8000
    826200e8:	52b00041 	mov	w1, #0x80020000            	// #-2147352576
    826200ec:	52b00062 	mov	w2, #0x80030000            	// #-2147287040
    826200f0:	1a820021 	csel	w1, w1, w2, eq  // eq = none
    826200f4:	17ffffd2 	b	8262003c <sd_get_capabilities+0xf8>
    826200f8:	2a0003f4 	mov	w20, w0
    826200fc:	17ffffbd 	b	8261fff0 <sd_get_capabilities+0xac>
    82620100:	2a1403e0 	mov	w0, w20
    82620104:	a94153f3 	ldp	x19, x20, [sp, #16]
    82620108:	a9425bf5 	ldp	x21, x22, [sp, #32]
    8262010c:	a94363f7 	ldp	x23, x24, [sp, #48]
    82620110:	a9446bf9 	ldp	x25, x26, [sp, #64]
    82620114:	f9402bfb 	ldr	x27, [sp, #80]
    82620118:	a8de7bfd 	ldp	x29, x30, [sp], #480
    8262011c:	d65f03c0 	ret

0000000082620120 <mmc_send_status>:
    82620120:	a9b97bfd 	stp	x29, x30, [sp, #-112]!
    82620124:	910003fd 	mov	x29, sp
    82620128:	a90153f3 	stp	x19, x20, [sp, #16]
    8262012c:	aa0003f4 	mov	x20, x0
    82620130:	f0000020 	adrp	x0, 82627000 <multipliers+0x16ba>
    82620134:	a9025bf5 	stp	x21, x22, [sp, #32]
    82620138:	2a0103f3 	mov	w19, w1
    8262013c:	528000b5 	mov	w21, #0x5                   	// #5
    82620140:	f9001bf7 	str	x23, [sp, #48]
    82620144:	52881017 	mov	w23, #0x4080                	// #16512
    82620148:	72bfbf37 	movk	w23, #0xfdf9, lsl #16
    8262014c:	f9421c01 	ldr	x1, [x0, #1080]
    82620150:	f90037e1 	str	x1, [sp, #104]
    82620154:	d2800001 	mov	x1, #0x0                   	// #0
    82620158:	528001a0 	mov	w0, #0xd                   	// #13
    8262015c:	790093e0 	strh	w0, [sp, #72]
    82620160:	528002a0 	mov	w0, #0x15                  	// #21
    82620164:	b9004fe0 	str	w0, [sp, #76]
    82620168:	7940da80 	ldrh	w0, [x20, #108]
    8262016c:	53103c00 	lsl	w0, w0, #16
    82620170:	b90053e0 	str	w0, [sp, #80]
    82620174:	910123e1 	add	x1, sp, #0x48
    82620178:	aa1403e0 	mov	x0, x20
    8262017c:	d2800002 	mov	x2, #0x0                   	// #0
    82620180:	94000607 	bl	8262199c <mmc_send_cmd>
    82620184:	35000260 	cbnz	w0, 826201d0 <mmc_send_status+0xb0>
    82620188:	b94057e1 	ldr	w1, [sp, #84]
    8262018c:	36400081 	tbz	w1, #8, 8262019c <mmc_send_status+0x7c>
    82620190:	12170c20 	and	w0, w1, #0x1e00
    82620194:	7138001f 	cmp	w0, #0xe00
    82620198:	54000301 	b.ne	826201f8 <mmc_send_status+0xd8>  // b.any
    8262019c:	6a17003f 	tst	w1, w23
    826201a0:	540001c0 	b.eq	826201d8 <mmc_send_status+0xb8>  // b.none
    826201a4:	b0000020 	adrp	x0, 82625000 <_ctype+0x35c>
    826201a8:	91222c00 	add	x0, x0, #0x88b
    826201ac:	97fff566 	bl	8261d744 <printf>
    826201b0:	128008a0 	mov	w0, #0xffffffba            	// #-70
    826201b4:	f0000021 	adrp	x1, 82627000 <multipliers+0x16ba>
    826201b8:	f94037e2 	ldr	x2, [sp, #104]
    826201bc:	f9421c23 	ldr	x3, [x1, #1080]
    826201c0:	eb030042 	subs	x2, x2, x3
    826201c4:	d2800003 	mov	x3, #0x0                   	// #0
    826201c8:	54000280 	b.eq	82620218 <mmc_send_status+0xf8>  // b.none
    826201cc:	97ffc88c 	bl	826123fc <__stack_chk_fail>
    826201d0:	710006b5 	subs	w21, w21, #0x1
    826201d4:	54ffff04 	b.mi	826201b4 <mmc_send_status+0x94>  // b.first
    826201d8:	51000676 	sub	w22, w19, #0x1
    826201dc:	7100027f 	cmp	w19, #0x0
    826201e0:	540000ad 	b.le	826201f4 <mmc_send_status+0xd4>
    826201e4:	d2807d00 	mov	x0, #0x3e8                 	// #1000
    826201e8:	2a1603f3 	mov	w19, w22
    826201ec:	97fff0bf 	bl	8261c4e8 <udelay>
    826201f0:	17ffffe1 	b	82620174 <mmc_send_status+0x54>
    826201f4:	2a1603f3 	mov	w19, w22
    826201f8:	52800000 	mov	w0, #0x0                   	// #0
    826201fc:	7100027f 	cmp	w19, #0x0
    82620200:	54fffdac 	b.gt	826201b4 <mmc_send_status+0x94>
    82620204:	b0000020 	adrp	x0, 82625000 <_ctype+0x35c>
    82620208:	91228400 	add	x0, x0, #0x8a1
    8262020c:	97fff54e 	bl	8261d744 <printf>
    82620210:	12800da0 	mov	w0, #0xffffff92            	// #-110
    82620214:	17ffffe8 	b	826201b4 <mmc_send_status+0x94>
    82620218:	a94153f3 	ldp	x19, x20, [sp, #16]
    8262021c:	a9425bf5 	ldp	x21, x22, [sp, #32]
    82620220:	f9401bf7 	ldr	x23, [sp, #48]
    82620224:	a8c77bfd 	ldp	x29, x30, [sp], #112
    82620228:	d65f03c0 	ret

000000008262022c <__mmc_switch.constprop.0>:
    8262022c:	a9bb7bfd 	stp	x29, x30, [sp, #-80]!
    82620230:	53101c21 	ubfiz	w1, w1, #16, #8
    82620234:	53181c42 	ubfiz	w2, w2, #8, #8
    82620238:	910003fd 	mov	x29, sp
    8262023c:	a90153f3 	stp	x19, x20, [sp, #16]
    82620240:	aa0003f3 	mov	x19, x0
    82620244:	f0000020 	adrp	x0, 82627000 <multipliers+0x16ba>
    82620248:	2a020021 	orr	w1, w1, w2
    8262024c:	f9421c03 	ldr	x3, [x0, #1080]
    82620250:	f90027e3 	str	x3, [sp, #72]
    82620254:	d2800003 	mov	x3, #0x0                   	// #0
    82620258:	528000c0 	mov	w0, #0x6                   	// #6
    8262025c:	32080421 	orr	w1, w1, #0x3000000
    82620260:	52800074 	mov	w20, #0x3                   	// #3
    82620264:	790053e0 	strh	w0, [sp, #40]
    82620268:	528003a0 	mov	w0, #0x1d                  	// #29
    8262026c:	290587e0 	stp	w0, w1, [sp, #44]
    82620270:	9100a3e1 	add	x1, sp, #0x28
    82620274:	aa1303e0 	mov	x0, x19
    82620278:	d2800002 	mov	x2, #0x0                   	// #0
    8262027c:	940005c8 	bl	8262199c <mmc_send_cmd>
    82620280:	34000140 	cbz	w0, 826202a8 <__mmc_switch.constprop.0+0x7c>
    82620284:	71000694 	subs	w20, w20, #0x1
    82620288:	54ffff41 	b.ne	82620270 <__mmc_switch.constprop.0+0x44>  // b.any
    8262028c:	f0000021 	adrp	x1, 82627000 <multipliers+0x16ba>
    82620290:	f94027e2 	ldr	x2, [sp, #72]
    82620294:	f9421c23 	ldr	x3, [x1, #1080]
    82620298:	eb030042 	subs	x2, x2, x3
    8262029c:	d2800003 	mov	x3, #0x0                   	// #0
    826202a0:	540000c0 	b.eq	826202b8 <__mmc_switch.constprop.0+0x8c>  // b.none
    826202a4:	97ffc856 	bl	826123fc <__stack_chk_fail>
    826202a8:	aa1303e0 	mov	x0, x19
    826202ac:	52807d01 	mov	w1, #0x3e8                 	// #1000
    826202b0:	97ffff9c 	bl	82620120 <mmc_send_status>
    826202b4:	17fffff6 	b	8262028c <__mmc_switch.constprop.0+0x60>
    826202b8:	a94153f3 	ldp	x19, x20, [sp, #16]
    826202bc:	a8c57bfd 	ldp	x29, x30, [sp], #80
    826202c0:	d65f03c0 	ret

00000000826202c4 <mmc_set_card_speed.constprop.0>:
    826202c4:	d109c3ff 	sub	sp, sp, #0x270
    826202c8:	a9007bfd 	stp	x29, x30, [sp]
    826202cc:	910003fd 	mov	x29, sp
    826202d0:	a90153f3 	stp	x19, x20, [sp, #16]
    826202d4:	aa0003f4 	mov	x20, x0
    826202d8:	2a0103f3 	mov	w19, w1
    826202dc:	f0000020 	adrp	x0, 82627000 <multipliers+0x16ba>
    826202e0:	f9421c01 	ldr	x1, [x0, #1080]
    826202e4:	f90137e1 	str	x1, [sp, #616]
    826202e8:	d2800001 	mov	x1, #0x0                   	// #0
    826202ec:	71000a7f 	cmp	w19, #0x2
    826202f0:	54000100 	b.eq	82620310 <mmc_set_card_speed.constprop.0+0x4c>  // b.none
    826202f4:	54000088 	b.hi	82620304 <mmc_set_card_speed.constprop.0+0x40>  // b.pmore
    826202f8:	340003f3 	cbz	w19, 82620374 <mmc_set_card_speed.constprop.0+0xb0>
    826202fc:	128002a0 	mov	w0, #0xffffffea            	// #-22
    82620300:	14000016 	b	82620358 <mmc_set_card_speed.constprop.0+0x94>
    82620304:	51001260 	sub	w0, w19, #0x4
    82620308:	7100041f 	cmp	w0, #0x1
    8262030c:	54ffff88 	b.hi	826202fc <mmc_set_card_speed.constprop.0+0x38>  // b.pmore
    82620310:	52800022 	mov	w2, #0x1                   	// #1
    82620314:	aa1403e0 	mov	x0, x20
    82620318:	128008c1 	mov	w1, #0xffffffb9            	// #-71
    8262031c:	97ffffc4 	bl	8262022c <__mmc_switch.constprop.0>
    82620320:	350001c0 	cbnz	w0, 82620358 <mmc_set_card_speed.constprop.0+0x94>
    82620324:	71000a7f 	cmp	w19, #0x2
    82620328:	7a441a64 	ccmp	w19, #0x4, #0x4, ne  // ne = any
    8262032c:	54000161 	b.ne	82620358 <mmc_set_card_speed.constprop.0+0x94>  // b.any
    82620330:	91019ff3 	add	x19, sp, #0x67
    82620334:	aa1403e0 	mov	x0, x20
    82620338:	927ae673 	and	x19, x19, #0xffffffffffffffc0
    8262033c:	aa1303e1 	mov	x1, x19
    82620340:	97fffe71 	bl	8261fd04 <mmc_send_ext_csd>
    82620344:	350000a0 	cbnz	w0, 82620358 <mmc_set_card_speed.constprop.0+0x94>
    82620348:	3942e660 	ldrb	w0, [x19, #185]
    8262034c:	7100001f 	cmp	w0, #0x0
    82620350:	12804160 	mov	w0, #0xfffffdf4            	// #-524
    82620354:	1a8013e0 	csel	w0, wzr, w0, ne  // ne = any
    82620358:	f0000021 	adrp	x1, 82627000 <multipliers+0x16ba>
    8262035c:	f94137e2 	ldr	x2, [sp, #616]
    82620360:	f9421c23 	ldr	x3, [x1, #1080]
    82620364:	eb030042 	subs	x2, x2, x3
    82620368:	d2800003 	mov	x3, #0x0                   	// #0
    8262036c:	54000080 	b.eq	8262037c <mmc_set_card_speed.constprop.0+0xb8>  // b.none
    82620370:	97ffc823 	bl	826123fc <__stack_chk_fail>
    82620374:	52800002 	mov	w2, #0x0                   	// #0
    82620378:	17ffffe7 	b	82620314 <mmc_set_card_speed.constprop.0+0x50>
    8262037c:	a9407bfd 	ldp	x29, x30, [sp]
    82620380:	a94153f3 	ldp	x19, x20, [sp, #16]
    82620384:	9109c3ff 	add	sp, sp, #0x270
    82620388:	d65f03c0 	ret

000000008262038c <mmc_set_blocklen>:
    8262038c:	a9bb7bfd 	stp	x29, x30, [sp, #-80]!
    82620390:	f0000022 	adrp	x2, 82627000 <multipliers+0x16ba>
    82620394:	910003fd 	mov	x29, sp
    82620398:	a90153f3 	stp	x19, x20, [sp, #16]
    8262039c:	f9421c43 	ldr	x3, [x2, #1080]
    826203a0:	f90027e3 	str	x3, [sp, #72]
    826203a4:	d2800003 	mov	x3, #0x0                   	// #0
    826203a8:	b940c402 	ldr	w2, [x0, #196]
    826203ac:	35000362 	cbnz	w2, 82620418 <mmc_set_blocklen+0x8c>
    826203b0:	52800202 	mov	w2, #0x10                  	// #16
    826203b4:	790053e2 	strh	w2, [sp, #40]
    826203b8:	528002a2 	mov	w2, #0x15                  	// #21
    826203bc:	aa0003f3 	mov	x19, x0
    826203c0:	290587e2 	stp	w2, w1, [sp, #44]
    826203c4:	9100a3e1 	add	x1, sp, #0x28
    826203c8:	d2800002 	mov	x2, #0x0                   	// #0
    826203cc:	94000574 	bl	8262199c <mmc_send_cmd>
    826203d0:	34000240 	cbz	w0, 82620418 <mmc_set_blocklen+0x8c>
    826203d4:	b940ea61 	ldr	w1, [x19, #232]
    826203d8:	36080121 	tbz	w1, #1, 826203fc <mmc_set_blocklen+0x70>
    826203dc:	528000b4 	mov	w20, #0x5                   	// #5
    826203e0:	9100a3e1 	add	x1, sp, #0x28
    826203e4:	aa1303e0 	mov	x0, x19
    826203e8:	d2800002 	mov	x2, #0x0                   	// #0
    826203ec:	9400056c 	bl	8262199c <mmc_send_cmd>
    826203f0:	34000140 	cbz	w0, 82620418 <mmc_set_blocklen+0x8c>
    826203f4:	71000694 	subs	w20, w20, #0x1
    826203f8:	54ffff41 	b.ne	826203e0 <mmc_set_blocklen+0x54>  // b.any
    826203fc:	f0000021 	adrp	x1, 82627000 <multipliers+0x16ba>
    82620400:	f94027e2 	ldr	x2, [sp, #72]
    82620404:	f9421c23 	ldr	x3, [x1, #1080]
    82620408:	eb030042 	subs	x2, x2, x3
    8262040c:	d2800003 	mov	x3, #0x0                   	// #0
    82620410:	54000080 	b.eq	82620420 <mmc_set_blocklen+0x94>  // b.none
    82620414:	97ffc7fa 	bl	826123fc <__stack_chk_fail>
    82620418:	52800000 	mov	w0, #0x0                   	// #0
    8262041c:	17fffff8 	b	826203fc <mmc_set_blocklen+0x70>
    82620420:	a94153f3 	ldp	x19, x20, [sp, #16]
    82620424:	a8c57bfd 	ldp	x29, x30, [sp], #80
    82620428:	d65f03c0 	ret

000000008262042c <mmc_bread>:
    8262042c:	a9b67bfd 	stp	x29, x30, [sp, #-160]!
    82620430:	910003fd 	mov	x29, sp
    82620434:	a90153f3 	stp	x19, x20, [sp, #16]
    82620438:	a9025bf5 	stp	x21, x22, [sp, #32]
    8262043c:	aa0203f5 	mov	x21, x2
    82620440:	aa0103f6 	mov	x22, x1
    82620444:	a90363f7 	stp	x23, x24, [sp, #48]
    82620448:	f0000021 	adrp	x1, 82627000 <multipliers+0x16ba>
    8262044c:	aa0303f8 	mov	x24, x3
    82620450:	a9046bf9 	stp	x25, x26, [sp, #64]
    82620454:	a90573fb 	stp	x27, x28, [sp, #80]
    82620458:	f9421c22 	ldr	x2, [x1, #1080]
    8262045c:	f9004fe2 	str	x2, [sp, #152]
    82620460:	d2800002 	mov	x2, #0x0                   	// #0
    82620464:	97fff894 	bl	8261e6b4 <dev_get_uclass_platdata>
    82620468:	b5000135 	cbnz	x21, 8262048c <mmc_bread+0x60>
    8262046c:	d2800015 	mov	x21, #0x0                   	// #0
    82620470:	f0000020 	adrp	x0, 82627000 <multipliers+0x16ba>
    82620474:	f9404fe1 	ldr	x1, [sp, #152]
    82620478:	f9421c02 	ldr	x2, [x0, #1080]
    8262047c:	eb020021 	subs	x1, x1, x2
    82620480:	d2800002 	mov	x2, #0x0                   	// #0
    82620484:	54000980 	b.eq	826205b4 <mmc_bread+0x188>  // b.none
    82620488:	97ffc7dd 	bl	826123fc <__stack_chk_fail>
    8262048c:	aa0003f3 	mov	x19, x0
    82620490:	b9400400 	ldr	w0, [x0, #4]
    82620494:	94000562 	bl	82621a1c <find_mmc_device>
    82620498:	aa0003f4 	mov	x20, x0
    8262049c:	b4fffe80 	cbz	x0, 8262046c <mmc_bread+0x40>
    826204a0:	39402e61 	ldrb	w1, [x19, #11]
    826204a4:	aa1303e0 	mov	x0, x19
    826204a8:	94000e64 	bl	82623e38 <blk_dselect_hwpart>
    826204ac:	37fffe00 	tbnz	w0, #31, 8262046c <mmc_bread+0x40>
    826204b0:	f9400a62 	ldr	x2, [x19, #16]
    826204b4:	8b1602a1 	add	x1, x21, x22
    826204b8:	eb02003f 	cmp	x1, x2
    826204bc:	540000a9 	b.ls	826204d0 <mmc_bread+0xa4>  // b.plast
    826204c0:	b0000020 	adrp	x0, 82625000 <_ctype+0x35c>
    826204c4:	911af400 	add	x0, x0, #0x6bd
    826204c8:	97fff49f 	bl	8261d744 <printf>
    826204cc:	17ffffe8 	b	8262046c <mmc_bread+0x40>
    826204d0:	b9407e81 	ldr	w1, [x20, #124]
    826204d4:	aa1403e0 	mov	x0, x20
    826204d8:	97ffffad 	bl	8262038c <mmc_set_blocklen>
    826204dc:	35fffc80 	cbnz	w0, 8262046c <mmc_bread+0x40>
    826204e0:	b0000039 	adrp	x25, 82625000 <_ctype+0x35c>
    826204e4:	aa1503f7 	mov	x23, x21
    826204e8:	911ba739 	add	x25, x25, #0x6e9
    826204ec:	528002ba 	mov	w26, #0x15                  	// #21
    826204f0:	5280003b 	mov	w27, #0x1                   	// #1
    826204f4:	f9400280 	ldr	x0, [x20]
    826204f8:	f90033f8 	str	x24, [sp, #96]
    826204fc:	b9407e81 	ldr	w1, [x20, #124]
    82620500:	b9401e82 	ldr	w2, [x20, #28]
    82620504:	b9401813 	ldr	w19, [x0, #24]
    82620508:	b90073e1 	str	w1, [sp, #112]
    8262050c:	eb17027f 	cmp	x19, x23
    82620510:	9a979273 	csel	x19, x19, x23, ls  // ls = plast
    82620514:	290d4ffb 	stp	w27, w19, [sp, #104]
    82620518:	f100067f 	cmp	x19, #0x1
    8262051c:	1a9f97e0 	cset	w0, hi  // hi = pmore
    82620520:	7100005f 	cmp	w2, #0x0
    82620524:	11004400 	add	w0, w0, #0x11
    82620528:	7900f3e0 	strh	w0, [sp, #120]
    8262052c:	1b167c20 	mul	w0, w1, w22
    82620530:	910183e2 	add	x2, sp, #0x60
    82620534:	9101e3e1 	add	x1, sp, #0x78
    82620538:	1a8012c0 	csel	w0, w22, w0, ne  // ne = any
    8262053c:	290f83fa 	stp	w26, w0, [sp, #124]
    82620540:	aa1403e0 	mov	x0, x20
    82620544:	94000516 	bl	8262199c <mmc_send_cmd>
    82620548:	2a0003fc 	mov	w28, w0
    8262054c:	35000300 	cbnz	w0, 826205ac <mmc_bread+0x180>
    82620550:	f100067f 	cmp	x19, #0x1
    82620554:	54000289 	b.ls	826205a4 <mmc_bread+0x178>  // b.plast
    82620558:	52800180 	mov	w0, #0xc                   	// #12
    8262055c:	7900f3e0 	strh	w0, [sp, #120]
    82620560:	528003a0 	mov	w0, #0x1d                  	// #29
    82620564:	9101e3e1 	add	x1, sp, #0x78
    82620568:	d2800002 	mov	x2, #0x0                   	// #0
    8262056c:	290fffe0 	stp	w0, wzr, [sp, #124]
    82620570:	aa1403e0 	mov	x0, x20
    82620574:	9400050a 	bl	8262199c <mmc_send_cmd>
    82620578:	34000160 	cbz	w0, 826205a4 <mmc_bread+0x178>
    8262057c:	aa1903e0 	mov	x0, x25
    82620580:	97fff471 	bl	8261d744 <printf>
    82620584:	eb3cc27f 	cmp	x19, w28, sxtw
    82620588:	54fff721 	b.ne	8262046c <mmc_bread+0x40>  // b.any
    8262058c:	b9407e80 	ldr	w0, [x20, #124]
    82620590:	8b1302d6 	add	x22, x22, x19
    82620594:	eb1302f7 	subs	x23, x23, x19
    82620598:	9b136018 	madd	x24, x0, x19, x24
    8262059c:	54fffac1 	b.ne	826204f4 <mmc_bread+0xc8>  // b.any
    826205a0:	17ffffb4 	b	82620470 <mmc_bread+0x44>
    826205a4:	2a1303fc 	mov	w28, w19
    826205a8:	17fffff7 	b	82620584 <mmc_bread+0x158>
    826205ac:	5280001c 	mov	w28, #0x0                   	// #0
    826205b0:	17fffff5 	b	82620584 <mmc_bread+0x158>
    826205b4:	aa1503e0 	mov	x0, x21
    826205b8:	a94153f3 	ldp	x19, x20, [sp, #16]
    826205bc:	a9425bf5 	ldp	x21, x22, [sp, #32]
    826205c0:	a94363f7 	ldp	x23, x24, [sp, #48]
    826205c4:	a9446bf9 	ldp	x25, x26, [sp, #64]
    826205c8:	a94573fb 	ldp	x27, x28, [sp, #80]
    826205cc:	a8ca7bfd 	ldp	x29, x30, [sp], #160
    826205d0:	d65f03c0 	ret

00000000826205d4 <mmc_switch>:
    826205d4:	12001c41 	and	w1, w2, #0xff
    826205d8:	2a0303e2 	mov	w2, w3
    826205dc:	17ffff14 	b	8262022c <__mmc_switch.constprop.0>

00000000826205e0 <mmc_startup_v4>:
    826205e0:	d10a03ff 	sub	sp, sp, #0x280
    826205e4:	f0000021 	adrp	x1, 82627000 <multipliers+0x16ba>
    826205e8:	a9007bfd 	stp	x29, x30, [sp]
    826205ec:	910003fd 	mov	x29, sp
    826205f0:	a90153f3 	stp	x19, x20, [sp, #16]
    826205f4:	a9025bf5 	stp	x21, x22, [sp, #32]
    826205f8:	f9421c22 	ldr	x2, [x1, #1080]
    826205fc:	f9013fe2 	str	x2, [sp, #632]
    82620600:	d2800002 	mov	x2, #0x0                   	// #0
    82620604:	b9400801 	ldr	w1, [x0, #8]
    82620608:	52b7ff82 	mov	w2, #0xbffc0000            	// #-1074003968
    8262060c:	0b020021 	add	w1, w1, w2
    82620610:	12b80082 	mov	w2, #0x3ffbffff            	// #1073479679
    82620614:	6b02003f 	cmp	w1, w2
    82620618:	54000e88 	b.hi	826207e8 <mmc_startup_v4+0x208>  // b.pmore
    8262061c:	9101dff3 	add	x19, sp, #0x77
    82620620:	aa0003f4 	mov	x20, x0
    82620624:	927ae673 	and	x19, x19, #0xffffffffffffffc0
    82620628:	aa1303e1 	mov	x1, x19
    8262062c:	97fffdb6 	bl	8261fd04 <mmc_send_ext_csd>
    82620630:	2a0003f5 	mov	w21, w0
    82620634:	35000d20 	cbnz	w0, 826207d8 <mmc_startup_v4+0x1f8>
    82620638:	f9406a80 	ldr	x0, [x20, #208]
    8262063c:	b5000080 	cbnz	x0, 8262064c <mmc_startup_v4+0x6c>
    82620640:	d2804000 	mov	x0, #0x200                 	// #512
    82620644:	97ffdfac 	bl	826184f4 <malloc_simple>
    82620648:	f9006a80 	str	x0, [x20, #208]
    8262064c:	f9406a80 	ldr	x0, [x20, #208]
    82620650:	b4000d00 	cbz	x0, 826207f0 <mmc_startup_v4+0x210>
    82620654:	aa1303e1 	mov	x1, x19
    82620658:	d2804002 	mov	x2, #0x200                 	// #512
    8262065c:	97ffef2b 	bl	8261c308 <memcpy>
    82620660:	39430261 	ldrb	w1, [x19, #192]
    82620664:	7100203f 	cmp	w1, #0x8
    82620668:	54000c88 	b.hi	826207f8 <mmc_startup_v4+0x218>  // b.pmore
    8262066c:	90000020 	adrp	x0, 82624000 <blk_find_max_devnum+0x3c>
    82620670:	912b9000 	add	x0, x0, #0xae4
    82620674:	b861d800 	ldr	w0, [x0, w1, sxtw #2]
    82620678:	52803fe1 	mov	w1, #0x1ff                 	// #511
    8262067c:	b9000a80 	str	w0, [x20, #8]
    82620680:	72a80081 	movk	w1, #0x4004, lsl #16
    82620684:	6b01001f 	cmp	w0, w1
    82620688:	540000e9 	b.ls	826206a4 <mmc_startup_v4+0xc4>  // b.plast
    8262068c:	b980d660 	ldrsw	x0, [x19, #212]
    82620690:	d377d801 	lsl	x1, x0, #9
    82620694:	d34bd800 	ubfx	x0, x0, #11, #44
    82620698:	f120001f 	cmp	x0, #0x800
    8262069c:	54000049 	b.ls	826206a4 <mmc_startup_v4+0xc4>  // b.plast
    826206a0:	f9004681 	str	x1, [x20, #136]
    826206a4:	39428261 	ldrb	w1, [x19, #160]
    826206a8:	39426e76 	ldrb	w22, [x19, #155]
    826206ac:	3901ba81 	strb	w1, [x20, #110]
    826206b0:	120002d6 	and	w22, w22, #0x1
    826206b4:	39438a60 	ldrb	w0, [x19, #226]
    826206b8:	37000041 	tbnz	w1, #0, 826206c0 <mmc_startup_v4+0xe0>
    826206bc:	34000060 	cbz	w0, 826206c8 <mmc_startup_v4+0xe8>
    826206c0:	3942ce61 	ldrb	w1, [x19, #179]
    826206c4:	3901c681 	strb	w1, [x20, #113]
    826206c8:	340000b6 	cbz	w22, 826206dc <mmc_startup_v4+0xfc>
    826206cc:	39428261 	ldrb	w1, [x19, #160]
    826206d0:	36080061 	tbz	w1, #1, 826206dc <mmc_startup_v4+0xfc>
    826206d4:	39427261 	ldrb	w1, [x19, #156]
    826206d8:	3901be81 	strb	w1, [x20, #111]
    826206dc:	d36f1c00 	ubfiz	x0, x0, #17, #8
    826206e0:	f9004a80 	str	x0, [x20, #144]
    826206e4:	91028283 	add	x3, x20, #0xa0
    826206e8:	91027665 	add	x5, x19, #0x9d
    826206ec:	3942a260 	ldrb	w0, [x19, #168]
    826206f0:	52800002 	mov	w2, #0x0                   	// #0
    826206f4:	52800026 	mov	w6, #0x1                   	// #1
    826206f8:	d36f1c00 	ubfiz	x0, x0, #17, #8
    826206fc:	f9004e80 	str	x0, [x20, #152]
    82620700:	91024660 	add	x0, x19, #0x91
    82620704:	39400004 	ldrb	w4, [x0]
    82620708:	385ff001 	ldurb	w1, [x0, #-1]
    8262070c:	53103c84 	lsl	w4, w4, #16
    82620710:	0b012081 	add	w1, w4, w1, lsl #8
    82620714:	385fe004 	ldurb	w4, [x0, #-2]
    82620718:	2b040021 	adds	w1, w1, w4
    8262071c:	1a860042 	csel	w2, w2, w6, eq  // eq = none
    82620720:	340000f6 	cbz	w22, 8262073c <mmc_startup_v4+0x15c>
    82620724:	39438264 	ldrb	w4, [x19, #224]
    82620728:	9b217c84 	smull	x4, w4, w1
    8262072c:	39437661 	ldrb	w1, [x19, #221]
    82620730:	9b047c21 	mul	x1, x1, x4
    82620734:	d36db021 	lsl	x1, x1, #19
    82620738:	f9000061 	str	x1, [x3]
    8262073c:	91000c00 	add	x0, x0, #0x3
    82620740:	91002063 	add	x3, x3, #0x8
    82620744:	eb0000bf 	cmp	x5, x0
    82620748:	54fffde1 	b.ne	82620704 <mmc_startup_v4+0x124>  // b.any
    8262074c:	39428260 	ldrb	w0, [x19, #160]
    82620750:	710002df 	cmp	w22, #0x0
    82620754:	1a9f0442 	csinc	w2, w2, wzr, eq  // eq = none
    82620758:	36000080 	tbz	w0, #0, 82620768 <mmc_startup_v4+0x188>
    8262075c:	39427260 	ldrb	w0, [x19, #156]
    82620760:	f240101f 	tst	x0, #0x1f
    82620764:	54000041 	b.ne	8262076c <mmc_startup_v4+0x18c>  // b.any
    82620768:	34000202 	cbz	w2, 826207a8 <mmc_startup_v4+0x1c8>
    8262076c:	52800023 	mov	w3, #0x1                   	// #1
    82620770:	aa1403e0 	mov	x0, x20
    82620774:	2a0303e1 	mov	w1, w3
    82620778:	12800a02 	mov	w2, #0xffffffaf            	// #-81
    8262077c:	97ffff96 	bl	826205d4 <mmc_switch>
    82620780:	350002a0 	cbnz	w0, 826207d4 <mmc_startup_v4+0x1f4>
    82620784:	52800020 	mov	w0, #0x1                   	// #1
    82620788:	3902be60 	strb	w0, [x19, #175]
    8262078c:	b9401e80 	ldr	w0, [x20, #28]
    82620790:	34000100 	cbz	w0, 826207b0 <mmc_startup_v4+0x1d0>
    82620794:	340000f6 	cbz	w22, 826207b0 <mmc_startup_v4+0x1d0>
    82620798:	b980d660 	ldrsw	x0, [x19, #212]
    8262079c:	d377d800 	lsl	x0, x0, #9
    826207a0:	f9004680 	str	x0, [x20, #136]
    826207a4:	14000003 	b	826207b0 <mmc_startup_v4+0x1d0>
    826207a8:	3942be60 	ldrb	w0, [x19, #175]
    826207ac:	3707ff00 	tbnz	w0, #0, 8262078c <mmc_startup_v4+0x1ac>
    826207b0:	39429e60 	ldrb	w0, [x19, #167]
    826207b4:	3901c280 	strb	w0, [x20, #112]
    826207b8:	f0000020 	adrp	x0, 82627000 <multipliers+0x16ba>
    826207bc:	f9413fe1 	ldr	x1, [sp, #632]
    826207c0:	f9421c02 	ldr	x2, [x0, #1080]
    826207c4:	eb020021 	subs	x1, x1, x2
    826207c8:	d2800002 	mov	x2, #0x0                   	// #0
    826207cc:	540001a0 	b.eq	82620800 <mmc_startup_v4+0x220>  // b.none
    826207d0:	97ffc70b 	bl	826123fc <__stack_chk_fail>
    826207d4:	2a0003f5 	mov	w21, w0
    826207d8:	f9406a80 	ldr	x0, [x20, #208]
    826207dc:	b4fffee0 	cbz	x0, 826207b8 <mmc_startup_v4+0x1d8>
    826207e0:	f9006a9f 	str	xzr, [x20, #208]
    826207e4:	17fffff5 	b	826207b8 <mmc_startup_v4+0x1d8>
    826207e8:	52800015 	mov	w21, #0x0                   	// #0
    826207ec:	17fffff3 	b	826207b8 <mmc_startup_v4+0x1d8>
    826207f0:	12800175 	mov	w21, #0xfffffff4            	// #-12
    826207f4:	17fffff1 	b	826207b8 <mmc_startup_v4+0x1d8>
    826207f8:	128002b5 	mov	w21, #0xffffffea            	// #-22
    826207fc:	17ffffef 	b	826207b8 <mmc_startup_v4+0x1d8>
    82620800:	2a1503e0 	mov	w0, w21
    82620804:	a9407bfd 	ldp	x29, x30, [sp]
    82620808:	a94153f3 	ldp	x19, x20, [sp, #16]
    8262080c:	a9425bf5 	ldp	x21, x22, [sp, #32]
    82620810:	910a03ff 	add	sp, sp, #0x280
    82620814:	d65f03c0 	ret

0000000082620818 <mmc_switch_part>:
    82620818:	a9bd7bfd 	stp	x29, x30, [sp, #-48]!
    8262081c:	12800982 	mov	w2, #0xffffffb3            	// #-77
    82620820:	910003fd 	mov	x29, sp
    82620824:	a90153f3 	stp	x19, x20, [sp, #16]
    82620828:	2a0103f4 	mov	w20, w1
    8262082c:	a9025bf5 	stp	x21, x22, [sp, #32]
    82620830:	12001c36 	and	w22, w1, #0xff
    82620834:	aa0003f5 	mov	x21, x0
    82620838:	3941c403 	ldrb	w3, [x0, #113]
    8262083c:	33000823 	bfxil	w3, w1, #0, #3
    82620840:	52800021 	mov	w1, #0x1                   	// #1
    82620844:	97ffff64 	bl	826205d4 <mmc_switch>
    82620848:	340000a0 	cbz	w0, 8262085c <mmc_switch_part+0x44>
    8262084c:	7100029f 	cmp	w20, #0x0
    82620850:	2a0003f3 	mov	w19, w0
    82620854:	3a530800 	ccmn	w0, #0x13, #0x0, eq  // eq = none
    82620858:	54000101 	b.ne	82620878 <mmc_switch_part+0x60>  // b.any
    8262085c:	2a1403e1 	mov	w1, w20
    82620860:	aa1503e0 	mov	x0, x21
    82620864:	97fffd62 	bl	8261fdec <mmc_set_capacity>
    82620868:	2a0003f3 	mov	w19, w0
    8262086c:	aa1503e0 	mov	x0, x21
    82620870:	9400048b 	bl	82621a9c <mmc_get_blk_desc>
    82620874:	39002c16 	strb	w22, [x0, #11]
    82620878:	2a1303e0 	mov	w0, w19
    8262087c:	a94153f3 	ldp	x19, x20, [sp, #16]
    82620880:	a9425bf5 	ldp	x21, x22, [sp, #32]
    82620884:	a8c37bfd 	ldp	x29, x30, [sp], #48
    82620888:	d65f03c0 	ret

000000008262088c <mmc_set_clock>:
    8262088c:	72001c42 	ands	w2, w2, #0xff
    82620890:	54000101 	b.ne	826208b0 <mmc_set_clock+0x24>  // b.any
    82620894:	f9400003 	ldr	x3, [x0]
    82620898:	b9401464 	ldr	w4, [x3, #20]
    8262089c:	b9401063 	ldr	w3, [x3, #16]
    826208a0:	6b01009f 	cmp	w4, w1
    826208a4:	1a819081 	csel	w1, w4, w1, ls  // ls = plast
    826208a8:	6b03003f 	cmp	w1, w3
    826208ac:	1a832021 	csel	w1, w1, w3, cs  // cs = hs, nlast
    826208b0:	39008002 	strb	w2, [x0, #32]
    826208b4:	b9002801 	str	w1, [x0, #40]
    826208b8:	14000362 	b	82621640 <mmc_set_ios>

00000000826208bc <mmc_get_op_cond>:
    826208bc:	a9b87bfd 	stp	x29, x30, [sp, #-128]!
    826208c0:	f0000021 	adrp	x1, 82627000 <multipliers+0x16ba>
    826208c4:	910003fd 	mov	x29, sp
    826208c8:	a90153f3 	stp	x19, x20, [sp, #16]
    826208cc:	a9025bf5 	stp	x21, x22, [sp, #32]
    826208d0:	a90363f7 	stp	x23, x24, [sp, #48]
    826208d4:	a9046bf9 	stp	x25, x26, [sp, #64]
    826208d8:	f9421c22 	ldr	x2, [x1, #1080]
    826208dc:	f9003fe2 	str	x2, [sp, #120]
    826208e0:	d2800002 	mov	x2, #0x0                   	// #0
    826208e4:	b9401801 	ldr	w1, [x0, #24]
    826208e8:	35001021 	cbnz	w1, 82620aec <mmc_get_op_cond+0x230>
    826208ec:	52800061 	mov	w1, #0x3                   	// #3
    826208f0:	b900281f 	str	wzr, [x0, #40]
    826208f4:	b900e801 	str	w1, [x0, #232]
    826208f8:	52800021 	mov	w1, #0x1                   	// #1
    826208fc:	39008001 	strb	w1, [x0, #32]
    82620900:	aa0003f3 	mov	x19, x0
    82620904:	9400034f 	bl	82621640 <mmc_set_ios>
    82620908:	d280fa00 	mov	x0, #0x7d0                 	// #2000
    8262090c:	97ffeef7 	bl	8261c4e8 <udelay>
    82620910:	b9407a60 	ldr	w0, [x19, #120]
    82620914:	b9007660 	str	w0, [x19, #116]
    82620918:	52800020 	mov	w0, #0x1                   	// #1
    8262091c:	b9002660 	str	w0, [x19, #36]
    82620920:	b900c67f 	str	wzr, [x19, #196]
    82620924:	aa1303e0 	mov	x0, x19
    82620928:	b900e27f 	str	wzr, [x19, #224]
    8262092c:	94000345 	bl	82621640 <mmc_set_ios>
    82620930:	52800002 	mov	w2, #0x0                   	// #0
    82620934:	52800001 	mov	w1, #0x0                   	// #0
    82620938:	aa1303e0 	mov	x0, x19
    8262093c:	97ffffd4 	bl	8262088c <mmc_set_clock>
    82620940:	aa1303e0 	mov	x0, x19
    82620944:	94000348 	bl	82621664 <mmc_send_init_stream>
    82620948:	aa1303e0 	mov	x0, x19
    8262094c:	97fffd09 	bl	8261fd70 <mmc_go_idle>
    82620950:	2a0003f4 	mov	w20, w0
    82620954:	35000900 	cbnz	w0, 82620a74 <mmc_get_op_cond+0x1b8>
    82620958:	aa1303e0 	mov	x0, x19
    8262095c:	94000450 	bl	82621a9c <mmc_get_blk_desc>
    82620960:	39002c1f 	strb	wzr, [x0, #11]
    82620964:	52800100 	mov	w0, #0x8                   	// #8
    82620968:	7900b3e0 	strh	w0, [sp, #88]
    8262096c:	52801541 	mov	w1, #0xaa                  	// #170
    82620970:	f9400260 	ldr	x0, [x19]
    82620974:	d2800002 	mov	x2, #0x0                   	// #0
    82620978:	b9400c00 	ldr	w0, [x0, #12]
    8262097c:	7211201f 	tst	w0, #0xff8000
    82620980:	52803540 	mov	w0, #0x1aa                 	// #426
    82620984:	1a811000 	csel	w0, w0, w1, ne  // ne = any
    82620988:	b90063e0 	str	w0, [sp, #96]
    8262098c:	528002a0 	mov	w0, #0x15                  	// #21
    82620990:	910163e1 	add	x1, sp, #0x58
    82620994:	b9005fe0 	str	w0, [sp, #92]
    82620998:	aa1303e0 	mov	x0, x19
    8262099c:	94000400 	bl	8262199c <mmc_send_cmd>
    826209a0:	350000c0 	cbnz	w0, 826209b8 <mmc_get_op_cond+0xfc>
    826209a4:	394193e0 	ldrb	w0, [sp, #100]
    826209a8:	7102a81f 	cmp	w0, #0xaa
    826209ac:	54000061 	b.ne	826209b8 <mmc_get_op_cond+0xfc>  // b.any
    826209b0:	52b00040 	mov	w0, #0x80020000            	// #-2147352576
    826209b4:	b9000a60 	str	w0, [x19, #8]
    826209b8:	52807d35 	mov	w21, #0x3e9                 	// #1001
    826209bc:	528006f6 	mov	w22, #0x37                  	// #55
    826209c0:	528002b7 	mov	w23, #0x15                  	// #21
    826209c4:	52800538 	mov	w24, #0x29                  	// #41
    826209c8:	52800039 	mov	w25, #0x1                   	// #1
    826209cc:	52b0005a 	mov	w26, #0x80020000            	// #-2147352576
    826209d0:	910163e1 	add	x1, sp, #0x58
    826209d4:	aa1303e0 	mov	x0, x19
    826209d8:	d2800002 	mov	x2, #0x0                   	// #0
    826209dc:	7900b3f6 	strh	w22, [sp, #88]
    826209e0:	290bfff7 	stp	w23, wzr, [sp, #92]
    826209e4:	940003ee 	bl	8262199c <mmc_send_cmd>
    826209e8:	2a0003f4 	mov	w20, w0
    826209ec:	35000520 	cbnz	w0, 82620a90 <mmc_get_op_cond+0x1d4>
    826209f0:	f9400260 	ldr	x0, [x19]
    826209f4:	7900b3f8 	strh	w24, [sp, #88]
    826209f8:	b9005ff9 	str	w25, [sp, #92]
    826209fc:	b9400a62 	ldr	w2, [x19, #8]
    82620a00:	b9400c00 	ldr	w0, [x0, #12]
    82620a04:	6b1a005f 	cmp	w2, w26
    82620a08:	d2800002 	mov	x2, #0x0                   	// #0
    82620a0c:	12112000 	and	w0, w0, #0xff8000
    82620a10:	32020001 	orr	w1, w0, #0x40000000
    82620a14:	1a800020 	csel	w0, w1, w0, eq  // eq = none
    82620a18:	910163e1 	add	x1, sp, #0x58
    82620a1c:	b90063e0 	str	w0, [sp, #96]
    82620a20:	aa1303e0 	mov	x0, x19
    82620a24:	940003de 	bl	8262199c <mmc_send_cmd>
    82620a28:	2a0003f4 	mov	w20, w0
    82620a2c:	35000320 	cbnz	w0, 82620a90 <mmc_get_op_cond+0x1d4>
    82620a30:	b94067e0 	ldr	w0, [sp, #100]
    82620a34:	37f800c0 	tbnz	w0, #31, 82620a4c <mmc_get_op_cond+0x190>
    82620a38:	710006b5 	subs	w21, w21, #0x1
    82620a3c:	54000540 	b.eq	82620ae4 <mmc_get_op_cond+0x228>  // b.none
    82620a40:	d2807d00 	mov	x0, #0x3e8                 	// #1000
    82620a44:	97ffeea9 	bl	8261c4e8 <udelay>
    82620a48:	17ffffe2 	b	826209d0 <mmc_get_op_cond+0x114>
    82620a4c:	b9400a62 	ldr	w2, [x19, #8]
    82620a50:	52b00041 	mov	w1, #0x80020000            	// #-2147352576
    82620a54:	6b01005f 	cmp	w2, w1
    82620a58:	54000060 	b.eq	82620a64 <mmc_get_op_cond+0x1a8>  // b.none
    82620a5c:	52b00021 	mov	w1, #0x80010000            	// #-2147418112
    82620a60:	b9000a61 	str	w1, [x19, #8]
    82620a64:	b9003a60 	str	w0, [x19, #56]
    82620a68:	d35e7800 	ubfx	x0, x0, #30, #1
    82620a6c:	b9001e60 	str	w0, [x19, #28]
    82620a70:	7900da7f 	strh	wzr, [x19, #108]
    82620a74:	f0000020 	adrp	x0, 82627000 <multipliers+0x16ba>
    82620a78:	f9403fe1 	ldr	x1, [sp, #120]
    82620a7c:	f9421c02 	ldr	x2, [x0, #1080]
    82620a80:	eb020021 	subs	x1, x1, x2
    82620a84:	d2800002 	mov	x2, #0x0                   	// #0
    82620a88:	54000360 	b.eq	82620af4 <mmc_get_op_cond+0x238>  // b.none
    82620a8c:	97ffc65c 	bl	826123fc <__stack_chk_fail>
    82620a90:	3101ba9f 	cmn	w20, #0x6e
    82620a94:	54ffff01 	b.ne	82620a74 <mmc_get_op_cond+0x1b8>  // b.any
    82620a98:	aa1303e0 	mov	x0, x19
    82620a9c:	97fffcb5 	bl	8261fd70 <mmc_go_idle>
    82620aa0:	aa1303e0 	mov	x0, x19
    82620aa4:	52800001 	mov	w1, #0x0                   	// #0
    82620aa8:	97fffc70 	bl	8261fc68 <mmc_send_op_cond_iter>
    82620aac:	2a0003f4 	mov	w20, w0
    82620ab0:	35000140 	cbnz	w0, 82620ad8 <mmc_get_op_cond+0x21c>
    82620ab4:	b9403a60 	ldr	w0, [x19, #56]
    82620ab8:	36f80080 	tbz	w0, #31, 82620ac8 <mmc_get_op_cond+0x20c>
    82620abc:	52800020 	mov	w0, #0x1                   	// #1
    82620ac0:	39030260 	strb	w0, [x19, #192]
    82620ac4:	17ffffec 	b	82620a74 <mmc_get_op_cond+0x1b8>
    82620ac8:	aa1303e0 	mov	x0, x19
    82620acc:	52800021 	mov	w1, #0x1                   	// #1
    82620ad0:	97fffc66 	bl	8261fc68 <mmc_send_op_cond_iter>
    82620ad4:	34ffff40 	cbz	w0, 82620abc <mmc_get_op_cond+0x200>
    82620ad8:	b0000020 	adrp	x0, 82625000 <_ctype+0x35c>
    82620adc:	911c1000 	add	x0, x0, #0x704
    82620ae0:	97fff319 	bl	8261d744 <printf>
    82620ae4:	12800bd4 	mov	w20, #0xffffffa1            	// #-95
    82620ae8:	17ffffe3 	b	82620a74 <mmc_get_op_cond+0x1b8>
    82620aec:	52800014 	mov	w20, #0x0                   	// #0
    82620af0:	17ffffe1 	b	82620a74 <mmc_get_op_cond+0x1b8>
    82620af4:	2a1403e0 	mov	w0, w20
    82620af8:	a94153f3 	ldp	x19, x20, [sp, #16]
    82620afc:	a9425bf5 	ldp	x21, x22, [sp, #32]
    82620b00:	a94363f7 	ldp	x23, x24, [sp, #48]
    82620b04:	a9446bf9 	ldp	x25, x26, [sp, #64]
    82620b08:	a8c87bfd 	ldp	x29, x30, [sp], #128
    82620b0c:	d65f03c0 	ret

0000000082620b10 <mmc_start_init>:
    82620b10:	a9be7bfd 	stp	x29, x30, [sp, #-32]!
    82620b14:	52800062 	mov	w2, #0x3                   	// #3
    82620b18:	72a20002 	movk	w2, #0x1000, lsl #16
    82620b1c:	910003fd 	mov	x29, sp
    82620b20:	f9000bf3 	str	x19, [sp, #16]
    82620b24:	aa0003f3 	mov	x19, x0
    82620b28:	f9400001 	ldr	x1, [x0]
    82620b2c:	b9400821 	ldr	w1, [x1, #8]
    82620b30:	2a020021 	orr	w1, w1, w2
    82620b34:	b9003401 	str	w1, [x0, #52]
    82620b38:	940002d5 	bl	8262168c <mmc_getcd>
    82620b3c:	35000120 	cbnz	w0, 82620b60 <mmc_start_init+0x50>
    82620b40:	b9001a7f 	str	wzr, [x19, #24]
    82620b44:	b0000020 	adrp	x0, 82625000 <_ctype+0x35c>
    82620b48:	9124c000 	add	x0, x0, #0x930
    82620b4c:	97fff2fe 	bl	8261d744 <printf>
    82620b50:	12800f40 	mov	w0, #0xffffff85            	// #-123
    82620b54:	f9400bf3 	ldr	x19, [sp, #16]
    82620b58:	a8c27bfd 	ldp	x29, x30, [sp], #32
    82620b5c:	d65f03c0 	ret
    82620b60:	aa1303e0 	mov	x0, x19
    82620b64:	97ffff56 	bl	826208bc <mmc_get_op_cond>
    82620b68:	35ffff60 	cbnz	w0, 82620b54 <mmc_start_init+0x44>
    82620b6c:	52800021 	mov	w1, #0x1                   	// #1
    82620b70:	39030661 	strb	w1, [x19, #193]
    82620b74:	17fffff8 	b	82620b54 <mmc_start_init+0x44>

0000000082620b78 <mmc_init>:
    82620b78:	a9aa7bfd 	stp	x29, x30, [sp, #-352]!
    82620b7c:	910003fd 	mov	x29, sp
    82620b80:	a90573fb 	stp	x27, x28, [sp, #80]
    82620b84:	aa0003fb 	mov	x27, x0
    82620b88:	f0000020 	adrp	x0, 82627000 <multipliers+0x16ba>
    82620b8c:	a90153f3 	stp	x19, x20, [sp, #16]
    82620b90:	a9025bf5 	stp	x21, x22, [sp, #32]
    82620b94:	a90363f7 	stp	x23, x24, [sp, #48]
    82620b98:	a9046bf9 	stp	x25, x26, [sp, #64]
    82620b9c:	f9421c01 	ldr	x1, [x0, #1080]
    82620ba0:	f900afe1 	str	x1, [sp, #344]
    82620ba4:	d2800001 	mov	x1, #0x0                   	// #0
    82620ba8:	f9406760 	ldr	x0, [x27, #200]
    82620bac:	97fff6c8 	bl	8261e6cc <dev_get_uclass_priv>
    82620bb0:	f900001b 	str	x27, [x0]
    82620bb4:	b9401b76 	ldr	w22, [x27, #24]
    82620bb8:	350042d6 	cbnz	w22, 82621410 <mmc_init+0x898>
    82620bbc:	d2800000 	mov	x0, #0x0                   	// #0
    82620bc0:	97ffee1f 	bl	8261c43c <get_timer>
    82620bc4:	39430760 	ldrb	w0, [x27, #193]
    82620bc8:	34000340 	cbz	w0, 82620c30 <mmc_init+0xb8>
    82620bcc:	39430360 	ldrb	w0, [x27, #192]
    82620bd0:	3903077f 	strb	wzr, [x27, #193]
    82620bd4:	35000440 	cbnz	w0, 82620c5c <mmc_init+0xe4>
    82620bd8:	52800040 	mov	w0, #0x2                   	// #2
    82620bdc:	790133e0 	strh	w0, [sp, #152]
    82620be0:	528000e0 	mov	w0, #0x7                   	// #7
    82620be4:	910263e1 	add	x1, sp, #0x98
    82620be8:	d2800002 	mov	x2, #0x0                   	// #0
    82620bec:	2913ffe0 	stp	w0, wzr, [sp, #156]
    82620bf0:	aa1b03e0 	mov	x0, x27
    82620bf4:	9400036a 	bl	8262199c <mmc_send_cmd>
    82620bf8:	34004140 	cbz	w0, 82621420 <mmc_init+0x8a8>
    82620bfc:	b940eb61 	ldr	w1, [x27, #232]
    82620c00:	36000121 	tbz	w1, #0, 82620c24 <mmc_init+0xac>
    82620c04:	528000b3 	mov	w19, #0x5                   	// #5
    82620c08:	910263e1 	add	x1, sp, #0x98
    82620c0c:	aa1b03e0 	mov	x0, x27
    82620c10:	d2800002 	mov	x2, #0x0                   	// #0
    82620c14:	94000362 	bl	8262199c <mmc_send_cmd>
    82620c18:	34004040 	cbz	w0, 82621420 <mmc_init+0x8a8>
    82620c1c:	71000673 	subs	w19, w19, #0x1
    82620c20:	54ffff41 	b.ne	82620c08 <mmc_init+0x90>  // b.any
    82620c24:	2a0003f3 	mov	w19, w0
    82620c28:	b9001b7f 	str	wzr, [x27, #24]
    82620c2c:	14000005 	b	82620c40 <mmc_init+0xc8>
    82620c30:	aa1b03e0 	mov	x0, x27
    82620c34:	97ffffb7 	bl	82620b10 <mmc_start_init>
    82620c38:	2a0003f3 	mov	w19, w0
    82620c3c:	34fffc80 	cbz	w0, 82620bcc <mmc_init+0x54>
    82620c40:	f0000020 	adrp	x0, 82627000 <multipliers+0x16ba>
    82620c44:	f940afe1 	ldr	x1, [sp, #344]
    82620c48:	f9421c02 	ldr	x2, [x0, #1080]
    82620c4c:	eb020021 	subs	x1, x1, x2
    82620c50:	d2800002 	mov	x2, #0x0                   	// #0
    82620c54:	540044a0 	b.eq	826214e8 <mmc_init+0x970>  // b.none
    82620c58:	97ffc5e9 	bl	826123fc <__stack_chk_fail>
    82620c5c:	b9403b60 	ldr	w0, [x27, #56]
    82620c60:	3903037f 	strb	wzr, [x27, #192]
    82620c64:	37f80260 	tbnz	w0, #31, 82620cb0 <mmc_init+0x138>
    82620c68:	aa1b03e0 	mov	x0, x27
    82620c6c:	97fffc41 	bl	8261fd70 <mmc_go_idle>
    82620c70:	d2800000 	mov	x0, #0x0                   	// #0
    82620c74:	97ffedf2 	bl	8261c43c <get_timer>
    82620c78:	aa0003f3 	mov	x19, x0
    82620c7c:	aa1b03e0 	mov	x0, x27
    82620c80:	52800021 	mov	w1, #0x1                   	// #1
    82620c84:	97fffbf9 	bl	8261fc68 <mmc_send_op_cond_iter>
    82620c88:	35fffce0 	cbnz	w0, 82620c24 <mmc_init+0xac>
    82620c8c:	b9403b60 	ldr	w0, [x27, #56]
    82620c90:	37f80100 	tbnz	w0, #31, 82620cb0 <mmc_init+0x138>
    82620c94:	aa1303e0 	mov	x0, x19
    82620c98:	97ffede9 	bl	8261c43c <get_timer>
    82620c9c:	f10fa01f 	cmp	x0, #0x3e8
    82620ca0:	54003bc8 	b.hi	82621418 <mmc_init+0x8a0>  // b.pmore
    82620ca4:	d2800c80 	mov	x0, #0x64                  	// #100
    82620ca8:	97ffee10 	bl	8261c4e8 <udelay>
    82620cac:	17fffff4 	b	82620c7c <mmc_init+0x104>
    82620cb0:	52a80000 	mov	w0, #0x40000000            	// #1073741824
    82620cb4:	b9000b60 	str	w0, [x27, #8]
    82620cb8:	b9403b60 	ldr	w0, [x27, #56]
    82620cbc:	d35e7800 	ubfx	x0, x0, #30, #1
    82620cc0:	b9001f60 	str	w0, [x27, #28]
    82620cc4:	52800020 	mov	w0, #0x1                   	// #1
    82620cc8:	7900db60 	strh	w0, [x27, #108]
    82620ccc:	17ffffc3 	b	82620bd8 <mmc_init+0x60>
    82620cd0:	52804003 	mov	w3, #0x200                 	// #512
    82620cd4:	72a80023 	movk	w3, #0x4001, lsl #16
    82620cd8:	b9000b63 	str	w3, [x27, #8]
    82620cdc:	d3431844 	ubfx	x4, x2, #3, #4
    82620ce0:	b0000023 	adrp	x3, 82625000 <_ctype+0x35c>
    82620ce4:	91251863 	add	x3, x3, #0x946
    82620ce8:	92400842 	and	x2, x2, #0x7
    82620cec:	b900c77f 	str	wzr, [x27, #196]
    82620cf0:	b900e37f 	str	wzr, [x27, #224]
    82620cf4:	38646863 	ldrb	w3, [x3, x4]
    82620cf8:	90000024 	adrp	x4, 82624000 <blk_find_max_devnum+0x3c>
    82620cfc:	91299084 	add	x4, x4, #0xa64
    82620d00:	b8627882 	ldr	w2, [x4, x2, lsl #2]
    82620d04:	d3504c04 	ubfx	x4, x0, #16, #4
    82620d08:	1b027c62 	mul	w2, w3, w2
    82620d0c:	d34c3003 	ubfx	x3, x0, #12, #1
    82620d10:	290e8b62 	stp	w2, w2, [x27, #116]
    82620d14:	52800022 	mov	w2, #0x1                   	// #1
    82620d18:	b9004363 	str	w3, [x27, #64]
    82620d1c:	1ac42042 	lsl	w2, w2, w4
    82620d20:	b9401f64 	ldr	w4, [x27, #28]
    82620d24:	b9007f62 	str	w2, [x27, #124]
    82620d28:	34000be4 	cbz	w4, 82620ea4 <mmc_init+0x32c>
    82620d2c:	53101400 	ubfiz	w0, w0, #16, #6
    82620d30:	2a414000 	orr	w0, w0, w1, lsr #16
    82620d34:	d2800101 	mov	x1, #0x8                   	// #8
    82620d38:	11000821 	add	w1, w1, #0x2
    82620d3c:	91000400 	add	x0, x0, #0x1
    82620d40:	a909ff7f 	stp	xzr, xzr, [x27, #152]
    82620d44:	9ac12000 	lsl	x0, x0, x1
    82620d48:	93407c41 	sxtw	x1, w2
    82620d4c:	a90aff7f 	stp	xzr, xzr, [x27, #168]
    82620d50:	f9005f7f 	str	xzr, [x27, #184]
    82620d54:	9b017c00 	mul	x0, x0, x1
    82620d58:	a908ff60 	stp	x0, xzr, [x27, #136]
    82620d5c:	7108005f 	cmp	w2, #0x200
    82620d60:	5400006d 	b.le	82620d6c <mmc_init+0x1f4>
    82620d64:	52804000 	mov	w0, #0x200                 	// #512
    82620d68:	b9007f60 	str	w0, [x27, #124]
    82620d6c:	34000183 	cbz	w3, 82620d9c <mmc_init+0x224>
    82620d70:	b9403f60 	ldr	w0, [x27, #60]
    82620d74:	3100041f 	cmn	w0, #0x1
    82620d78:	54000120 	b.eq	82620d9c <mmc_init+0x224>  // b.none
    82620d7c:	53103c00 	lsl	w0, w0, #16
    82620d80:	52800081 	mov	w1, #0x4                   	// #4
    82620d84:	d2800002 	mov	x2, #0x0                   	// #0
    82620d88:	790133e1 	strh	w1, [sp, #152]
    82620d8c:	910263e1 	add	x1, sp, #0x98
    82620d90:	291383ff 	stp	wzr, w0, [sp, #156]
    82620d94:	aa1b03e0 	mov	x0, x27
    82620d98:	94000301 	bl	8262199c <mmc_send_cmd>
    82620d9c:	528000e0 	mov	w0, #0x7                   	// #7
    82620da0:	790133e0 	strh	w0, [sp, #152]
    82620da4:	528002a0 	mov	w0, #0x15                  	// #21
    82620da8:	b9009fe0 	str	w0, [sp, #156]
    82620dac:	7940db60 	ldrh	w0, [x27, #108]
    82620db0:	910263e1 	add	x1, sp, #0x98
    82620db4:	d2800002 	mov	x2, #0x0                   	// #0
    82620db8:	53103c00 	lsl	w0, w0, #16
    82620dbc:	b900a3e0 	str	w0, [sp, #160]
    82620dc0:	aa1b03e0 	mov	x0, x27
    82620dc4:	940002f6 	bl	8262199c <mmc_send_cmd>
    82620dc8:	35fff2e0 	cbnz	w0, 82620c24 <mmc_init+0xac>
    82620dcc:	12800000 	mov	w0, #0xffffffff            	// #-1
    82620dd0:	3901c760 	strb	w0, [x27, #113]
    82620dd4:	aa1b03e0 	mov	x0, x27
    82620dd8:	97fffe02 	bl	826205e0 <mmc_startup_v4>
    82620ddc:	35fff240 	cbnz	w0, 82620c24 <mmc_init+0xac>
    82620de0:	aa1b03e0 	mov	x0, x27
    82620de4:	9400032e 	bl	82621a9c <mmc_get_blk_desc>
    82620de8:	39402c01 	ldrb	w1, [x0, #11]
    82620dec:	aa1b03e0 	mov	x0, x27
    82620df0:	97fffbff 	bl	8261fdec <mmc_set_capacity>
    82620df4:	2a0003f3 	mov	w19, w0
    82620df8:	35fff160 	cbnz	w0, 82620c24 <mmc_init+0xac>
    82620dfc:	b9400b61 	ldr	w1, [x27, #8]
    82620e00:	36f81e41 	tbz	w1, #31, 826211c8 <mmc_init+0x650>
    82620e04:	aa1b03e0 	mov	x0, x27
    82620e08:	97fffc4f 	bl	8261ff44 <sd_get_capabilities>
    82620e0c:	35fff0c0 	cbnz	w0, 82620c24 <mmc_init+0xac>
    82620e10:	52a40000 	mov	w0, #0x20000000            	// #536870912
    82620e14:	b90093e0 	str	w0, [sp, #144]
    82620e18:	52a20000 	mov	w0, #0x10000000            	// #268435456
    82620e1c:	b9403375 	ldr	w21, [x27, #48]
    82620e20:	b90097e0 	str	w0, [sp, #148]
    82620e24:	91045ff8 	add	x24, sp, #0x117
    82620e28:	b9403760 	ldr	w0, [x27, #52]
    82620e2c:	90000034 	adrp	x20, 82624000 <blk_find_max_devnum+0x3c>
    82620e30:	528f081a 	mov	w26, #0x7840                	// #30784
    82620e34:	912c2294 	add	x20, x20, #0xb08
    82620e38:	0a0002b5 	and	w21, w21, w0
    82620e3c:	927ae718 	and	x24, x24, #0xffffffffffffffc0
    82620e40:	12156ab5 	and	w21, w21, #0xfffff83f
    82620e44:	d2800040 	mov	x0, #0x2                   	// #2
    82620e48:	72a02fba 	movk	w26, #0x17d, lsl #16
    82620e4c:	f90037e0 	str	x0, [sp, #104]
    82620e50:	b9400281 	ldr	w1, [x20]
    82620e54:	52800020 	mov	w0, #0x1                   	// #1
    82620e58:	1ac12000 	lsl	w0, w0, w1
    82620e5c:	6a15001f 	tst	w0, w21
    82620e60:	540002a1 	b.ne	82620eb4 <mmc_init+0x33c>  // b.any
    82620e64:	f94037e0 	ldr	x0, [sp, #104]
    82620e68:	91002294 	add	x20, x20, #0x8
    82620e6c:	f100041f 	cmp	x0, #0x1
    82620e70:	54001a20 	b.eq	826211b4 <mmc_init+0x63c>  // b.none
    82620e74:	d2800020 	mov	x0, #0x1                   	// #1
    82620e78:	f90037e0 	str	x0, [sp, #104]
    82620e7c:	17fffff5 	b	82620e50 <mmc_init+0x2d8>
    82620e80:	52808003 	mov	w3, #0x400                 	// #1024
    82620e84:	17ffff94 	b	82620cd4 <mmc_init+0x15c>
    82620e88:	52804003 	mov	w3, #0x200                 	// #512
    82620e8c:	72a80043 	movk	w3, #0x4002, lsl #16
    82620e90:	17ffff92 	b	82620cd8 <mmc_init+0x160>
    82620e94:	52a80063 	mov	w3, #0x40030000            	// #1073938432
    82620e98:	17ffff90 	b	82620cd8 <mmc_init+0x160>
    82620e9c:	52a80083 	mov	w3, #0x40040000            	// #1074003968
    82620ea0:	17ffff8e 	b	82620cd8 <mmc_init+0x160>
    82620ea4:	531e2400 	ubfiz	w0, w0, #2, #10
    82620ea8:	2a417800 	orr	w0, w0, w1, lsr #30
    82620eac:	d34f4421 	ubfx	x1, x1, #15, #3
    82620eb0:	17ffffa2 	b	82620d38 <mmc_init+0x1c0>
    82620eb4:	d2800017 	mov	x23, #0x0                   	// #0
    82620eb8:	910243e0 	add	x0, sp, #0x90
    82620ebc:	b8776819 	ldr	w25, [x0, x23]
    82620ec0:	b9400680 	ldr	w0, [x20, #4]
    82620ec4:	0a0002a0 	and	w0, w21, w0
    82620ec8:	6a19001f 	tst	w0, w25
    82620ecc:	540016c0 	b.eq	826211a4 <mmc_init+0x62c>  // b.none
    82620ed0:	52a80000 	mov	w0, #0x40000000            	// #1073741824
    82620ed4:	6b00033f 	cmp	w25, w0
    82620ed8:	54001320 	b.eq	8262113c <mmc_init+0x5c4>  // b.none
    82620edc:	52a40000 	mov	w0, #0x20000000            	// #536870912
    82620ee0:	6b00033f 	cmp	w25, w0
    82620ee4:	54001300 	b.eq	82621144 <mmc_init+0x5cc>  // b.none
    82620ee8:	52a20000 	mov	w0, #0x10000000            	// #268435456
    82620eec:	6b00033f 	cmp	w25, w0
    82620ef0:	1a9f17fc 	cset	w28, eq  // eq = none
    82620ef4:	7100139f 	cmp	w28, #0x4
    82620ef8:	7a411b84 	ccmp	w28, #0x1, #0x4, ne  // ne = any
    82620efc:	54001441 	b.ne	82621184 <mmc_init+0x60c>  // b.any
    82620f00:	528006e0 	mov	w0, #0x37                  	// #55
    82620f04:	790173e0 	strh	w0, [sp, #184]
    82620f08:	7940db60 	ldrh	w0, [x27, #108]
    82620f0c:	528002a5 	mov	w5, #0x15                  	// #21
    82620f10:	9102e3e1 	add	x1, sp, #0xb8
    82620f14:	d2800002 	mov	x2, #0x0                   	// #0
    82620f18:	53103c00 	lsl	w0, w0, #16
    82620f1c:	291783e5 	stp	w5, w0, [sp, #188]
    82620f20:	aa1b03e0 	mov	x0, x27
    82620f24:	9400029e 	bl	8262199c <mmc_send_cmd>
    82620f28:	350012e0 	cbnz	w0, 82621184 <mmc_init+0x60c>
    82620f2c:	528000c0 	mov	w0, #0x6                   	// #6
    82620f30:	528002a5 	mov	w5, #0x15                  	// #21
    82620f34:	790173e0 	strh	w0, [sp, #184]
    82620f38:	b900bfe5 	str	w5, [sp, #188]
    82620f3c:	7100139f 	cmp	w28, #0x4
    82620f40:	54001061 	b.ne	8262114c <mmc_init+0x5d4>  // b.any
    82620f44:	52800040 	mov	w0, #0x2                   	// #2
    82620f48:	b900c3e0 	str	w0, [sp, #192]
    82620f4c:	9102e3e1 	add	x1, sp, #0xb8
    82620f50:	aa1b03e0 	mov	x0, x27
    82620f54:	d2800002 	mov	x2, #0x0                   	// #0
    82620f58:	94000291 	bl	8262199c <mmc_send_cmd>
    82620f5c:	2a0003fc 	mov	w28, w0
    82620f60:	35001120 	cbnz	w0, 82621184 <mmc_init+0x60c>
    82620f64:	52a80000 	mov	w0, #0x40000000            	// #1073741824
    82620f68:	6b00033f 	cmp	w25, w0
    82620f6c:	54000f80 	b.eq	8262115c <mmc_init+0x5e4>  // b.none
    82620f70:	52a40000 	mov	w0, #0x20000000            	// #536870912
    82620f74:	6b00033f 	cmp	w25, w0
    82620f78:	54000f60 	b.eq	82621164 <mmc_init+0x5ec>  // b.none
    82620f7c:	52a20000 	mov	w0, #0x10000000            	// #268435456
    82620f80:	6b00033f 	cmp	w25, w0
    82620f84:	1a9f17e0 	cset	w0, eq  // eq = none
    82620f88:	b9002760 	str	w0, [x27, #36]
    82620f8c:	aa1b03e0 	mov	x0, x27
    82620f90:	940001ac 	bl	82621640 <mmc_set_ios>
    82620f94:	b9400b61 	ldr	w1, [x27, #8]
    82620f98:	52b00020 	mov	w0, #0x80010000            	// #-2147418112
    82620f9c:	6b00003f 	cmp	w1, w0
    82620fa0:	540003c0 	b.eq	82621018 <mmc_init+0x4a0>  // b.none
    82620fa4:	b9400280 	ldr	w0, [x20]
    82620fa8:	7100041f 	cmp	w0, #0x1
    82620fac:	54000080 	b.eq	82620fbc <mmc_init+0x444>  // b.none
    82620fb0:	71000c1f 	cmp	w0, #0x3
    82620fb4:	54000e81 	b.ne	82621184 <mmc_init+0x60c>  // b.any
    82620fb8:	5280003c 	mov	w28, #0x1                   	// #1
    82620fbc:	528000c0 	mov	w0, #0x6                   	// #6
    82620fc0:	790173e0 	strh	w0, [sp, #184]
    82620fc4:	528002a0 	mov	w0, #0x15                  	// #21
    82620fc8:	b900bfe0 	str	w0, [sp, #188]
    82620fcc:	529ffe00 	mov	w0, #0xfff0                	// #65520
    82620fd0:	9101e3e2 	add	x2, sp, #0x78
    82620fd4:	72b01fe0 	movk	w0, #0x80ff, lsl #16
    82620fd8:	2a000380 	orr	w0, w28, w0
    82620fdc:	b900c3e0 	str	w0, [sp, #192]
    82620fe0:	b20003e0 	mov	x0, #0x100000001           	// #4294967297
    82620fe4:	f90043e0 	str	x0, [sp, #128]
    82620fe8:	52800800 	mov	w0, #0x40                  	// #64
    82620fec:	9102e3e1 	add	x1, sp, #0xb8
    82620ff0:	f9003ff8 	str	x24, [sp, #120]
    82620ff4:	b9008be0 	str	w0, [sp, #136]
    82620ff8:	aa1b03e0 	mov	x0, x27
    82620ffc:	94000268 	bl	8262199c <mmc_send_cmd>
    82621000:	35000c20 	cbnz	w0, 82621184 <mmc_init+0x60c>
    82621004:	b9401300 	ldr	w0, [x24, #16]
    82621008:	5ac00800 	rev	w0, w0
    8262100c:	d3586c00 	ubfx	x0, x0, #24, #4
    82621010:	6b1c001f 	cmp	w0, w28
    82621014:	54000b81 	b.ne	82621184 <mmc_init+0x60c>  // b.any
    82621018:	b9400280 	ldr	w0, [x20]
    8262101c:	b900e360 	str	w0, [x27, #224]
    82621020:	35000a60 	cbnz	w0, 8262116c <mmc_init+0x5f4>
    82621024:	b9407b76 	ldr	w22, [x27, #120]
    82621028:	7100141f 	cmp	w0, #0x5
    8262102c:	b9007776 	str	w22, [x27, #116]
    82621030:	1a9f17e0 	cset	w0, eq  // eq = none
    82621034:	b900c760 	str	w0, [x27, #196]
    82621038:	2a1603e1 	mov	w1, w22
    8262103c:	aa1b03e0 	mov	x0, x27
    82621040:	52800002 	mov	w2, #0x0                   	// #0
    82621044:	97fffe12 	bl	8262088c <mmc_set_clock>
    82621048:	b940e360 	ldr	w0, [x27, #224]
    8262104c:	b900e760 	str	w0, [x27, #228]
    82621050:	b940c760 	ldr	w0, [x27, #196]
    82621054:	34000060 	cbz	w0, 82621060 <mmc_init+0x4e8>
    82621058:	52804000 	mov	w0, #0x200                 	// #512
    8262105c:	b9007f60 	str	w0, [x27, #124]
    82621060:	aa1b03e0 	mov	x0, x27
    82621064:	9400028e 	bl	82621a9c <mmc_get_blk_desc>
    82621068:	7900141f 	strh	wzr, [x0, #10]
    8262106c:	aa0003f4 	mov	x20, x0
    82621070:	3900301f 	strb	wzr, [x0, #12]
    82621074:	b9407f60 	ldr	w0, [x27, #124]
    82621078:	2a0003e1 	mov	w1, w0
    8262107c:	7201f01f 	tst	w0, #0xaaaaaaaa
    82621080:	f9000e81 	str	x1, [x20, #24]
    82621084:	1a9f07e1 	cset	w1, ne  // ne = any
    82621088:	7202e41f 	tst	w0, #0xcccccccc
    8262108c:	1a9f07e2 	cset	w2, ne  // ne = any
    82621090:	7204cc1f 	tst	w0, #0xf0f0f0f0
    82621094:	0b020422 	add	w2, w1, w2, lsl #1
    82621098:	1a9f07e1 	cset	w1, ne  // ne = any
    8262109c:	72089c1f 	tst	w0, #0xff00ff00
    826210a0:	0b010842 	add	w2, w2, w1, lsl #2
    826210a4:	1a9f07e1 	cset	w1, ne  // ne = any
    826210a8:	72103c1f 	tst	w0, #0xffff0000
    826210ac:	1a9f07e0 	cset	w0, ne  // ne = any
    826210b0:	0b010c41 	add	w1, w2, w1, lsl #3
    826210b4:	0b001020 	add	w0, w1, w0, lsl #4
    826210b8:	b9002280 	str	w0, [x20, #32]
    826210bc:	b9407f61 	ldr	w1, [x27, #124]
    826210c0:	f9404360 	ldr	x0, [x27, #128]
    826210c4:	9ac10800 	udiv	x0, x0, x1
    826210c8:	90000021 	adrp	x1, 82625000 <_ctype+0x35c>
    826210cc:	911dc421 	add	x1, x1, #0x771
    826210d0:	f9000a80 	str	x0, [x20, #16]
    826210d4:	91009280 	add	x0, x20, #0x24
    826210d8:	7940d764 	ldrh	w4, [x27, #106]
    826210dc:	7940cb63 	ldrh	w3, [x27, #100]
    826210e0:	39417f62 	ldrb	w2, [x27, #95]
    826210e4:	97fff16a 	bl	8261d68c <sprintf>
    826210e8:	39419f67 	ldrb	w7, [x27, #103]
    826210ec:	91013680 	add	x0, x20, #0x4d
    826210f0:	39417362 	ldrb	w2, [x27, #92]
    826210f4:	90000021 	adrp	x1, 82625000 <_ctype+0x35c>
    826210f8:	b9406363 	ldr	w3, [x27, #96]
    826210fc:	911e1c21 	add	x1, x1, #0x787
    82621100:	12001c66 	and	w6, w3, #0xff
    82621104:	d3483c65 	ubfx	x5, x3, #8, #8
    82621108:	d3505c64 	ubfx	x4, x3, #16, #8
    8262110c:	53187c63 	lsr	w3, w3, #24
    82621110:	97fff15f 	bl	8261d68c <sprintf>
    82621114:	b9406762 	ldr	w2, [x27, #100]
    82621118:	91018a80 	add	x0, x20, #0x62
    8262111c:	90000021 	adrp	x1, 82625000 <_ctype+0x35c>
    82621120:	911e5021 	add	x1, x1, #0x794
    82621124:	d3504c43 	ubfx	x3, x2, #16, #4
    82621128:	d3545c42 	ubfx	x2, x2, #20, #4
    8262112c:	97fff158 	bl	8261d68c <sprintf>
    82621130:	52800020 	mov	w0, #0x1                   	// #1
    82621134:	b9001b60 	str	w0, [x27, #24]
    82621138:	17fffec2 	b	82620c40 <mmc_init+0xc8>
    8262113c:	5280011c 	mov	w28, #0x8                   	// #8
    82621140:	17ffff6d 	b	82620ef4 <mmc_init+0x37c>
    82621144:	5280009c 	mov	w28, #0x4                   	// #4
    82621148:	17ffff6b 	b	82620ef4 <mmc_init+0x37c>
    8262114c:	7100079f 	cmp	w28, #0x1
    82621150:	54ffefe1 	b.ne	82620f4c <mmc_init+0x3d4>  // b.any
    82621154:	b900c3ff 	str	wzr, [sp, #192]
    82621158:	17ffff7d 	b	82620f4c <mmc_init+0x3d4>
    8262115c:	52800100 	mov	w0, #0x8                   	// #8
    82621160:	17ffff8a 	b	82620f88 <mmc_init+0x410>
    82621164:	52800080 	mov	w0, #0x4                   	// #4
    82621168:	17ffff88 	b	82620f88 <mmc_init+0x410>
    8262116c:	7100301f 	cmp	w0, #0xc
    82621170:	54fff5c8 	b.hi	82621028 <mmc_init+0x4b0>  // b.pmore
    82621174:	f0000001 	adrp	x1, 82624000 <blk_find_max_devnum+0x3c>
    82621178:	912a0021 	add	x1, x1, #0xa80
    8262117c:	b8605836 	ldr	w22, [x1, w0, uxtw #2]
    82621180:	17ffffaa 	b	82621028 <mmc_init+0x4b0>
    82621184:	52800020 	mov	w0, #0x1                   	// #1
    82621188:	b900777a 	str	w26, [x27, #116]
    8262118c:	b900c77f 	str	wzr, [x27, #196]
    82621190:	2a1a03e1 	mov	w1, w26
    82621194:	b900e360 	str	w0, [x27, #224]
    82621198:	52800002 	mov	w2, #0x0                   	// #0
    8262119c:	aa1b03e0 	mov	x0, x27
    826211a0:	97fffdbb 	bl	8262088c <mmc_set_clock>
    826211a4:	910012f7 	add	x23, x23, #0x4
    826211a8:	f10022ff 	cmp	x23, #0x8
    826211ac:	54ffe5c0 	b.eq	82620e64 <mmc_init+0x2ec>  // b.none
    826211b0:	17ffff42 	b	82620eb8 <mmc_init+0x340>
    826211b4:	90000020 	adrp	x0, 82625000 <_ctype+0x35c>
    826211b8:	911cb400 	add	x0, x0, #0x72d
    826211bc:	97fff162 	bl	8261d744 <printf>
    826211c0:	12804160 	mov	w0, #0xfffffdf4            	// #-524
    826211c4:	17fffe98 	b	82620c24 <mmc_init+0xac>
    826211c8:	52800022 	mov	w2, #0x1                   	// #1
    826211cc:	72a20002 	movk	w2, #0x1000, lsl #16
    826211d0:	b9003362 	str	w2, [x27, #48]
    826211d4:	12b7ff82 	mov	w2, #0x4003ffff            	// #1074003967
    826211d8:	f9406b60 	ldr	x0, [x27, #208]
    826211dc:	6b02003f 	cmp	w1, w2
    826211e0:	54fff349 	b.ls	82621048 <mmc_init+0x4d0>  // b.plast
    826211e4:	b5000080 	cbnz	x0, 826211f4 <mmc_init+0x67c>
    826211e8:	90000020 	adrp	x0, 82625000 <_ctype+0x35c>
    826211ec:	911d1800 	add	x0, x0, #0x746
    826211f0:	17fffff3 	b	826211bc <mmc_init+0x644>
    826211f4:	52800021 	mov	w1, #0x1                   	// #1
    826211f8:	72ae0001 	movk	w1, #0x7000, lsl #16
    826211fc:	b9003361 	str	w1, [x27, #48]
    82621200:	39431000 	ldrb	w0, [x0, #196]
    82621204:	b900db60 	str	w0, [x27, #216]
    82621208:	36080100 	tbz	w0, #1, 82621228 <mmc_init+0x6b0>
    8262120c:	721e041f 	tst	w0, #0xc
    82621210:	54000060 	b.eq	8262121c <mmc_init+0x6a4>  // b.none
    82621214:	11008021 	add	w1, w1, #0x20
    82621218:	b9003361 	str	w1, [x27, #48]
    8262121c:	b9403361 	ldr	w1, [x27, #48]
    82621220:	321c0021 	orr	w1, w1, #0x10
    82621224:	b9003361 	str	w1, [x27, #48]
    82621228:	36000080 	tbz	w0, #0, 82621238 <mmc_init+0x6c0>
    8262122c:	b9403360 	ldr	w0, [x27, #48]
    82621230:	321e0400 	orr	w0, w0, #0xc
    82621234:	b9003360 	str	w0, [x27, #48]
    82621238:	b9407b61 	ldr	w1, [x27, #120]
    8262123c:	f0000014 	adrp	x20, 82624000 <blk_find_max_devnum+0x3c>
    82621240:	29460376 	ldp	w22, w0, [x27, #48]
    82621244:	f0000018 	adrp	x24, 82624000 <blk_find_max_devnum+0x3c>
    82621248:	90000039 	adrp	x25, 82625000 <_ctype+0x35c>
    8262124c:	912af294 	add	x20, x20, #0xabc
    82621250:	0a0002d6 	and	w22, w22, w0
    82621254:	912a0318 	add	x24, x24, #0xa80
    82621258:	911d6739 	add	x25, x25, #0x759
    8262125c:	aa1b03e0 	mov	x0, x27
    82621260:	52800002 	mov	w2, #0x0                   	// #0
    82621264:	d2800097 	mov	x23, #0x4                   	// #4
    82621268:	97fffd89 	bl	8262088c <mmc_set_clock>
    8262126c:	b9400281 	ldr	w1, [x20]
    82621270:	52800020 	mov	w0, #0x1                   	// #1
    82621274:	1ac12000 	lsl	w0, w0, w1
    82621278:	6a16001f 	tst	w0, w22
    8262127c:	54000101 	b.ne	8262129c <mmc_init+0x724>  // b.any
    82621280:	91002294 	add	x20, x20, #0x8
    82621284:	f10006f7 	subs	x23, x23, #0x1
    82621288:	54ffff21 	b.ne	8262126c <mmc_init+0x6f4>  // b.any
    8262128c:	90000020 	adrp	x0, 82625000 <_ctype+0x35c>
    82621290:	911cb400 	add	x0, x0, #0x72d
    82621294:	97fff12c 	bl	8261d744 <printf>
    82621298:	17ffff6c 	b	82621048 <mmc_init+0x4d0>
    8262129c:	f0000015 	adrp	x21, 82624000 <blk_find_max_devnum+0x3c>
    826212a0:	9128a2b5 	add	x21, x21, #0xa28
    826212a4:	d28000ba 	mov	x26, #0x5                   	// #5
    826212a8:	b9400280 	ldr	w0, [x20]
    826212ac:	394012a1 	ldrb	w1, [x21, #4]
    826212b0:	7100141f 	cmp	w0, #0x5
    826212b4:	1a9f17e0 	cset	w0, eq  // eq = none
    826212b8:	6b00003f 	cmp	w1, w0
    826212bc:	540005a1 	b.ne	82621370 <mmc_init+0x7f8>  // b.any
    826212c0:	b9400680 	ldr	w0, [x20, #4]
    826212c4:	b94002a1 	ldr	w1, [x21]
    826212c8:	0a0002c0 	and	w0, w22, w0
    826212cc:	6a01001f 	tst	w0, w1
    826212d0:	54000500 	b.eq	82621370 <mmc_init+0x7f8>  // b.none
    826212d4:	b9400aa3 	ldr	w3, [x21, #8]
    826212d8:	aa1b03e0 	mov	x0, x27
    826212dc:	12800902 	mov	w2, #0xffffffb7            	// #-73
    826212e0:	52800021 	mov	w1, #0x1                   	// #1
    826212e4:	121d7863 	and	w3, w3, #0xfffffffb
    826212e8:	97fffcbb 	bl	826205d4 <mmc_switch>
    826212ec:	35000280 	cbnz	w0, 8262133c <mmc_init+0x7c4>
    826212f0:	b94002a0 	ldr	w0, [x21]
    826212f4:	52a80001 	mov	w1, #0x40000000            	// #1073741824
    826212f8:	6b01001f 	cmp	w0, w1
    826212fc:	54000420 	b.eq	82621380 <mmc_init+0x808>  // b.none
    82621300:	52a40001 	mov	w1, #0x20000000            	// #536870912
    82621304:	6b01001f 	cmp	w0, w1
    82621308:	54000400 	b.eq	82621388 <mmc_init+0x810>  // b.none
    8262130c:	52a20001 	mov	w1, #0x10000000            	// #268435456
    82621310:	6b01001f 	cmp	w0, w1
    82621314:	1a9f17e0 	cset	w0, eq  // eq = none
    82621318:	b9002760 	str	w0, [x27, #36]
    8262131c:	aa1b03e0 	mov	x0, x27
    82621320:	940000c8 	bl	82621640 <mmc_set_ios>
    82621324:	b9400281 	ldr	w1, [x20]
    82621328:	7100303f 	cmp	w1, #0xc
    8262132c:	54000321 	b.ne	82621390 <mmc_init+0x818>  // b.any
    82621330:	aa1903e0 	mov	x0, x25
    82621334:	12804161 	mov	w1, #0xfffffdf4            	// #-524
    82621338:	97fff103 	bl	8261d744 <printf>
    8262133c:	aa1b03e0 	mov	x0, x27
    82621340:	52800003 	mov	w3, #0x0                   	// #0
    82621344:	12800902 	mov	w2, #0xffffffb7            	// #-73
    82621348:	52800021 	mov	w1, #0x1                   	// #1
    8262134c:	97fffca2 	bl	826205d4 <mmc_switch>
    82621350:	b900c77f 	str	wzr, [x27, #196]
    82621354:	b9407b60 	ldr	w0, [x27, #120]
    82621358:	b9007760 	str	w0, [x27, #116]
    8262135c:	52800020 	mov	w0, #0x1                   	// #1
    82621360:	b9002760 	str	w0, [x27, #36]
    82621364:	b900e37f 	str	wzr, [x27, #224]
    82621368:	aa1b03e0 	mov	x0, x27
    8262136c:	940000b5 	bl	82621640 <mmc_set_ios>
    82621370:	910032b5 	add	x21, x21, #0xc
    82621374:	f100075a 	subs	x26, x26, #0x1
    82621378:	54fff981 	b.ne	826212a8 <mmc_init+0x730>  // b.any
    8262137c:	17ffffc1 	b	82621280 <mmc_init+0x708>
    82621380:	52800100 	mov	w0, #0x8                   	// #8
    82621384:	17ffffe5 	b	82621318 <mmc_init+0x7a0>
    82621388:	52800080 	mov	w0, #0x4                   	// #4
    8262138c:	17ffffe3 	b	82621318 <mmc_init+0x7a0>
    82621390:	aa1b03e0 	mov	x0, x27
    82621394:	97fffbcc 	bl	826202c4 <mmc_set_card_speed.constprop.0>
    82621398:	35fffd20 	cbnz	w0, 8262133c <mmc_init+0x7c4>
    8262139c:	b9400aa3 	ldr	w3, [x21, #8]
    826213a0:	37100203 	tbnz	w3, #2, 826213e0 <mmc_init+0x868>
    826213a4:	b9400282 	ldr	w2, [x20]
    826213a8:	b900e362 	str	w2, [x27, #224]
    826213ac:	35000262 	cbnz	w2, 826213f8 <mmc_init+0x880>
    826213b0:	b9407b61 	ldr	w1, [x27, #120]
    826213b4:	7100145f 	cmp	w2, #0x5
    826213b8:	b9007761 	str	w1, [x27, #116]
    826213bc:	1a9f17e0 	cset	w0, eq  // eq = none
    826213c0:	b900c760 	str	w0, [x27, #196]
    826213c4:	52800002 	mov	w2, #0x0                   	// #0
    826213c8:	aa1b03e0 	mov	x0, x27
    826213cc:	97fffd30 	bl	8262088c <mmc_set_clock>
    826213d0:	aa1b03e0 	mov	x0, x27
    826213d4:	97fffaa7 	bl	8261fe70 <mmc_read_and_compare_ext_csd>
    826213d8:	35fffb20 	cbnz	w0, 8262133c <mmc_init+0x7c4>
    826213dc:	17ffff1b 	b	82621048 <mmc_init+0x4d0>
    826213e0:	aa1b03e0 	mov	x0, x27
    826213e4:	12800902 	mov	w2, #0xffffffb7            	// #-73
    826213e8:	52800021 	mov	w1, #0x1                   	// #1
    826213ec:	97fffc7a 	bl	826205d4 <mmc_switch>
    826213f0:	34fffda0 	cbz	w0, 826213a4 <mmc_init+0x82c>
    826213f4:	17ffffd2 	b	8262133c <mmc_init+0x7c4>
    826213f8:	7100305f 	cmp	w2, #0xc
    826213fc:	54000068 	b.hi	82621408 <mmc_init+0x890>  // b.pmore
    82621400:	b8625b01 	ldr	w1, [x24, w2, uxtw #2]
    82621404:	17ffffec 	b	826213b4 <mmc_init+0x83c>
    82621408:	52800001 	mov	w1, #0x0                   	// #0
    8262140c:	17ffffea 	b	826213b4 <mmc_init+0x83c>
    82621410:	52800013 	mov	w19, #0x0                   	// #0
    82621414:	17fffe0b 	b	82620c40 <mmc_init+0xc8>
    82621418:	12800bc0 	mov	w0, #0xffffffa1            	// #-95
    8262141c:	17fffe02 	b	82620c24 <mmc_init+0xac>
    82621420:	910293e1 	add	x1, sp, #0xa4
    82621424:	d2800202 	mov	x2, #0x10                  	// #16
    82621428:	91017360 	add	x0, x27, #0x5c
    8262142c:	97ffebb7 	bl	8261c308 <memcpy>
    82621430:	52800060 	mov	w0, #0x3                   	// #3
    82621434:	790133e0 	strh	w0, [sp, #152]
    82621438:	7940db60 	ldrh	w0, [x27, #108]
    8262143c:	910263e1 	add	x1, sp, #0x98
    82621440:	d2800002 	mov	x2, #0x0                   	// #0
    82621444:	53103c00 	lsl	w0, w0, #16
    82621448:	b900a3e0 	str	w0, [sp, #160]
    8262144c:	528002a0 	mov	w0, #0x15                  	// #21
    82621450:	b9009fe0 	str	w0, [sp, #156]
    82621454:	aa1b03e0 	mov	x0, x27
    82621458:	94000151 	bl	8262199c <mmc_send_cmd>
    8262145c:	35ffbe40 	cbnz	w0, 82620c24 <mmc_init+0xac>
    82621460:	b9400b60 	ldr	w0, [x27, #8]
    82621464:	36f80060 	tbz	w0, #31, 82621470 <mmc_init+0x8f8>
    82621468:	79414fe0 	ldrh	w0, [sp, #166]
    8262146c:	7900db60 	strh	w0, [x27, #108]
    82621470:	52800120 	mov	w0, #0x9                   	// #9
    82621474:	790133e0 	strh	w0, [sp, #152]
    82621478:	528000e0 	mov	w0, #0x7                   	// #7
    8262147c:	b9009fe0 	str	w0, [sp, #156]
    82621480:	7940db60 	ldrh	w0, [x27, #108]
    82621484:	910263e1 	add	x1, sp, #0x98
    82621488:	d2800002 	mov	x2, #0x0                   	// #0
    8262148c:	53103c00 	lsl	w0, w0, #16
    82621490:	b900a3e0 	str	w0, [sp, #160]
    82621494:	aa1b03e0 	mov	x0, x27
    82621498:	94000141 	bl	8262199c <mmc_send_cmd>
    8262149c:	35ffbc40 	cbnz	w0, 82620c24 <mmc_init+0xac>
    826214a0:	29558fe1 	ldp	w1, w3, [sp, #172]
    826214a4:	290a8f61 	stp	w1, w3, [x27, #84]
    826214a8:	295483e2 	ldp	w2, w0, [sp, #164]
    826214ac:	29098362 	stp	w2, w0, [x27, #76]
    826214b0:	b9400b64 	ldr	w4, [x27, #8]
    826214b4:	52a80003 	mov	w3, #0x40000000            	// #1073741824
    826214b8:	6b03009f 	cmp	w4, w3
    826214bc:	54ffc101 	b.ne	82620cdc <mmc_init+0x164>  // b.any
    826214c0:	d35a7443 	ubfx	x3, x2, #26, #4
    826214c4:	51000463 	sub	w3, w3, #0x1
    826214c8:	71000c7f 	cmp	w3, #0x3
    826214cc:	54ffc028 	b.hi	82620cd0 <mmc_init+0x158>  // b.pmore
    826214d0:	f0000004 	adrp	x4, 82624000 <blk_find_max_devnum+0x3c>
    826214d4:	912ad084 	add	x4, x4, #0xab4
    826214d8:	78635883 	ldrh	w3, [x4, w3, uxtw #1]
    826214dc:	10000064 	adr	x4, 826214e8 <mmc_init+0x970>
    826214e0:	8b23a883 	add	x3, x4, w3, sxth #2
    826214e4:	d61f0060 	br	x3
    826214e8:	2a1303e0 	mov	w0, w19
    826214ec:	a94153f3 	ldp	x19, x20, [sp, #16]
    826214f0:	a9425bf5 	ldp	x21, x22, [sp, #32]
    826214f4:	a94363f7 	ldp	x23, x24, [sp, #48]
    826214f8:	a9446bf9 	ldp	x25, x26, [sp, #64]
    826214fc:	a94573fb 	ldp	x27, x28, [sp, #80]
    82621500:	a8d67bfd 	ldp	x29, x30, [sp], #352
    82621504:	d65f03c0 	ret

0000000082621508 <mmc_initialize>:
    82621508:	a9bc7bfd 	stp	x29, x30, [sp, #-64]!
    8262150c:	d0000020 	adrp	x0, 82627000 <multipliers+0x16ba>
    82621510:	910003fd 	mov	x29, sp
    82621514:	a90153f3 	stp	x19, x20, [sp, #16]
    82621518:	f9421c01 	ldr	x1, [x0, #1080]
    8262151c:	f9001fe1 	str	x1, [sp, #56]
    82621520:	d2800001 	mov	x1, #0x0                   	// #0
    82621524:	f00000e0 	adrp	x0, 82640000 <pmc>
    82621528:	b9415801 	ldr	w1, [x0, #344]
    8262152c:	35000541 	cbnz	w1, 826215d4 <mmc_initialize+0xcc>
    82621530:	52800021 	mov	w1, #0x1                   	// #1
    82621534:	b9015801 	str	w1, [x0, #344]
    82621538:	9100a3e1 	add	x1, sp, #0x28
    8262153c:	528005a0 	mov	w0, #0x2d                  	// #45
    82621540:	97fff669 	bl	8261eee4 <uclass_get>
    82621544:	2a0003f3 	mov	w19, w0
    82621548:	35000480 	cbnz	w0, 826215d8 <mmc_initialize+0xd0>
    8262154c:	52800014 	mov	w20, #0x0                   	// #0
    82621550:	9100c3e2 	add	x2, sp, #0x30
    82621554:	2a1403e1 	mov	w1, w20
    82621558:	528005a0 	mov	w0, #0x2d                  	// #45
    8262155c:	97fff7c8 	bl	8261f47c <uclass_get_device_by_seq>
    82621560:	31004c1f 	cmn	w0, #0x13
    82621564:	54000060 	b.eq	82621570 <mmc_initialize+0x68>  // b.none
    82621568:	11000694 	add	w20, w20, #0x1
    8262156c:	17fffff9 	b	82621550 <mmc_initialize+0x48>
    82621570:	f94017e0 	ldr	x0, [sp, #40]
    82621574:	90000034 	adrp	x20, 82625000 <_ctype+0x35c>
    82621578:	911e6a94 	add	x20, x20, #0x79a
    8262157c:	f9400800 	ldr	x0, [x0, #16]
    82621580:	d1018000 	sub	x0, x0, #0x60
    82621584:	f9001be0 	str	x0, [sp, #48]
    82621588:	a94283e1 	ldp	x1, x0, [sp, #40]
    8262158c:	91018002 	add	x2, x0, #0x60
    82621590:	91004021 	add	x1, x1, #0x10
    82621594:	eb01005f 	cmp	x2, x1
    82621598:	54000061 	b.ne	826215a4 <mmc_initialize+0x9c>  // b.any
    8262159c:	94000155 	bl	82621af0 <mmc_do_preinit>
    826215a0:	1400000e 	b	826215d8 <mmc_initialize+0xd0>
    826215a4:	97fff3d4 	bl	8261e4f4 <device_probe>
    826215a8:	2a0003e2 	mov	w2, w0
    826215ac:	340000a0 	cbz	w0, 826215c0 <mmc_initialize+0xb8>
    826215b0:	f9401be0 	ldr	x0, [sp, #48]
    826215b4:	f9400401 	ldr	x1, [x0, #8]
    826215b8:	aa1403e0 	mov	x0, x20
    826215bc:	97fff062 	bl	8261d744 <printf>
    826215c0:	f9401be0 	ldr	x0, [sp, #48]
    826215c4:	f9403000 	ldr	x0, [x0, #96]
    826215c8:	d1018000 	sub	x0, x0, #0x60
    826215cc:	f9001be0 	str	x0, [sp, #48]
    826215d0:	17ffffee 	b	82621588 <mmc_initialize+0x80>
    826215d4:	52800013 	mov	w19, #0x0                   	// #0
    826215d8:	d0000020 	adrp	x0, 82627000 <multipliers+0x16ba>
    826215dc:	f9401fe1 	ldr	x1, [sp, #56]
    826215e0:	f9421c02 	ldr	x2, [x0, #1080]
    826215e4:	eb020021 	subs	x1, x1, x2
    826215e8:	d2800002 	mov	x2, #0x0                   	// #0
    826215ec:	54000040 	b.eq	826215f4 <mmc_initialize+0xec>  // b.none
    826215f0:	97ffc383 	bl	826123fc <__stack_chk_fail>
    826215f4:	2a1303e0 	mov	w0, w19
    826215f8:	a94153f3 	ldp	x19, x20, [sp, #16]
    826215fc:	a8c47bfd 	ldp	x29, x30, [sp], #64
    82621600:	d65f03c0 	ret

0000000082621604 <mmc_blk_probe>:
    82621604:	a9bf7bfd 	stp	x29, x30, [sp, #-16]!
    82621608:	910003fd 	mov	x29, sp
    8262160c:	97fff43e 	bl	8261e704 <dev_get_parent>
    82621610:	97fff42f 	bl	8261e6cc <dev_get_uclass_priv>
    82621614:	a8c17bfd 	ldp	x29, x30, [sp], #16
    82621618:	f9400000 	ldr	x0, [x0]
    8262161c:	17fffd57 	b	82620b78 <mmc_init>

0000000082621620 <dm_mmc_set_ios>:
    82621620:	f9400001 	ldr	x1, [x0]
    82621624:	f9403421 	ldr	x1, [x1, #104]
    82621628:	f9400421 	ldr	x1, [x1, #8]
    8262162c:	b4000061 	cbz	x1, 82621638 <dm_mmc_set_ios+0x18>
    82621630:	aa0103f0 	mov	x16, x1
    82621634:	d61f0200 	br	x16
    82621638:	128004a0 	mov	w0, #0xffffffda            	// #-38
    8262163c:	d65f03c0 	ret

0000000082621640 <mmc_set_ios>:
    82621640:	f9406400 	ldr	x0, [x0, #200]
    82621644:	17fffff7 	b	82621620 <dm_mmc_set_ios>

0000000082621648 <dm_mmc_send_init_stream>:
    82621648:	f9400001 	ldr	x1, [x0]
    8262164c:	f9403421 	ldr	x1, [x1, #104]
    82621650:	f9400821 	ldr	x1, [x1, #16]
    82621654:	b4000061 	cbz	x1, 82621660 <dm_mmc_send_init_stream+0x18>
    82621658:	aa0103f0 	mov	x16, x1
    8262165c:	d61f0200 	br	x16
    82621660:	d65f03c0 	ret

0000000082621664 <mmc_send_init_stream>:
    82621664:	f9406400 	ldr	x0, [x0, #200]
    82621668:	17fffff8 	b	82621648 <dm_mmc_send_init_stream>

000000008262166c <dm_mmc_get_cd>:
    8262166c:	f9400001 	ldr	x1, [x0]
    82621670:	f9403421 	ldr	x1, [x1, #104]
    82621674:	f9400c21 	ldr	x1, [x1, #24]
    82621678:	b4000061 	cbz	x1, 82621684 <dm_mmc_get_cd+0x18>
    8262167c:	aa0103f0 	mov	x16, x1
    82621680:	d61f0200 	br	x16
    82621684:	128004a0 	mov	w0, #0xffffffda            	// #-38
    82621688:	d65f03c0 	ret

000000008262168c <mmc_getcd>:
    8262168c:	f9406400 	ldr	x0, [x0, #200]
    82621690:	17fffff7 	b	8262166c <dm_mmc_get_cd>

0000000082621694 <mmc_of_parse>:
    82621694:	a9be7bfd 	stp	x29, x30, [sp, #-32]!
    82621698:	52800022 	mov	w2, #0x1                   	// #1
    8262169c:	910003fd 	mov	x29, sp
    826216a0:	a90153f3 	stp	x19, x20, [sp, #16]
    826216a4:	aa0003f4 	mov	x20, x0
    826216a8:	aa0103f3 	mov	x19, x1
    826216ac:	f9401400 	ldr	x0, [x0, #40]
    826216b0:	b0000021 	adrp	x1, 82626000 <multipliers+0x6ba>
    826216b4:	910f2821 	add	x1, x1, #0x3ca
    826216b8:	97fff8ac 	bl	8261f968 <ofnode_read_u32_default>
    826216bc:	7100101f 	cmp	w0, #0x4
    826216c0:	540010a0 	b.eq	826218d4 <mmc_of_parse+0x240>  // b.none
    826216c4:	2a0003e1 	mov	w1, w0
    826216c8:	7100201f 	cmp	w0, #0x8
    826216cc:	54000fe0 	b.eq	826218c8 <mmc_of_parse+0x234>  // b.none
    826216d0:	7100041f 	cmp	w0, #0x1
    826216d4:	54001081 	b.ne	826218e4 <mmc_of_parse+0x250>  // b.any
    826216d8:	b9400a60 	ldr	w0, [x19, #8]
    826216dc:	91005262 	add	x2, x19, #0x14
    826216e0:	b0000021 	adrp	x1, 82626000 <multipliers+0x6ba>
    826216e4:	910db021 	add	x1, x1, #0x36c
    826216e8:	32040000 	orr	w0, w0, #0x10000000
    826216ec:	b9000a60 	str	w0, [x19, #8]
    826216f0:	f9401680 	ldr	x0, [x20, #40]
    826216f4:	97fff87b 	bl	8261f8e0 <ofnode_read_u32>
    826216f8:	f9401680 	ldr	x0, [x20, #40]
    826216fc:	90000021 	adrp	x1, 82625000 <_ctype+0x35c>
    82621700:	911ec421 	add	x1, x1, #0x7b1
    82621704:	97fff90f 	bl	8261fb40 <ofnode_read_bool>
    82621708:	72001c1f 	tst	w0, #0xff
    8262170c:	54000fa1 	b.ne	82621900 <mmc_of_parse+0x26c>  // b.any
    82621710:	f9401680 	ldr	x0, [x20, #40]
    82621714:	90000021 	adrp	x1, 82625000 <_ctype+0x35c>
    82621718:	911f8421 	add	x1, x1, #0x7e1
    8262171c:	97fff909 	bl	8261fb40 <ofnode_read_bool>
    82621720:	72001c1f 	tst	w0, #0xff
    82621724:	54000080 	b.eq	82621734 <mmc_of_parse+0xa0>  // b.none
    82621728:	b9400a60 	ldr	w0, [x19, #8]
    8262172c:	321e0000 	orr	w0, w0, #0x4
    82621730:	b9000a60 	str	w0, [x19, #8]
    82621734:	f9401680 	ldr	x0, [x20, #40]
    82621738:	90000021 	adrp	x1, 82625000 <_ctype+0x35c>
    8262173c:	911fcc21 	add	x1, x1, #0x7f3
    82621740:	97fff900 	bl	8261fb40 <ofnode_read_bool>
    82621744:	72001c1f 	tst	w0, #0xff
    82621748:	54000080 	b.eq	82621758 <mmc_of_parse+0xc4>  // b.none
    8262174c:	b9400a60 	ldr	w0, [x19, #8]
    82621750:	321a0000 	orr	w0, w0, #0x40
    82621754:	b9000a60 	str	w0, [x19, #8]
    82621758:	f9401680 	ldr	x0, [x20, #40]
    8262175c:	90000021 	adrp	x1, 82625000 <_ctype+0x35c>
    82621760:	91200021 	add	x1, x1, #0x800
    82621764:	97fff8f7 	bl	8261fb40 <ofnode_read_bool>
    82621768:	72001c1f 	tst	w0, #0xff
    8262176c:	54000080 	b.eq	8262177c <mmc_of_parse+0xe8>  // b.none
    82621770:	b9400a60 	ldr	w0, [x19, #8]
    82621774:	32190000 	orr	w0, w0, #0x80
    82621778:	b9000a60 	str	w0, [x19, #8]
    8262177c:	f9401680 	ldr	x0, [x20, #40]
    82621780:	90000021 	adrp	x1, 82625000 <_ctype+0x35c>
    82621784:	91203421 	add	x1, x1, #0x80d
    82621788:	97fff8ee 	bl	8261fb40 <ofnode_read_bool>
    8262178c:	72001c1f 	tst	w0, #0xff
    82621790:	54000080 	b.eq	826217a0 <mmc_of_parse+0x10c>  // b.none
    82621794:	b9400a60 	ldr	w0, [x19, #8]
    82621798:	32180000 	orr	w0, w0, #0x100
    8262179c:	b9000a60 	str	w0, [x19, #8]
    826217a0:	f9401680 	ldr	x0, [x20, #40]
    826217a4:	90000021 	adrp	x1, 82625000 <_ctype+0x35c>
    826217a8:	91206821 	add	x1, x1, #0x81a
    826217ac:	97fff8e5 	bl	8261fb40 <ofnode_read_bool>
    826217b0:	72001c1f 	tst	w0, #0xff
    826217b4:	54000080 	b.eq	826217c4 <mmc_of_parse+0x130>  // b.none
    826217b8:	b9400a60 	ldr	w0, [x19, #8]
    826217bc:	32160000 	orr	w0, w0, #0x400
    826217c0:	b9000a60 	str	w0, [x19, #8]
    826217c4:	f9401680 	ldr	x0, [x20, #40]
    826217c8:	90000021 	adrp	x1, 82625000 <_ctype+0x35c>
    826217cc:	9120a021 	add	x1, x1, #0x828
    826217d0:	97fff8dc 	bl	8261fb40 <ofnode_read_bool>
    826217d4:	72001c1f 	tst	w0, #0xff
    826217d8:	54000080 	b.eq	826217e8 <mmc_of_parse+0x154>  // b.none
    826217dc:	b9400a60 	ldr	w0, [x19, #8]
    826217e0:	32170000 	orr	w0, w0, #0x200
    826217e4:	b9000a60 	str	w0, [x19, #8]
    826217e8:	f9401680 	ldr	x0, [x20, #40]
    826217ec:	90000021 	adrp	x1, 82625000 <_ctype+0x35c>
    826217f0:	9120d421 	add	x1, x1, #0x835
    826217f4:	97fff8d3 	bl	8261fb40 <ofnode_read_bool>
    826217f8:	72001c1f 	tst	w0, #0xff
    826217fc:	54000080 	b.eq	8262180c <mmc_of_parse+0x178>  // b.none
    82621800:	b9400a60 	ldr	w0, [x19, #8]
    82621804:	321b0000 	orr	w0, w0, #0x20
    82621808:	b9000a60 	str	w0, [x19, #8]
    8262180c:	f9401680 	ldr	x0, [x20, #40]
    82621810:	90000021 	adrp	x1, 82625000 <_ctype+0x35c>
    82621814:	91210821 	add	x1, x1, #0x842
    82621818:	97fff8ca 	bl	8261fb40 <ofnode_read_bool>
    8262181c:	72001c1f 	tst	w0, #0xff
    82621820:	54000080 	b.eq	82621830 <mmc_of_parse+0x19c>  // b.none
    82621824:	b9400a60 	ldr	w0, [x19, #8]
    82621828:	321b0000 	orr	w0, w0, #0x20
    8262182c:	b9000a60 	str	w0, [x19, #8]
    82621830:	f9401680 	ldr	x0, [x20, #40]
    82621834:	90000021 	adrp	x1, 82625000 <_ctype+0x35c>
    82621838:	91213c21 	add	x1, x1, #0x84f
    8262183c:	97fff8c1 	bl	8261fb40 <ofnode_read_bool>
    82621840:	72001c1f 	tst	w0, #0xff
    82621844:	54000080 	b.eq	82621854 <mmc_of_parse+0x1c0>  // b.none
    82621848:	b9400a60 	ldr	w0, [x19, #8]
    8262184c:	32150000 	orr	w0, w0, #0x800
    82621850:	b9000a60 	str	w0, [x19, #8]
    82621854:	f9401680 	ldr	x0, [x20, #40]
    82621858:	90000021 	adrp	x1, 82625000 <_ctype+0x35c>
    8262185c:	91217821 	add	x1, x1, #0x85e
    82621860:	97fff8b8 	bl	8261fb40 <ofnode_read_bool>
    82621864:	72001c1f 	tst	w0, #0xff
    82621868:	54000080 	b.eq	82621878 <mmc_of_parse+0x1e4>  // b.none
    8262186c:	b9400a60 	ldr	w0, [x19, #8]
    82621870:	32150000 	orr	w0, w0, #0x800
    82621874:	b9000a60 	str	w0, [x19, #8]
    82621878:	f9401680 	ldr	x0, [x20, #40]
    8262187c:	90000021 	adrp	x1, 82625000 <_ctype+0x35c>
    82621880:	9121b421 	add	x1, x1, #0x86d
    82621884:	97fff8af 	bl	8261fb40 <ofnode_read_bool>
    82621888:	72001c1f 	tst	w0, #0xff
    8262188c:	54000080 	b.eq	8262189c <mmc_of_parse+0x208>  // b.none
    82621890:	b9400a60 	ldr	w0, [x19, #8]
    82621894:	32140000 	orr	w0, w0, #0x1000
    82621898:	b9000a60 	str	w0, [x19, #8]
    8262189c:	f9401680 	ldr	x0, [x20, #40]
    826218a0:	90000021 	adrp	x1, 82625000 <_ctype+0x35c>
    826218a4:	9121f021 	add	x1, x1, #0x87c
    826218a8:	97fff8a6 	bl	8261fb40 <ofnode_read_bool>
    826218ac:	72001c1f 	tst	w0, #0xff
    826218b0:	54000080 	b.eq	826218c0 <mmc_of_parse+0x22c>  // b.none
    826218b4:	b9400a60 	ldr	w0, [x19, #8]
    826218b8:	32140000 	orr	w0, w0, #0x1000
    826218bc:	b9000a60 	str	w0, [x19, #8]
    826218c0:	52800000 	mov	w0, #0x0                   	// #0
    826218c4:	1400000c 	b	826218f4 <mmc_of_parse+0x260>
    826218c8:	b9400a60 	ldr	w0, [x19, #8]
    826218cc:	32020000 	orr	w0, w0, #0x40000000
    826218d0:	b9000a60 	str	w0, [x19, #8]
    826218d4:	b9400a60 	ldr	w0, [x19, #8]
    826218d8:	32030000 	orr	w0, w0, #0x20000000
    826218dc:	b9000a60 	str	w0, [x19, #8]
    826218e0:	17ffff7e 	b	826216d8 <mmc_of_parse+0x44>
    826218e4:	90000020 	adrp	x0, 82625000 <_ctype+0x35c>
    826218e8:	911f0800 	add	x0, x0, #0x7c2
    826218ec:	97ffef96 	bl	8261d744 <printf>
    826218f0:	128002a0 	mov	w0, #0xffffffea            	// #-22
    826218f4:	a94153f3 	ldp	x19, x20, [sp, #16]
    826218f8:	a8c27bfd 	ldp	x29, x30, [sp], #32
    826218fc:	d65f03c0 	ret
    82621900:	b9400a60 	ldr	w0, [x19, #8]
    82621904:	321d0000 	orr	w0, w0, #0x8
    82621908:	b9000a60 	str	w0, [x19, #8]
    8262190c:	17ffff81 	b	82621710 <mmc_of_parse+0x7c>

0000000082621910 <mmc_get_mmc_dev>:
    82621910:	b9409001 	ldr	w1, [x0, #144]
    82621914:	360000e1 	tbz	w1, #0, 82621930 <mmc_get_mmc_dev+0x20>
    82621918:	a9bf7bfd 	stp	x29, x30, [sp, #-16]!
    8262191c:	910003fd 	mov	x29, sp
    82621920:	97fff36b 	bl	8261e6cc <dev_get_uclass_priv>
    82621924:	a8c17bfd 	ldp	x29, x30, [sp], #16
    82621928:	f9400000 	ldr	x0, [x0]
    8262192c:	d65f03c0 	ret
    82621930:	d2800000 	mov	x0, #0x0                   	// #0
    82621934:	d65f03c0 	ret

0000000082621938 <dm_mmc_send_cmd>:
    82621938:	a9bd7bfd 	stp	x29, x30, [sp, #-48]!
    8262193c:	910003fd 	mov	x29, sp
    82621940:	a90153f3 	stp	x19, x20, [sp, #16]
    82621944:	aa0003f3 	mov	x19, x0
    82621948:	aa0103f4 	mov	x20, x1
    8262194c:	f90013f5 	str	x21, [sp, #32]
    82621950:	aa0203f5 	mov	x21, x2
    82621954:	97ffffef 	bl	82621910 <mmc_get_mmc_dev>
    82621958:	f9400260 	ldr	x0, [x19]
    8262195c:	f9403400 	ldr	x0, [x0, #104]
    82621960:	f9400003 	ldr	x3, [x0]
    82621964:	b4000123 	cbz	x3, 82621988 <dm_mmc_send_cmd+0x50>
    82621968:	aa1503e2 	mov	x2, x21
    8262196c:	aa1403e1 	mov	x1, x20
    82621970:	aa1303e0 	mov	x0, x19
    82621974:	aa0303f0 	mov	x16, x3
    82621978:	a94153f3 	ldp	x19, x20, [sp, #16]
    8262197c:	f94013f5 	ldr	x21, [sp, #32]
    82621980:	a8c37bfd 	ldp	x29, x30, [sp], #48
    82621984:	d61f0200 	br	x16
    82621988:	128004a0 	mov	w0, #0xffffffda            	// #-38
    8262198c:	a94153f3 	ldp	x19, x20, [sp, #16]
    82621990:	f94013f5 	ldr	x21, [sp, #32]
    82621994:	a8c37bfd 	ldp	x29, x30, [sp], #48
    82621998:	d65f03c0 	ret

000000008262199c <mmc_send_cmd>:
    8262199c:	f9406400 	ldr	x0, [x0, #200]
    826219a0:	17ffffe6 	b	82621938 <dm_mmc_send_cmd>

00000000826219a4 <mmc_select_hwpart>:
    826219a4:	a9bd7bfd 	stp	x29, x30, [sp, #-48]!
    826219a8:	910003fd 	mov	x29, sp
    826219ac:	a90153f3 	stp	x19, x20, [sp, #16]
    826219b0:	2a0103f4 	mov	w20, w1
    826219b4:	f90013f5 	str	x21, [sp, #32]
    826219b8:	aa0003f5 	mov	x21, x0
    826219bc:	97fff352 	bl	8261e704 <dev_get_parent>
    826219c0:	97ffffd4 	bl	82621910 <mmc_get_mmc_dev>
    826219c4:	aa0003f3 	mov	x19, x0
    826219c8:	aa1503e0 	mov	x0, x21
    826219cc:	97fff33a 	bl	8261e6b4 <dev_get_uclass_platdata>
    826219d0:	39402c00 	ldrb	w0, [x0, #11]
    826219d4:	6b14001f 	cmp	w0, w20
    826219d8:	54000140 	b.eq	82621a00 <mmc_select_hwpart+0x5c>  // b.none
    826219dc:	3941c660 	ldrb	w0, [x19, #113]
    826219e0:	7103fc1f 	cmp	w0, #0xff
    826219e4:	54000180 	b.eq	82621a14 <mmc_select_hwpart+0x70>  // b.none
    826219e8:	2a1403e1 	mov	w1, w20
    826219ec:	aa1303e0 	mov	x0, x19
    826219f0:	a94153f3 	ldp	x19, x20, [sp, #16]
    826219f4:	f94013f5 	ldr	x21, [sp, #32]
    826219f8:	a8c37bfd 	ldp	x29, x30, [sp], #48
    826219fc:	17fffb87 	b	82620818 <mmc_switch_part>
    82621a00:	52800000 	mov	w0, #0x0                   	// #0
    82621a04:	a94153f3 	ldp	x19, x20, [sp, #16]
    82621a08:	f94013f5 	ldr	x21, [sp, #32]
    82621a0c:	a8c37bfd 	ldp	x29, x30, [sp], #48
    82621a10:	d65f03c0 	ret
    82621a14:	12800f60 	mov	w0, #0xffffff84            	// #-124
    82621a18:	17fffffb 	b	82621a04 <mmc_select_hwpart+0x60>

0000000082621a1c <find_mmc_device>:
    82621a1c:	a9bd7bfd 	stp	x29, x30, [sp, #-48]!
    82621a20:	910003fd 	mov	x29, sp
    82621a24:	f9000bf3 	str	x19, [sp, #16]
    82621a28:	2a0003f3 	mov	w19, w0
    82621a2c:	d0000020 	adrp	x0, 82627000 <multipliers+0x16ba>
    82621a30:	910083e2 	add	x2, sp, #0x20
    82621a34:	f9421c01 	ldr	x1, [x0, #1080]
    82621a38:	f90017e1 	str	x1, [sp, #40]
    82621a3c:	d2800001 	mov	x1, #0x0                   	// #0
    82621a40:	528000c0 	mov	w0, #0x6                   	// #6
    82621a44:	2a1303e1 	mov	w1, w19
    82621a48:	940008fe 	bl	82623e40 <blk_find_device>
    82621a4c:	340001a0 	cbz	w0, 82621a80 <find_mmc_device+0x64>
    82621a50:	2a1303e1 	mov	w1, w19
    82621a54:	90000020 	adrp	x0, 82625000 <_ctype+0x35c>
    82621a58:	91167800 	add	x0, x0, #0x59e
    82621a5c:	97ffef3a 	bl	8261d744 <printf>
    82621a60:	d2800000 	mov	x0, #0x0                   	// #0
    82621a64:	d0000021 	adrp	x1, 82627000 <multipliers+0x16ba>
    82621a68:	f94017e2 	ldr	x2, [sp, #40]
    82621a6c:	f9421c23 	ldr	x3, [x1, #1080]
    82621a70:	eb030042 	subs	x2, x2, x3
    82621a74:	d2800003 	mov	x3, #0x0                   	// #0
    82621a78:	540000c0 	b.eq	82621a90 <find_mmc_device+0x74>  // b.none
    82621a7c:	97ffc260 	bl	826123fc <__stack_chk_fail>
    82621a80:	f94013e0 	ldr	x0, [sp, #32]
    82621a84:	97fff320 	bl	8261e704 <dev_get_parent>
    82621a88:	97ffffa2 	bl	82621910 <mmc_get_mmc_dev>
    82621a8c:	17fffff6 	b	82621a64 <find_mmc_device+0x48>
    82621a90:	f9400bf3 	ldr	x19, [sp, #16]
    82621a94:	a8c37bfd 	ldp	x29, x30, [sp], #48
    82621a98:	d65f03c0 	ret

0000000082621a9c <mmc_get_blk_desc>:
    82621a9c:	a9be7bfd 	stp	x29, x30, [sp, #-32]!
    82621aa0:	d0000021 	adrp	x1, 82627000 <multipliers+0x16ba>
    82621aa4:	910003fd 	mov	x29, sp
    82621aa8:	f9406400 	ldr	x0, [x0, #200]
    82621aac:	f9421c22 	ldr	x2, [x1, #1080]
    82621ab0:	f9000fe2 	str	x2, [sp, #24]
    82621ab4:	d2800002 	mov	x2, #0x0                   	// #0
    82621ab8:	910043e1 	add	x1, sp, #0x10
    82621abc:	97fff30a 	bl	8261e6e4 <device_find_first_child>
    82621ac0:	f9400be0 	ldr	x0, [sp, #16]
    82621ac4:	b4000040 	cbz	x0, 82621acc <mmc_get_blk_desc+0x30>
    82621ac8:	97fff2fb 	bl	8261e6b4 <dev_get_uclass_platdata>
    82621acc:	d0000021 	adrp	x1, 82627000 <multipliers+0x16ba>
    82621ad0:	f9400fe2 	ldr	x2, [sp, #24]
    82621ad4:	f9421c23 	ldr	x3, [x1, #1080]
    82621ad8:	eb030042 	subs	x2, x2, x3
    82621adc:	d2800003 	mov	x3, #0x0                   	// #0
    82621ae0:	54000040 	b.eq	82621ae8 <mmc_get_blk_desc+0x4c>  // b.none
    82621ae4:	97ffc246 	bl	826123fc <__stack_chk_fail>
    82621ae8:	a8c27bfd 	ldp	x29, x30, [sp], #32
    82621aec:	d65f03c0 	ret

0000000082621af0 <mmc_do_preinit>:
    82621af0:	a9bd7bfd 	stp	x29, x30, [sp, #-48]!
    82621af4:	d0000020 	adrp	x0, 82627000 <multipliers+0x16ba>
    82621af8:	910003fd 	mov	x29, sp
    82621afc:	f9000bf3 	str	x19, [sp, #16]
    82621b00:	f9421c01 	ldr	x1, [x0, #1080]
    82621b04:	f90017e1 	str	x1, [sp, #40]
    82621b08:	d2800001 	mov	x1, #0x0                   	// #0
    82621b0c:	528005a0 	mov	w0, #0x2d                  	// #45
    82621b10:	910083e1 	add	x1, sp, #0x20
    82621b14:	97fff4f4 	bl	8261eee4 <uclass_get>
    82621b18:	35000120 	cbnz	w0, 82621b3c <mmc_do_preinit+0x4c>
    82621b1c:	f94013e0 	ldr	x0, [sp, #32]
    82621b20:	f9400813 	ldr	x19, [x0, #16]
    82621b24:	d1018273 	sub	x19, x19, #0x60
    82621b28:	f94013e0 	ldr	x0, [sp, #32]
    82621b2c:	91018261 	add	x1, x19, #0x60
    82621b30:	91004000 	add	x0, x0, #0x10
    82621b34:	eb00003f 	cmp	x1, x0
    82621b38:	54000101 	b.ne	82621b58 <mmc_do_preinit+0x68>  // b.any
    82621b3c:	d0000020 	adrp	x0, 82627000 <multipliers+0x16ba>
    82621b40:	f94017e1 	ldr	x1, [sp, #40]
    82621b44:	f9421c02 	ldr	x2, [x0, #1080]
    82621b48:	eb020021 	subs	x1, x1, x2
    82621b4c:	d2800002 	mov	x2, #0x0                   	// #0
    82621b50:	54000140 	b.eq	82621b78 <mmc_do_preinit+0x88>  // b.none
    82621b54:	97ffc22a 	bl	826123fc <__stack_chk_fail>
    82621b58:	aa1303e0 	mov	x0, x19
    82621b5c:	97ffff6d 	bl	82621910 <mmc_get_mmc_dev>
    82621b60:	b4000080 	cbz	x0, 82621b70 <mmc_do_preinit+0x80>
    82621b64:	39430801 	ldrb	w1, [x0, #194]
    82621b68:	34000041 	cbz	w1, 82621b70 <mmc_do_preinit+0x80>
    82621b6c:	97fffbe9 	bl	82620b10 <mmc_start_init>
    82621b70:	f9403273 	ldr	x19, [x19, #96]
    82621b74:	17ffffec 	b	82621b24 <mmc_do_preinit+0x34>
    82621b78:	f9400bf3 	ldr	x19, [sp, #16]
    82621b7c:	a8c37bfd 	ldp	x29, x30, [sp], #48
    82621b80:	d65f03c0 	ret

0000000082621b84 <mmc_bind>:
    82621b84:	a9bc7bfd 	stp	x29, x30, [sp, #-64]!
    82621b88:	910003fd 	mov	x29, sp
    82621b8c:	a90153f3 	stp	x19, x20, [sp, #16]
    82621b90:	aa0103f3 	mov	x19, x1
    82621b94:	d0000021 	adrp	x1, 82627000 <multipliers+0x16ba>
    82621b98:	a9025bf5 	stp	x21, x22, [sp, #32]
    82621b9c:	aa0203f6 	mov	x22, x2
    82621ba0:	f9421c22 	ldr	x2, [x1, #1080]
    82621ba4:	f9001fe2 	str	x2, [sp, #56]
    82621ba8:	d2800002 	mov	x2, #0x0                   	// #0
    82621bac:	f9400001 	ldr	x1, [x0]
    82621bb0:	f9403421 	ldr	x1, [x1, #104]
    82621bb4:	b4000401 	cbz	x1, 82621c34 <mmc_bind+0xb0>
    82621bb8:	aa0003f5 	mov	x21, x0
    82621bbc:	9100c3e7 	add	x7, sp, #0x30
    82621bc0:	d2800006 	mov	x6, #0x0                   	// #0
    82621bc4:	52804005 	mov	w5, #0x200                 	// #512
    82621bc8:	12800004 	mov	w4, #0xffffffff            	// #-1
    82621bcc:	528000c3 	mov	w3, #0x6                   	// #6
    82621bd0:	90000022 	adrp	x2, 82625000 <_ctype+0x35c>
    82621bd4:	90000021 	adrp	x1, 82625000 <_ctype+0x35c>
    82621bd8:	911ae442 	add	x2, x2, #0x6b9
    82621bdc:	911ad421 	add	x1, x1, #0x6b5
    82621be0:	94000994 	bl	82624230 <blk_create_devicef>
    82621be4:	2a0003f4 	mov	w20, w0
    82621be8:	35000180 	cbnz	w0, 82621c18 <mmc_bind+0x94>
    82621bec:	f9401be0 	ldr	x0, [sp, #48]
    82621bf0:	97fff2b1 	bl	8261e6b4 <dev_get_uclass_platdata>
    82621bf4:	f9000276 	str	x22, [x19]
    82621bf8:	12800001 	mov	w1, #0xffffffff            	// #-1
    82621bfc:	f9000a75 	str	x21, [x19, #16]
    82621c00:	2907fe61 	stp	w1, wzr, [x19, #60]
    82621c04:	52800021 	mov	w1, #0x1                   	// #1
    82621c08:	39003401 	strb	w1, [x0, #13]
    82621c0c:	394072c1 	ldrb	w1, [x22, #28]
    82621c10:	39002001 	strb	w1, [x0, #8]
    82621c14:	f9006675 	str	x21, [x19, #200]
    82621c18:	d0000020 	adrp	x0, 82627000 <multipliers+0x16ba>
    82621c1c:	f9401fe1 	ldr	x1, [sp, #56]
    82621c20:	f9421c02 	ldr	x2, [x0, #1080]
    82621c24:	eb020021 	subs	x1, x1, x2
    82621c28:	d2800002 	mov	x2, #0x0                   	// #0
    82621c2c:	54000080 	b.eq	82621c3c <mmc_bind+0xb8>  // b.none
    82621c30:	97ffc1f3 	bl	826123fc <__stack_chk_fail>
    82621c34:	128004b4 	mov	w20, #0xffffffda            	// #-38
    82621c38:	17fffff8 	b	82621c18 <mmc_bind+0x94>
    82621c3c:	2a1403e0 	mov	w0, w20
    82621c40:	a94153f3 	ldp	x19, x20, [sp, #16]
    82621c44:	a9425bf5 	ldp	x21, x22, [sp, #32]
    82621c48:	a8c47bfd 	ldp	x29, x30, [sp], #64
    82621c4c:	d65f03c0 	ret

0000000082621c50 <mmc_spl_load_image>:
    82621c50:	a9ba7bfd 	stp	x29, x30, [sp, #-96]!
    82621c54:	910003fd 	mov	x29, sp
    82621c58:	a90153f3 	stp	x19, x20, [sp, #16]
    82621c5c:	2a0003f3 	mov	w19, w0
    82621c60:	52800000 	mov	w0, #0x0                   	// #0
    82621c64:	a9025bf5 	stp	x21, x22, [sp, #32]
    82621c68:	2a0103f5 	mov	w21, w1
    82621c6c:	a90363f7 	stp	x23, x24, [sp, #48]
    82621c70:	aa0203f7 	mov	x23, x2
    82621c74:	a9046bf9 	stp	x25, x26, [sp, #64]
    82621c78:	f9002bfb 	str	x27, [sp, #80]
    82621c7c:	97ffff68 	bl	82621a1c <find_mmc_device>
    82621c80:	aa0003f4 	mov	x20, x0
    82621c84:	97ffff86 	bl	82621a9c <mmc_get_blk_desc>
    82621c88:	b50000b4 	cbnz	x20, 82621c9c <mmc_spl_load_image+0x4c>
    82621c8c:	90000020 	adrp	x0, 82625000 <_ctype+0x35c>
    82621c90:	9122f400 	add	x0, x0, #0x8bd
    82621c94:	97ffd9d5 	bl	826183e8 <puts>
    82621c98:	97ffe915 	bl	8261c0ec <hang>
    82621c9c:	aa0003f9 	mov	x25, x0
    82621ca0:	aa1403e0 	mov	x0, x20
    82621ca4:	97fffbb5 	bl	82620b78 <mmc_init>
    82621ca8:	34000140 	cbz	w0, 82621cd0 <mmc_spl_load_image+0x80>
    82621cac:	a94153f3 	ldp	x19, x20, [sp, #16]
    82621cb0:	90000020 	adrp	x0, 82625000 <_ctype+0x35c>
    82621cb4:	a9425bf5 	ldp	x21, x22, [sp, #32]
    82621cb8:	91236800 	add	x0, x0, #0x8da
    82621cbc:	a94363f7 	ldp	x23, x24, [sp, #48]
    82621cc0:	a9446bf9 	ldp	x25, x26, [sp, #64]
    82621cc4:	f9402bfb 	ldr	x27, [sp, #80]
    82621cc8:	a8c67bfd 	ldp	x29, x30, [sp], #96
    82621ccc:	17ffd9c7 	b	826183e8 <puts>
    82621cd0:	b9407e81 	ldr	w1, [x20, #124]
    82621cd4:	7108003f 	cmp	w1, #0x200
    82621cd8:	54000089 	b.ls	82621ce8 <mmc_spl_load_image+0x98>  // b.plast
    82621cdc:	90000020 	adrp	x0, 82625000 <_ctype+0x35c>
    82621ce0:	9123ac00 	add	x0, x0, #0x8eb
    82621ce4:	17ffffec 	b	82621c94 <mmc_spl_load_image+0x44>
    82621ce8:	1ac10a76 	udiv	w22, w19, w1
    82621cec:	f00000f8 	adrp	x24, 82640000 <pmc>
    82621cf0:	91057318 	add	x24, x24, #0x15c
    82621cf4:	1b01ced3 	msub	w19, w22, w1, w19
    82621cf8:	0b150262 	add	w2, w19, w21
    82621cfc:	1ac10840 	udiv	w0, w2, w1
    82621d00:	0b16001a 	add	w26, w0, w22
    82621d04:	1b018800 	msub	w0, w0, w1, w2
    82621d08:	7100001f 	cmp	w0, #0x0
    82621d0c:	1a9a075a 	cinc	w26, w26, ne  // ne = any
    82621d10:	6b1a02df 	cmp	w22, w26
    82621d14:	54000101 	b.ne	82621d34 <mmc_spl_load_image+0xe4>  // b.any
    82621d18:	a94153f3 	ldp	x19, x20, [sp, #16]
    82621d1c:	a9425bf5 	ldp	x21, x22, [sp, #32]
    82621d20:	a94363f7 	ldp	x23, x24, [sp, #48]
    82621d24:	a9446bf9 	ldp	x25, x26, [sp, #64]
    82621d28:	f9402bfb 	ldr	x27, [sp, #80]
    82621d2c:	a8c67bfd 	ldp	x29, x30, [sp], #96
    82621d30:	d65f03c0 	ret
    82621d34:	aa1803e3 	mov	x3, x24
    82621d38:	2a1603e1 	mov	w1, w22
    82621d3c:	aa1903e0 	mov	x0, x25
    82621d40:	d2800022 	mov	x2, #0x1                   	// #1
    82621d44:	94000897 	bl	82623fa0 <blk_dread>
    82621d48:	7100041f 	cmp	w0, #0x1
    82621d4c:	54000080 	b.eq	82621d5c <mmc_spl_load_image+0x10c>  // b.none
    82621d50:	90000020 	adrp	x0, 82625000 <_ctype+0x35c>
    82621d54:	91246000 	add	x0, x0, #0x918
    82621d58:	17ffffcf 	b	82621c94 <mmc_spl_load_image+0x44>
    82621d5c:	b9407e82 	ldr	w2, [x20, #124]
    82621d60:	0b1302bb 	add	w27, w21, w19
    82621d64:	8b334301 	add	x1, x24, w19, uxtw
    82621d68:	6b02037f 	cmp	w27, w2
    82621d6c:	54000102 	b.cs	82621d8c <mmc_spl_load_image+0x13c>  // b.hs, b.nlast
    82621d70:	2a1503e2 	mov	w2, w21
    82621d74:	52800015 	mov	w21, #0x0                   	// #0
    82621d78:	aa1703e0 	mov	x0, x23
    82621d7c:	97ffe963 	bl	8261c308 <memcpy>
    82621d80:	110006d6 	add	w22, w22, #0x1
    82621d84:	52800013 	mov	w19, #0x0                   	// #0
    82621d88:	17ffffe2 	b	82621d10 <mmc_spl_load_image+0xc0>
    82621d8c:	aa1703e0 	mov	x0, x23
    82621d90:	4b130042 	sub	w2, w2, w19
    82621d94:	97ffe95d 	bl	8261c308 <memcpy>
    82621d98:	b9407e81 	ldr	w1, [x20, #124]
    82621d9c:	4b010375 	sub	w21, w27, w1
    82621da0:	4b130021 	sub	w1, w1, w19
    82621da4:	8b0102f7 	add	x23, x23, x1
    82621da8:	17fffff6 	b	82621d80 <mmc_spl_load_image+0x130>

0000000082621dac <sdhci_reset>:
    82621dac:	a9bc7bfd 	stp	x29, x30, [sp, #-64]!
    82621db0:	910003fd 	mov	x29, sp
    82621db4:	a90153f3 	stp	x19, x20, [sp, #16]
    82621db8:	aa0003f4 	mov	x20, x0
    82621dbc:	a9025bf5 	stp	x21, x22, [sp, #32]
    82621dc0:	12001c35 	and	w21, w1, #0xff
    82621dc4:	f9001bf7 	str	x23, [sp, #48]
    82621dc8:	72000037 	ands	w23, w1, #0x1
    82621dcc:	540004c1 	b.ne	82621e64 <sdhci_reset+0xb8>  // b.any
    82621dd0:	f9400400 	ldr	x0, [x0, #8]
    82621dd4:	79405813 	ldrh	w19, [x0, #44]
    82621dd8:	12003e73 	and	w19, w19, #0xffff
    82621ddc:	d5033fbf 	dmb	sy
    82621de0:	370000b3 	tbnz	w19, #0, 82621df4 <sdhci_reset+0x48>
    82621de4:	32000260 	orr	w0, w19, #0x1
    82621de8:	d5033fbf 	dmb	sy
    82621dec:	f9400681 	ldr	x1, [x20, #8]
    82621df0:	79005820 	strh	w0, [x1, #44]
    82621df4:	d5033fbf 	dmb	sy
    82621df8:	f9400680 	ldr	x0, [x20, #8]
    82621dfc:	d2800cb6 	mov	x22, #0x65                  	// #101
    82621e00:	3900bc15 	strb	w21, [x0, #47]
    82621e04:	f9400680 	ldr	x0, [x20, #8]
    82621e08:	3940bc00 	ldrb	w0, [x0, #47]
    82621e0c:	12001c00 	and	w0, w0, #0xff
    82621e10:	d5033fbf 	dmb	sy
    82621e14:	6a0002bf 	tst	w21, w0
    82621e18:	54000120 	b.eq	82621e3c <sdhci_reset+0x90>  // b.none
    82621e1c:	f10006d6 	subs	x22, x22, #0x1
    82621e20:	54000261 	b.ne	82621e6c <sdhci_reset+0xc0>  // b.any
    82621e24:	f0000001 	adrp	x1, 82624000 <blk_find_max_devnum+0x3c>
    82621e28:	90000020 	adrp	x0, 82625000 <_ctype+0x35c>
    82621e2c:	2a1503e2 	mov	w2, w21
    82621e30:	91314c21 	add	x1, x1, #0xc53
    82621e34:	912ce400 	add	x0, x0, #0xb39
    82621e38:	97ffee43 	bl	8261d744 <printf>
    82621e3c:	350000b7 	cbnz	w23, 82621e50 <sdhci_reset+0xa4>
    82621e40:	37000093 	tbnz	w19, #0, 82621e50 <sdhci_reset+0xa4>
    82621e44:	d5033fbf 	dmb	sy
    82621e48:	f9400680 	ldr	x0, [x20, #8]
    82621e4c:	79005813 	strh	w19, [x0, #44]
    82621e50:	a94153f3 	ldp	x19, x20, [sp, #16]
    82621e54:	a9425bf5 	ldp	x21, x22, [sp, #32]
    82621e58:	f9401bf7 	ldr	x23, [sp, #48]
    82621e5c:	a8c47bfd 	ldp	x29, x30, [sp], #64
    82621e60:	d65f03c0 	ret
    82621e64:	52800013 	mov	w19, #0x0                   	// #0
    82621e68:	17ffffe3 	b	82621df4 <sdhci_reset+0x48>
    82621e6c:	d2807d00 	mov	x0, #0x3e8                 	// #1000
    82621e70:	97ffe99e 	bl	8261c4e8 <udelay>
    82621e74:	17ffffe4 	b	82621e04 <sdhci_reset+0x58>

0000000082621e78 <sdhci_send_command>:
    82621e78:	a9ba7bfd 	stp	x29, x30, [sp, #-96]!
    82621e7c:	910003fd 	mov	x29, sp
    82621e80:	a90153f3 	stp	x19, x20, [sp, #16]
    82621e84:	aa0203f4 	mov	x20, x2
    82621e88:	a9025bf5 	stp	x21, x22, [sp, #32]
    82621e8c:	aa0103f5 	mov	x21, x1
    82621e90:	a90363f7 	stp	x23, x24, [sp, #48]
    82621e94:	a9046bf9 	stp	x25, x26, [sp, #64]
    82621e98:	a90573fb 	stp	x27, x28, [sp, #80]
    82621e9c:	97fffe9d 	bl	82621910 <mmc_get_mmc_dev>
    82621ea0:	f9400813 	ldr	x19, [x0, #16]
    82621ea4:	97fffefe 	bl	82621a9c <mmc_get_blk_desc>
    82621ea8:	b940041b 	ldr	w27, [x0, #4]
    82621eac:	d2800000 	mov	x0, #0x0                   	// #0
    82621eb0:	97ffe963 	bl	8261c43c <get_timer>
    82621eb4:	f9004e7f 	str	xzr, [x19, #152]
    82621eb8:	794002a0 	ldrh	w0, [x21]
    82621ebc:	7100301f 	cmp	w0, #0xc
    82621ec0:	540008e0 	b.eq	82621fdc <sdhci_send_command+0x164>  // b.none
    82621ec4:	71004c1f 	cmp	w0, #0x13
    82621ec8:	7a551804 	ccmp	w0, #0x15, #0x4, ne  // ne = any
    82621ecc:	540008c1 	b.ne	82621fe4 <sdhci_send_command+0x16c>  // b.any
    82621ed0:	f100029f 	cmp	x20, #0x0
    82621ed4:	52800076 	mov	w22, #0x3                   	// #3
    82621ed8:	1a9f16d6 	csinc	w22, w22, wzr, ne  // ne = any
    82621edc:	f0000038 	adrp	x24, 82628000 <ovl+0xf0>
    82621ee0:	f000001a 	adrp	x26, 82624000 <blk_find_max_devnum+0x3c>
    82621ee4:	9119e318 	add	x24, x24, #0x678
    82621ee8:	9130c35a 	add	x26, x26, #0xc30
    82621eec:	52800019 	mov	w25, #0x0                   	// #0
    82621ef0:	9000003c 	adrp	x28, 82625000 <_ctype+0x35c>
    82621ef4:	14000013 	b	82621f40 <sdhci_send_command+0xc8>
    82621ef8:	b9400300 	ldr	w0, [x24]
    82621efc:	6b19001f 	cmp	w0, w25
    82621f00:	540001a8 	b.hi	82621f34 <sdhci_send_command+0xbc>  // b.pmore
    82621f04:	aa1a03e1 	mov	x1, x26
    82621f08:	2a1b03e2 	mov	w2, w27
    82621f0c:	912d6b80 	add	x0, x28, #0xb5a
    82621f10:	97ffee0d 	bl	8261d744 <printf>
    82621f14:	b9400301 	ldr	w1, [x24]
    82621f18:	531f7821 	lsl	w1, w1, #1
    82621f1c:	7132003f 	cmp	w1, #0xc80
    82621f20:	54000488 	b.hi	82621fb0 <sdhci_send_command+0x138>  // b.pmore
    82621f24:	90000020 	adrp	x0, 82625000 <_ctype+0x35c>
    82621f28:	912db000 	add	x0, x0, #0xb6c
    82621f2c:	b9000301 	str	w1, [x24]
    82621f30:	97ffee05 	bl	8261d744 <printf>
    82621f34:	11000739 	add	w25, w25, #0x1
    82621f38:	d2807d00 	mov	x0, #0x3e8                 	// #1000
    82621f3c:	97ffe96b 	bl	8261c4e8 <udelay>
    82621f40:	f9400660 	ldr	x0, [x19, #8]
    82621f44:	b9402417 	ldr	w23, [x0, #36]
    82621f48:	d5033fbf 	dmb	sy
    82621f4c:	6a1702d7 	ands	w23, w22, w23
    82621f50:	54fffd41 	b.ne	82621ef8 <sdhci_send_command+0x80>  // b.any
    82621f54:	d5033fbf 	dmb	sy
    82621f58:	f9400660 	ldr	x0, [x19, #8]
    82621f5c:	12800001 	mov	w1, #0xffffffff            	// #-1
    82621f60:	b9003001 	str	w1, [x0, #48]
    82621f64:	794002a3 	ldrh	w3, [x21]
    82621f68:	71004c7f 	cmp	w3, #0x13
    82621f6c:	1a9f17e2 	cset	w2, eq  // eq = none
    82621f70:	7100547f 	cmp	w3, #0x15
    82621f74:	1a9f17e0 	cset	w0, eq  // eq = none
    82621f78:	2a000042 	orr	w2, w2, w0
    82621f7c:	34000382 	cbz	w2, 82621fec <sdhci_send_command+0x174>
    82621f80:	f100029f 	cmp	x20, #0x0
    82621f84:	52800416 	mov	w22, #0x20                  	// #32
    82621f88:	1a9f06d6 	csinc	w22, w22, wzr, eq  // eq = none
    82621f8c:	b94006a1 	ldr	w1, [x21, #4]
    82621f90:	12000020 	and	w0, w1, #0x1
    82621f94:	36000321 	tbz	w1, #0, 82621ff8 <sdhci_send_command+0x180>
    82621f98:	37080301 	tbnz	w1, #1, 82621ff8 <sdhci_send_command+0x180>
    82621f9c:	361802c1 	tbz	w1, #3, 82621ff4 <sdhci_send_command+0x17c>
    82621fa0:	b4000054 	cbz	x20, 82621fa8 <sdhci_send_command+0x130>
    82621fa4:	321f02d6 	orr	w22, w22, #0x2
    82621fa8:	52800060 	mov	w0, #0x3                   	// #3
    82621fac:	14000013 	b	82621ff8 <sdhci_send_command+0x180>
    82621fb0:	90000020 	adrp	x0, 82625000 <_ctype+0x35c>
    82621fb4:	912e2c00 	add	x0, x0, #0xb8b
    82621fb8:	97ffd90c 	bl	826183e8 <puts>
    82621fbc:	128008a0 	mov	w0, #0xffffffba            	// #-70
    82621fc0:	a94153f3 	ldp	x19, x20, [sp, #16]
    82621fc4:	a9425bf5 	ldp	x21, x22, [sp, #32]
    82621fc8:	a94363f7 	ldp	x23, x24, [sp, #48]
    82621fcc:	a9446bf9 	ldp	x25, x26, [sp, #64]
    82621fd0:	a94573fb 	ldp	x27, x28, [sp, #80]
    82621fd4:	a8c67bfd 	ldp	x29, x30, [sp], #96
    82621fd8:	d65f03c0 	ret
    82621fdc:	52800036 	mov	w22, #0x1                   	// #1
    82621fe0:	17ffffbf 	b	82621edc <sdhci_send_command+0x64>
    82621fe4:	52800076 	mov	w22, #0x3                   	// #3
    82621fe8:	17ffffbd 	b	82621edc <sdhci_send_command+0x64>
    82621fec:	52800036 	mov	w22, #0x1                   	// #1
    82621ff0:	17ffffe7 	b	82621f8c <sdhci_send_command+0x114>
    82621ff4:	52800040 	mov	w0, #0x2                   	// #2
    82621ff8:	36100041 	tbz	w1, #2, 82622000 <sdhci_send_command+0x188>
    82621ffc:	321d0000 	orr	w0, w0, #0x8
    82622000:	36200041 	tbz	w1, #4, 82622008 <sdhci_send_command+0x190>
    82622004:	321c0000 	orr	w0, w0, #0x10
    82622008:	b5000094 	cbnz	x20, 82622018 <sdhci_send_command+0x1a0>
    8262200c:	71004c7f 	cmp	w3, #0x13
    82622010:	54000040 	b.eq	82622018 <sdhci_send_command+0x1a0>  // b.none
    82622014:	340009e2 	cbz	w2, 82622150 <sdhci_send_command+0x2d8>
    82622018:	321b0000 	orr	w0, w0, #0x20
    8262201c:	b40009b4 	cbz	x20, 82622150 <sdhci_send_command+0x2d8>
    82622020:	d5033fbf 	dmb	sy
    82622024:	f9400661 	ldr	x1, [x19, #8]
    82622028:	528001c2 	mov	w2, #0xe                   	// #14
    8262202c:	52800443 	mov	w3, #0x22                  	// #34
    82622030:	3900b822 	strb	w2, [x1, #46]
    82622034:	29418a81 	ldp	w1, w2, [x20, #12]
    82622038:	7100083f 	cmp	w1, #0x2
    8262203c:	52800041 	mov	w1, #0x2                   	// #2
    82622040:	1a833021 	csel	w1, w1, w3, cc  // cc = lo, ul, last
    82622044:	b9400a83 	ldr	w3, [x20, #8]
    82622048:	7100047f 	cmp	w3, #0x1
    8262204c:	54000041 	b.ne	82622054 <sdhci_send_command+0x1dc>  // b.any
    82622050:	321c0021 	orr	w1, w1, #0x10
    82622054:	b940a263 	ldr	w3, [x19, #160]
    82622058:	f240087f 	tst	x3, #0x7
    8262205c:	54000040 	b.eq	82622064 <sdhci_send_command+0x1ec>  // b.none
    82622060:	32000021 	orr	w1, w1, #0x1
    82622064:	12002c42 	and	w2, w2, #0xfff
    82622068:	32140842 	orr	w2, w2, #0x7000
    8262206c:	d5033fbf 	dmb	sy
    82622070:	f9400663 	ldr	x3, [x19, #8]
    82622074:	79000862 	strh	w2, [x3, #4]
    82622078:	79401a83 	ldrh	w3, [x20, #12]
    8262207c:	d5033fbf 	dmb	sy
    82622080:	f9400662 	ldr	x2, [x19, #8]
    82622084:	12003c21 	and	w1, w1, #0xffff
    82622088:	79000c43 	strh	w3, [x2, #6]
    8262208c:	d5033fbf 	dmb	sy
    82622090:	f9400662 	ldr	x2, [x19, #8]
    82622094:	79001841 	strh	w1, [x2, #12]
    82622098:	b9400aa2 	ldr	w2, [x21, #8]
    8262209c:	d5033fbf 	dmb	sy
    826220a0:	f9400661 	ldr	x1, [x19, #8]
    826220a4:	b9000822 	str	w2, [x1, #8]
    826220a8:	794002a1 	ldrh	w1, [x21]
    826220ac:	53181c21 	ubfiz	w1, w1, #8, #8
    826220b0:	2a010000 	orr	w0, w0, w1
    826220b4:	12003c00 	and	w0, w0, #0xffff
    826220b8:	d5033fbf 	dmb	sy
    826220bc:	f9400661 	ldr	x1, [x19, #8]
    826220c0:	79001c20 	strh	w0, [x1, #14]
    826220c4:	d2800000 	mov	x0, #0x0                   	// #0
    826220c8:	97ffe8dd 	bl	8261c43c <get_timer>
    826220cc:	aa0003f9 	mov	x25, x0
    826220d0:	f9400660 	ldr	x0, [x19, #8]
    826220d4:	b9403018 	ldr	w24, [x0, #48]
    826220d8:	d5033fbf 	dmb	sy
    826220dc:	36780478 	tbz	w24, #15, 82622168 <sdhci_send_command+0x2f0>
    826220e0:	321102c0 	orr	w0, w22, #0x8000
    826220e4:	0a180018 	and	w24, w0, w24
    826220e8:	6b16031f 	cmp	w24, w22
    826220ec:	54000620 	b.eq	826221b0 <sdhci_send_command+0x338>  // b.none
    826220f0:	12800014 	mov	w20, #0xffffffff            	// #-1
    826220f4:	b9401260 	ldr	w0, [x19, #16]
    826220f8:	36300060 	tbz	w0, #6, 82622104 <sdhci_send_command+0x28c>
    826220fc:	d2807d00 	mov	x0, #0x3e8                 	// #1000
    82622100:	97ffe8fa 	bl	8261c4e8 <udelay>
    82622104:	f9400660 	ldr	x0, [x19, #8]
    82622108:	b9403015 	ldr	w21, [x0, #48]
    8262210c:	d5033fbf 	dmb	sy
    82622110:	d5033fbf 	dmb	sy
    82622114:	f9400660 	ldr	x0, [x19, #8]
    82622118:	12800001 	mov	w1, #0xffffffff            	// #-1
    8262211c:	b9003001 	str	w1, [x0, #48]
    82622120:	34000314 	cbz	w20, 82622180 <sdhci_send_command+0x308>
    82622124:	aa1303e0 	mov	x0, x19
    82622128:	52800041 	mov	w1, #0x2                   	// #2
    8262212c:	97ffff20 	bl	82621dac <sdhci_reset>
    82622130:	aa1303e0 	mov	x0, x19
    82622134:	52800081 	mov	w1, #0x4                   	// #4
    82622138:	97ffff1d 	bl	82621dac <sdhci_reset>
    8262213c:	f27002bf 	tst	x21, #0x10000
    82622140:	12800da0 	mov	w0, #0xffffff92            	// #-110
    82622144:	128008a1 	mov	w1, #0xffffffba            	// #-70
    82622148:	1a811000 	csel	w0, w0, w1, ne  // ne = any
    8262214c:	17ffff9d 	b	82621fc0 <sdhci_send_command+0x148>
    82622150:	361ffa41 	tbz	w1, #3, 82622098 <sdhci_send_command+0x220>
    82622154:	d5033fbf 	dmb	sy
    82622158:	f9400661 	ldr	x1, [x19, #8]
    8262215c:	528001c2 	mov	w2, #0xe                   	// #14
    82622160:	3900b822 	strb	w2, [x1, #46]
    82622164:	17ffffcd 	b	82622098 <sdhci_send_command+0x220>
    82622168:	aa1903e0 	mov	x0, x25
    8262216c:	97ffe8b4 	bl	8261c43c <get_timer>
    82622170:	f10f9c1f 	cmp	x0, #0x3e7
    82622174:	54000189 	b.ls	826221a4 <sdhci_send_command+0x32c>  // b.plast
    82622178:	b9401260 	ldr	w0, [x19, #16]
    8262217c:	36100060 	tbz	w0, #2, 82622188 <sdhci_send_command+0x310>
    82622180:	52800000 	mov	w0, #0x0                   	// #0
    82622184:	17ffff8f 	b	82621fc0 <sdhci_send_command+0x148>
    82622188:	d0000001 	adrp	x1, 82624000 <blk_find_max_devnum+0x3c>
    8262218c:	f0000000 	adrp	x0, 82625000 <_ctype+0x35c>
    82622190:	9130c021 	add	x1, x1, #0xc30
    82622194:	912e5400 	add	x0, x0, #0xb95
    82622198:	97ffed6b 	bl	8261d744 <printf>
    8262219c:	12800da0 	mov	w0, #0xffffff92            	// #-110
    826221a0:	17ffff88 	b	82621fc0 <sdhci_send_command+0x148>
    826221a4:	6a3802df 	bics	wzr, w22, w24
    826221a8:	54fff941 	b.ne	826220d0 <sdhci_send_command+0x258>  // b.any
    826221ac:	17ffffcd 	b	826220e0 <sdhci_send_command+0x268>
    826221b0:	b94006a0 	ldr	w0, [x21, #4]
    826221b4:	360803c0 	tbz	w0, #1, 8262222c <sdhci_send_command+0x3b4>
    826221b8:	910032b5 	add	x21, x21, #0xc
    826221bc:	d2800381 	mov	x1, #0x1c                  	// #28
    826221c0:	52800000 	mov	w0, #0x0                   	// #0
    826221c4:	f9400662 	ldr	x2, [x19, #8]
    826221c8:	b8616842 	ldr	w2, [x2, x1]
    826221cc:	d5033fbf 	dmb	sy
    826221d0:	53185c42 	lsl	w2, w2, #8
    826221d4:	b90002a2 	str	w2, [x21]
    826221d8:	71000c1f 	cmp	w0, #0x3
    826221dc:	54000120 	b.eq	82622200 <sdhci_send_command+0x388>  // b.none
    826221e0:	f9400663 	ldr	x3, [x19, #8]
    826221e4:	d1000422 	sub	x2, x1, #0x1
    826221e8:	38626862 	ldrb	w2, [x3, x2]
    826221ec:	12001c43 	and	w3, w2, #0xff
    826221f0:	d5033fbf 	dmb	sy
    826221f4:	b94002a2 	ldr	w2, [x21]
    826221f8:	2a030042 	orr	w2, w2, w3
    826221fc:	b90002a2 	str	w2, [x21]
    82622200:	11000400 	add	w0, w0, #0x1
    82622204:	d1001021 	sub	x1, x1, #0x4
    82622208:	910012b5 	add	x21, x21, #0x4
    8262220c:	7100101f 	cmp	w0, #0x4
    82622210:	54fffda1 	b.ne	826221c4 <sdhci_send_command+0x34c>  // b.any
    82622214:	d5033fbf 	dmb	sy
    82622218:	f9400660 	ldr	x0, [x19, #8]
    8262221c:	b9003016 	str	w22, [x0, #48]
    82622220:	b5000114 	cbnz	x20, 82622240 <sdhci_send_command+0x3c8>
    82622224:	52800014 	mov	w20, #0x0                   	// #0
    82622228:	17ffffb3 	b	826220f4 <sdhci_send_command+0x27c>
    8262222c:	f9400660 	ldr	x0, [x19, #8]
    82622230:	b9401000 	ldr	w0, [x0, #16]
    82622234:	d5033fbf 	dmb	sy
    82622238:	b9000ea0 	str	w0, [x21, #12]
    8262223c:	17fffff6 	b	82622214 <sdhci_send_command+0x39c>
    82622240:	f9404e75 	ldr	x21, [x19, #152]
    82622244:	52884802 	mov	w2, #0x4240                	// #16960
    82622248:	52800019 	mov	w25, #0x0                   	// #0
    8262224c:	72a001e2 	movk	w2, #0xf, lsl #16
    82622250:	5280011a 	mov	w26, #0x8                   	// #8
    82622254:	5280061b 	mov	w27, #0x30                  	// #48
    82622258:	f9400660 	ldr	x0, [x19, #8]
    8262225c:	b9403018 	ldr	w24, [x0, #48]
    82622260:	d5033fbf 	dmb	sy
    82622264:	37780898 	tbnz	w24, #15, 82622374 <sdhci_send_command+0x4fc>
    82622268:	350002d9 	cbnz	w25, 826222c0 <sdhci_send_command+0x448>
    8262226c:	721c071f 	tst	w24, #0x30
    82622270:	54000280 	b.eq	826222c0 <sdhci_send_command+0x448>  // b.none
    82622274:	f9400660 	ldr	x0, [x19, #8]
    82622278:	b9402400 	ldr	w0, [x0, #36]
    8262227c:	d5033fbf 	dmb	sy
    82622280:	7216041f 	tst	w0, #0xc00
    82622284:	54000460 	b.eq	82622310 <sdhci_send_command+0x498>  // b.none
    82622288:	d5033fbf 	dmb	sy
    8262228c:	f9400660 	ldr	x0, [x19, #8]
    82622290:	b900301b 	str	w27, [x0, #48]
    82622294:	d2800000 	mov	x0, #0x0                   	// #0
    82622298:	b9401281 	ldr	w1, [x20, #16]
    8262229c:	f9400283 	ldr	x3, [x20]
    826222a0:	6b00003f 	cmp	w1, w0
    826222a4:	540003a8 	b.hi	82622318 <sdhci_send_command+0x4a0>  // b.pmore
    826222a8:	b9400e80 	ldr	w0, [x20, #12]
    826222ac:	8b214061 	add	x1, x3, w1, uxtw
    826222b0:	110006f7 	add	w23, w23, #0x1
    826222b4:	f9000281 	str	x1, [x20]
    826222b8:	6b0002ff 	cmp	w23, w0
    826222bc:	54000582 	b.cs	8262236c <sdhci_send_command+0x4f4>  // b.hs, b.nlast
    826222c0:	b940a260 	ldr	w0, [x19, #160]
    826222c4:	f240081f 	tst	x0, #0x7
    826222c8:	540001a0 	b.eq	826222fc <sdhci_send_command+0x484>  // b.none
    826222cc:	35000199 	cbnz	w25, 826222fc <sdhci_send_command+0x484>
    826222d0:	36180178 	tbz	w24, #3, 826222fc <sdhci_send_command+0x484>
    826222d4:	d5033fbf 	dmb	sy
    826222d8:	f9400660 	ldr	x0, [x19, #8]
    826222dc:	b900301a 	str	w26, [x0, #48]
    826222e0:	b940a260 	ldr	w0, [x19, #160]
    826222e4:	360000c0 	tbz	w0, #0, 826222fc <sdhci_send_command+0x484>
    826222e8:	926db2b5 	and	x21, x21, #0xfffffffffff80000
    826222ec:	914202b5 	add	x21, x21, #0x80, lsl #12
    826222f0:	d5033fbf 	dmb	sy
    826222f4:	f9400660 	ldr	x0, [x19, #8]
    826222f8:	b9000015 	str	w21, [x0]
    826222fc:	51000456 	sub	w22, w2, #0x1
    82622300:	34000282 	cbz	w2, 82622350 <sdhci_send_command+0x4d8>
    82622304:	d2800140 	mov	x0, #0xa                   	// #10
    82622308:	97ffe878 	bl	8261c4e8 <udelay>
    8262230c:	2a1603e2 	mov	w2, w22
    82622310:	360ffa58 	tbz	w24, #1, 82622258 <sdhci_send_command+0x3e0>
    82622314:	17ffffc4 	b	82622224 <sdhci_send_command+0x3ac>
    82622318:	b9400a81 	ldr	w1, [x20, #8]
    8262231c:	7100043f 	cmp	w1, #0x1
    82622320:	540000e1 	b.ne	8262233c <sdhci_send_command+0x4c4>  // b.any
    82622324:	f9400661 	ldr	x1, [x19, #8]
    82622328:	b9402021 	ldr	w1, [x1, #32]
    8262232c:	d5033fbf 	dmb	sy
    82622330:	b8206861 	str	w1, [x3, x0]
    82622334:	91001000 	add	x0, x0, #0x4
    82622338:	17ffffd8 	b	82622298 <sdhci_send_command+0x420>
    8262233c:	b8606863 	ldr	w3, [x3, x0]
    82622340:	d5033fbf 	dmb	sy
    82622344:	f9400661 	ldr	x1, [x19, #8]
    82622348:	b9002023 	str	w3, [x1, #32]
    8262234c:	17fffffa 	b	82622334 <sdhci_send_command+0x4bc>
    82622350:	d0000001 	adrp	x1, 82624000 <blk_find_max_devnum+0x3c>
    82622354:	f0000000 	adrp	x0, 82625000 <_ctype+0x35c>
    82622358:	91307021 	add	x1, x1, #0xc1c
    8262235c:	912ed400 	add	x0, x0, #0xbb5
    82622360:	12800db4 	mov	w20, #0xffffff92            	// #-110
    82622364:	97ffecf8 	bl	8261d744 <printf>
    82622368:	17ffff63 	b	826220f4 <sdhci_send_command+0x27c>
    8262236c:	52800039 	mov	w25, #0x1                   	// #1
    82622370:	17ffffe8 	b	82622310 <sdhci_send_command+0x498>
    82622374:	12800094 	mov	w20, #0xfffffffb            	// #-5
    82622378:	17ffff5f 	b	826220f4 <sdhci_send_command+0x27c>

000000008262237c <sdhci_set_clock.isra.0>:
    8262237c:	a9bd7bfd 	stp	x29, x30, [sp, #-48]!
    82622380:	910003fd 	mov	x29, sp
    82622384:	a90153f3 	stp	x19, x20, [sp, #16]
    82622388:	aa0003f4 	mov	x20, x0
    8262238c:	2a0103f3 	mov	w19, w1
    82622390:	f90013f5 	str	x21, [sp, #32]
    82622394:	52801935 	mov	w21, #0xc9                  	// #201
    82622398:	f9400680 	ldr	x0, [x20, #8]
    8262239c:	b9402400 	ldr	w0, [x0, #36]
    826223a0:	d5033fbf 	dmb	sy
    826223a4:	f240041f 	tst	x0, #0x3
    826223a8:	54000701 	b.ne	82622488 <sdhci_set_clock.isra.0+0x10c>  // b.any
    826223ac:	d5033fbf 	dmb	sy
    826223b0:	f9400680 	ldr	x0, [x20, #8]
    826223b4:	7900581f 	strh	wzr, [x0, #44]
    826223b8:	34000613 	cbz	w19, 82622478 <sdhci_set_clock.isra.0+0xfc>
    826223bc:	f9401a80 	ldr	x0, [x20, #48]
    826223c0:	b40000a0 	cbz	x0, 826223d4 <sdhci_set_clock.isra.0+0x58>
    826223c4:	f9401401 	ldr	x1, [x0, #40]
    826223c8:	b4000061 	cbz	x1, 826223d4 <sdhci_set_clock.isra.0+0x58>
    826223cc:	aa1403e0 	mov	x0, x20
    826223d0:	d63f0020 	blr	x1
    826223d4:	29430295 	ldp	w21, w0, [x20, #24]
    826223d8:	721f1ab5 	ands	w21, w21, #0xfe
    826223dc:	540008a0 	b.eq	826224f0 <sdhci_set_clock.isra.0+0x174>  // b.none
    826223e0:	b9402295 	ldr	w21, [x20, #32]
    826223e4:	340006d5 	cbz	w21, 826224bc <sdhci_set_clock.isra.0+0x140>
    826223e8:	52800022 	mov	w2, #0x1                   	// #1
    826223ec:	1ac20801 	udiv	w1, w0, w2
    826223f0:	6b01027f 	cmp	w19, w1
    826223f4:	54000082 	b.cs	82622404 <sdhci_set_clock.isra.0+0x88>  // b.hs, b.nlast
    826223f8:	11000442 	add	w2, w2, #0x1
    826223fc:	7110045f 	cmp	w2, #0x401
    82622400:	54ffff61 	b.ne	826223ec <sdhci_set_clock.isra.0+0x70>  // b.any
    82622404:	51000453 	sub	w19, w2, #0x1
    82622408:	52800415 	mov	w21, #0x20                  	// #32
    8262240c:	f9401a80 	ldr	x0, [x20, #48]
    82622410:	b40000c0 	cbz	x0, 82622428 <sdhci_set_clock.isra.0+0xac>
    82622414:	f9400c02 	ldr	x2, [x0, #24]
    82622418:	b4000082 	cbz	x2, 82622428 <sdhci_set_clock.isra.0+0xac>
    8262241c:	2a1303e1 	mov	w1, w19
    82622420:	aa1403e0 	mov	x0, x20
    82622424:	d63f0040 	blr	x2
    82622428:	53087e62 	lsr	w2, w19, #8
    8262242c:	531a0442 	ubfiz	w2, w2, #6, #2
    82622430:	2a150055 	orr	w21, w2, w21
    82622434:	53181e62 	ubfiz	w2, w19, #8, #8
    82622438:	32000042 	orr	w2, w2, #0x1
    8262243c:	2a150042 	orr	w2, w2, w21
    82622440:	12003c42 	and	w2, w2, #0xffff
    82622444:	d5033fbf 	dmb	sy
    82622448:	f9400680 	ldr	x0, [x20, #8]
    8262244c:	528002b3 	mov	w19, #0x15                  	// #21
    82622450:	79005802 	strh	w2, [x0, #44]
    82622454:	f9400680 	ldr	x0, [x20, #8]
    82622458:	79405800 	ldrh	w0, [x0, #44]
    8262245c:	12003c00 	and	w0, w0, #0xffff
    82622460:	d5033fbf 	dmb	sy
    82622464:	36080580 	tbz	w0, #1, 82622514 <sdhci_set_clock.isra.0+0x198>
    82622468:	321e0000 	orr	w0, w0, #0x4
    8262246c:	d5033fbf 	dmb	sy
    82622470:	f9400681 	ldr	x1, [x20, #8]
    82622474:	79005820 	strh	w0, [x1, #44]
    82622478:	a94153f3 	ldp	x19, x20, [sp, #16]
    8262247c:	f94013f5 	ldr	x21, [sp, #32]
    82622480:	a8c37bfd 	ldp	x29, x30, [sp], #48
    82622484:	d65f03c0 	ret
    82622488:	710006b5 	subs	w21, w21, #0x1
    8262248c:	54000121 	b.ne	826224b0 <sdhci_set_clock.isra.0+0x134>  // b.any
    82622490:	d0000001 	adrp	x1, 82624000 <blk_find_max_devnum+0x3c>
    82622494:	f0000000 	adrp	x0, 82625000 <_ctype+0x35c>
    82622498:	91310c21 	add	x1, x1, #0xc43
    8262249c:	912f4000 	add	x0, x0, #0xbd0
    826224a0:	a94153f3 	ldp	x19, x20, [sp, #16]
    826224a4:	f94013f5 	ldr	x21, [sp, #32]
    826224a8:	a8c37bfd 	ldp	x29, x30, [sp], #48
    826224ac:	17ffeca6 	b	8261d744 <printf>
    826224b0:	d2800c80 	mov	x0, #0x64                  	// #100
    826224b4:	97ffe80d 	bl	8261c4e8 <udelay>
    826224b8:	17ffffb8 	b	82622398 <sdhci_set_clock.isra.0+0x1c>
    826224bc:	6b00027f 	cmp	w19, w0
    826224c0:	54000142 	b.cs	826224e8 <sdhci_set_clock.isra.0+0x16c>  // b.hs, b.nlast
    826224c4:	52800042 	mov	w2, #0x2                   	// #2
    826224c8:	1ac20801 	udiv	w1, w0, w2
    826224cc:	6b01027f 	cmp	w19, w1
    826224d0:	54000082 	b.cs	826224e0 <sdhci_set_clock.isra.0+0x164>  // b.hs, b.nlast
    826224d4:	11000842 	add	w2, w2, #0x2
    826224d8:	711ff85f 	cmp	w2, #0x7fe
    826224dc:	54ffff61 	b.ne	826224c8 <sdhci_set_clock.isra.0+0x14c>  // b.any
    826224e0:	53017c53 	lsr	w19, w2, #1
    826224e4:	17ffffca 	b	8262240c <sdhci_set_clock.isra.0+0x90>
    826224e8:	52800022 	mov	w2, #0x1                   	// #1
    826224ec:	17fffffd 	b	826224e0 <sdhci_set_clock.isra.0+0x164>
    826224f0:	52800101 	mov	w1, #0x8                   	// #8
    826224f4:	52800022 	mov	w2, #0x1                   	// #1
    826224f8:	1ac20803 	udiv	w3, w0, w2
    826224fc:	6b03027f 	cmp	w19, w3
    82622500:	54ffff02 	b.cs	826224e0 <sdhci_set_clock.isra.0+0x164>  // b.hs, b.nlast
    82622504:	531f7842 	lsl	w2, w2, #1
    82622508:	71000421 	subs	w1, w1, #0x1
    8262250c:	54ffff61 	b.ne	826224f8 <sdhci_set_clock.isra.0+0x17c>  // b.any
    82622510:	17fffff4 	b	826224e0 <sdhci_set_clock.isra.0+0x164>
    82622514:	71000673 	subs	w19, w19, #0x1
    82622518:	540000c1 	b.ne	82622530 <sdhci_set_clock.isra.0+0x1b4>  // b.any
    8262251c:	d0000001 	adrp	x1, 82624000 <blk_find_max_devnum+0x3c>
    82622520:	f0000000 	adrp	x0, 82625000 <_ctype+0x35c>
    82622524:	91310c21 	add	x1, x1, #0xc43
    82622528:	912fe000 	add	x0, x0, #0xbf8
    8262252c:	17ffffdd 	b	826224a0 <sdhci_set_clock.isra.0+0x124>
    82622530:	d2807d00 	mov	x0, #0x3e8                 	// #1000
    82622534:	97ffe7ed 	bl	8261c4e8 <udelay>
    82622538:	17ffffc7 	b	82622454 <sdhci_set_clock.isra.0+0xd8>

000000008262253c <sdhci_set_ios>:
    8262253c:	a9be7bfd 	stp	x29, x30, [sp, #-32]!
    82622540:	910003fd 	mov	x29, sp
    82622544:	a90153f3 	stp	x19, x20, [sp, #16]
    82622548:	97fffcf2 	bl	82621910 <mmc_get_mmc_dev>
    8262254c:	aa0003f4 	mov	x20, x0
    82622550:	f9400813 	ldr	x19, [x0, #16]
    82622554:	f9401a60 	ldr	x0, [x19, #48]
    82622558:	b40000a0 	cbz	x0, 8262256c <sdhci_set_ios+0x30>
    8262255c:	f9400401 	ldr	x1, [x0, #8]
    82622560:	b4000061 	cbz	x1, 8262256c <sdhci_set_ios+0x30>
    82622564:	aa1303e0 	mov	x0, x19
    82622568:	d63f0020 	blr	x1
    8262256c:	b9402660 	ldr	w0, [x19, #36]
    82622570:	b9402a81 	ldr	w1, [x20, #40]
    82622574:	6b00003f 	cmp	w1, w0
    82622578:	54000060 	b.eq	82622584 <sdhci_set_ios+0x48>  // b.none
    8262257c:	f9400a80 	ldr	x0, [x20, #16]
    82622580:	97ffff7f 	bl	8262237c <sdhci_set_clock.isra.0>
    82622584:	39408280 	ldrb	w0, [x20, #32]
    82622588:	34000080 	cbz	w0, 82622598 <sdhci_set_ios+0x5c>
    8262258c:	f9400a80 	ldr	x0, [x20, #16]
    82622590:	52800001 	mov	w1, #0x0                   	// #0
    82622594:	97ffff7a 	bl	8262237c <sdhci_set_clock.isra.0>
    82622598:	f9400660 	ldr	x0, [x19, #8]
    8262259c:	3940a001 	ldrb	w1, [x0, #40]
    826225a0:	12001c21 	and	w1, w1, #0xff
    826225a4:	d5033fbf 	dmb	sy
    826225a8:	b9402684 	ldr	w4, [x20, #36]
    826225ac:	2a0103e2 	mov	w2, w1
    826225b0:	b9401260 	ldr	w0, [x19, #16]
    826225b4:	b9401a63 	ldr	w3, [x19, #24]
    826225b8:	7100209f 	cmp	w4, #0x8
    826225bc:	54000401 	b.ne	8262263c <sdhci_set_ios+0x100>  // b.any
    826225c0:	121f1863 	and	w3, w3, #0xfe
    826225c4:	12180002 	and	w2, w0, #0x100
    826225c8:	121e7821 	and	w1, w1, #0xfffffffd
    826225cc:	2a020063 	orr	w3, w3, w2
    826225d0:	34000043 	cbz	w3, 826225d8 <sdhci_set_ios+0x9c>
    826225d4:	321b0021 	orr	w1, w1, #0x20
    826225d8:	b9402a84 	ldr	w4, [x20, #40]
    826225dc:	52975003 	mov	w3, #0xba80                	// #47744
    826225e0:	321e0022 	orr	w2, w1, #0x4
    826225e4:	72a03183 	movk	w3, #0x18c, lsl #16
    826225e8:	121d7821 	and	w1, w1, #0xfffffffb
    826225ec:	6b03009f 	cmp	w4, w3
    826225f0:	1a829021 	csel	w1, w1, w2, ls  // ls = plast
    826225f4:	52800502 	mov	w2, #0x28                  	// #40
    826225f8:	6a02001f 	tst	w0, w2
    826225fc:	54000040 	b.eq	82622604 <sdhci_set_ios+0xc8>  // b.none
    82622600:	121d7821 	and	w1, w1, #0xfffffffb
    82622604:	12001c21 	and	w1, w1, #0xff
    82622608:	d5033fbf 	dmb	sy
    8262260c:	f9400660 	ldr	x0, [x19, #8]
    82622610:	3900a001 	strb	w1, [x0, #40]
    82622614:	f9401a60 	ldr	x0, [x19, #48]
    82622618:	b40000a0 	cbz	x0, 8262262c <sdhci_set_ios+0xf0>
    8262261c:	f9400801 	ldr	x1, [x0, #16]
    82622620:	b4000061 	cbz	x1, 8262262c <sdhci_set_ios+0xf0>
    82622624:	aa1303e0 	mov	x0, x19
    82622628:	d63f0020 	blr	x1
    8262262c:	52800000 	mov	w0, #0x0                   	// #0
    82622630:	a94153f3 	ldp	x19, x20, [sp, #16]
    82622634:	a8c27bfd 	ldp	x29, x30, [sp], #32
    82622638:	d65f03c0 	ret
    8262263c:	121f1863 	and	w3, w3, #0xfe
    82622640:	12180001 	and	w1, w0, #0x100
    82622644:	2a010063 	orr	w3, w3, w1
    82622648:	34000043 	cbz	w3, 82622650 <sdhci_set_ios+0x114>
    8262264c:	121a7842 	and	w2, w2, #0xffffffdf
    82622650:	321f0043 	orr	w3, w2, #0x2
    82622654:	121e7841 	and	w1, w2, #0xfffffffd
    82622658:	7100109f 	cmp	w4, #0x4
    8262265c:	1a831021 	csel	w1, w1, w3, ne  // ne = any
    82622660:	17ffffde 	b	826225d8 <sdhci_set_ios+0x9c>

0000000082622664 <sdhci_probe>:
    82622664:	a9bd7bfd 	stp	x29, x30, [sp, #-48]!
    82622668:	910003fd 	mov	x29, sp
    8262266c:	a90153f3 	stp	x19, x20, [sp, #16]
    82622670:	f90013f5 	str	x21, [sp, #32]
    82622674:	97fffca7 	bl	82621910 <mmc_get_mmc_dev>
    82622678:	f9400813 	ldr	x19, [x0, #16]
    8262267c:	aa0003f4 	mov	x20, x0
    82622680:	52800021 	mov	w1, #0x1                   	// #1
    82622684:	aa1303e0 	mov	x0, x19
    82622688:	97fffdc9 	bl	82621dac <sdhci_reset>
    8262268c:	b9401260 	ldr	w0, [x19, #16]
    82622690:	36000260 	tbz	w0, #0, 826226dc <sdhci_probe+0x78>
    82622694:	d00000f5 	adrp	x21, 82640000 <pmc>
    82622698:	f941b2a0 	ldr	x0, [x21, #864]
    8262269c:	b5000200 	cbnz	x0, 826226dc <sdhci_probe+0x78>
    826226a0:	d2a00101 	mov	x1, #0x80000               	// #524288
    826226a4:	d2800100 	mov	x0, #0x8                   	// #8
    826226a8:	97ffd795 	bl	826184fc <memalign_simple>
    826226ac:	f901b2a0 	str	x0, [x21, #864]
    826226b0:	b5000160 	cbnz	x0, 826226dc <sdhci_probe+0x78>
    826226b4:	d0000001 	adrp	x1, 82624000 <blk_find_max_devnum+0x3c>
    826226b8:	f0000000 	adrp	x0, 82625000 <_ctype+0x35c>
    826226bc:	91317c21 	add	x1, x1, #0xc5f
    826226c0:	912c5400 	add	x0, x0, #0xb15
    826226c4:	97ffec20 	bl	8261d744 <printf>
    826226c8:	12800160 	mov	w0, #0xfffffff4            	// #-12
    826226cc:	a94153f3 	ldp	x19, x20, [sp, #16]
    826226d0:	f94013f5 	ldr	x21, [sp, #32]
    826226d4:	a8c37bfd 	ldp	x29, x30, [sp], #48
    826226d8:	d65f03c0 	ret
    826226dc:	f9400280 	ldr	x0, [x20]
    826226e0:	b9400c00 	ldr	w0, [x0, #12]
    826226e4:	34000260 	cbz	w0, 82622730 <sdhci_probe+0xcc>
    826226e8:	72103c1f 	tst	w0, #0xffff0000
    826226ec:	54000681 	b.ne	826227bc <sdhci_probe+0x158>  // b.any
    826226f0:	53103c00 	lsl	w0, w0, #16
    826226f4:	52800201 	mov	w1, #0x10                  	// #16
    826226f8:	72081c1f 	tst	w0, #0xff000000
    826226fc:	54000061 	b.ne	82622708 <sdhci_probe+0xa4>  // b.any
    82622700:	53185c00 	lsl	w0, w0, #8
    82622704:	51002021 	sub	w1, w1, #0x8
    82622708:	72040c1f 	tst	w0, #0xf0000000
    8262270c:	54000061 	b.ne	82622718 <sdhci_probe+0xb4>  // b.any
    82622710:	531c6c00 	lsl	w0, w0, #4
    82622714:	51001021 	sub	w1, w1, #0x4
    82622718:	7202041f 	tst	w0, #0xc0000000
    8262271c:	54000541 	b.ne	826227c4 <sdhci_probe+0x160>  // b.any
    82622720:	531e7402 	lsl	w2, w0, #2
    82622724:	51000820 	sub	w0, w1, #0x2
    82622728:	2a2203e2 	mvn	w2, w2
    8262272c:	4b427c00 	sub	w0, w0, w2, lsr #31
    82622730:	51000400 	sub	w0, w0, #0x1
    82622734:	529fffe2 	mov	w2, #0xffff                	// #65535
    82622738:	12003c01 	and	w1, w0, #0xffff
    8262273c:	6b20205f 	cmp	w2, w0, uxth
    82622740:	54000180 	b.eq	82622770 <sdhci_probe+0x10c>  // b.none
    82622744:	52800020 	mov	w0, #0x1                   	// #1
    82622748:	1ac12000 	lsl	w0, w0, w1
    8262274c:	7100483f 	cmp	w1, #0x12
    82622750:	540004a0 	b.eq	826227e4 <sdhci_probe+0x180>  // b.none
    82622754:	7141001f 	cmp	w0, #0x40, lsl #12
    82622758:	540003cc 	b.gt	826227d0 <sdhci_probe+0x16c>
    8262275c:	71001c3f 	cmp	w1, #0x7
    82622760:	540004e0 	b.eq	826227fc <sdhci_probe+0x198>  // b.none
    82622764:	7100443f 	cmp	w1, #0x11
    82622768:	52800180 	mov	w0, #0xc                   	// #12
    8262276c:	540003e0 	b.eq	826227e8 <sdhci_probe+0x184>  // b.none
    82622770:	d5033fbf 	dmb	sy
    82622774:	f9400660 	ldr	x0, [x19, #8]
    82622778:	3900a41f 	strb	wzr, [x0, #41]
    8262277c:	f9401a60 	ldr	x0, [x19, #48]
    82622780:	b40000a0 	cbz	x0, 82622794 <sdhci_probe+0x130>
    82622784:	f9400001 	ldr	x1, [x0]
    82622788:	b4000061 	cbz	x1, 82622794 <sdhci_probe+0x130>
    8262278c:	aa1303e0 	mov	x0, x19
    82622790:	d63f0020 	blr	x1
    82622794:	d5033fbf 	dmb	sy
    82622798:	f9400660 	ldr	x0, [x19, #8]
    8262279c:	52800761 	mov	w1, #0x3b                  	// #59
    826227a0:	72a04fe1 	movk	w1, #0x27f, lsl #16
    826227a4:	b9003401 	str	w1, [x0, #52]
    826227a8:	d5033fbf 	dmb	sy
    826227ac:	f9400660 	ldr	x0, [x19, #8]
    826227b0:	b900381f 	str	wzr, [x0, #56]
    826227b4:	52800000 	mov	w0, #0x0                   	// #0
    826227b8:	17ffffc5 	b	826226cc <sdhci_probe+0x68>
    826227bc:	52800401 	mov	w1, #0x20                  	// #32
    826227c0:	17ffffce 	b	826226f8 <sdhci_probe+0x94>
    826227c4:	2a0003e2 	mov	w2, w0
    826227c8:	2a0103e0 	mov	w0, w1
    826227cc:	17ffffd7 	b	82622728 <sdhci_probe+0xc4>
    826227d0:	528001c0 	mov	w0, #0xe                   	// #14
    826227d4:	7100503f 	cmp	w1, #0x14
    826227d8:	54000080 	b.eq	826227e8 <sdhci_probe+0x184>  // b.none
    826227dc:	7100543f 	cmp	w1, #0x15
    826227e0:	17ffffe3 	b	8262276c <sdhci_probe+0x108>
    826227e4:	52800180 	mov	w0, #0xc                   	// #12
    826227e8:	32000000 	orr	w0, w0, #0x1
    826227ec:	d5033fbf 	dmb	sy
    826227f0:	f9400661 	ldr	x1, [x19, #8]
    826227f4:	3900a420 	strb	w0, [x1, #41]
    826227f8:	17ffffe1 	b	8262277c <sdhci_probe+0x118>
    826227fc:	52800140 	mov	w0, #0xa                   	// #10
    82622800:	17fffffa 	b	826227e8 <sdhci_probe+0x184>

0000000082622804 <sdhci_setup_cfg>:
    82622804:	f9400424 	ldr	x4, [x1, #8]
    82622808:	b9404086 	ldr	w6, [x4, #64]
    8262280c:	d5033fbf 	dmb	sy
    82622810:	b9401025 	ldr	w5, [x1, #16]
    82622814:	f9400424 	ldr	x4, [x1, #8]
    82622818:	36080545 	tbz	w5, #1, 826228c0 <sdhci_setup_cfg+0xbc>
    8262281c:	b940fc84 	ldr	w4, [x4, #252]
    82622820:	d5033fbf 	dmb	sy
    82622824:	53107c84 	lsr	w4, w4, #16
    82622828:	b9001824 	str	w4, [x1, #24]
    8262282c:	f9400024 	ldr	x4, [x1]
    82622830:	f9000004 	str	x4, [x0]
    82622834:	b9401824 	ldr	w4, [x1, #24]
    82622838:	721f1884 	ands	w4, w4, #0xfe
    8262283c:	540000c0 	b.eq	82622854 <sdhci_setup_cfg+0x50>  // b.none
    82622840:	f9400424 	ldr	x4, [x1, #8]
    82622844:	b9404484 	ldr	w4, [x4, #68]
    82622848:	d5033fbf 	dmb	sy
    8262284c:	d3505c85 	ubfx	x5, x4, #16, #8
    82622850:	b9002025 	str	w5, [x1, #32]
    82622854:	b9401c25 	ldr	w5, [x1, #28]
    82622858:	350001c5 	cbnz	w5, 82622890 <sdhci_setup_cfg+0x8c>
    8262285c:	b9401828 	ldr	w8, [x1, #24]
    82622860:	d3483cc7 	ubfx	x7, x6, #8, #8
    82622864:	d34834c5 	ubfx	x5, x6, #8, #6
    82622868:	721f191f 	tst	w8, #0xfe
    8262286c:	b9402028 	ldr	w8, [x1, #32]
    82622870:	1a8700a5 	csel	w5, w5, w7, eq  // eq = none
    82622874:	52884807 	mov	w7, #0x4240                	// #16960
    82622878:	72a001e7 	movk	w7, #0xf, lsl #16
    8262287c:	7100011f 	cmp	w8, #0x0
    82622880:	1b077ca5 	mul	w5, w5, w7
    82622884:	1b087ca7 	mul	w7, w5, w8
    82622888:	1a8510e5 	csel	w5, w7, w5, ne  // ne = any
    8262288c:	b9001c25 	str	w5, [x1, #28]
    82622890:	b9401c25 	ldr	w5, [x1, #28]
    82622894:	350001e5 	cbnz	w5, 826228d0 <sdhci_setup_cfg+0xcc>
    82622898:	a9bf7bfd 	stp	x29, x30, [sp, #-16]!
    8262289c:	d0000001 	adrp	x1, 82624000 <blk_find_max_devnum+0x3c>
    826228a0:	f0000000 	adrp	x0, 82625000 <_ctype+0x35c>
    826228a4:	910003fd 	mov	x29, sp
    826228a8:	91303021 	add	x1, x1, #0xc0c
    826228ac:	91307800 	add	x0, x0, #0xc1e
    826228b0:	97ffeba5 	bl	8261d744 <printf>
    826228b4:	128002a0 	mov	w0, #0xffffffea            	// #-22
    826228b8:	a8c17bfd 	ldp	x29, x30, [sp], #16
    826228bc:	d65f03c0 	ret
    826228c0:	7941fc84 	ldrh	w4, [x4, #254]
    826228c4:	12003c84 	and	w4, w4, #0xffff
    826228c8:	d5033fbf 	dmb	sy
    826228cc:	17ffffd7 	b	82622828 <sdhci_setup_cfg+0x24>
    826228d0:	34000062 	cbz	w2, 826228dc <sdhci_setup_cfg+0xd8>
    826228d4:	6b0200bf 	cmp	w5, w2
    826228d8:	1a8290a5 	csel	w5, w5, w2, ls  // ls = plast
    826228dc:	b9001405 	str	w5, [x0, #20]
    826228e0:	34000823 	cbz	w3, 826229e4 <sdhci_setup_cfg+0x1e0>
    826228e4:	b9001003 	str	w3, [x0, #16]
    826228e8:	f26800df 	tst	x6, #0x1000000
    826228ec:	52a00602 	mov	w2, #0x300000              	// #3145728
    826228f0:	1a8203e2 	csel	w2, wzr, w2, eq  // eq = none
    826228f4:	b9000c02 	str	w2, [x0, #12]
    826228f8:	36c80066 	tbz	w6, #25, 82622904 <sdhci_setup_cfg+0x100>
    826228fc:	320f0442 	orr	w2, w2, #0x60000
    82622900:	b9000c02 	str	w2, [x0, #12]
    82622904:	36d00086 	tbz	w6, #26, 82622914 <sdhci_setup_cfg+0x110>
    82622908:	b9400c02 	ldr	w2, [x0, #12]
    8262290c:	32190042 	orr	w2, w2, #0x80
    82622910:	b9000c02 	str	w2, [x0, #12]
    82622914:	b9401022 	ldr	w2, [x1, #16]
    82622918:	362000a2 	tbz	w2, #4, 8262292c <sdhci_setup_cfg+0x128>
    8262291c:	b9400c02 	ldr	w2, [x0, #12]
    82622920:	b9407023 	ldr	w3, [x1, #112]
    82622924:	2a030042 	orr	w2, w2, w3
    82622928:	b9000c02 	str	w2, [x0, #12]
    8262292c:	b9400802 	ldr	w2, [x0, #8]
    82622930:	52800383 	mov	w3, #0x1c                  	// #28
    82622934:	72a40003 	movk	w3, #0x2000, lsl #16
    82622938:	2a030045 	orr	w5, w2, w3
    8262293c:	b9000805 	str	w5, [x0, #8]
    82622940:	b9401825 	ldr	w5, [x1, #24]
    82622944:	721f18bf 	tst	w5, #0xfe
    82622948:	540000a0 	b.eq	8262295c <sdhci_setup_cfg+0x158>  // b.none
    8262294c:	37900086 	tbnz	w6, #18, 8262295c <sdhci_setup_cfg+0x158>
    82622950:	12017842 	and	w2, w2, #0xbfffffff
    82622954:	2a030042 	orr	w2, w2, w3
    82622958:	b9000802 	str	w2, [x0, #8]
    8262295c:	b9401022 	ldr	w2, [x1, #16]
    82622960:	36280082 	tbz	w2, #5, 82622970 <sdhci_setup_cfg+0x16c>
    82622964:	b9400802 	ldr	w2, [x0, #8]
    82622968:	121b7042 	and	w2, w2, #0xffffffe3
    8262296c:	b9000802 	str	w2, [x0, #8]
    82622970:	b9401822 	ldr	w2, [x1, #24]
    82622974:	721f185f 	tst	w2, #0xfe
    82622978:	54000080 	b.eq	82622988 <sdhci_setup_cfg+0x184>  // b.none
    8262297c:	f9400422 	ldr	x2, [x1, #8]
    82622980:	b9404444 	ldr	w4, [x2, #68]
    82622984:	d5033fbf 	dmb	sy
    82622988:	b9400c02 	ldr	w2, [x0, #12]
    8262298c:	36380062 	tbz	w2, #7, 82622998 <sdhci_setup_cfg+0x194>
    82622990:	b9401022 	ldr	w2, [x1, #16]
    82622994:	364803a2 	tbz	w2, #9, 82622a08 <sdhci_setup_cfg+0x204>
    82622998:	121d7084 	and	w4, w4, #0xfffffff8
    8262299c:	36080424 	tbz	w4, #1, 82622a20 <sdhci_setup_cfg+0x21c>
    826229a0:	b9400802 	ldr	w2, [x0, #8]
    826229a4:	5281a003 	mov	w3, #0xd00                 	// #3328
    826229a8:	2a030042 	orr	w2, w2, w3
    826229ac:	b9000802 	str	w2, [x0, #8]
    826229b0:	36100084 	tbz	w4, #2, 826229c0 <sdhci_setup_cfg+0x1bc>
    826229b4:	b9400802 	ldr	w2, [x0, #8]
    826229b8:	32170042 	orr	w2, w2, #0x200
    826229bc:	b9000802 	str	w2, [x0, #8]
    826229c0:	b9401422 	ldr	w2, [x1, #20]
    826229c4:	34000082 	cbz	w2, 826229d4 <sdhci_setup_cfg+0x1d0>
    826229c8:	b9400801 	ldr	w1, [x0, #8]
    826229cc:	2a020021 	orr	w1, w1, w2
    826229d0:	b9000801 	str	w1, [x0, #8]
    826229d4:	529fffe1 	mov	w1, #0xffff                	// #65535
    826229d8:	b9001801 	str	w1, [x0, #24]
    826229dc:	52800000 	mov	w0, #0x0                   	// #0
    826229e0:	d65f03c0 	ret
    826229e4:	b9401822 	ldr	w2, [x1, #24]
    826229e8:	721f185f 	tst	w2, #0xfe
    826229ec:	540000a0 	b.eq	82622a00 <sdhci_setup_cfg+0x1fc>  // b.none
    826229f0:	5280ffc2 	mov	w2, #0x7fe                 	// #2046
    826229f4:	1ac208a5 	udiv	w5, w5, w2
    826229f8:	b9001005 	str	w5, [x0, #16]
    826229fc:	17ffffbb 	b	826228e8 <sdhci_setup_cfg+0xe4>
    82622a00:	53087ca5 	lsr	w5, w5, #8
    82622a04:	17fffffd 	b	826229f8 <sdhci_setup_cfg+0x1f4>
    82622a08:	f240089f 	tst	x4, #0x7
    82622a0c:	54fffc80 	b.eq	8262299c <sdhci_setup_cfg+0x198>  // b.none
    82622a10:	b9400802 	ldr	w2, [x0, #8]
    82622a14:	321a0442 	orr	w2, w2, #0xc0
    82622a18:	b9000802 	str	w2, [x0, #8]
    82622a1c:	17ffffe0 	b	8262299c <sdhci_setup_cfg+0x198>
    82622a20:	3607fc84 	tbz	w4, #0, 826229b0 <sdhci_setup_cfg+0x1ac>
    82622a24:	b9400802 	ldr	w2, [x0, #8]
    82622a28:	32180042 	orr	w2, w2, #0x100
    82622a2c:	17ffffe0 	b	826229ac <sdhci_setup_cfg+0x1a8>

0000000082622a30 <sdhci_bind>:
    82622a30:	17fffc55 	b	82621b84 <mmc_bind>

0000000082622a34 <sdhci_bcmbca_probe>:
    82622a34:	a9b87bfd 	stp	x29, x30, [sp, #-128]!
    82622a38:	b0000021 	adrp	x1, 82627000 <multipliers+0x16ba>
    82622a3c:	910003fd 	mov	x29, sp
    82622a40:	a90153f3 	stp	x19, x20, [sp, #16]
    82622a44:	aa0003f4 	mov	x20, x0
    82622a48:	a9025bf5 	stp	x21, x22, [sp, #32]
    82622a4c:	f9001bf7 	str	x23, [sp, #48]
    82622a50:	f9421c22 	ldr	x2, [x1, #1080]
    82622a54:	f9003fe2 	str	x2, [sp, #120]
    82622a58:	d2800002 	mov	x2, #0x0                   	// #0
    82622a5c:	97ffef1c 	bl	8261e6cc <dev_get_uclass_priv>
    82622a60:	aa0003f6 	mov	x22, x0
    82622a64:	aa1403e0 	mov	x0, x20
    82622a68:	97ffef0d 	bl	8261e69c <dev_get_platdata>
    82622a6c:	aa0003f5 	mov	x21, x0
    82622a70:	aa1403e0 	mov	x0, x20
    82622a74:	97ffef13 	bl	8261e6c0 <dev_get_priv>
    82622a78:	aa0003f7 	mov	x23, x0
    82622a7c:	f9400680 	ldr	x0, [x20, #8]
    82622a80:	f0000001 	adrp	x1, 82625000 <_ctype+0x35c>
    82622a84:	f90002e0 	str	x0, [x23]
    82622a88:	910103e2 	add	x2, sp, #0x40
    82622a8c:	912a8c21 	add	x1, x1, #0xaa3
    82622a90:	f9401680 	ldr	x0, [x20, #40]
    82622a94:	97fff459 	bl	8261fbf8 <ofnode_read_resource_byname>
    82622a98:	340001a0 	cbz	w0, 82622acc <sdhci_bcmbca_probe+0x98>
    82622a9c:	2a0003f3 	mov	w19, w0
    82622aa0:	2a0003e1 	mov	w1, w0
    82622aa4:	f0000000 	adrp	x0, 82625000 <_ctype+0x35c>
    82622aa8:	912ab800 	add	x0, x0, #0xaae
    82622aac:	97ffeb26 	bl	8261d744 <printf>
    82622ab0:	b0000020 	adrp	x0, 82627000 <multipliers+0x16ba>
    82622ab4:	f9403fe1 	ldr	x1, [sp, #120]
    82622ab8:	f9421c02 	ldr	x2, [x0, #1080]
    82622abc:	eb020021 	subs	x1, x1, x2
    82622ac0:	d2800002 	mov	x2, #0x0                   	// #0
    82622ac4:	54000640 	b.eq	82622b8c <sdhci_bcmbca_probe+0x158>  // b.none
    82622ac8:	97ffbe4d 	bl	826123fc <__stack_chk_fail>
    82622acc:	b94012e0 	ldr	w0, [x23, #16]
    82622ad0:	f94023f3 	ldr	x19, [sp, #64]
    82622ad4:	321a0000 	orr	w0, w0, #0x40
    82622ad8:	f90006f3 	str	x19, [x23, #8]
    82622adc:	b90012e0 	str	w0, [x23, #16]
    82622ae0:	b140067f 	cmn	x19, #0x1, lsl #12
    82622ae4:	54fffe68 	b.hi	82622ab0 <sdhci_bcmbca_probe+0x7c>  // b.pmore
    82622ae8:	f9401680 	ldr	x0, [x20, #40]
    82622aec:	910103e2 	add	x2, sp, #0x40
    82622af0:	f0000001 	adrp	x1, 82625000 <_ctype+0x35c>
    82622af4:	912b7021 	add	x1, x1, #0xadc
    82622af8:	97fff440 	bl	8261fbf8 <ofnode_read_resource_byname>
    82622afc:	2a0003f3 	mov	w19, w0
    82622b00:	340000a0 	cbz	w0, 82622b14 <sdhci_bcmbca_probe+0xe0>
    82622b04:	2a0003e1 	mov	w1, w0
    82622b08:	f0000000 	adrp	x0, 82625000 <_ctype+0x35c>
    82622b0c:	912b9c00 	add	x0, x0, #0xae7
    82622b10:	17ffffe7 	b	82622aac <sdhci_bcmbca_probe+0x78>
    82622b14:	f94023f3 	ldr	x19, [sp, #64]
    82622b18:	b140067f 	cmn	x19, #0x1, lsl #12
    82622b1c:	54fffca8 	b.hi	82622ab0 <sdhci_bcmbca_probe+0x7c>  // b.pmore
    82622b20:	b9400660 	ldr	w0, [x19, #4]
    82622b24:	d5033fbf 	dmb	sy
    82622b28:	370002c0 	tbnz	w0, #0, 82622b80 <sdhci_bcmbca_probe+0x14c>
    82622b2c:	aa1503e1 	mov	x1, x21
    82622b30:	aa1403e0 	mov	x0, x20
    82622b34:	97fffad8 	bl	82621694 <mmc_of_parse>
    82622b38:	2a0003f3 	mov	w19, w0
    82622b3c:	35fffba0 	cbnz	w0, 82622ab0 <sdhci_bcmbca_probe+0x7c>
    82622b40:	52835003 	mov	w3, #0x1a80                	// #6784
    82622b44:	aa1703e1 	mov	x1, x23
    82622b48:	aa1503e0 	mov	x0, x21
    82622b4c:	72a000c3 	movk	w3, #0x6, lsl #16
    82622b50:	52800002 	mov	w2, #0x0                   	// #0
    82622b54:	97ffff2c 	bl	82622804 <sdhci_setup_cfg>
    82622b58:	2a0003f3 	mov	w19, w0
    82622b5c:	35fffaa0 	cbnz	w0, 82622ab0 <sdhci_bcmbca_probe+0x7c>
    82622b60:	910082b5 	add	x21, x21, #0x20
    82622b64:	f90002d5 	str	x21, [x22]
    82622b68:	f90016f5 	str	x21, [x23, #40]
    82622b6c:	aa1403e0 	mov	x0, x20
    82622b70:	f9000ab7 	str	x23, [x21, #16]
    82622b74:	97fffebc 	bl	82622664 <sdhci_probe>
    82622b78:	2a0003f3 	mov	w19, w0
    82622b7c:	17ffffcd 	b	82622ab0 <sdhci_bcmbca_probe+0x7c>
    82622b80:	d5033fbf 	dmb	sy
    82622b84:	b900027f 	str	wzr, [x19]
    82622b88:	17ffffe6 	b	82622b20 <sdhci_bcmbca_probe+0xec>
    82622b8c:	2a1303e0 	mov	w0, w19
    82622b90:	a94153f3 	ldp	x19, x20, [sp, #16]
    82622b94:	a9425bf5 	ldp	x21, x22, [sp, #32]
    82622b98:	f9401bf7 	ldr	x23, [sp, #48]
    82622b9c:	a8c87bfd 	ldp	x29, x30, [sp], #128
    82622ba0:	d65f03c0 	ret

0000000082622ba4 <sdhci_bcmbca_bind>:
    82622ba4:	a9be7bfd 	stp	x29, x30, [sp, #-32]!
    82622ba8:	910003fd 	mov	x29, sp
    82622bac:	f9000bf3 	str	x19, [sp, #16]
    82622bb0:	aa0003f3 	mov	x19, x0
    82622bb4:	97ffeeba 	bl	8261e69c <dev_get_platdata>
    82622bb8:	aa0003e2 	mov	x2, x0
    82622bbc:	91008001 	add	x1, x0, #0x20
    82622bc0:	aa1303e0 	mov	x0, x19
    82622bc4:	f9400bf3 	ldr	x19, [sp, #16]
    82622bc8:	a8c27bfd 	ldp	x29, x30, [sp], #32
    82622bcc:	17ffff99 	b	82622a30 <sdhci_bind>

0000000082622bd0 <_serial_putc>:
    82622bd0:	a9bd7bfd 	stp	x29, x30, [sp, #-48]!
    82622bd4:	910003fd 	mov	x29, sp
    82622bd8:	a90153f3 	stp	x19, x20, [sp, #16]
    82622bdc:	12001c34 	and	w20, w1, #0xff
    82622be0:	aa0003f3 	mov	x19, x0
    82622be4:	f90013f5 	str	x21, [sp, #32]
    82622be8:	f9400001 	ldr	x1, [x0]
    82622bec:	f9403435 	ldr	x21, [x1, #104]
    82622bf0:	71002a9f 	cmp	w20, #0xa
    82622bf4:	54000061 	b.ne	82622c00 <_serial_putc+0x30>  // b.any
    82622bf8:	528001a1 	mov	w1, #0xd                   	// #13
    82622bfc:	97fffff5 	bl	82622bd0 <_serial_putc>
    82622c00:	f9400aa2 	ldr	x2, [x21, #16]
    82622c04:	2a1403e1 	mov	w1, w20
    82622c08:	aa1303e0 	mov	x0, x19
    82622c0c:	d63f0040 	blr	x2
    82622c10:	31002c1f 	cmn	w0, #0xb
    82622c14:	54ffff60 	b.eq	82622c00 <_serial_putc+0x30>  // b.none
    82622c18:	a94153f3 	ldp	x19, x20, [sp, #16]
    82622c1c:	f94013f5 	ldr	x21, [sp, #32]
    82622c20:	a8c37bfd 	ldp	x29, x30, [sp], #48
    82622c24:	d65f03c0 	ret

0000000082622c28 <serial_post_probe>:
    82622c28:	f9400001 	ldr	x1, [x0]
    82622c2c:	f9403421 	ldr	x1, [x1, #104]
    82622c30:	f9400022 	ldr	x2, [x1]
    82622c34:	b4000082 	cbz	x2, 82622c44 <serial_post_probe+0x1c>
    82622c38:	b9401241 	ldr	w1, [x18, #16]
    82622c3c:	aa0203f0 	mov	x16, x2
    82622c40:	d61f0200 	br	x16
    82622c44:	52800000 	mov	w0, #0x0                   	// #0
    82622c48:	d65f03c0 	ret

0000000082622c4c <serial_pre_remove>:
    82622c4c:	52800000 	mov	w0, #0x0                   	// #0
    82622c50:	d65f03c0 	ret

0000000082622c54 <serial_init>:
    82622c54:	a9bc7bfd 	stp	x29, x30, [sp, #-64]!
    82622c58:	b0000020 	adrp	x0, 82627000 <multipliers+0x16ba>
    82622c5c:	910003fd 	mov	x29, sp
    82622c60:	a90153f3 	stp	x19, x20, [sp, #16]
    82622c64:	f90013f5 	str	x21, [sp, #32]
    82622c68:	f9421c01 	ldr	x1, [x0, #1080]
    82622c6c:	f9001fe1 	str	x1, [sp, #56]
    82622c70:	d2800001 	mov	x1, #0x0                   	// #0
    82622c74:	f9406654 	ldr	x20, [x18, #200]
    82622c78:	b40008f4 	cbz	x20, 82622d94 <serial_init+0x140>
    82622c7c:	f0000015 	adrp	x21, 82625000 <_ctype+0x35c>
    82622c80:	9131c6b5 	add	x21, x21, #0xc71
    82622c84:	aa1503e1 	mov	x1, x21
    82622c88:	aa1403e0 	mov	x0, x20
    82622c8c:	97ffe3d5 	bl	8261bbe0 <fdtdec_get_chosen_node>
    82622c90:	2a0003f3 	mov	w19, w0
    82622c94:	36f80160 	tbz	w0, #31, 82622cc0 <serial_init+0x6c>
    82622c98:	aa1503e1 	mov	x1, x21
    82622c9c:	aa1403e0 	mov	x0, x20
    82622ca0:	97ffe3bf 	bl	8261bb9c <fdtdec_get_chosen_prop>
    82622ca4:	aa0003f3 	mov	x19, x0
    82622ca8:	b50001e0 	cbnz	x0, 82622ce4 <serial_init+0x90>
    82622cac:	aa1403e0 	mov	x0, x20
    82622cb0:	f0000001 	adrp	x1, 82625000 <_ctype+0x35c>
    82622cb4:	9131f421 	add	x1, x1, #0xc7d
    82622cb8:	97ffe1ec 	bl	8261b468 <fdt_path_offset>
    82622cbc:	2a0003f3 	mov	w19, w0
    82622cc0:	9100c3e2 	add	x2, sp, #0x30
    82622cc4:	2a1303e1 	mov	w1, w19
    82622cc8:	528008c0 	mov	w0, #0x46                  	// #70
    82622ccc:	97fff211 	bl	8261f510 <uclass_get_device_by_of_offset>
    82622cd0:	350002e0 	cbnz	w0, 82622d2c <serial_init+0xd8>
    82622cd4:	f9401be1 	ldr	x1, [sp, #48]
    82622cd8:	aa1203e0 	mov	x0, x18
    82622cdc:	f9009401 	str	x1, [x0, #296]
    82622ce0:	1400003b 	b	82622dcc <serial_init+0x178>
    82622ce4:	52800741 	mov	w1, #0x3a                  	// #58
    82622ce8:	97ffe52f 	bl	8261c1a4 <strchr>
    82622cec:	b4000180 	cbz	x0, 82622d1c <serial_init+0xc8>
    82622cf0:	4b130002 	sub	w2, w0, w19
    82622cf4:	aa1303e1 	mov	x1, x19
    82622cf8:	aa1403e0 	mov	x0, x20
    82622cfc:	97ffe183 	bl	8261b308 <fdt_get_alias_namelen>
    82622d00:	aa0003e1 	mov	x1, x0
    82622d04:	b4fffd40 	cbz	x0, 82622cac <serial_init+0x58>
    82622d08:	aa1403e0 	mov	x0, x20
    82622d0c:	97ffe1d7 	bl	8261b468 <fdt_path_offset>
    82622d10:	2a0003f3 	mov	w19, w0
    82622d14:	37fffcc0 	tbnz	w0, #31, 82622cac <serial_init+0x58>
    82622d18:	17ffffea 	b	82622cc0 <serial_init+0x6c>
    82622d1c:	aa1303e0 	mov	x0, x19
    82622d20:	97ffe52b 	bl	8261c1cc <strlen>
    82622d24:	2a0003e2 	mov	w2, w0
    82622d28:	17fffff3 	b	82622cf4 <serial_init+0xa0>
    82622d2c:	7100027f 	cmp	w19, #0x0
    82622d30:	5400008c 	b.gt	82622d40 <serial_init+0xec>
    82622d34:	f0000000 	adrp	x0, 82625000 <_ctype+0x35c>
    82622d38:	91321400 	add	x0, x0, #0xc85
    82622d3c:	97ffe5fd 	bl	8261c530 <panic_str>
    82622d40:	f9405640 	ldr	x0, [x18, #168]
    82622d44:	9100c3e2 	add	x2, sp, #0x30
    82622d48:	93407e61 	sxtw	x1, w19
    82622d4c:	52800003 	mov	w3, #0x0                   	// #0
    82622d50:	97ffef3d 	bl	8261ea44 <lists_bind_fdt>
    82622d54:	35ffff00 	cbnz	w0, 82622d34 <serial_init+0xe0>
    82622d58:	f9401be0 	ldr	x0, [sp, #48]
    82622d5c:	97ffede6 	bl	8261e4f4 <device_probe>
    82622d60:	34fffba0 	cbz	w0, 82622cd4 <serial_init+0x80>
    82622d64:	17fffff4 	b	82622d34 <serial_init+0xe0>
    82622d68:	9100c3e1 	add	x1, sp, #0x30
    82622d6c:	528008c0 	mov	w0, #0x46                  	// #70
    82622d70:	97fff21a 	bl	8261f5d8 <uclass_first_device_check>
    82622d74:	f9401be1 	ldr	x1, [sp, #48]
    82622d78:	b4fffde1 	cbz	x1, 82622d34 <serial_init+0xe0>
    82622d7c:	35000060 	cbnz	w0, 82622d88 <serial_init+0x134>
    82622d80:	aa1203e0 	mov	x0, x18
    82622d84:	17ffffd6 	b	82622cdc <serial_init+0x88>
    82622d88:	9100c3e0 	add	x0, sp, #0x30
    82622d8c:	97fff223 	bl	8261f618 <uclass_next_device_check>
    82622d90:	17fffff9 	b	82622d74 <serial_init+0x120>
    82622d94:	9100c3e2 	add	x2, sp, #0x30
    82622d98:	12800001 	mov	w1, #0xffffffff            	// #-1
    82622d9c:	528008c0 	mov	w0, #0x46                  	// #70
    82622da0:	97fff1b7 	bl	8261f47c <uclass_get_device_by_seq>
    82622da4:	340000c0 	cbz	w0, 82622dbc <serial_init+0x168>
    82622da8:	9100c3e2 	add	x2, sp, #0x30
    82622dac:	12800001 	mov	w1, #0xffffffff            	// #-1
    82622db0:	528008c0 	mov	w0, #0x46                  	// #70
    82622db4:	97fff199 	bl	8261f418 <uclass_get_device>
    82622db8:	35fffd80 	cbnz	w0, 82622d68 <serial_init+0x114>
    82622dbc:	f9401be0 	ldr	x0, [sp, #48]
    82622dc0:	b9409001 	ldr	w1, [x0, #144]
    82622dc4:	3607fd21 	tbz	w1, #0, 82622d68 <serial_init+0x114>
    82622dc8:	f9009640 	str	x0, [x18, #296]
    82622dcc:	f9400640 	ldr	x0, [x18, #8]
    82622dd0:	b2780000 	orr	x0, x0, #0x100
    82622dd4:	f9000640 	str	x0, [x18, #8]
    82622dd8:	b0000020 	adrp	x0, 82627000 <multipliers+0x16ba>
    82622ddc:	f9401fe1 	ldr	x1, [sp, #56]
    82622de0:	f9421c02 	ldr	x2, [x0, #1080]
    82622de4:	eb020021 	subs	x1, x1, x2
    82622de8:	d2800002 	mov	x2, #0x0                   	// #0
    82622dec:	54000040 	b.eq	82622df4 <serial_init+0x1a0>  // b.none
    82622df0:	97ffbd83 	bl	826123fc <__stack_chk_fail>
    82622df4:	52800000 	mov	w0, #0x0                   	// #0
    82622df8:	a94153f3 	ldp	x19, x20, [sp, #16]
    82622dfc:	f94013f5 	ldr	x21, [sp, #32]
    82622e00:	a8c47bfd 	ldp	x29, x30, [sp], #64
    82622e04:	d65f03c0 	ret

0000000082622e08 <serial_putc>:
    82622e08:	12001c01 	and	w1, w0, #0xff
    82622e0c:	f9409640 	ldr	x0, [x18, #296]
    82622e10:	b4000060 	cbz	x0, 82622e1c <serial_putc+0x14>
    82622e14:	f9409640 	ldr	x0, [x18, #296]
    82622e18:	17ffff6e 	b	82622bd0 <_serial_putc>
    82622e1c:	d65f03c0 	ret

0000000082622e20 <serial_puts>:
    82622e20:	f9409641 	ldr	x1, [x18, #296]
    82622e24:	b40001e1 	cbz	x1, 82622e60 <serial_puts+0x40>
    82622e28:	a9be7bfd 	stp	x29, x30, [sp, #-32]!
    82622e2c:	910003fd 	mov	x29, sp
    82622e30:	a90153f3 	stp	x19, x20, [sp, #16]
    82622e34:	aa0003f3 	mov	x19, x0
    82622e38:	f9409654 	ldr	x20, [x18, #296]
    82622e3c:	39400261 	ldrb	w1, [x19]
    82622e40:	35000081 	cbnz	w1, 82622e50 <serial_puts+0x30>
    82622e44:	a94153f3 	ldp	x19, x20, [sp, #16]
    82622e48:	a8c27bfd 	ldp	x29, x30, [sp], #32
    82622e4c:	d65f03c0 	ret
    82622e50:	91000673 	add	x19, x19, #0x1
    82622e54:	aa1403e0 	mov	x0, x20
    82622e58:	97ffff5e 	bl	82622bd0 <_serial_putc>
    82622e5c:	17fffff8 	b	82622e3c <serial_puts+0x1c>
    82622e60:	d65f03c0 	ret

0000000082622e64 <serial_getc>:
    82622e64:	f9409641 	ldr	x1, [x18, #296]
    82622e68:	b40001c1 	cbz	x1, 82622ea0 <serial_getc+0x3c>
    82622e6c:	a9be7bfd 	stp	x29, x30, [sp, #-32]!
    82622e70:	910003fd 	mov	x29, sp
    82622e74:	a90153f3 	stp	x19, x20, [sp, #16]
    82622e78:	f9409653 	ldr	x19, [x18, #296]
    82622e7c:	f9400260 	ldr	x0, [x19]
    82622e80:	f9403414 	ldr	x20, [x0, #104]
    82622e84:	aa1303e0 	mov	x0, x19
    82622e88:	f9400681 	ldr	x1, [x20, #8]
    82622e8c:	d63f0020 	blr	x1
    82622e90:	31002c1f 	cmn	w0, #0xb
    82622e94:	540000a1 	b.ne	82622ea8 <serial_getc+0x44>  // b.any
    82622e98:	9400036a 	bl	82623c40 <watchdog_reset>
    82622e9c:	17fffffa 	b	82622e84 <serial_getc+0x20>
    82622ea0:	52800000 	mov	w0, #0x0                   	// #0
    82622ea4:	d65f03c0 	ret
    82622ea8:	7100001f 	cmp	w0, #0x0
    82622eac:	1a9fa000 	csel	w0, w0, wzr, ge  // ge = tcont
    82622eb0:	a94153f3 	ldp	x19, x20, [sp, #16]
    82622eb4:	a8c27bfd 	ldp	x29, x30, [sp], #32
    82622eb8:	d65f03c0 	ret

0000000082622ebc <serial_tstc>:
    82622ebc:	f9409641 	ldr	x1, [x18, #296]
    82622ec0:	b4000121 	cbz	x1, 82622ee4 <serial_tstc+0x28>
    82622ec4:	f9409640 	ldr	x0, [x18, #296]
    82622ec8:	f9400001 	ldr	x1, [x0]
    82622ecc:	f9403421 	ldr	x1, [x1, #104]
    82622ed0:	f9400c22 	ldr	x2, [x1, #24]
    82622ed4:	b40000c2 	cbz	x2, 82622eec <serial_tstc+0x30>
    82622ed8:	aa0203f0 	mov	x16, x2
    82622edc:	52800021 	mov	w1, #0x1                   	// #1
    82622ee0:	d61f0200 	br	x16
    82622ee4:	52800000 	mov	w0, #0x0                   	// #0
    82622ee8:	d65f03c0 	ret
    82622eec:	52800020 	mov	w0, #0x1                   	// #1
    82622ef0:	17fffffe 	b	82622ee8 <serial_tstc+0x2c>

0000000082622ef4 <bcm6345_serial_init>:
    82622ef4:	b9400003 	ldr	w3, [x0]
    82622ef8:	12087063 	and	w3, w3, #0xff1fffff
    82622efc:	b9000003 	str	w3, [x0]
    82622f00:	b9400003 	ldr	w3, [x0]
    82622f04:	321a0463 	orr	w3, w3, #0xc0
    82622f08:	b9000003 	str	w3, [x0]
    82622f0c:	b9401403 	ldr	w3, [x0, #20]
    82622f10:	d5033fbf 	dmb	sy
    82622f14:	2a0203e2 	mov	w2, w2
    82622f18:	b9400003 	ldr	w3, [x0]
    82622f1c:	5286e0a4 	mov	w4, #0x3705                	// #14085
    82622f20:	121b6863 	and	w3, w3, #0xffffffe0
    82622f24:	72a000a4 	movk	w4, #0x5, lsl #16
    82622f28:	9ac20821 	udiv	x1, x1, x2
    82622f2c:	120b4863 	and	w3, w3, #0xffe000ff
    82622f30:	2a040063 	orr	w3, w3, w4
    82622f34:	b9000003 	str	w3, [x0]
    82622f38:	52888004 	mov	w4, #0x4400                	// #17408
    82622f3c:	b9400803 	ldr	w3, [x0, #8]
    82622f40:	d344fc21 	lsr	x1, x1, #4
    82622f44:	12105c63 	and	w3, w3, #0xffff00ff
    82622f48:	f240003f 	tst	x1, #0x1
    82622f4c:	53017c22 	lsr	w2, w1, #1
    82622f50:	1a9f17e1 	cset	w1, eq  // eq = none
    82622f54:	2a040063 	orr	w3, w3, w4
    82622f58:	4b010042 	sub	w2, w2, w1
    82622f5c:	b9000803 	str	w3, [x0, #8]
    82622f60:	d5033fbf 	dmb	sy
    82622f64:	b9000402 	str	w2, [x0, #4]
    82622f68:	d5033fbf 	dmb	sy
    82622f6c:	b900101f 	str	wzr, [x0, #16]
    82622f70:	b9400001 	ldr	w1, [x0]
    82622f74:	320b0821 	orr	w1, w1, #0xe00000
    82622f78:	b9000001 	str	w1, [x0]
    82622f7c:	52800000 	mov	w0, #0x0                   	// #0
    82622f80:	d65f03c0 	ret

0000000082622f84 <bcm6345_serial_pending>:
    82622f84:	a9be7bfd 	stp	x29, x30, [sp, #-32]!
    82622f88:	910003fd 	mov	x29, sp
    82622f8c:	f9000bf3 	str	x19, [sp, #16]
    82622f90:	12001c33 	and	w19, w1, #0xff
    82622f94:	97ffedcb 	bl	8261e6c0 <dev_get_priv>
    82622f98:	f9400000 	ldr	x0, [x0]
    82622f9c:	b9401002 	ldr	w2, [x0, #16]
    82622fa0:	d5033fbf 	dmb	sy
    82622fa4:	d34b2c40 	ubfx	x0, x2, #11, #1
    82622fa8:	d27b0042 	eor	x2, x2, #0x20
    82622fac:	7100027f 	cmp	w19, #0x0
    82622fb0:	d3451442 	ubfx	x2, x2, #5, #1
    82622fb4:	1a800040 	csel	w0, w2, w0, eq  // eq = none
    82622fb8:	f9400bf3 	ldr	x19, [sp, #16]
    82622fbc:	a8c27bfd 	ldp	x29, x30, [sp], #32
    82622fc0:	d65f03c0 	ret

0000000082622fc4 <bcm6345_serial_putc>:
    82622fc4:	a9be7bfd 	stp	x29, x30, [sp, #-32]!
    82622fc8:	910003fd 	mov	x29, sp
    82622fcc:	f9000bf3 	str	x19, [sp, #16]
    82622fd0:	12001c33 	and	w19, w1, #0xff
    82622fd4:	97ffedbb 	bl	8261e6c0 <dev_get_priv>
    82622fd8:	f9400001 	ldr	x1, [x0]
    82622fdc:	b9401021 	ldr	w1, [x1, #16]
    82622fe0:	d5033fbf 	dmb	sy
    82622fe4:	36280101 	tbz	w1, #5, 82623004 <bcm6345_serial_putc+0x40>
    82622fe8:	d5033fbf 	dmb	sy
    82622fec:	f9400000 	ldr	x0, [x0]
    82622ff0:	b9001413 	str	w19, [x0, #20]
    82622ff4:	52800000 	mov	w0, #0x0                   	// #0
    82622ff8:	f9400bf3 	ldr	x19, [sp, #16]
    82622ffc:	a8c27bfd 	ldp	x29, x30, [sp], #32
    82623000:	d65f03c0 	ret
    82623004:	12800140 	mov	w0, #0xfffffff5            	// #-11
    82623008:	17fffffc 	b	82622ff8 <bcm6345_serial_putc+0x34>

000000008262300c <bcm6345_serial_getc>:
    8262300c:	a9bf7bfd 	stp	x29, x30, [sp, #-16]!
    82623010:	910003fd 	mov	x29, sp
    82623014:	97ffedab 	bl	8261e6c0 <dev_get_priv>
    82623018:	f9400001 	ldr	x1, [x0]
    8262301c:	b9401022 	ldr	w2, [x1, #16]
    82623020:	d5033fbf 	dmb	sy
    82623024:	363800a2 	tbz	w2, #7, 82623038 <bcm6345_serial_getc+0x2c>
    82623028:	f9400003 	ldr	x3, [x0]
    8262302c:	b9400061 	ldr	w1, [x3]
    82623030:	321a0021 	orr	w1, w1, #0x40
    82623034:	b9000061 	str	w1, [x3]
    82623038:	37580082 	tbnz	w2, #11, 82623048 <bcm6345_serial_getc+0x3c>
    8262303c:	12800140 	mov	w0, #0xfffffff5            	// #-11
    82623040:	a8c17bfd 	ldp	x29, x30, [sp], #16
    82623044:	d65f03c0 	ret
    82623048:	f9400000 	ldr	x0, [x0]
    8262304c:	b9401400 	ldr	w0, [x0, #20]
    82623050:	d5033fbf 	dmb	sy
    82623054:	7218081f 	tst	w0, #0x700
    82623058:	54ffff21 	b.ne	8262303c <bcm6345_serial_getc+0x30>  // b.any
    8262305c:	12001c00 	and	w0, w0, #0xff
    82623060:	17fffff8 	b	82623040 <bcm6345_serial_getc+0x34>

0000000082623064 <bcm6345_serial_setbrg>:
    82623064:	a9be7bfd 	stp	x29, x30, [sp, #-32]!
    82623068:	910003fd 	mov	x29, sp
    8262306c:	f9000bf3 	str	x19, [sp, #16]
    82623070:	2a0103f3 	mov	w19, w1
    82623074:	97ffed93 	bl	8261e6c0 <dev_get_priv>
    82623078:	2a1303e2 	mov	w2, w19
    8262307c:	f9400bf3 	ldr	x19, [sp, #16]
    82623080:	a8c27bfd 	ldp	x29, x30, [sp], #32
    82623084:	f9400401 	ldr	x1, [x0, #8]
    82623088:	f9400000 	ldr	x0, [x0]
    8262308c:	17ffff9a 	b	82622ef4 <bcm6345_serial_init>

0000000082623090 <bcm6345_serial_probe>:
    82623090:	a9bc7bfd 	stp	x29, x30, [sp, #-64]!
    82623094:	90000021 	adrp	x1, 82627000 <multipliers+0x16ba>
    82623098:	910003fd 	mov	x29, sp
    8262309c:	a90153f3 	stp	x19, x20, [sp, #16]
    826230a0:	aa0003f4 	mov	x20, x0
    826230a4:	f9421c22 	ldr	x2, [x1, #1080]
    826230a8:	f9001fe2 	str	x2, [sp, #56]
    826230ac:	d2800002 	mov	x2, #0x0                   	// #0
    826230b0:	97ffed84 	bl	8261e6c0 <dev_get_priv>
    826230b4:	aa0003f3 	mov	x19, x0
    826230b8:	aa1403e0 	mov	x0, x20
    826230bc:	97ffede1 	bl	8261e840 <devfdt_remap_addr>
    826230c0:	f9000260 	str	x0, [x19]
    826230c4:	b40002c0 	cbz	x0, 8262311c <bcm6345_serial_probe+0x8c>
    826230c8:	910083e2 	add	x2, sp, #0x20
    826230cc:	aa1403e0 	mov	x0, x20
    826230d0:	52800001 	mov	w1, #0x0                   	// #0
    826230d4:	97ffeaef 	bl	8261dc90 <clk_get_by_index>
    826230d8:	37f80140 	tbnz	w0, #31, 82623100 <bcm6345_serial_probe+0x70>
    826230dc:	910083e0 	add	x0, sp, #0x20
    826230e0:	97ffeb48 	bl	8261de00 <clk_get_rate>
    826230e4:	f9000660 	str	x0, [x19, #8]
    826230e8:	910083e0 	add	x0, sp, #0x20
    826230ec:	97ffeb3c 	bl	8261dddc <clk_free>
    826230f0:	a9400660 	ldp	x0, x1, [x19]
    826230f4:	52984002 	mov	w2, #0xc200                	// #49664
    826230f8:	72a00022 	movk	w2, #0x1, lsl #16
    826230fc:	97ffff7e 	bl	82622ef4 <bcm6345_serial_init>
    82623100:	90000021 	adrp	x1, 82627000 <multipliers+0x16ba>
    82623104:	f9401fe2 	ldr	x2, [sp, #56]
    82623108:	f9421c23 	ldr	x3, [x1, #1080]
    8262310c:	eb030042 	subs	x2, x2, x3
    82623110:	d2800003 	mov	x3, #0x0                   	// #0
    82623114:	54000080 	b.eq	82623124 <bcm6345_serial_probe+0x94>  // b.none
    82623118:	97ffbcb9 	bl	826123fc <__stack_chk_fail>
    8262311c:	128002a0 	mov	w0, #0xffffffea            	// #-22
    82623120:	17fffff8 	b	82623100 <bcm6345_serial_probe+0x70>
    82623124:	a94153f3 	ldp	x19, x20, [sp, #16]
    82623128:	a8c47bfd 	ldp	x29, x30, [sp], #64
    8262312c:	d65f03c0 	ret

0000000082623130 <spi_child_pre_probe>:
    82623130:	a9be7bfd 	stp	x29, x30, [sp, #-32]!
    82623134:	910003fd 	mov	x29, sp
    82623138:	a90153f3 	stp	x19, x20, [sp, #16]
    8262313c:	aa0003f4 	mov	x20, x0
    82623140:	97ffed5a 	bl	8261e6a8 <dev_get_parent_platdata>
    82623144:	aa0003f3 	mov	x19, x0
    82623148:	aa1403e0 	mov	x0, x20
    8262314c:	97ffed63 	bl	8261e6d8 <dev_get_parent_priv>
    82623150:	f9000014 	str	x20, [x0]
    82623154:	b9400661 	ldr	w1, [x19, #4]
    82623158:	b9000801 	str	w1, [x0, #8]
    8262315c:	b9400a61 	ldr	w1, [x19, #8]
    82623160:	b9001001 	str	w1, [x0, #16]
    82623164:	52800101 	mov	w1, #0x8                   	// #8
    82623168:	b9001401 	str	w1, [x0, #20]
    8262316c:	52800000 	mov	w0, #0x0                   	// #0
    82623170:	a94153f3 	ldp	x19, x20, [sp, #16]
    82623174:	a8c27bfd 	ldp	x29, x30, [sp], #32
    82623178:	d65f03c0 	ret

000000008262317c <spi_post_probe>:
    8262317c:	a9be7bfd 	stp	x29, x30, [sp, #-32]!
    82623180:	910003fd 	mov	x29, sp
    82623184:	a90153f3 	stp	x19, x20, [sp, #16]
    82623188:	aa0003f4 	mov	x20, x0
    8262318c:	97ffed50 	bl	8261e6cc <dev_get_uclass_priv>
    82623190:	aa0003f3 	mov	x19, x0
    82623194:	52800002 	mov	w2, #0x0                   	// #0
    82623198:	f9401680 	ldr	x0, [x20, #40]
    8262319c:	f0000001 	adrp	x1, 82626000 <multipliers+0x6ba>
    826231a0:	910da021 	add	x1, x1, #0x368
    826231a4:	97fff1f1 	bl	8261f968 <ofnode_read_u32_default>
    826231a8:	b9000260 	str	w0, [x19]
    826231ac:	52800000 	mov	w0, #0x0                   	// #0
    826231b0:	a94153f3 	ldp	x19, x20, [sp, #16]
    826231b4:	a8c27bfd 	ldp	x29, x30, [sp], #32
    826231b8:	d65f03c0 	ret

00000000826231bc <spi_slave_ofdata_to_platdata>:
    826231bc:	a9bd7bfd 	stp	x29, x30, [sp, #-48]!
    826231c0:	12800002 	mov	w2, #0xffffffff            	// #-1
    826231c4:	910003fd 	mov	x29, sp
    826231c8:	a90153f3 	stp	x19, x20, [sp, #16]
    826231cc:	aa0003f4 	mov	x20, x0
    826231d0:	f90013f5 	str	x21, [sp, #32]
    826231d4:	aa0103f5 	mov	x21, x1
    826231d8:	d0000001 	adrp	x1, 82625000 <_ctype+0x35c>
    826231dc:	9113e821 	add	x1, x1, #0x4fa
    826231e0:	f9401400 	ldr	x0, [x0, #40]
    826231e4:	97fff1e1 	bl	8261f968 <ofnode_read_u32_default>
    826231e8:	b90002a0 	str	w0, [x21]
    826231ec:	5290d402 	mov	w2, #0x86a0                	// #34464
    826231f0:	f0000001 	adrp	x1, 82626000 <multipliers+0x6ba>
    826231f4:	f9401680 	ldr	x0, [x20, #40]
    826231f8:	910da021 	add	x1, x1, #0x368
    826231fc:	72a00022 	movk	w2, #0x1, lsl #16
    82623200:	97fff1da 	bl	8261f968 <ofnode_read_u32_default>
    82623204:	b90006a0 	str	w0, [x21, #4]
    82623208:	f0000001 	adrp	x1, 82626000 <multipliers+0x6ba>
    8262320c:	910de821 	add	x1, x1, #0x37a
    82623210:	f9401680 	ldr	x0, [x20, #40]
    82623214:	97fff24b 	bl	8261fb40 <ofnode_read_bool>
    82623218:	72001c1f 	tst	w0, #0xff
    8262321c:	f9401680 	ldr	x0, [x20, #40]
    82623220:	1a9f07f3 	cset	w19, ne  // ne = any
    82623224:	f0000001 	adrp	x1, 82626000 <multipliers+0x6ba>
    82623228:	910e0c21 	add	x1, x1, #0x383
    8262322c:	531f7a73 	lsl	w19, w19, #1
    82623230:	97fff244 	bl	8261fb40 <ofnode_read_bool>
    82623234:	72001c1f 	tst	w0, #0xff
    82623238:	54000040 	b.eq	82623240 <spi_slave_ofdata_to_platdata+0x84>  // b.none
    8262323c:	32000273 	orr	w19, w19, #0x1
    82623240:	f9401680 	ldr	x0, [x20, #40]
    82623244:	f0000001 	adrp	x1, 82626000 <multipliers+0x6ba>
    82623248:	910e3021 	add	x1, x1, #0x38c
    8262324c:	97fff23d 	bl	8261fb40 <ofnode_read_bool>
    82623250:	72001c1f 	tst	w0, #0xff
    82623254:	54000040 	b.eq	8262325c <spi_slave_ofdata_to_platdata+0xa0>  // b.none
    82623258:	321e0273 	orr	w19, w19, #0x4
    8262325c:	f9401680 	ldr	x0, [x20, #40]
    82623260:	f0000001 	adrp	x1, 82626000 <multipliers+0x6ba>
    82623264:	910e6021 	add	x1, x1, #0x398
    82623268:	97fff236 	bl	8261fb40 <ofnode_read_bool>
    8262326c:	72001c1f 	tst	w0, #0xff
    82623270:	54000040 	b.eq	82623278 <spi_slave_ofdata_to_platdata+0xbc>  // b.none
    82623274:	321c0273 	orr	w19, w19, #0x10
    82623278:	f9401680 	ldr	x0, [x20, #40]
    8262327c:	f0000001 	adrp	x1, 82626000 <multipliers+0x6ba>
    82623280:	910e8821 	add	x1, x1, #0x3a2
    82623284:	97fff22f 	bl	8261fb40 <ofnode_read_bool>
    82623288:	72001c1f 	tst	w0, #0xff
    8262328c:	54000040 	b.eq	82623294 <spi_slave_ofdata_to_platdata+0xd8>  // b.none
    82623290:	32190273 	orr	w19, w19, #0x80
    82623294:	f9401680 	ldr	x0, [x20, #40]
    82623298:	f0000001 	adrp	x1, 82626000 <multipliers+0x6ba>
    8262329c:	52800022 	mov	w2, #0x1                   	// #1
    826232a0:	910ec821 	add	x1, x1, #0x3b2
    826232a4:	97fff1b1 	bl	8261f968 <ofnode_read_u32_default>
    826232a8:	7100081f 	cmp	w0, #0x2
    826232ac:	54000240 	b.eq	826232f4 <spi_slave_ofdata_to_platdata+0x138>  // b.none
    826232b0:	7100101f 	cmp	w0, #0x4
    826232b4:	54000240 	b.eq	826232fc <spi_slave_ofdata_to_platdata+0x140>  // b.none
    826232b8:	f9401680 	ldr	x0, [x20, #40]
    826232bc:	f0000001 	adrp	x1, 82626000 <multipliers+0x6ba>
    826232c0:	52800022 	mov	w2, #0x1                   	// #1
    826232c4:	910f0c21 	add	x1, x1, #0x3c3
    826232c8:	97fff1a8 	bl	8261f968 <ofnode_read_u32_default>
    826232cc:	7100081f 	cmp	w0, #0x2
    826232d0:	540001a0 	b.eq	82623304 <spi_slave_ofdata_to_platdata+0x148>  // b.none
    826232d4:	7100101f 	cmp	w0, #0x4
    826232d8:	540001a0 	b.eq	8262330c <spi_slave_ofdata_to_platdata+0x150>  // b.none
    826232dc:	b9000ab3 	str	w19, [x21, #8]
    826232e0:	52800000 	mov	w0, #0x0                   	// #0
    826232e4:	a94153f3 	ldp	x19, x20, [sp, #16]
    826232e8:	f94013f5 	ldr	x21, [sp, #32]
    826232ec:	a8c37bfd 	ldp	x29, x30, [sp], #48
    826232f0:	d65f03c0 	ret
    826232f4:	32170273 	orr	w19, w19, #0x200
    826232f8:	17fffff0 	b	826232b8 <spi_slave_ofdata_to_platdata+0xfc>
    826232fc:	32160273 	orr	w19, w19, #0x400
    82623300:	17ffffee 	b	826232b8 <spi_slave_ofdata_to_platdata+0xfc>
    82623304:	32140273 	orr	w19, w19, #0x1000
    82623308:	17fffff5 	b	826232dc <spi_slave_ofdata_to_platdata+0x120>
    8262330c:	32130273 	orr	w19, w19, #0x2000
    82623310:	17fffff3 	b	826232dc <spi_slave_ofdata_to_platdata+0x120>

0000000082623314 <spi_child_post_bind>:
    82623314:	a9be7bfd 	stp	x29, x30, [sp, #-32]!
    82623318:	910003fd 	mov	x29, sp
    8262331c:	f9000bf3 	str	x19, [sp, #16]
    82623320:	aa0003f3 	mov	x19, x0
    82623324:	97ffece1 	bl	8261e6a8 <dev_get_parent_platdata>
    82623328:	aa0003e1 	mov	x1, x0
    8262332c:	f9401660 	ldr	x0, [x19, #40]
    82623330:	b100041f 	cmn	x0, #0x1
    82623334:	540000a0 	b.eq	82623348 <spi_child_post_bind+0x34>  // b.none
    82623338:	aa1303e0 	mov	x0, x19
    8262333c:	f9400bf3 	ldr	x19, [sp, #16]
    82623340:	a8c27bfd 	ldp	x29, x30, [sp], #32
    82623344:	17ffff9e 	b	826231bc <spi_slave_ofdata_to_platdata>
    82623348:	52800000 	mov	w0, #0x0                   	// #0
    8262334c:	f9400bf3 	ldr	x19, [sp, #16]
    82623350:	a8c27bfd 	ldp	x29, x30, [sp], #32
    82623354:	d65f03c0 	ret

0000000082623358 <bcm63xx_hsspi_activate_cs>:
    82623358:	f9400402 	ldr	x2, [x0, #8]
    8262335c:	b9401403 	ldr	w3, [x0, #20]
    82623360:	d1000442 	sub	x2, x2, #0x1
    82623364:	8b030042 	add	x2, x2, x3
    82623368:	9ac30842 	udiv	x2, x2, x3
    8262336c:	111ffc43 	add	w3, w2, #0x7ff
    82623370:	1ac20862 	udiv	w2, w3, w2
    82623374:	12003442 	and	w2, w2, #0x3fff
    82623378:	32110042 	orr	w2, w2, #0x8000
    8262337c:	d5033fbf 	dmb	sy
    82623380:	b9400023 	ldr	w3, [x1]
    82623384:	f9400004 	ldr	x4, [x0]
    82623388:	11002063 	add	w3, w3, #0x8
    8262338c:	531b6863 	lsl	w3, w3, #5
    82623390:	b8236882 	str	w2, [x4, x3]
    82623394:	52840003 	mov	w3, #0x2000                	// #8192
    82623398:	52820004 	mov	w4, #0x1000                	// #4096
    8262339c:	b9400822 	ldr	w2, [x1, #8]
    826233a0:	f240005f 	tst	x2, #0x1
    826233a4:	52987002 	mov	w2, #0xc380                	// #50048
    826233a8:	1a841064 	csel	w4, w3, w4, ne  // ne = any
    826233ac:	b9401403 	ldr	w3, [x0, #20]
    826233b0:	72a03922 	movk	w2, #0x1c9, lsl #16
    826233b4:	6b02007f 	cmp	w3, w2
    826233b8:	54000049 	b.ls	826233c0 <bcm63xx_hsspi_activate_cs+0x68>  // b.plast
    826233bc:	32100084 	orr	w4, w4, #0x10000
    826233c0:	b9400022 	ldr	w2, [x1]
    826233c4:	5299ffe6 	mov	w6, #0xcfff                	// #53247
    826233c8:	f9400005 	ldr	x5, [x0]
    826233cc:	72bfffc6 	movk	w6, #0xfffe, lsl #16
    826233d0:	531b6842 	lsl	w2, w2, #5
    826233d4:	11041042 	add	w2, w2, #0x104
    826233d8:	b86268a3 	ldr	w3, [x5, x2]
    826233dc:	0a060063 	and	w3, w3, w6
    826233e0:	2a040063 	orr	w3, w3, w4
    826233e4:	b82268a3 	str	w3, [x5, x2]
    826233e8:	b9401c02 	ldr	w2, [x0, #28]
    826233ec:	b9400024 	ldr	w4, [x1]
    826233f0:	d2800021 	mov	x1, #0x1                   	// #1
    826233f4:	39404403 	ldrb	w3, [x0, #17]
    826233f8:	34000342 	cbz	w2, 82623460 <bcm63xx_hsspi_activate_cs+0x108>
    826233fc:	9ac42022 	lsl	x2, x1, x4
    82623400:	9ac42461 	lsr	x1, x3, x4
    82623404:	f2400021 	ands	x1, x1, #0x1
    82623408:	1a9f1041 	csel	w1, w2, wzr, ne  // ne = any
    8262340c:	1a9f0042 	csel	w2, w2, wzr, eq  // eq = none
    82623410:	7100009f 	cmp	w4, #0x0
    82623414:	9a9f17e5 	cset	x5, eq  // eq = none
    82623418:	910004a5 	add	x5, x5, #0x1
    8262341c:	ea05007f 	tst	x3, x5
    82623420:	54000160 	b.eq	8262344c <bcm63xx_hsspi_activate_cs+0xf4>  // b.none
    82623424:	7100009f 	cmp	w4, #0x0
    82623428:	1a9f17e3 	cset	w3, eq  // eq = none
    8262342c:	11000463 	add	w3, w3, #0x1
    82623430:	2a030021 	orr	w1, w1, w3
    82623434:	f9400000 	ldr	x0, [x0]
    82623438:	b9400003 	ldr	w3, [x0]
    8262343c:	0a210061 	bic	w1, w3, w1
    82623440:	2a020021 	orr	w1, w1, w2
    82623444:	b9000001 	str	w1, [x0]
    82623448:	d65f03c0 	ret
    8262344c:	7100009f 	cmp	w4, #0x0
    82623450:	1a9f17e3 	cset	w3, eq  // eq = none
    82623454:	11000463 	add	w3, w3, #0x1
    82623458:	2a030042 	orr	w2, w2, w3
    8262345c:	17fffff6 	b	82623434 <bcm63xx_hsspi_activate_cs+0xdc>
    82623460:	9ac42463 	lsr	x3, x3, x4
    82623464:	f2400063 	ands	x3, x3, #0x1
    82623468:	9ac42021 	lsl	x1, x1, x4
    8262346c:	1a9f1022 	csel	w2, w1, wzr, ne  // ne = any
    82623470:	1a9f0021 	csel	w1, w1, wzr, eq  // eq = none
    82623474:	17fffff0 	b	82623434 <bcm63xx_hsspi_activate_cs+0xdc>

0000000082623478 <bcm63xx_hsspi_set_mode>:
    82623478:	a9be7bfd 	stp	x29, x30, [sp, #-32]!
    8262347c:	910003fd 	mov	x29, sp
    82623480:	f9000bf3 	str	x19, [sp, #16]
    82623484:	2a0103f3 	mov	w19, w1
    82623488:	97ffec8e 	bl	8261e6c0 <dev_get_priv>
    8262348c:	f9400000 	ldr	x0, [x0]
    82623490:	b9400001 	ldr	w1, [x0]
    82623494:	360800f3 	tbz	w19, #1, 826234b0 <bcm63xx_hsspi_set_mode+0x38>
    82623498:	320f0021 	orr	w1, w1, #0x20000
    8262349c:	b9000001 	str	w1, [x0]
    826234a0:	52800000 	mov	w0, #0x0                   	// #0
    826234a4:	f9400bf3 	ldr	x19, [sp, #16]
    826234a8:	a8c27bfd 	ldp	x29, x30, [sp], #32
    826234ac:	d65f03c0 	ret
    826234b0:	120e7821 	and	w1, w1, #0xfffdffff
    826234b4:	17fffffa 	b	8262349c <bcm63xx_hsspi_set_mode+0x24>

00000000826234b8 <bcm63xx_hsspi_set_speed>:
    826234b8:	a9be7bfd 	stp	x29, x30, [sp, #-32]!
    826234bc:	910003fd 	mov	x29, sp
    826234c0:	f9000bf3 	str	x19, [sp, #16]
    826234c4:	2a0103f3 	mov	w19, w1
    826234c8:	97ffec7e 	bl	8261e6c0 <dev_get_priv>
    826234cc:	b9401801 	ldr	w1, [x0, #24]
    826234d0:	34000061 	cbz	w1, 826234dc <bcm63xx_hsspi_set_speed+0x24>
    826234d4:	6b01027f 	cmp	w19, w1
    826234d8:	1a819273 	csel	w19, w19, w1, ls  // ls = plast
    826234dc:	b9001413 	str	w19, [x0, #20]
    826234e0:	52800000 	mov	w0, #0x0                   	// #0
    826234e4:	f9400bf3 	ldr	x19, [sp, #16]
    826234e8:	a8c27bfd 	ldp	x29, x30, [sp], #32
    826234ec:	d65f03c0 	ret

00000000826234f0 <bcm63xx_hsspi_cs_info>:
    826234f0:	a9be7bfd 	stp	x29, x30, [sp, #-32]!
    826234f4:	910003fd 	mov	x29, sp
    826234f8:	f9000bf3 	str	x19, [sp, #16]
    826234fc:	2a0103f3 	mov	w19, w1
    82623500:	97ffec70 	bl	8261e6c0 <dev_get_priv>
    82623504:	39404000 	ldrb	w0, [x0, #16]
    82623508:	6b13001f 	cmp	w0, w19
    8262350c:	54000128 	b.hi	82623530 <bcm63xx_hsspi_cs_info+0x40>  // b.pmore
    82623510:	2a1303e1 	mov	w1, w19
    82623514:	b0000000 	adrp	x0, 82624000 <blk_find_max_devnum+0x3c>
    82623518:	91369000 	add	x0, x0, #0xda4
    8262351c:	97ffe88a 	bl	8261d744 <printf>
    82623520:	12800240 	mov	w0, #0xffffffed            	// #-19
    82623524:	f9400bf3 	ldr	x19, [sp, #16]
    82623528:	a8c27bfd 	ldp	x29, x30, [sp], #32
    8262352c:	d65f03c0 	ret
    82623530:	52800000 	mov	w0, #0x0                   	// #0
    82623534:	17fffffc 	b	82623524 <bcm63xx_hsspi_cs_info+0x34>

0000000082623538 <bcm63xx_hsspi_child_pre_probe>:
    82623538:	a9bd7bfd 	stp	x29, x30, [sp, #-48]!
    8262353c:	910003fd 	mov	x29, sp
    82623540:	a90153f3 	stp	x19, x20, [sp, #16]
    82623544:	aa0003f4 	mov	x20, x0
    82623548:	f90013f5 	str	x21, [sp, #32]
    8262354c:	f9401c00 	ldr	x0, [x0, #56]
    82623550:	97ffec5c 	bl	8261e6c0 <dev_get_priv>
    82623554:	aa0003f3 	mov	x19, x0
    82623558:	aa1403e0 	mov	x0, x20
    8262355c:	97ffec53 	bl	8261e6a8 <dev_get_parent_platdata>
    82623560:	aa0003f5 	mov	x21, x0
    82623564:	aa1403e0 	mov	x0, x20
    82623568:	97ffec5c 	bl	8261e6d8 <dev_get_parent_priv>
    8262356c:	aa0003e3 	mov	x3, x0
    82623570:	39404260 	ldrb	w0, [x19, #16]
    82623574:	b94002a1 	ldr	w1, [x21]
    82623578:	6b00003f 	cmp	w1, w0
    8262357c:	54000123 	b.cc	826235a0 <bcm63xx_hsspi_child_pre_probe+0x68>  // b.lo, b.ul, b.last
    82623580:	b0000000 	adrp	x0, 82624000 <blk_find_max_devnum+0x3c>
    82623584:	91369000 	add	x0, x0, #0xda4
    82623588:	97ffe86f 	bl	8261d744 <printf>
    8262358c:	12800240 	mov	w0, #0xffffffed            	// #-19
    82623590:	a94153f3 	ldp	x19, x20, [sp, #16]
    82623594:	f94013f5 	ldr	x21, [sp, #32]
    82623598:	a8c37bfd 	ldp	x29, x30, [sp], #48
    8262359c:	d65f03c0 	ret
    826235a0:	39404660 	ldrb	w0, [x19, #17]
    826235a4:	d2800022 	mov	x2, #0x1                   	// #1
    826235a8:	b9400aa4 	ldr	w4, [x21, #8]
    826235ac:	9ac12042 	lsl	x2, x2, x1
    826235b0:	12001c41 	and	w1, w2, #0xff
    826235b4:	2a010002 	orr	w2, w0, w1
    826235b8:	0a210001 	bic	w1, w0, w1
    826235bc:	b9401e60 	ldr	w0, [x19, #28]
    826235c0:	f27e009f 	tst	x4, #0x4
    826235c4:	1a820021 	csel	w1, w1, w2, eq  // eq = none
    826235c8:	39004661 	strb	w1, [x19, #17]
    826235cc:	35000080 	cbnz	w0, 826235dc <bcm63xx_hsspi_child_pre_probe+0xa4>
    826235d0:	b21f1fe1 	mov	x1, #0x1fe000001fe         	// #2190433321470
    826235d4:	f9000c61 	str	x1, [x3, #24]
    826235d8:	17ffffee 	b	82623590 <bcm63xx_hsspi_child_pre_probe+0x58>
    826235dc:	52800000 	mov	w0, #0x0                   	// #0
    826235e0:	17ffffec 	b	82623590 <bcm63xx_hsspi_child_pre_probe+0x58>

00000000826235e4 <bcm63xx_hsspi_probe>:
    826235e4:	a9ba7bfd 	stp	x29, x30, [sp, #-96]!
    826235e8:	90000021 	adrp	x1, 82627000 <multipliers+0x16ba>
    826235ec:	910003fd 	mov	x29, sp
    826235f0:	a90153f3 	stp	x19, x20, [sp, #16]
    826235f4:	aa0003f4 	mov	x20, x0
    826235f8:	f90013f5 	str	x21, [sp, #32]
    826235fc:	f9421c22 	ldr	x2, [x1, #1080]
    82623600:	f9002fe2 	str	x2, [sp, #88]
    82623604:	d2800002 	mov	x2, #0x0                   	// #0
    82623608:	97ffec2e 	bl	8261e6c0 <dev_get_priv>
    8262360c:	aa0003f3 	mov	x19, x0
    82623610:	aa1403e0 	mov	x0, x20
    82623614:	b9003fff 	str	wzr, [sp, #60]
    82623618:	97ffec8a 	bl	8261e840 <devfdt_remap_addr>
    8262361c:	f9000260 	str	x0, [x19]
    82623620:	b4000ae0 	cbz	x0, 8262377c <bcm63xx_hsspi_probe+0x198>
    82623624:	f9401680 	ldr	x0, [x20, #40]
    82623628:	52800102 	mov	w2, #0x8                   	// #8
    8262362c:	b0000001 	adrp	x1, 82624000 <blk_find_max_devnum+0x3c>
    82623630:	9136b821 	add	x1, x1, #0xdae
    82623634:	97fff0cd 	bl	8261f968 <ofnode_read_u32_default>
    82623638:	39004260 	strb	w0, [x19, #16]
    8262363c:	b0000001 	adrp	x1, 82624000 <blk_find_max_devnum+0x3c>
    82623640:	9100f3e2 	add	x2, sp, #0x3c
    82623644:	f9401680 	ldr	x0, [x20, #40]
    82623648:	9136d421 	add	x1, x1, #0xdb5
    8262364c:	97fff0a5 	bl	8261f8e0 <ofnode_read_u32>
    82623650:	35000920 	cbnz	w0, 82623774 <bcm63xx_hsspi_probe+0x190>
    82623654:	b9403fe0 	ldr	w0, [sp, #60]
    82623658:	52987001 	mov	w1, #0xc380                	// #50048
    8262365c:	72a03921 	movk	w1, #0x1c9, lsl #16
    82623660:	6b01001f 	cmp	w0, w1
    82623664:	1a808021 	csel	w1, w1, w0, hi  // hi = pmore
    82623668:	b9001a61 	str	w1, [x19, #24]
    8262366c:	b0000000 	adrp	x0, 82624000 <blk_find_max_devnum+0x3c>
    82623670:	91371000 	add	x0, x0, #0xdc4
    82623674:	97ffe834 	bl	8261d744 <printf>
    82623678:	f9401680 	ldr	x0, [x20, #40]
    8262367c:	52800002 	mov	w2, #0x0                   	// #0
    82623680:	b0000001 	adrp	x1, 82624000 <blk_find_max_devnum+0x3c>
    82623684:	91378421 	add	x1, x1, #0xde1
    82623688:	97fff0b8 	bl	8261f968 <ofnode_read_u32_default>
    8262368c:	b9001e60 	str	w0, [x19, #28]
    82623690:	90000021 	adrp	x1, 82627000 <multipliers+0x16ba>
    82623694:	910103e2 	add	x2, sp, #0x40
    82623698:	91094421 	add	x1, x1, #0x251
    8262369c:	aa1403e0 	mov	x0, x20
    826236a0:	97ffe99b 	bl	8261dd0c <clk_get_by_name>
    826236a4:	37f805a0 	tbnz	w0, #31, 82623758 <bcm63xx_hsspi_probe+0x174>
    826236a8:	910103e0 	add	x0, sp, #0x40
    826236ac:	97ffea58 	bl	8261e00c <clk_enable>
    826236b0:	7100001f 	cmp	w0, #0x0
    826236b4:	128004b5 	mov	w21, #0xffffffda            	// #-38
    826236b8:	7a55b004 	ccmp	w0, w21, #0x4, lt  // lt = tstop
    826236bc:	540004e1 	b.ne	82623758 <bcm63xx_hsspi_probe+0x174>  // b.any
    826236c0:	910103e0 	add	x0, sp, #0x40
    826236c4:	97ffe9c6 	bl	8261dddc <clk_free>
    826236c8:	7100001f 	cmp	w0, #0x0
    826236cc:	7a55b004 	ccmp	w0, w21, #0x4, lt  // lt = tstop
    826236d0:	54000441 	b.ne	82623758 <bcm63xx_hsspi_probe+0x174>  // b.any
    826236d4:	910103e2 	add	x2, sp, #0x40
    826236d8:	aa1403e0 	mov	x0, x20
    826236dc:	b0000001 	adrp	x1, 82624000 <blk_find_max_devnum+0x3c>
    826236e0:	9137cc21 	add	x1, x1, #0xdf3
    826236e4:	97ffe98a 	bl	8261dd0c <clk_get_by_name>
    826236e8:	7100001f 	cmp	w0, #0x0
    826236ec:	7a55b004 	ccmp	w0, w21, #0x4, lt  // lt = tstop
    826236f0:	54000341 	b.ne	82623758 <bcm63xx_hsspi_probe+0x174>  // b.any
    826236f4:	910103e0 	add	x0, sp, #0x40
    826236f8:	97ffe9c2 	bl	8261de00 <clk_get_rate>
    826236fc:	f9000660 	str	x0, [x19, #8]
    82623700:	910103e0 	add	x0, sp, #0x40
    82623704:	97ffe9b6 	bl	8261dddc <clk_free>
    82623708:	7100001f 	cmp	w0, #0x0
    8262370c:	7a55b004 	ccmp	w0, w21, #0x4, lt  // lt = tstop
    82623710:	54000241 	b.ne	82623758 <bcm63xx_hsspi_probe+0x174>  // b.any
    82623714:	d5033fbf 	dmb	sy
    82623718:	f9400260 	ldr	x0, [x19]
    8262371c:	b900101f 	str	wzr, [x0, #16]
    82623720:	d5033fbf 	dmb	sy
    82623724:	f9400260 	ldr	x0, [x19]
    82623728:	5283e3e1 	mov	w1, #0x1f1f                	// #7967
    8262372c:	72bfe001 	movk	w1, #0xff00, lsl #16
    82623730:	b9000801 	str	w1, [x0, #8]
    82623734:	f9400261 	ldr	x1, [x19]
    82623738:	b9400020 	ldr	w0, [x1]
    8262373c:	32100000 	orr	w0, w0, #0x10000
    82623740:	b9000020 	str	w0, [x1]
    82623744:	f9400260 	ldr	x0, [x19]
    82623748:	b9400000 	ldr	w0, [x0]
    8262374c:	d5033fbf 	dmb	sy
    82623750:	39004660 	strb	w0, [x19, #17]
    82623754:	52800000 	mov	w0, #0x0                   	// #0
    82623758:	90000021 	adrp	x1, 82627000 <multipliers+0x16ba>
    8262375c:	f9402fe2 	ldr	x2, [sp, #88]
    82623760:	f9421c23 	ldr	x3, [x1, #1080]
    82623764:	eb030042 	subs	x2, x2, x3
    82623768:	d2800003 	mov	x3, #0x0                   	// #0
    8262376c:	540000c0 	b.eq	82623784 <bcm63xx_hsspi_probe+0x1a0>  // b.none
    82623770:	97ffbb23 	bl	826123fc <__stack_chk_fail>
    82623774:	b9001a7f 	str	wzr, [x19, #24]
    82623778:	17ffffc0 	b	82623678 <bcm63xx_hsspi_probe+0x94>
    8262377c:	128002a0 	mov	w0, #0xffffffea            	// #-22
    82623780:	17fffff6 	b	82623758 <bcm63xx_hsspi_probe+0x174>
    82623784:	a94153f3 	ldp	x19, x20, [sp, #16]
    82623788:	f94013f5 	ldr	x21, [sp, #32]
    8262378c:	a8c67bfd 	ldp	x29, x30, [sp], #96
    82623790:	d65f03c0 	ret

0000000082623794 <bcm63xx_hsspi_xfer>:
    82623794:	a9b97bfd 	stp	x29, x30, [sp, #-112]!
    82623798:	910003fd 	mov	x29, sp
    8262379c:	a90153f3 	stp	x19, x20, [sp, #16]
    826237a0:	53037c34 	lsr	w20, w1, #3
    826237a4:	a9025bf5 	stp	x21, x22, [sp, #32]
    826237a8:	aa0203f6 	mov	x22, x2
    826237ac:	aa0303f5 	mov	x21, x3
    826237b0:	a90363f7 	stp	x23, x24, [sp, #48]
    826237b4:	aa0403f7 	mov	x23, x4
    826237b8:	a9046bf9 	stp	x25, x26, [sp, #64]
    826237bc:	53037c3a 	lsr	w26, w1, #3
    826237c0:	a90573fb 	stp	x27, x28, [sp, #80]
    826237c4:	aa0003fb 	mov	x27, x0
    826237c8:	f9401c00 	ldr	x0, [x0, #56]
    826237cc:	97ffebbd 	bl	8261e6c0 <dev_get_priv>
    826237d0:	aa0003fc 	mov	x28, x0
    826237d4:	aa1b03e0 	mov	x0, x27
    826237d8:	97ffebb4 	bl	8261e6a8 <dev_get_parent_platdata>
    826237dc:	924002e1 	and	x1, x23, #0x1
    826237e0:	b9401f99 	ldr	w25, [x28, #28]
    826237e4:	35001099 	cbnz	w25, 826239f4 <bcm63xx_hsspi_xfer+0x260>
    826237e8:	f9401f60 	ldr	x0, [x27, #56]
    826237ec:	f90037e1 	str	x1, [sp, #104]
    826237f0:	97ffebb4 	bl	8261e6c0 <dev_get_priv>
    826237f4:	aa0003f3 	mov	x19, x0
    826237f8:	aa1b03e0 	mov	x0, x27
    826237fc:	97ffebab 	bl	8261e6a8 <dev_get_parent_platdata>
    82623800:	f94037e1 	ldr	x1, [sp, #104]
    82623804:	aa0003f8 	mov	x24, x0
    82623808:	b4000041 	cbz	x1, 82623810 <bcm63xx_hsspi_xfer+0x7c>
    8262380c:	b900227f 	str	wzr, [x19, #32]
    82623810:	b4000315 	cbz	x21, 82623870 <bcm63xx_hsspi_xfer+0xdc>
    82623814:	37080217 	tbnz	w23, #1, 82623854 <bcm63xx_hsspi_xfer+0xc0>
    82623818:	128002b9 	mov	w25, #0xffffffea            	// #-22
    8262381c:	b0000000 	adrp	x0, 82624000 <blk_find_max_devnum+0x3c>
    82623820:	9137dc00 	add	x0, x0, #0xdf7
    82623824:	97ffe7c8 	bl	8261d744 <printf>
    82623828:	b0000000 	adrp	x0, 82624000 <blk_find_max_devnum+0x3c>
    8262382c:	91383c00 	add	x0, x0, #0xe0f
    82623830:	97ffe7c5 	bl	8261d744 <printf>
    82623834:	2a1903e0 	mov	w0, w25
    82623838:	a94153f3 	ldp	x19, x20, [sp, #16]
    8262383c:	a9425bf5 	ldp	x21, x22, [sp, #32]
    82623840:	a94363f7 	ldp	x23, x24, [sp, #48]
    82623844:	a9446bf9 	ldp	x25, x26, [sp, #64]
    82623848:	a94573fb 	ldp	x27, x28, [sp, #80]
    8262384c:	a8c77bfd 	ldp	x29, x30, [sp], #112
    82623850:	d65f03c0 	ret
    82623854:	7107fb5f 	cmp	w26, #0x1fe
    82623858:	540000c9 	b.ls	82623870 <bcm63xx_hsspi_xfer+0xdc>  // b.plast
    8262385c:	b0000000 	adrp	x0, 82624000 <blk_find_max_devnum+0x3c>
    82623860:	91391400 	add	x0, x0, #0xe45
    82623864:	12800b39 	mov	w25, #0xffffffa6            	// #-90
    82623868:	97ffe7b7 	bl	8261d744 <printf>
    8262386c:	17fffff2 	b	82623834 <bcm63xx_hsspi_xfer+0xa0>
    82623870:	b4000236 	cbz	x22, 826238b4 <bcm63xx_hsspi_xfer+0x120>
    82623874:	b9402260 	ldr	w0, [x19, #32]
    82623878:	8b000281 	add	x1, x20, x0
    8262387c:	f107f83f 	cmp	x1, #0x1fe
    82623880:	54000089 	b.ls	82623890 <bcm63xx_hsspi_xfer+0xfc>  // b.plast
    82623884:	b0000000 	adrp	x0, 82624000 <blk_find_max_devnum+0x3c>
    82623888:	91397000 	add	x0, x0, #0xe5c
    8262388c:	17fffff6 	b	82623864 <bcm63xx_hsspi_xfer+0xd0>
    82623890:	f9400263 	ldr	x3, [x19]
    82623894:	91080800 	add	x0, x0, #0x202
    82623898:	aa1403e2 	mov	x2, x20
    8262389c:	aa1603e1 	mov	x1, x22
    826238a0:	8b000060 	add	x0, x3, x0
    826238a4:	97ffe299 	bl	8261c308 <memcpy>
    826238a8:	b9402260 	ldr	w0, [x19, #32]
    826238ac:	0b1a0000 	add	w0, w0, w26
    826238b0:	b9002260 	str	w0, [x19, #32]
    826238b4:	37080077 	tbnz	w23, #1, 826238c0 <bcm63xx_hsspi_xfer+0x12c>
    826238b8:	52800019 	mov	w25, #0x0                   	// #0
    826238bc:	17ffffde 	b	82623834 <bcm63xx_hsspi_xfer+0xa0>
    826238c0:	aa1803e1 	mov	x1, x24
    826238c4:	aa1303e0 	mov	x0, x19
    826238c8:	97fffea4 	bl	82623358 <bcm63xx_hsspi_activate_cs>
    826238cc:	f10002df 	cmp	x22, #0x0
    826238d0:	fa401aa0 	ccmp	x21, #0x0, #0x0, ne  // ne = any
    826238d4:	54000661 	b.ne	826239a0 <bcm63xx_hsspi_xfer+0x20c>  // b.any
    826238d8:	b9402274 	ldr	w20, [x19, #32]
    826238dc:	52880003 	mov	w3, #0x4000                	// #16384
    826238e0:	b900227f 	str	wzr, [x19, #32]
    826238e4:	b9400b01 	ldr	w1, [x24, #8]
    826238e8:	52801fe0 	mov	w0, #0xff                  	// #255
    826238ec:	72a00200 	movk	w0, #0x10, lsl #16
    826238f0:	52801fe2 	mov	w2, #0xff                  	// #255
    826238f4:	f27c003f 	tst	x1, #0x10
    826238f8:	1a800042 	csel	w2, w2, w0, eq  // eq = none
    826238fc:	b9402260 	ldr	w0, [x19, #32]
    82623900:	36200097 	tbz	w23, #4, 82623910 <bcm63xx_hsspi_xfer+0x17c>
    82623904:	7140187f 	cmp	w3, #0x6, lsl #12
    82623908:	54000601 	b.ne	826239c8 <bcm63xx_hsspi_xfer+0x234>  // b.any
    8262390c:	37600641 	tbnz	w1, #12, 826239d4 <bcm63xx_hsspi_xfer+0x240>
    82623910:	2a006040 	orr	w0, w2, w0, lsl #24
    82623914:	d5033fbf 	dmb	sy
    82623918:	b9400304 	ldr	w4, [x24]
    8262391c:	f9400261 	ldr	x1, [x19]
    82623920:	531b6884 	lsl	w4, w4, #5
    82623924:	11042084 	add	w4, w4, #0x108
    82623928:	b8246820 	str	w0, [x1, x4]
    8262392c:	12002680 	and	w0, w20, #0x3ff
    82623930:	2a030003 	orr	w3, w0, w3
    82623934:	5ac00463 	rev16	w3, w3
    82623938:	d5033fbf 	dmb	sy
    8262393c:	f9400260 	ldr	x0, [x19]
    82623940:	79040003 	strh	w3, [x0, #512]
    82623944:	b9400301 	ldr	w1, [x24]
    82623948:	53180820 	ubfiz	w0, w1, #8, #3
    8262394c:	53140821 	ubfiz	w1, w1, #12, #3
    82623950:	2a010000 	orr	w0, w0, w1
    82623954:	32000000 	orr	w0, w0, #0x1
    82623958:	d5033fbf 	dmb	sy
    8262395c:	f9400261 	ldr	x1, [x19]
    82623960:	b9008020 	str	w0, [x1, #128]
    82623964:	d2800000 	mov	x0, #0x0                   	// #0
    82623968:	f9400277 	ldr	x23, [x19]
    8262396c:	97ffe2b4 	bl	8261c43c <get_timer>
    82623970:	aa0003f6 	mov	x22, x0
    82623974:	b94086e0 	ldr	w0, [x23, #132]
    82623978:	d5033fbf 	dmb	sy
    8262397c:	360810c0 	tbz	w0, #1, 82623b94 <bcm63xx_hsspi_xfer+0x400>
    82623980:	aa1603e0 	mov	x0, x22
    82623984:	97ffe2ae 	bl	8261c43c <get_timer>
    82623988:	f10fa01f 	cmp	x0, #0x3e8
    8262398c:	54000ee8 	b.hi	82623b68 <bcm63xx_hsspi_xfer+0x3d4>  // b.pmore
    82623990:	d2800020 	mov	x0, #0x1                   	// #1
    82623994:	97ffe2d5 	bl	8261c4e8 <udelay>
    82623998:	940000aa 	bl	82623c40 <watchdog_reset>
    8262399c:	17fffff6 	b	82623974 <bcm63xx_hsspi_xfer+0x1e0>
    826239a0:	f10002df 	cmp	x22, #0x0
    826239a4:	fa400aa4 	ccmp	x21, #0x0, #0x4, eq  // eq = none
    826239a8:	540000c1 	b.ne	826239c0 <bcm63xx_hsspi_xfer+0x22c>  // b.any
    826239ac:	b9402260 	ldr	w0, [x19, #32]
    826239b0:	52840003 	mov	w3, #0x2000                	// #8192
    826239b4:	4b1a001a 	sub	w26, w0, w26
    826239b8:	b900227a 	str	w26, [x19, #32]
    826239bc:	17ffffca 	b	826238e4 <bcm63xx_hsspi_xfer+0x150>
    826239c0:	528c0003 	mov	w3, #0x6000                	// #24576
    826239c4:	17ffffc8 	b	826238e4 <bcm63xx_hsspi_xfer+0x150>
    826239c8:	7140107f 	cmp	w3, #0x4, lsl #12
    826239cc:	54fffa21 	b.ne	82623910 <bcm63xx_hsspi_xfer+0x17c>  // b.any
    826239d0:	364ffa01 	tbz	w1, #9, 82623910 <bcm63xx_hsspi_xfer+0x17c>
    826239d4:	32150063 	orr	w3, w3, #0x800
    826239d8:	36600061 	tbz	w1, #12, 826239e4 <bcm63xx_hsspi_xfer+0x250>
    826239dc:	2a002042 	orr	w2, w2, w0, lsl #8
    826239e0:	32100042 	orr	w2, w2, #0x10000
    826239e4:	364ff961 	tbz	w1, #9, 82623910 <bcm63xx_hsspi_xfer+0x17c>
    826239e8:	2a003042 	orr	w2, w2, w0, lsl #12
    826239ec:	320e0042 	orr	w2, w2, #0x40000
    826239f0:	17ffffc8 	b	82623910 <bcm63xx_hsspi_xfer+0x17c>
    826239f4:	aa0003f8 	mov	x24, x0
    826239f8:	b4000081 	cbz	x1, 82623a08 <bcm63xx_hsspi_xfer+0x274>
    826239fc:	aa0003e1 	mov	x1, x0
    82623a00:	aa1c03e0 	mov	x0, x28
    82623a04:	97fffe55 	bl	82623358 <bcm63xx_hsspi_activate_cs>
    82623a08:	f10002df 	cmp	x22, #0x0
    82623a0c:	fa401aa4 	ccmp	x21, #0x0, #0x4, ne  // ne = any
    82623a10:	540001a1 	b.ne	82623a44 <bcm63xx_hsspi_xfer+0x2b0>  // b.any
    82623a14:	b50001d5 	cbnz	x21, 82623a4c <bcm63xx_hsspi_xfer+0x2b8>
    82623a18:	f10002df 	cmp	x22, #0x0
    82623a1c:	52880013 	mov	w19, #0x4000                	// #16384
    82623a20:	1a9303f3 	csel	w19, wzr, w19, eq  // eq = none
    82623a24:	d2803fda 	mov	x26, #0x1fe                 	// #510
    82623a28:	b9400b01 	ldr	w1, [x24, #8]
    82623a2c:	36200097 	tbz	w23, #4, 82623a3c <bcm63xx_hsspi_xfer+0x2a8>
    82623a30:	71401a7f 	cmp	w19, #0x6, lsl #12
    82623a34:	54000121 	b.ne	82623a58 <bcm63xx_hsspi_xfer+0x2c4>  // b.any
    82623a38:	37600161 	tbnz	w1, #12, 82623a64 <bcm63xx_hsspi_xfer+0x2d0>
    82623a3c:	52801fe0 	mov	w0, #0xff                  	// #255
    82623a40:	14000011 	b	82623a84 <bcm63xx_hsspi_xfer+0x2f0>
    82623a44:	52840013 	mov	w19, #0x2000                	// #8192
    82623a48:	17fffff7 	b	82623a24 <bcm63xx_hsspi_xfer+0x290>
    82623a4c:	528c0013 	mov	w19, #0x6000                	// #24576
    82623a50:	d280401a 	mov	x26, #0x200                 	// #512
    82623a54:	17fffff5 	b	82623a28 <bcm63xx_hsspi_xfer+0x294>
    82623a58:	7140127f 	cmp	w19, #0x4, lsl #12
    82623a5c:	54ffff01 	b.ne	82623a3c <bcm63xx_hsspi_xfer+0x2a8>  // b.any
    82623a60:	364ffee1 	tbz	w1, #9, 82623a3c <bcm63xx_hsspi_xfer+0x2a8>
    82623a64:	f274003f 	tst	x1, #0x1000
    82623a68:	52801fe2 	mov	w2, #0xff                  	// #255
    82623a6c:	52801fe0 	mov	w0, #0xff                  	// #255
    82623a70:	72a00022 	movk	w2, #0x1, lsl #16
    82623a74:	32150273 	orr	w19, w19, #0x800
    82623a78:	1a820000 	csel	w0, w0, w2, eq  // eq = none
    82623a7c:	36480041 	tbz	w1, #9, 82623a84 <bcm63xx_hsspi_xfer+0x2f0>
    82623a80:	320e0000 	orr	w0, w0, #0x40000
    82623a84:	36200041 	tbz	w1, #4, 82623a8c <bcm63xx_hsspi_xfer+0x2f8>
    82623a88:	320c0000 	orr	w0, w0, #0x100000
    82623a8c:	d5033fbf 	dmb	sy
    82623a90:	b9400301 	ldr	w1, [x24]
    82623a94:	f9400382 	ldr	x2, [x28]
    82623a98:	531b6821 	lsl	w1, w1, #5
    82623a9c:	11042021 	add	w1, w1, #0x108
    82623aa0:	b8216840 	str	w0, [x2, x1]
    82623aa4:	b5000134 	cbnz	x20, 82623ac8 <bcm63xx_hsspi_xfer+0x334>
    82623aa8:	360ff097 	tbz	w23, #1, 826238b8 <bcm63xx_hsspi_xfer+0x124>
    82623aac:	f9400381 	ldr	x1, [x28]
    82623ab0:	39404782 	ldrb	w2, [x28, #17]
    82623ab4:	b9400020 	ldr	w0, [x1]
    82623ab8:	12185c00 	and	w0, w0, #0xffffff00
    82623abc:	2a020000 	orr	w0, w0, w2
    82623ac0:	b9000020 	str	w0, [x1]
    82623ac4:	17ffff7d 	b	826238b8 <bcm63xx_hsspi_xfer+0x124>
    82623ac8:	eb1a029f 	cmp	x20, x26
    82623acc:	9a9a9299 	csel	x25, x20, x26, ls  // ls = plast
    82623ad0:	b40000f6 	cbz	x22, 82623aec <bcm63xx_hsspi_xfer+0x358>
    82623ad4:	f9400380 	ldr	x0, [x28]
    82623ad8:	aa1603e1 	mov	x1, x22
    82623adc:	aa1903e2 	mov	x2, x25
    82623ae0:	8b1902d6 	add	x22, x22, x25
    82623ae4:	91080800 	add	x0, x0, #0x202
    82623ae8:	97ffe208 	bl	8261c308 <memcpy>
    82623aec:	2a190260 	orr	w0, w19, w25
    82623af0:	5ac00400 	rev16	w0, w0
    82623af4:	d5033fbf 	dmb	sy
    82623af8:	f9400381 	ldr	x1, [x28]
    82623afc:	79040020 	strh	w0, [x1, #512]
    82623b00:	b9400301 	ldr	w1, [x24]
    82623b04:	7100003f 	cmp	w1, #0x0
    82623b08:	1a9f17e0 	cset	w0, eq  // eq = none
    82623b0c:	53180822 	ubfiz	w2, w1, #8, #3
    82623b10:	2a003040 	orr	w0, w2, w0, lsl #12
    82623b14:	32000000 	orr	w0, w0, #0x1
    82623b18:	d5033fbf 	dmb	sy
    82623b1c:	f9400381 	ldr	x1, [x28]
    82623b20:	b9008020 	str	w0, [x1, #128]
    82623b24:	f9400380 	ldr	x0, [x28]
    82623b28:	f90037e0 	str	x0, [sp, #104]
    82623b2c:	d2800000 	mov	x0, #0x0                   	// #0
    82623b30:	97ffe243 	bl	8261c43c <get_timer>
    82623b34:	aa0003fb 	mov	x27, x0
    82623b38:	f94037e0 	ldr	x0, [sp, #104]
    82623b3c:	b9408400 	ldr	w0, [x0, #132]
    82623b40:	d5033fbf 	dmb	sy
    82623b44:	36080480 	tbz	w0, #1, 82623bd4 <bcm63xx_hsspi_xfer+0x440>
    82623b48:	aa1b03e0 	mov	x0, x27
    82623b4c:	97ffe23c 	bl	8261c43c <get_timer>
    82623b50:	f10fa01f 	cmp	x0, #0x3e8
    82623b54:	540003a8 	b.hi	82623bc8 <bcm63xx_hsspi_xfer+0x434>  // b.pmore
    82623b58:	d2800020 	mov	x0, #0x1                   	// #1
    82623b5c:	97ffe263 	bl	8261c4e8 <udelay>
    82623b60:	94000038 	bl	82623c40 <watchdog_reset>
    82623b64:	17fffff5 	b	82623b38 <bcm63xx_hsspi_xfer+0x3a4>
    82623b68:	f9400261 	ldr	x1, [x19]
    82623b6c:	39404662 	ldrb	w2, [x19, #17]
    82623b70:	b9400020 	ldr	w0, [x1]
    82623b74:	12185c00 	and	w0, w0, #0xffffff00
    82623b78:	2a020000 	orr	w0, w0, w2
    82623b7c:	b9000020 	str	w0, [x1]
    82623b80:	b0000000 	adrp	x0, 82624000 <blk_find_max_devnum+0x3c>
    82623b84:	9139cc00 	add	x0, x0, #0xe73
    82623b88:	12800db9 	mov	w25, #0xffffff92            	// #-110
    82623b8c:	97ffe6ee 	bl	8261d744 <printf>
    82623b90:	17ffff29 	b	82623834 <bcm63xx_hsspi_xfer+0xa0>
    82623b94:	b40000d5 	cbz	x21, 82623bac <bcm63xx_hsspi_xfer+0x418>
    82623b98:	f9400261 	ldr	x1, [x19]
    82623b9c:	aa1403e2 	mov	x2, x20
    82623ba0:	aa1503e0 	mov	x0, x21
    82623ba4:	91080021 	add	x1, x1, #0x200
    82623ba8:	97ffe1d8 	bl	8261c308 <memcpy>
    82623bac:	f9400261 	ldr	x1, [x19]
    82623bb0:	39404662 	ldrb	w2, [x19, #17]
    82623bb4:	b9400020 	ldr	w0, [x1]
    82623bb8:	12185c00 	and	w0, w0, #0xffffff00
    82623bbc:	2a020000 	orr	w0, w0, w2
    82623bc0:	b9000020 	str	w0, [x1]
    82623bc4:	17ffff1c 	b	82623834 <bcm63xx_hsspi_xfer+0xa0>
    82623bc8:	b0000000 	adrp	x0, 82624000 <blk_find_max_devnum+0x3c>
    82623bcc:	913a2000 	add	x0, x0, #0xe88
    82623bd0:	17ffffee 	b	82623b88 <bcm63xx_hsspi_xfer+0x3f4>
    82623bd4:	b40000f5 	cbz	x21, 82623bf0 <bcm63xx_hsspi_xfer+0x45c>
    82623bd8:	f9400381 	ldr	x1, [x28]
    82623bdc:	aa1503e0 	mov	x0, x21
    82623be0:	aa1903e2 	mov	x2, x25
    82623be4:	8b1902b5 	add	x21, x21, x25
    82623be8:	91080021 	add	x1, x1, #0x200
    82623bec:	97ffe1c7 	bl	8261c308 <memcpy>
    82623bf0:	cb190294 	sub	x20, x20, x25
    82623bf4:	17ffffac 	b	82623aa4 <bcm63xx_hsspi_xfer+0x310>

0000000082623bf8 <wdt_post_bind>:
    82623bf8:	52800000 	mov	w0, #0x0                   	// #0
    82623bfc:	d65f03c0 	ret

0000000082623c00 <wdt_start>:
    82623c00:	f9400003 	ldr	x3, [x0]
    82623c04:	f9403463 	ldr	x3, [x3, #104]
    82623c08:	f9400063 	ldr	x3, [x3]
    82623c0c:	b4000063 	cbz	x3, 82623c18 <wdt_start+0x18>
    82623c10:	aa0303f0 	mov	x16, x3
    82623c14:	d61f0200 	br	x16
    82623c18:	128004a0 	mov	w0, #0xffffffda            	// #-38
    82623c1c:	d65f03c0 	ret

0000000082623c20 <wdt_reset>:
    82623c20:	f9400001 	ldr	x1, [x0]
    82623c24:	f9403421 	ldr	x1, [x1, #104]
    82623c28:	f9400821 	ldr	x1, [x1, #16]
    82623c2c:	b4000061 	cbz	x1, 82623c38 <wdt_reset+0x18>
    82623c30:	aa0103f0 	mov	x16, x1
    82623c34:	d61f0200 	br	x16
    82623c38:	128004a0 	mov	w0, #0xffffffda            	// #-38
    82623c3c:	d65f03c0 	ret

0000000082623c40 <watchdog_reset>:
    82623c40:	b4000252 	cbz	x18, 82623c88 <watchdog_reset+0x48>
    82623c44:	f9400640 	ldr	x0, [x18, #8]
    82623c48:	36800200 	tbz	w0, #16, 82623c88 <watchdog_reset+0x48>
    82623c4c:	a9bf7bfd 	stp	x29, x30, [sp, #-16]!
    82623c50:	d2800000 	mov	x0, #0x0                   	// #0
    82623c54:	910003fd 	mov	x29, sp
    82623c58:	97ffe1f9 	bl	8261c43c <get_timer>
    82623c5c:	b00000e1 	adrp	x1, 82640000 <pmc>
    82623c60:	f941b422 	ldr	x2, [x1, #872]
    82623c64:	eb00005f 	cmp	x2, x0
    82623c68:	540000c2 	b.cs	82623c80 <watchdog_reset+0x40>  // b.hs, b.nlast
    82623c6c:	a8c17bfd 	ldp	x29, x30, [sp], #16
    82623c70:	910fa000 	add	x0, x0, #0x3e8
    82623c74:	f901b420 	str	x0, [x1, #872]
    82623c78:	f940ca40 	ldr	x0, [x18, #400]
    82623c7c:	17ffffe9 	b	82623c20 <wdt_reset>
    82623c80:	a8c17bfd 	ldp	x29, x30, [sp], #16
    82623c84:	d65f03c0 	ret
    82623c88:	d65f03c0 	ret

0000000082623c8c <bcm6345_wdt_reset>:
    82623c8c:	a9bf7bfd 	stp	x29, x30, [sp, #-16]!
    82623c90:	910003fd 	mov	x29, sp
    82623c94:	97ffea8b 	bl	8261e6c0 <dev_get_priv>
    82623c98:	d5033fbf 	dmb	sy
    82623c9c:	f9400001 	ldr	x1, [x0]
    82623ca0:	529fe002 	mov	w2, #0xff00                	// #65280
    82623ca4:	b9000422 	str	w2, [x1, #4]
    82623ca8:	d5033fbf 	dmb	sy
    82623cac:	f9400000 	ldr	x0, [x0]
    82623cb0:	52801fe1 	mov	w1, #0xff                  	// #255
    82623cb4:	b9000401 	str	w1, [x0, #4]
    82623cb8:	52800000 	mov	w0, #0x0                   	// #0
    82623cbc:	a8c17bfd 	ldp	x29, x30, [sp], #16
    82623cc0:	d65f03c0 	ret

0000000082623cc4 <bcm6345_wdt_stop>:
    82623cc4:	a9bf7bfd 	stp	x29, x30, [sp, #-16]!
    82623cc8:	910003fd 	mov	x29, sp
    82623ccc:	97ffea7d 	bl	8261e6c0 <dev_get_priv>
    82623cd0:	d5033fbf 	dmb	sy
    82623cd4:	f9400001 	ldr	x1, [x0]
    82623cd8:	529dc002 	mov	w2, #0xee00                	// #60928
    82623cdc:	b9000422 	str	w2, [x1, #4]
    82623ce0:	d5033fbf 	dmb	sy
    82623ce4:	f9400000 	ldr	x0, [x0]
    82623ce8:	52801dc1 	mov	w1, #0xee                  	// #238
    82623cec:	b9000401 	str	w1, [x0, #4]
    82623cf0:	52800000 	mov	w0, #0x0                   	// #0
    82623cf4:	a8c17bfd 	ldp	x29, x30, [sp], #16
    82623cf8:	d65f03c0 	ret

0000000082623cfc <bcm6345_wdt_start>:
    82623cfc:	a9be7bfd 	stp	x29, x30, [sp, #-32]!
    82623d00:	910003fd 	mov	x29, sp
    82623d04:	a90153f3 	stp	x19, x20, [sp, #16]
    82623d08:	aa0103f4 	mov	x20, x1
    82623d0c:	aa0003f3 	mov	x19, x0
    82623d10:	97ffea6c 	bl	8261e6c0 <dev_get_priv>
    82623d14:	f9400402 	ldr	x2, [x0, #8]
    82623d18:	d2807d01 	mov	x1, #0x3e8                 	// #1000
    82623d1c:	9ac10842 	udiv	x2, x2, x1
    82623d20:	1b147c41 	mul	w1, w2, w20
    82623d24:	12800022 	mov	w2, #0xfffffffe            	// #-2
    82623d28:	3100083f 	cmn	w1, #0x2
    82623d2c:	1a829021 	csel	w1, w1, w2, ls  // ls = plast
    82623d30:	52800042 	mov	w2, #0x2                   	// #2
    82623d34:	7100083f 	cmp	w1, #0x2
    82623d38:	1a822021 	csel	w1, w1, w2, cs  // cs = hs, nlast
    82623d3c:	d5033fbf 	dmb	sy
    82623d40:	f9400000 	ldr	x0, [x0]
    82623d44:	b9000001 	str	w1, [x0]
    82623d48:	aa1303e0 	mov	x0, x19
    82623d4c:	a94153f3 	ldp	x19, x20, [sp, #16]
    82623d50:	a8c27bfd 	ldp	x29, x30, [sp], #32
    82623d54:	17ffffce 	b	82623c8c <bcm6345_wdt_reset>

0000000082623d58 <bcm6345_wdt_expire_now>:
    82623d58:	aa0103e2 	mov	x2, x1
    82623d5c:	d2800041 	mov	x1, #0x2                   	// #2
    82623d60:	17ffffe7 	b	82623cfc <bcm6345_wdt_start>

0000000082623d64 <bcm6345_wdt_probe>:
    82623d64:	a9bb7bfd 	stp	x29, x30, [sp, #-80]!
    82623d68:	90000021 	adrp	x1, 82627000 <multipliers+0x16ba>
    82623d6c:	910003fd 	mov	x29, sp
    82623d70:	a90153f3 	stp	x19, x20, [sp, #16]
    82623d74:	aa0003f4 	mov	x20, x0
    82623d78:	f90013f5 	str	x21, [sp, #32]
    82623d7c:	f9421c22 	ldr	x2, [x1, #1080]
    82623d80:	f90027e2 	str	x2, [sp, #72]
    82623d84:	d2800002 	mov	x2, #0x0                   	// #0
    82623d88:	97ffea4e 	bl	8261e6c0 <dev_get_priv>
    82623d8c:	aa0003f5 	mov	x21, x0
    82623d90:	aa1403e0 	mov	x0, x20
    82623d94:	97ffeaab 	bl	8261e840 <devfdt_remap_addr>
    82623d98:	f90002a0 	str	x0, [x21]
    82623d9c:	b5000120 	cbnz	x0, 82623dc0 <bcm6345_wdt_probe+0x5c>
    82623da0:	128002b3 	mov	w19, #0xffffffea            	// #-22
    82623da4:	90000020 	adrp	x0, 82627000 <multipliers+0x16ba>
    82623da8:	f94027e1 	ldr	x1, [sp, #72]
    82623dac:	f9421c02 	ldr	x2, [x0, #1080]
    82623db0:	eb020021 	subs	x1, x1, x2
    82623db4:	d2800002 	mov	x2, #0x0                   	// #0
    82623db8:	540001c0 	b.eq	82623df0 <bcm6345_wdt_probe+0x8c>  // b.none
    82623dbc:	97ffb990 	bl	826123fc <__stack_chk_fail>
    82623dc0:	9100c3e2 	add	x2, sp, #0x30
    82623dc4:	aa1403e0 	mov	x0, x20
    82623dc8:	52800001 	mov	w1, #0x0                   	// #0
    82623dcc:	97ffe7b1 	bl	8261dc90 <clk_get_by_index>
    82623dd0:	2a0003f3 	mov	w19, w0
    82623dd4:	35fffe60 	cbnz	w0, 82623da0 <bcm6345_wdt_probe+0x3c>
    82623dd8:	9100c3e0 	add	x0, sp, #0x30
    82623ddc:	97ffe809 	bl	8261de00 <clk_get_rate>
    82623de0:	f90006a0 	str	x0, [x21, #8]
    82623de4:	aa1403e0 	mov	x0, x20
    82623de8:	97ffffb7 	bl	82623cc4 <bcm6345_wdt_stop>
    82623dec:	17ffffee 	b	82623da4 <bcm6345_wdt_probe+0x40>
    82623df0:	2a1303e0 	mov	w0, w19
    82623df4:	a94153f3 	ldp	x19, x20, [sp, #16]
    82623df8:	f94013f5 	ldr	x21, [sp, #32]
    82623dfc:	a8c57bfd 	ldp	x29, x30, [sp], #80
    82623e00:	d65f03c0 	ret

0000000082623e04 <blk_post_probe>:
    82623e04:	52800000 	mov	w0, #0x0                   	// #0
    82623e08:	d65f03c0 	ret

0000000082623e0c <blk_select_hwpart>:
    82623e0c:	f9400002 	ldr	x2, [x0]
    82623e10:	f9403442 	ldr	x2, [x2, #104]
    82623e14:	b40000a2 	cbz	x2, 82623e28 <blk_select_hwpart+0x1c>
    82623e18:	f9400c42 	ldr	x2, [x2, #24]
    82623e1c:	b40000a2 	cbz	x2, 82623e30 <blk_select_hwpart+0x24>
    82623e20:	aa0203f0 	mov	x16, x2
    82623e24:	d61f0200 	br	x16
    82623e28:	128004a0 	mov	w0, #0xffffffda            	// #-38
    82623e2c:	d65f03c0 	ret
    82623e30:	52800000 	mov	w0, #0x0                   	// #0
    82623e34:	17fffffe 	b	82623e2c <blk_select_hwpart+0x20>

0000000082623e38 <blk_dselect_hwpart>:
    82623e38:	f9404000 	ldr	x0, [x0, #128]
    82623e3c:	17fffff4 	b	82623e0c <blk_select_hwpart>

0000000082623e40 <blk_find_device>:
    82623e40:	a9bb7bfd 	stp	x29, x30, [sp, #-80]!
    82623e44:	910003fd 	mov	x29, sp
    82623e48:	a90153f3 	stp	x19, x20, [sp, #16]
    82623e4c:	a9025bf5 	stp	x21, x22, [sp, #32]
    82623e50:	2a0003f5 	mov	w21, w0
    82623e54:	2a0103f6 	mov	w22, w1
    82623e58:	f9001bf7 	str	x23, [sp, #48]
    82623e5c:	90000020 	adrp	x0, 82627000 <multipliers+0x16ba>
    82623e60:	aa0203f7 	mov	x23, x2
    82623e64:	f9421c01 	ldr	x1, [x0, #1080]
    82623e68:	f90027e1 	str	x1, [sp, #72]
    82623e6c:	d2800001 	mov	x1, #0x0                   	// #0
    82623e70:	52800220 	mov	w0, #0x11                  	// #17
    82623e74:	910103e1 	add	x1, sp, #0x40
    82623e78:	97ffec1b 	bl	8261eee4 <uclass_get>
    82623e7c:	2a0003f4 	mov	w20, w0
    82623e80:	35000280 	cbnz	w0, 82623ed0 <blk_find_device+0x90>
    82623e84:	f94023e0 	ldr	x0, [sp, #64]
    82623e88:	f9400813 	ldr	x19, [x0, #16]
    82623e8c:	d1018273 	sub	x19, x19, #0x60
    82623e90:	f94023e0 	ldr	x0, [sp, #64]
    82623e94:	91018261 	add	x1, x19, #0x60
    82623e98:	91004000 	add	x0, x0, #0x10
    82623e9c:	eb00003f 	cmp	x1, x0
    82623ea0:	54000061 	b.ne	82623eac <blk_find_device+0x6c>  // b.any
    82623ea4:	12800254 	mov	w20, #0xffffffed            	// #-19
    82623ea8:	1400000a 	b	82623ed0 <blk_find_device+0x90>
    82623eac:	aa1303e0 	mov	x0, x19
    82623eb0:	97ffea01 	bl	8261e6b4 <dev_get_uclass_platdata>
    82623eb4:	b9400001 	ldr	w1, [x0]
    82623eb8:	6b15003f 	cmp	w1, w21
    82623ebc:	54000181 	b.ne	82623eec <blk_find_device+0xac>  // b.any
    82623ec0:	b9400400 	ldr	w0, [x0, #4]
    82623ec4:	6b16001f 	cmp	w0, w22
    82623ec8:	54000121 	b.ne	82623eec <blk_find_device+0xac>  // b.any
    82623ecc:	f90002f3 	str	x19, [x23]
    82623ed0:	90000020 	adrp	x0, 82627000 <multipliers+0x16ba>
    82623ed4:	f94027e1 	ldr	x1, [sp, #72]
    82623ed8:	f9421c02 	ldr	x2, [x0, #1080]
    82623edc:	eb020021 	subs	x1, x1, x2
    82623ee0:	d2800002 	mov	x2, #0x0                   	// #0
    82623ee4:	54000080 	b.eq	82623ef4 <blk_find_device+0xb4>  // b.none
    82623ee8:	97ffb945 	bl	826123fc <__stack_chk_fail>
    82623eec:	f9403273 	ldr	x19, [x19, #96]
    82623ef0:	17ffffe7 	b	82623e8c <blk_find_device+0x4c>
    82623ef4:	2a1403e0 	mov	w0, w20
    82623ef8:	a94153f3 	ldp	x19, x20, [sp, #16]
    82623efc:	a9425bf5 	ldp	x21, x22, [sp, #32]
    82623f00:	f9401bf7 	ldr	x23, [sp, #48]
    82623f04:	a8c57bfd 	ldp	x29, x30, [sp], #80
    82623f08:	d65f03c0 	ret

0000000082623f0c <blk_get_device>:
    82623f0c:	a9be7bfd 	stp	x29, x30, [sp, #-32]!
    82623f10:	910003fd 	mov	x29, sp
    82623f14:	f9000bf3 	str	x19, [sp, #16]
    82623f18:	aa0203f3 	mov	x19, x2
    82623f1c:	97ffffc9 	bl	82623e40 <blk_find_device>
    82623f20:	350000a0 	cbnz	w0, 82623f34 <blk_get_device+0x28>
    82623f24:	f9400260 	ldr	x0, [x19]
    82623f28:	f9400bf3 	ldr	x19, [sp, #16]
    82623f2c:	a8c27bfd 	ldp	x29, x30, [sp], #32
    82623f30:	17ffe971 	b	8261e4f4 <device_probe>
    82623f34:	f9400bf3 	ldr	x19, [sp, #16]
    82623f38:	a8c27bfd 	ldp	x29, x30, [sp], #32
    82623f3c:	d65f03c0 	ret

0000000082623f40 <blk_select_hwpart_devnum>:
    82623f40:	a9bd7bfd 	stp	x29, x30, [sp, #-48]!
    82623f44:	910003fd 	mov	x29, sp
    82623f48:	f9000bf3 	str	x19, [sp, #16]
    82623f4c:	2a0203f3 	mov	w19, w2
    82623f50:	90000022 	adrp	x2, 82627000 <multipliers+0x16ba>
    82623f54:	f9421c43 	ldr	x3, [x2, #1080]
    82623f58:	f90017e3 	str	x3, [sp, #40]
    82623f5c:	d2800003 	mov	x3, #0x0                   	// #0
    82623f60:	910083e2 	add	x2, sp, #0x20
    82623f64:	97ffffea 	bl	82623f0c <blk_get_device>
    82623f68:	35000080 	cbnz	w0, 82623f78 <blk_select_hwpart_devnum+0x38>
    82623f6c:	f94013e0 	ldr	x0, [sp, #32]
    82623f70:	2a1303e1 	mov	w1, w19
    82623f74:	97ffffa6 	bl	82623e0c <blk_select_hwpart>
    82623f78:	90000021 	adrp	x1, 82627000 <multipliers+0x16ba>
    82623f7c:	f94017e2 	ldr	x2, [sp, #40]
    82623f80:	f9421c23 	ldr	x3, [x1, #1080]
    82623f84:	eb030042 	subs	x2, x2, x3
    82623f88:	d2800003 	mov	x3, #0x0                   	// #0
    82623f8c:	54000040 	b.eq	82623f94 <blk_select_hwpart_devnum+0x54>  // b.none
    82623f90:	97ffb91b 	bl	826123fc <__stack_chk_fail>
    82623f94:	f9400bf3 	ldr	x19, [sp, #16]
    82623f98:	a8c37bfd 	ldp	x29, x30, [sp], #48
    82623f9c:	d65f03c0 	ret

0000000082623fa0 <blk_dread>:
    82623fa0:	f9404000 	ldr	x0, [x0, #128]
    82623fa4:	f9400004 	ldr	x4, [x0]
    82623fa8:	f9403484 	ldr	x4, [x4, #104]
    82623fac:	f9400084 	ldr	x4, [x4]
    82623fb0:	b4000064 	cbz	x4, 82623fbc <blk_dread+0x1c>
    82623fb4:	aa0403f0 	mov	x16, x4
    82623fb8:	d61f0200 	br	x16
    82623fbc:	928004a0 	mov	x0, #0xffffffffffffffda    	// #-38
    82623fc0:	d65f03c0 	ret

0000000082623fc4 <blk_find_max_devnum>:
    82623fc4:	a9bc7bfd 	stp	x29, x30, [sp, #-64]!
    82623fc8:	910003fd 	mov	x29, sp
    82623fcc:	a90153f3 	stp	x19, x20, [sp, #16]
    82623fd0:	f90013f5 	str	x21, [sp, #32]
    82623fd4:	2a0003f5 	mov	w21, w0
    82623fd8:	90000020 	adrp	x0, 82627000 <multipliers+0x16ba>
    82623fdc:	f9421c01 	ldr	x1, [x0, #1080]
    82623fe0:	f9001fe1 	str	x1, [sp, #56]
    82623fe4:	d2800001 	mov	x1, #0x0                   	// #0
    82623fe8:	52800220 	mov	w0, #0x11                  	// #17
    82623fec:	9100c3e1 	add	x1, sp, #0x30
    82623ff0:	97ffebbd 	bl	8261eee4 <uclass_get>
    82623ff4:	35000380 	cbnz	w0, 82624064 <blk_find_max_devnum+0xa0>
    82623ff8:	f9401be0 	ldr	x0, [sp, #48]
    82623ffc:	12800253 	mov	w19, #0xffffffed            	// #-19
    82624000:	f9400814 	ldr	x20, [x0, #16]
    82624004:	d1018294 	sub	x20, x20, #0x60
    82624008:	f9401be1 	ldr	x1, [sp, #48]
    8262400c:	91018280 	add	x0, x20, #0x60
    82624010:	91004021 	add	x1, x1, #0x10
    82624014:	eb01001f 	cmp	x0, x1
    82624018:	54000101 	b.ne	82624038 <blk_find_max_devnum+0x74>  // b.any
    8262401c:	f0000000 	adrp	x0, 82627000 <multipliers+0x16ba>
    82624020:	f9401fe1 	ldr	x1, [sp, #56]
    82624024:	f9421c02 	ldr	x2, [x0, #1080]
    82624028:	eb020021 	subs	x1, x1, x2
    8262402c:	d2800002 	mov	x2, #0x0                   	// #0
    82624030:	540001e0 	b.eq	8262406c <blk_find_max_devnum+0xa8>  // b.none
    82624034:	97ffb8f2 	bl	826123fc <__stack_chk_fail>
    82624038:	aa1403e0 	mov	x0, x20
    8262403c:	97ffe99e 	bl	8261e6b4 <dev_get_uclass_platdata>
    82624040:	b9400001 	ldr	w1, [x0]
    82624044:	6b15003f 	cmp	w1, w21
    82624048:	54000081 	b.ne	82624058 <blk_find_max_devnum+0x94>  // b.any
    8262404c:	b9400400 	ldr	w0, [x0, #4]
    82624050:	6b00027f 	cmp	w19, w0
    82624054:	1a80a273 	csel	w19, w19, w0, ge  // ge = tcont
    82624058:	f9403294 	ldr	x20, [x20, #96]
    8262405c:	d1018294 	sub	x20, x20, #0x60
    82624060:	17ffffea 	b	82624008 <blk_find_max_devnum+0x44>
    82624064:	2a0003f3 	mov	w19, w0
    82624068:	17ffffed 	b	8262401c <blk_find_max_devnum+0x58>
    8262406c:	2a1303e0 	mov	w0, w19
    82624070:	a94153f3 	ldp	x19, x20, [sp, #16]
    82624074:	f94013f5 	ldr	x21, [sp, #32]
    82624078:	a8c47bfd 	ldp	x29, x30, [sp], #64
    8262407c:	d65f03c0 	ret

0000000082624080 <blk_next_free_devnum>:
    82624080:	a9bf7bfd 	stp	x29, x30, [sp, #-16]!
    82624084:	910003fd 	mov	x29, sp
    82624088:	97ffffcf 	bl	82623fc4 <blk_find_max_devnum>
    8262408c:	31004c1f 	cmn	w0, #0x13
    82624090:	540000a0 	b.eq	826240a4 <blk_next_free_devnum+0x24>  // b.none
    82624094:	2a2003e1 	mvn	w1, w0
    82624098:	0b417c00 	add	w0, w0, w1, lsr #31
    8262409c:	a8c17bfd 	ldp	x29, x30, [sp], #16
    826240a0:	d65f03c0 	ret
    826240a4:	52800000 	mov	w0, #0x0                   	// #0
    826240a8:	17fffffd 	b	8262409c <blk_next_free_devnum+0x1c>

00000000826240ac <blk_create_device>:
    826240ac:	a9b87bfd 	stp	x29, x30, [sp, #-128]!
    826240b0:	910003fd 	mov	x29, sp
    826240b4:	a90153f3 	stp	x19, x20, [sp, #16]
    826240b8:	a9025bf5 	stp	x21, x22, [sp, #32]
    826240bc:	2a0303f6 	mov	w22, w3
    826240c0:	a90363f7 	stp	x23, x24, [sp, #48]
    826240c4:	93407cb7 	sxtw	x23, w5
    826240c8:	aa0703f8 	mov	x24, x7
    826240cc:	a9046bf9 	stp	x25, x26, [sp, #64]
    826240d0:	aa0003fa 	mov	x26, x0
    826240d4:	f0000000 	adrp	x0, 82627000 <multipliers+0x16ba>
    826240d8:	a90573fb 	stp	x27, x28, [sp, #80]
    826240dc:	aa0103fb 	mov	x27, x1
    826240e0:	aa0203fc 	mov	x28, x2
    826240e4:	f9421c01 	ldr	x1, [x0, #1080]
    826240e8:	f9003fe1 	str	x1, [sp, #120]
    826240ec:	d2800001 	mov	x1, #0x0                   	// #0
    826240f0:	aa0603f9 	mov	x25, x6
    826240f4:	3100049f 	cmn	w4, #0x1
    826240f8:	540002e1 	b.ne	82624154 <blk_create_device+0xa8>  // b.any
    826240fc:	2a0303e0 	mov	w0, w3
    82624100:	97ffffe0 	bl	82624080 <blk_next_free_devnum>
    82624104:	2a0003f4 	mov	w20, w0
    82624108:	37f80814 	tbnz	w20, #31, 82624208 <blk_create_device+0x15c>
    8262410c:	9101c3e3 	add	x3, sp, #0x70
    82624110:	aa1c03e2 	mov	x2, x28
    82624114:	aa1b03e1 	mov	x1, x27
    82624118:	aa1a03e0 	mov	x0, x26
    8262411c:	97ffea47 	bl	8261ea38 <device_bind_driver>
    82624120:	2a0003f3 	mov	w19, w0
    82624124:	350005c0 	cbnz	w0, 826241dc <blk_create_device+0x130>
    82624128:	f9403be0 	ldr	x0, [sp, #112]
    8262412c:	97ffe962 	bl	8261e6b4 <dev_get_uclass_platdata>
    82624130:	b9000016 	str	w22, [x0]
    82624134:	3900201f 	strb	wzr, [x0, #8]
    82624138:	a9015c19 	stp	x25, x23, [x0, #16]
    8262413c:	f9403be1 	ldr	x1, [sp, #112]
    82624140:	b9000414 	str	w20, [x0, #4]
    82624144:	f9004001 	str	x1, [x0, #128]
    82624148:	f9403be0 	ldr	x0, [sp, #112]
    8262414c:	f9000300 	str	x0, [x24]
    82624150:	14000023 	b	826241dc <blk_create_device+0x130>
    82624154:	2a0403f4 	mov	w20, w4
    82624158:	9101c3e1 	add	x1, sp, #0x70
    8262415c:	52800220 	mov	w0, #0x11                  	// #17
    82624160:	97ffeb61 	bl	8261eee4 <uclass_get>
    82624164:	2a0003f3 	mov	w19, w0
    82624168:	35000340 	cbnz	w0, 826241d0 <blk_create_device+0x124>
    8262416c:	f9403be0 	ldr	x0, [sp, #112]
    82624170:	f9400815 	ldr	x21, [x0, #16]
    82624174:	d10182b5 	sub	x21, x21, #0x60
    82624178:	f9403be0 	ldr	x0, [sp, #112]
    8262417c:	910182a1 	add	x1, x21, #0x60
    82624180:	91004000 	add	x0, x0, #0x10
    82624184:	eb00003f 	cmp	x1, x0
    82624188:	54000061 	b.ne	82624194 <blk_create_device+0xe8>  // b.any
    8262418c:	12800033 	mov	w19, #0xfffffffe            	// #-2
    82624190:	14000010 	b	826241d0 <blk_create_device+0x124>
    82624194:	aa1503e0 	mov	x0, x21
    82624198:	97ffe947 	bl	8261e6b4 <dev_get_uclass_platdata>
    8262419c:	aa0003e1 	mov	x1, x0
    826241a0:	b9400000 	ldr	w0, [x0]
    826241a4:	6b16001f 	cmp	w0, w22
    826241a8:	54000281 	b.ne	826241f8 <blk_create_device+0x14c>  // b.any
    826241ac:	b9400420 	ldr	w0, [x1, #4]
    826241b0:	6b00029f 	cmp	w20, w0
    826241b4:	54000221 	b.ne	826241f8 <blk_create_device+0x14c>  // b.any
    826241b8:	2a1603e0 	mov	w0, w22
    826241bc:	f90037e1 	str	x1, [sp, #104]
    826241c0:	97ffffb0 	bl	82624080 <blk_next_free_devnum>
    826241c4:	37f801e0 	tbnz	w0, #31, 82624200 <blk_create_device+0x154>
    826241c8:	f94037e1 	ldr	x1, [sp, #104]
    826241cc:	b9000420 	str	w0, [x1, #4]
    826241d0:	7100027f 	cmp	w19, #0x0
    826241d4:	3a42ba64 	ccmn	w19, #0x2, #0x4, lt  // lt = tstop
    826241d8:	54fff980 	b.eq	82624108 <blk_create_device+0x5c>  // b.none
    826241dc:	f0000000 	adrp	x0, 82627000 <multipliers+0x16ba>
    826241e0:	f9403fe1 	ldr	x1, [sp, #120]
    826241e4:	f9421c02 	ldr	x2, [x0, #1080]
    826241e8:	eb020021 	subs	x1, x1, x2
    826241ec:	d2800002 	mov	x2, #0x0                   	// #0
    826241f0:	54000100 	b.eq	82624210 <blk_create_device+0x164>  // b.none
    826241f4:	97ffb882 	bl	826123fc <__stack_chk_fail>
    826241f8:	f94032b5 	ldr	x21, [x21, #96]
    826241fc:	17ffffde 	b	82624174 <blk_create_device+0xc8>
    82624200:	2a0003f3 	mov	w19, w0
    82624204:	17fffff3 	b	826241d0 <blk_create_device+0x124>
    82624208:	2a1403f3 	mov	w19, w20
    8262420c:	17fffff4 	b	826241dc <blk_create_device+0x130>
    82624210:	2a1303e0 	mov	w0, w19
    82624214:	a94153f3 	ldp	x19, x20, [sp, #16]
    82624218:	a9425bf5 	ldp	x21, x22, [sp, #32]
    8262421c:	a94363f7 	ldp	x23, x24, [sp, #48]
    82624220:	a9446bf9 	ldp	x25, x26, [sp, #64]
    82624224:	a94573fb 	ldp	x27, x28, [sp, #80]
    82624228:	a8c87bfd 	ldp	x29, x30, [sp], #128
    8262422c:	d65f03c0 	ret

0000000082624230 <blk_create_devicef>:
    82624230:	a9b87bfd 	stp	x29, x30, [sp, #-128]!
    82624234:	910003fd 	mov	x29, sp
    82624238:	a90153f3 	stp	x19, x20, [sp, #16]
    8262423c:	aa0003f3 	mov	x19, x0
    82624240:	f0000000 	adrp	x0, 82627000 <multipliers+0x16ba>
    82624244:	a9025bf5 	stp	x21, x22, [sp, #32]
    82624248:	2a0303f6 	mov	w22, w3
    8262424c:	aa0103f5 	mov	x21, x1
    82624250:	a90363f7 	stp	x23, x24, [sp, #48]
    82624254:	2a0403f7 	mov	w23, w4
    82624258:	aa0203e4 	mov	x4, x2
    8262425c:	f90023f9 	str	x25, [sp, #64]
    82624260:	b0000002 	adrp	x2, 82625000 <_ctype+0x35c>
    82624264:	9102b042 	add	x2, x2, #0xac
    82624268:	2a0503f8 	mov	w24, w5
    8262426c:	f9400663 	ldr	x3, [x19, #8]
    82624270:	f9421c01 	ldr	x1, [x0, #1080]
    82624274:	f9003fe1 	str	x1, [sp, #120]
    82624278:	d2800001 	mov	x1, #0x0                   	// #0
    8262427c:	d28003c1 	mov	x1, #0x1e                  	// #30
    82624280:	aa0703f4 	mov	x20, x7
    82624284:	aa0603f9 	mov	x25, x6
    82624288:	910163e0 	add	x0, sp, #0x58
    8262428c:	97ffe4b9 	bl	8261d570 <snprintf>
    82624290:	910163e0 	add	x0, sp, #0x58
    82624294:	97ffdfef 	bl	8261c250 <strdup>
    82624298:	b40002a0 	cbz	x0, 826242ec <blk_create_devicef+0xbc>
    8262429c:	aa0003e2 	mov	x2, x0
    826242a0:	aa1403e7 	mov	x7, x20
    826242a4:	aa1303e0 	mov	x0, x19
    826242a8:	aa1903e6 	mov	x6, x25
    826242ac:	2a1803e5 	mov	w5, w24
    826242b0:	2a1703e4 	mov	w4, w23
    826242b4:	2a1603e3 	mov	w3, w22
    826242b8:	aa1503e1 	mov	x1, x21
    826242bc:	97ffff7c 	bl	826240ac <blk_create_device>
    826242c0:	2a0003f3 	mov	w19, w0
    826242c4:	35000060 	cbnz	w0, 826242d0 <blk_create_devicef+0xa0>
    826242c8:	f9400280 	ldr	x0, [x20]
    826242cc:	97ffe910 	bl	8261e70c <device_set_name_alloced>
    826242d0:	f0000000 	adrp	x0, 82627000 <multipliers+0x16ba>
    826242d4:	f9403fe1 	ldr	x1, [sp, #120]
    826242d8:	f9421c02 	ldr	x2, [x0, #1080]
    826242dc:	eb020021 	subs	x1, x1, x2
    826242e0:	d2800002 	mov	x2, #0x0                   	// #0
    826242e4:	54000080 	b.eq	826242f4 <blk_create_devicef+0xc4>  // b.none
    826242e8:	97ffb845 	bl	826123fc <__stack_chk_fail>
    826242ec:	12800173 	mov	w19, #0xfffffff4            	// #-12
    826242f0:	17fffff8 	b	826242d0 <blk_create_devicef+0xa0>
    826242f4:	2a1303e0 	mov	w0, w19
    826242f8:	a94153f3 	ldp	x19, x20, [sp, #16]
    826242fc:	a9425bf5 	ldp	x21, x22, [sp, #32]
    82624300:	a94363f7 	ldp	x23, x24, [sp, #48]
    82624304:	f94023f9 	ldr	x25, [sp, #64]
    82624308:	a8c87bfd 	ldp	x29, x30, [sp], #128
    8262430c:	d65f03c0 	ret
