
/build/asuswrt-merlin/release/src-rt-5.04behnd.4916/bootloaders/obj/spinor_spl/spl/u-boot-spl:     file format elf64-littleaarch64


Disassembly of section .text:

0000000082612000 <_start>:
    82612000:	1400000a 	b	82612028 <reset>
    82612004:	d503201f 	nop

0000000082612008 <_TEXT_BASE>:
    82612008:	01000000 	.word	0x01000000
    8261200c:	00000000 	.word	0x00000000

0000000082612010 <_end_ofs>:
    82612010:	000164b0 	.word	0x000164b0
    82612014:	00000000 	.word	0x00000000

0000000082612018 <_bss_start_ofs>:
    82612018:	0002e000 	.word	0x0002e000
    8261201c:	00000000 	.word	0x00000000

0000000082612020 <_bss_end_ofs>:
    82612020:	0002e700 	.word	0x0002e700
    82612024:	00000000 	.word	0x00000000

0000000082612028 <reset>:
    82612028:	14000077 	b	82612204 <save_boot_params>

000000008261202c <save_boot_params_ret>:
    8261202c:	d5384241 	mrs	x1, currentel
    82612030:	f100303f 	cmp	x1, #0xc
    82612034:	540000a0 	b.eq	82612048 <save_boot_params_ret+0x1c>  // b.none
    82612038:	f100203f 	cmp	x1, #0x8
    8261203c:	54000140 	b.eq	82612064 <save_boot_params_ret+0x38>  // b.none
    82612040:	f100103f 	cmp	x1, #0x4
    82612044:	54000160 	b.eq	82612070 <save_boot_params_ret+0x44>  // b.none
    82612048:	d53e1100 	mrs	x0, scr_el3
    8261204c:	b2400c00 	orr	x0, x0, #0xf
    82612050:	d51e1100 	msr	scr_el3, x0
    82612054:	d51e115f 	msr	cptr_el3, xzr
    82612058:	58000500 	ldr	x0, 826120f8 <c_runtime_cpu_setup+0xc>
    8261205c:	d51be000 	msr	cntfrq_el0, x0
    82612060:	14000006 	b	82612078 <save_boot_params_ret+0x4c>
    82612064:	d2867fe0 	mov	x0, #0x33ff                	// #13311
    82612068:	d51c1140 	msr	cptr_el2, x0
    8261206c:	14000003 	b	82612078 <save_boot_params_ret+0x4c>
    82612070:	d2a00600 	mov	x0, #0x300000              	// #3145728
    82612074:	d5181040 	msr	cpacr_el1, x0
    82612078:	94000003 	bl	82612084 <apply_core_errata>
    8261207c:	94000011 	bl	826120c0 <lowlevel_init>

0000000082612080 <master_cpu>:
    82612080:	94001060 	bl	82616200 <_main>

0000000082612084 <apply_core_errata>:
    82612084:	aa1e03fd 	mov	x29, x30
    82612088:	d5380000 	mrs	x0, midr_el1
    8261208c:	d344fc00 	lsr	x0, x0, #4
    82612090:	92402c00 	and	x0, x0, #0xfff
    82612094:	f1340c1f 	cmp	x0, #0xd03
    82612098:	54000100 	b.eq	826120b8 <apply_a53_core_errata>  // b.none
    8261209c:	d5380000 	mrs	x0, midr_el1
    826120a0:	d344fc00 	lsr	x0, x0, #4
    826120a4:	92402c00 	and	x0, x0, #0xfff
    826120a8:	f1341c1f 	cmp	x0, #0xd07
    826120ac:	54000080 	b.eq	826120bc <apply_a57_core_errata>  // b.none
    826120b0:	aa1d03fe 	mov	x30, x29
    826120b4:	d65f03c0 	ret

00000000826120b8 <apply_a53_core_errata>:
    826120b8:	17fffffe 	b	826120b0 <apply_core_errata+0x2c>

00000000826120bc <apply_a57_core_errata>:
    826120bc:	17fffffd 	b	826120b0 <apply_core_errata+0x2c>

00000000826120c0 <lowlevel_init>:
    826120c0:	aa1e03fd 	mov	x29, x30
    826120c4:	580001e0 	ldr	x0, 82612100 <c_runtime_cpu_setup+0x14>
    826120c8:	9400106c 	bl	82616278 <gic_init_secure>
    826120cc:	580001a0 	ldr	x0, 82612100 <c_runtime_cpu_setup+0x14>
    826120d0:	580001c1 	ldr	x1, 82612108 <c_runtime_cpu_setup+0x1c>
    826120d4:	9400107a 	bl	826162bc <gic_init_secure_percpu>
    826120d8:	aa1d03fe 	mov	x30, x29
    826120dc:	d65f03c0 	ret

00000000826120e0 <smp_kick_all_cpus>:
    826120e0:	58000100 	ldr	x0, 82612100 <c_runtime_cpu_setup+0x14>
    826120e4:	1400107f 	b	826162e0 <gic_kick_secondary_cpus>
    826120e8:	d65f03c0 	ret

00000000826120ec <c_runtime_cpu_setup>:
    826120ec:	d65f03c0 	ret
    826120f0:	17ffffcf 	b	8261202c <save_boot_params_ret>
    826120f4:	00000000 	udf	#0
    826120f8:	02faf080 	.word	0x02faf080
    826120fc:	00000000 	.word	0x00000000
    82612100:	81001000 	.word	0x81001000
    82612104:	00000000 	.word	0x00000000
    82612108:	81002000 	.word	0x81002000
	...

0000000082612200 <boot_params>:
    82612200:	00000000 	.word	0x00000000

0000000082612204 <save_boot_params>:
    82612204:	5800052a 	ldr	x10, 826122a8 <armv8_el2_to_aarch32+0x84>
    82612208:	eb0a013f 	cmp	x9, x10
    8261220c:	540000a1 	b.ne	82612220 <save_boot_params+0x1c>  // b.any
    82612210:	10ffff88 	adr	x8, 82612200 <boot_params>
    82612214:	b9400109 	ldr	w9, [x8]
    82612218:	32000129 	orr	w9, w9, #0x1
    8261221c:	b9000109 	str	w9, [x8]
    82612220:	17ffff83 	b	8261202c <save_boot_params_ret>

0000000082612224 <armv8_el2_to_aarch32>:
    82612224:	d53ce106 	mrs	x6, cnthctl_el2
    82612228:	b24004c6 	orr	x6, x6, #0x3
    8261222c:	d51ce106 	msr	cnthctl_el2, x6
    82612230:	d51ce07f 	msr	cntvoff_el2, xzr
    82612234:	d5380006 	mrs	x6, midr_el1
    82612238:	d51c0006 	msr	vpidr_el2, x6
    8261223c:	d53800a6 	mrs	x6, mpidr_el1
    82612240:	d51c00a6 	msr	vmpidr_el2, x6
    82612244:	d2867fe6 	mov	x6, #0x33ff                	// #13311
    82612248:	d51c1146 	msr	cptr_el2, x6
    8261224c:	d51c117f 	msr	hstr_el2, xzr
    82612250:	d2a00606 	mov	x6, #0x300000              	// #3145728
    82612254:	d5181046 	msr	cpacr_el1, x6
    82612258:	580002c6 	ldr	x6, 826122b0 <armv8_el2_to_aarch32+0x8c>
    8261225c:	d5181006 	msr	sctlr_el1, x6
    82612260:	910003e6 	mov	x6, sp
    82612264:	d51c4106 	msr	sp_el1, x6
    82612268:	d53cc006 	mrs	x6, vbar_el2
    8261226c:	d518c006 	msr	vbar_el1, x6
    82612270:	f10000bf 	cmp	x5, #0x0
    82612274:	540000e0 	b.eq	82612290 <armv8_el2_to_aarch32+0x6c>  // b.none
    82612278:	58000206 	ldr	x6, 826122b8 <armv8_el2_to_aarch32+0x94>
    8261227c:	d51c1106 	msr	hcr_el2, x6
    82612280:	58000206 	ldr	x6, 826122c0 <armv8_el2_to_aarch32+0x9c>
    82612284:	d51c4006 	msr	spsr_el2, x6
    82612288:	d51c4024 	msr	elr_el2, x4
    8261228c:	d69f03e0 	eret
    82612290:	580001c6 	ldr	x6, 826122c8 <armv8_el2_to_aarch32+0xa4>
    82612294:	d51c1106 	msr	hcr_el2, x6
    82612298:	580001c6 	ldr	x6, 826122d0 <armv8_el2_to_aarch32+0xac>
    8261229c:	d51c4006 	msr	spsr_el2, x6
    826122a0:	d51c4024 	msr	elr_el2, x4
    826122a4:	d69f03e0 	eret
    826122a8:	00d0deed 	.word	0x00d0deed
    826122ac:	00000000 	.word	0x00000000
    826122b0:	30d00800 	.word	0x30d00800
    826122b4:	00000000 	.word	0x00000000
    826122b8:	a0000000 	.word	0xa0000000
    826122bc:	00000000 	.word	0x00000000
    826122c0:	000003c5 	.word	0x000003c5
    826122c4:	00000000 	.word	0x00000000
    826122c8:	20000000 	.word	0x20000000
    826122cc:	00000000 	.word	0x00000000
    826122d0:	000001d3 	.word	0x000001d3
    826122d4:	00000000 	.word	0x00000000

00000000826122d8 <mmu_setup>:
    826122d8:	a9be7bfd 	stp	x29, x30, [sp, #-32]!
    826122dc:	910003fd 	mov	x29, sp
    826122e0:	a90153f3 	stp	x19, x20, [sp, #16]
    826122e4:	f940b241 	ldr	x1, [x18, #352]
    826122e8:	b50000e1 	cbnz	x1, 82612304 <mmu_setup+0x2c>
    826122ec:	f940aa53 	ldr	x19, [x18, #336]
    826122f0:	f940ae54 	ldr	x20, [x18, #344]
    826122f4:	f900b253 	str	x19, [x18, #352]
    826122f8:	94000e27 	bl	82615b94 <setup_pgtables>
    826122fc:	f900aa53 	str	x19, [x18, #336]
    82612300:	f900ae54 	str	x20, [x18, #344]
    82612304:	d5384253 	mrs	x19, currentel
    82612308:	53027e73 	lsr	w19, w19, #2
    8261230c:	d2800002 	mov	x2, #0x0                   	// #0
    82612310:	2a1303e0 	mov	w0, w19
    82612314:	d2800001 	mov	x1, #0x0                   	// #0
    82612318:	f940aa54 	ldr	x20, [x18, #336]
    8261231c:	94000db8 	bl	826159fc <get_tcr>
    82612320:	d5033f9f 	dsb	sy
    82612324:	d2808001 	mov	x1, #0x400                 	// #1024
    82612328:	7100067f 	cmp	w19, #0x1
    8261232c:	f2a88181 	movk	x1, #0x440c, lsl #16
    82612330:	f2c01fe1 	movk	x1, #0xff, lsl #32
    82612334:	54000281 	b.ne	82612384 <mmu_setup+0xac>  // b.any
    82612338:	d5182014 	msr	ttbr0_el1, x20
    8261233c:	d5182040 	msr	tcr_el1, x0
    82612340:	d518a201 	msr	mair_el1, x1
    82612344:	d5033fdf 	isb
    82612348:	d5384240 	mrs	x0, currentel
    8261234c:	53027c00 	lsr	w0, w0, #2
    82612350:	7100041f 	cmp	w0, #0x1
    82612354:	54000321 	b.ne	826123b8 <mmu_setup+0xe0>  // b.any
    82612358:	d5381000 	mrs	x0, sctlr_el1
    8261235c:	32000000 	orr	w0, w0, #0x1
    82612360:	d5384241 	mrs	x1, currentel
    82612364:	53027c21 	lsr	w1, w1, #2
    82612368:	7100043f 	cmp	w1, #0x1
    8261236c:	54000321 	b.ne	826123d0 <mmu_setup+0xf8>  // b.any
    82612370:	d5181000 	msr	sctlr_el1, x0
    82612374:	d5033fdf 	isb
    82612378:	a94153f3 	ldp	x19, x20, [sp, #16]
    8261237c:	a8c27bfd 	ldp	x29, x30, [sp], #32
    82612380:	d65f03c0 	ret
    82612384:	71000a7f 	cmp	w19, #0x2
    82612388:	540000a1 	b.ne	8261239c <mmu_setup+0xc4>  // b.any
    8261238c:	d51c2014 	msr	ttbr0_el2, x20
    82612390:	d51c2040 	msr	tcr_el2, x0
    82612394:	d51ca201 	msr	mair_el2, x1
    82612398:	17ffffeb 	b	82612344 <mmu_setup+0x6c>
    8261239c:	71000e7f 	cmp	w19, #0x3
    826123a0:	540000a1 	b.ne	826123b4 <mmu_setup+0xdc>  // b.any
    826123a4:	d51e2014 	msr	ttbr0_el3, x20
    826123a8:	d51e2040 	msr	tcr_el3, x0
    826123ac:	d51ea201 	msr	mair_el3, x1
    826123b0:	17ffffe5 	b	82612344 <mmu_setup+0x6c>
    826123b4:	940026b3 	bl	8261be80 <hang>
    826123b8:	7100081f 	cmp	w0, #0x2
    826123bc:	54000061 	b.ne	826123c8 <mmu_setup+0xf0>  // b.any
    826123c0:	d53c1000 	mrs	x0, sctlr_el2
    826123c4:	17ffffe6 	b	8261235c <mmu_setup+0x84>
    826123c8:	d53e1000 	mrs	x0, sctlr_el3
    826123cc:	17ffffe4 	b	8261235c <mmu_setup+0x84>
    826123d0:	7100083f 	cmp	w1, #0x2
    826123d4:	54000061 	b.ne	826123e0 <mmu_setup+0x108>  // b.any
    826123d8:	d51c1000 	msr	sctlr_el2, x0
    826123dc:	17ffffe6 	b	82612374 <mmu_setup+0x9c>
    826123e0:	d51e1000 	msr	sctlr_el3, x0
    826123e4:	17ffffe4 	b	82612374 <mmu_setup+0x9c>

00000000826123e8 <enable_caches>:
    826123e8:	a9bf7bfd 	stp	x29, x30, [sp, #-16]!
    826123ec:	910003fd 	mov	x29, sp
    826123f0:	94000f08 	bl	82616010 <icache_enable>
    826123f4:	a8c17bfd 	ldp	x29, x30, [sp], #16
    826123f8:	14000e4d 	b	82615d2c <dcache_enable>

00000000826123fc <__stack_chk_fail>:
    826123fc:	a9bf7bfd 	stp	x29, x30, [sp, #-16]!
    82612400:	d50320ff 	xpaclri
    82612404:	b0000080 	adrp	x0, 82623000 <clk_fixed_rate_ops+0x18>
    82612408:	910003fd 	mov	x29, sp
    8261240c:	f9404e42 	ldr	x2, [x18, #152]
    82612410:	aa1e03e1 	mov	x1, x30
    82612414:	9139b000 	add	x0, x0, #0xe6c
    82612418:	cb0203c2 	sub	x2, x30, x2
    8261241c:	940027e7 	bl	8261c3b8 <panic>

0000000082612420 <bcm_setsw>:
    82612420:	a9bf7bfd 	stp	x29, x30, [sp, #-16]!
    82612424:	528a6e42 	mov	w2, #0x5372                	// #21362
    82612428:	52800061 	mov	w1, #0x3                   	// #3
    8261242c:	910003fd 	mov	x29, sp
    82612430:	52800000 	mov	w0, #0x0                   	// #0
    82612434:	94000be2 	bl	826153bc <swr_write>
    82612438:	52960002 	mov	w2, #0xb000                	// #45056
    8261243c:	528000c1 	mov	w1, #0x6                   	// #6
    82612440:	52800000 	mov	w0, #0x0                   	// #0
    82612444:	94000bde 	bl	826153bc <swr_write>
    82612448:	52800522 	mov	w2, #0x29                  	// #41
    8261244c:	528000e1 	mov	w1, #0x7                   	// #7
    82612450:	52800000 	mov	w0, #0x0                   	// #0
    82612454:	94000bda 	bl	826153bc <swr_write>
    82612458:	528a6e02 	mov	w2, #0x5370                	// #21360
    8261245c:	52800061 	mov	w1, #0x3                   	// #3
    82612460:	52800020 	mov	w0, #0x1                   	// #1
    82612464:	94000bd6 	bl	826153bc <swr_write>
    82612468:	52800522 	mov	w2, #0x29                  	// #41
    8261246c:	528000e1 	mov	w1, #0x7                   	// #7
    82612470:	52800020 	mov	w0, #0x1                   	// #1
    82612474:	94000bd2 	bl	826153bc <swr_write>
    82612478:	528a6e02 	mov	w2, #0x5370                	// #21360
    8261247c:	52800061 	mov	w1, #0x3                   	// #3
    82612480:	52800040 	mov	w0, #0x2                   	// #2
    82612484:	94000bce 	bl	826153bc <swr_write>
    82612488:	52800522 	mov	w2, #0x29                  	// #41
    8261248c:	528000e1 	mov	w1, #0x7                   	// #7
    82612490:	52800040 	mov	w0, #0x2                   	// #2
    82612494:	94000bca 	bl	826153bc <swr_write>
    82612498:	52800061 	mov	w1, #0x3                   	// #3
    8261249c:	528a6e02 	mov	w2, #0x5370                	// #21360
    826124a0:	2a0103e0 	mov	w0, w1
    826124a4:	94000bc6 	bl	826153bc <swr_write>
    826124a8:	a8c17bfd 	ldp	x29, x30, [sp], #16
    826124ac:	52800522 	mov	w2, #0x29                  	// #41
    826124b0:	528000e1 	mov	w1, #0x7                   	// #7
    826124b4:	52800060 	mov	w0, #0x3                   	// #3
    826124b8:	14000bc1 	b	826153bc <swr_write>

00000000826124bc <bcmbca_enable_memc_sram>:
    826124bc:	d1400422 	sub	x2, x1, #0x1, lsl #12
    826124c0:	f1403c5f 	cmp	x2, #0xf, lsl #12
    826124c4:	540002a8 	b.hi	82612518 <bcmbca_enable_memc_sram+0x5c>  // b.pmore
    826124c8:	d2b00302 	mov	x2, #0x80180000            	// #2149056512
    826124cc:	d3609c03 	ubfx	x3, x0, #32, #8
    826124d0:	d34dfc21 	lsr	x1, x1, #13
    826124d4:	b9002443 	str	w3, [x2, #36]
    826124d8:	12144c02 	and	w2, w0, #0xfffff000
    826124dc:	b4000241 	cbz	x1, 82612524 <bcmbca_enable_memc_sram+0x68>
    826124e0:	53040c23 	lsl	w3, w1, #28
    826124e4:	7202047f 	tst	w3, #0xc0000000
    826124e8:	540001a1 	b.ne	8261251c <bcmbca_enable_memc_sram+0x60>  // b.any
    826124ec:	53020423 	lsl	w3, w1, #30
    826124f0:	52800040 	mov	w0, #0x2                   	// #2
    826124f4:	2a2303e3 	mvn	w3, w3
    826124f8:	4b437c00 	sub	w0, w0, w3, lsr #31
    826124fc:	d2b00301 	mov	x1, #0x80180000            	// #2149056512
    82612500:	2a001040 	orr	w0, w2, w0, lsl #4
    82612504:	b9002020 	str	w0, [x1, #32]
    82612508:	b9402020 	ldr	w0, [x1, #32]
    8261250c:	321f0000 	orr	w0, w0, #0x2
    82612510:	b9002020 	str	w0, [x1, #32]
    82612514:	b9402020 	ldr	w0, [x1, #32]
    82612518:	d65f03c0 	ret
    8261251c:	52800080 	mov	w0, #0x4                   	// #4
    82612520:	17fffff5 	b	826124f4 <bcmbca_enable_memc_sram+0x38>
    82612524:	52800000 	mov	w0, #0x0                   	// #0
    82612528:	17fffff5 	b	826124fc <bcmbca_enable_memc_sram+0x40>

000000008261252c <bcmbca_disable_memc_sram>:
    8261252c:	d2b00300 	mov	x0, #0x80180000            	// #2149056512
    82612530:	b900201f 	str	wzr, [x0, #32]
    82612534:	b9402000 	ldr	w0, [x0, #32]
    82612538:	d65f03c0 	ret

000000008261253c <arch_cpu_init>:
    8261253c:	a9bf7bfd 	stp	x29, x30, [sp, #-16]!
    82612540:	910003fd 	mov	x29, sp
    82612544:	97fffffa 	bl	8261252c <bcmbca_disable_memc_sram>
    82612548:	94000c0f 	bl	82615584 <spl_ddrinit_prepare>
    8261254c:	d5384240 	mrs	x0, currentel
    82612550:	53027c00 	lsr	w0, w0, #2
    82612554:	7100041f 	cmp	w0, #0x1
    82612558:	54000181 	b.ne	82612588 <arch_cpu_init+0x4c>  // b.any
    8261255c:	d5381000 	mrs	x0, sctlr_el1
    82612560:	121e7800 	and	w0, w0, #0xfffffffd
    82612564:	d5384241 	mrs	x1, currentel
    82612568:	53027c21 	lsr	w1, w1, #2
    8261256c:	7100043f 	cmp	w1, #0x1
    82612570:	54000181 	b.ne	826125a0 <arch_cpu_init+0x64>  // b.any
    82612574:	d5181000 	msr	sctlr_el1, x0
    82612578:	d5033fdf 	isb
    8261257c:	52800000 	mov	w0, #0x0                   	// #0
    82612580:	a8c17bfd 	ldp	x29, x30, [sp], #16
    82612584:	d65f03c0 	ret
    82612588:	7100081f 	cmp	w0, #0x2
    8261258c:	54000061 	b.ne	82612598 <arch_cpu_init+0x5c>  // b.any
    82612590:	d53c1000 	mrs	x0, sctlr_el2
    82612594:	17fffff3 	b	82612560 <arch_cpu_init+0x24>
    82612598:	d53e1000 	mrs	x0, sctlr_el3
    8261259c:	17fffff1 	b	82612560 <arch_cpu_init+0x24>
    826125a0:	7100083f 	cmp	w1, #0x2
    826125a4:	54000061 	b.ne	826125b0 <arch_cpu_init+0x74>  // b.any
    826125a8:	d51c1000 	msr	sctlr_el2, x0
    826125ac:	17fffff3 	b	82612578 <arch_cpu_init+0x3c>
    826125b0:	d51e1000 	msr	sctlr_el3, x0
    826125b4:	17fffff1 	b	82612578 <arch_cpu_init+0x3c>

00000000826125b8 <pmc_1_x_unmap>:
    826125b8:	d65f03c0 	ret

00000000826125bc <dt_parse_1_x>:
    826125bc:	a9ba7bfd 	stp	x29, x30, [sp, #-96]!
    826125c0:	910003fd 	mov	x29, sp
    826125c4:	a90153f3 	stp	x19, x20, [sp, #16]
    826125c8:	900000b3 	adrp	x19, 82626000 <spinand_chip_table+0xc96>
    826125cc:	aa0003f4 	mov	x20, x0
    826125d0:	900000a0 	adrp	x0, 82626000 <spinand_chip_table+0xc96>
    826125d4:	f942f801 	ldr	x1, [x0, #1520]
    826125d8:	f9002fe1 	str	x1, [sp, #88]
    826125dc:	d2800001 	mov	x1, #0x0                   	// #0
    826125e0:	f9437261 	ldr	x1, [x19, #1760]
    826125e4:	90000000 	adrp	x0, 82612000 <_start>
    826125e8:	9116e000 	add	x0, x0, #0x5b8
    826125ec:	910083e2 	add	x2, sp, #0x20
    826125f0:	f9001820 	str	x0, [x1, #48]
    826125f4:	d0000081 	adrp	x1, 82624000 <_ctype+0x15a>
    826125f8:	91137021 	add	x1, x1, #0x4dc
    826125fc:	f9401680 	ldr	x0, [x20, #40]
    82612600:	94003526 	bl	8261fa98 <ofnode_read_resource_byname>
    82612604:	35000120 	cbnz	w0, 82612628 <dt_parse_1_x+0x6c>
    82612608:	f9437260 	ldr	x0, [x19, #1760]
    8261260c:	f94013e1 	ldr	x1, [sp, #32]
    82612610:	f9000001 	str	x1, [x0]
    82612614:	f9437260 	ldr	x0, [x19, #1760]
    82612618:	f9400000 	ldr	x0, [x0]
    8261261c:	b140041f 	cmn	x0, #0x1, lsl #12
    82612620:	54000129 	b.ls	82612644 <dt_parse_1_x+0x88>  // b.plast
    82612624:	128000a0 	mov	w0, #0xfffffffa            	// #-6
    82612628:	900000a1 	adrp	x1, 82626000 <spinand_chip_table+0xc96>
    8261262c:	f9402fe2 	ldr	x2, [sp, #88]
    82612630:	f942f823 	ldr	x3, [x1, #1520]
    82612634:	eb030042 	subs	x2, x2, x3
    82612638:	d2800003 	mov	x3, #0x0                   	// #0
    8261263c:	54000240 	b.eq	82612684 <dt_parse_1_x+0xc8>  // b.none
    82612640:	97ffff6f 	bl	826123fc <__stack_chk_fail>
    82612644:	f9401680 	ldr	x0, [x20, #40]
    82612648:	d0000081 	adrp	x1, 82624000 <_ctype+0x15a>
    8261264c:	910083e2 	add	x2, sp, #0x20
    82612650:	91138021 	add	x1, x1, #0x4e0
    82612654:	94003511 	bl	8261fa98 <ofnode_read_resource_byname>
    82612658:	35fffe80 	cbnz	w0, 82612628 <dt_parse_1_x+0x6c>
    8261265c:	f9437261 	ldr	x1, [x19, #1760]
    82612660:	f94013e2 	ldr	x2, [sp, #32]
    82612664:	f9000422 	str	x2, [x1, #8]
    82612668:	b140045f 	cmn	x2, #0x1, lsl #12
    8261266c:	54fffdc8 	b.hi	82612624 <dt_parse_1_x+0x68>  // b.pmore
    82612670:	d284c002 	mov	x2, #0x2600                	// #9728
    82612674:	f2bff002 	movk	x2, #0xff80, lsl #16
    82612678:	b9400042 	ldr	w2, [x2]
    8261267c:	b9003822 	str	w2, [x1, #56]
    82612680:	17ffffea 	b	82612628 <dt_parse_1_x+0x6c>
    82612684:	a94153f3 	ldp	x19, x20, [sp, #16]
    82612688:	a8c67bfd 	ldp	x29, x30, [sp], #96
    8261268c:	d65f03c0 	ret

0000000082612690 <dt_parse_lite>:
    82612690:	a9ba7bfd 	stp	x29, x30, [sp, #-96]!
    82612694:	900000a1 	adrp	x1, 82626000 <spinand_chip_table+0xc96>
    82612698:	910003fd 	mov	x29, sp
    8261269c:	f9000bf3 	str	x19, [sp, #16]
    826126a0:	900000b3 	adrp	x19, 82626000 <spinand_chip_table+0xc96>
    826126a4:	f942f822 	ldr	x2, [x1, #1520]
    826126a8:	f9002fe2 	str	x2, [sp, #88]
    826126ac:	d2800002 	mov	x2, #0x0                   	// #0
    826126b0:	90000001 	adrp	x1, 82612000 <_start>
    826126b4:	f9437262 	ldr	x2, [x19, #1760]
    826126b8:	9120f021 	add	x1, x1, #0x83c
    826126bc:	f9001841 	str	x1, [x2, #48]
    826126c0:	d0000081 	adrp	x1, 82624000 <_ctype+0x15a>
    826126c4:	910083e2 	add	x2, sp, #0x20
    826126c8:	91137021 	add	x1, x1, #0x4dc
    826126cc:	f9401400 	ldr	x0, [x0, #40]
    826126d0:	940034f2 	bl	8261fa98 <ofnode_read_resource_byname>
    826126d4:	35000120 	cbnz	w0, 826126f8 <dt_parse_lite+0x68>
    826126d8:	f9437260 	ldr	x0, [x19, #1760]
    826126dc:	f94013e1 	ldr	x1, [sp, #32]
    826126e0:	f9000001 	str	x1, [x0]
    826126e4:	f9437260 	ldr	x0, [x19, #1760]
    826126e8:	f9400000 	ldr	x0, [x0]
    826126ec:	b13ffc1f 	cmn	x0, #0xfff
    826126f0:	128000a0 	mov	w0, #0xfffffffa            	// #-6
    826126f4:	1a8033e0 	csel	w0, wzr, w0, cc  // cc = lo, ul, last
    826126f8:	900000a1 	adrp	x1, 82626000 <spinand_chip_table+0xc96>
    826126fc:	f9402fe2 	ldr	x2, [sp, #88]
    82612700:	f942f823 	ldr	x3, [x1, #1520]
    82612704:	eb030042 	subs	x2, x2, x3
    82612708:	d2800003 	mov	x3, #0x0                   	// #0
    8261270c:	54000040 	b.eq	82612714 <dt_parse_lite+0x84>  // b.none
    82612710:	97ffff3b 	bl	826123fc <__stack_chk_fail>
    82612714:	f9400bf3 	ldr	x19, [sp, #16]
    82612718:	a8c67bfd 	ldp	x29, x30, [sp], #96
    8261271c:	d65f03c0 	ret

0000000082612720 <dt_parse_3_x>:
    82612720:	a9b97bfd 	stp	x29, x30, [sp, #-112]!
    82612724:	910003fd 	mov	x29, sp
    82612728:	a90153f3 	stp	x19, x20, [sp, #16]
    8261272c:	aa0003f4 	mov	x20, x0
    82612730:	900000a0 	adrp	x0, 82626000 <spinand_chip_table+0xc96>
    82612734:	f90013f5 	str	x21, [sp, #32]
    82612738:	900000b5 	adrp	x21, 82626000 <spinand_chip_table+0xc96>
    8261273c:	9100c3e2 	add	x2, sp, #0x30
    82612740:	f942f801 	ldr	x1, [x0, #1520]
    82612744:	f90037e1 	str	x1, [sp, #104]
    82612748:	d2800001 	mov	x1, #0x0                   	// #0
    8261274c:	90000000 	adrp	x0, 82612000 <_start>
    82612750:	f94372a1 	ldr	x1, [x21, #1760]
    82612754:	91210000 	add	x0, x0, #0x840
    82612758:	f9001820 	str	x0, [x1, #48]
    8261275c:	d0000081 	adrp	x1, 82624000 <_ctype+0x15a>
    82612760:	91137021 	add	x1, x1, #0x4dc
    82612764:	f9401680 	ldr	x0, [x20, #40]
    82612768:	940034cc 	bl	8261fa98 <ofnode_read_resource_byname>
    8261276c:	2a0003f3 	mov	w19, w0
    82612770:	35000120 	cbnz	w0, 82612794 <dt_parse_3_x+0x74>
    82612774:	f94372a0 	ldr	x0, [x21, #1760]
    82612778:	f9401be1 	ldr	x1, [sp, #48]
    8261277c:	f9000001 	str	x1, [x0]
    82612780:	f94372a0 	ldr	x0, [x21, #1760]
    82612784:	f9400000 	ldr	x0, [x0]
    82612788:	b140041f 	cmn	x0, #0x1, lsl #12
    8261278c:	54000129 	b.ls	826127b0 <dt_parse_3_x+0x90>  // b.plast
    82612790:	128000b3 	mov	w19, #0xfffffffa            	// #-6
    82612794:	900000a0 	adrp	x0, 82626000 <spinand_chip_table+0xc96>
    82612798:	f94037e1 	ldr	x1, [sp, #104]
    8261279c:	f942f802 	ldr	x2, [x0, #1520]
    826127a0:	eb020021 	subs	x1, x1, x2
    826127a4:	d2800002 	mov	x2, #0x0                   	// #0
    826127a8:	54000400 	b.eq	82612828 <dt_parse_3_x+0x108>  // b.none
    826127ac:	97ffff14 	bl	826123fc <__stack_chk_fail>
    826127b0:	f9401680 	ldr	x0, [x20, #40]
    826127b4:	9100c3e2 	add	x2, sp, #0x30
    826127b8:	d0000081 	adrp	x1, 82624000 <_ctype+0x15a>
    826127bc:	91138021 	add	x1, x1, #0x4e0
    826127c0:	940034b6 	bl	8261fa98 <ofnode_read_resource_byname>
    826127c4:	2a0003f3 	mov	w19, w0
    826127c8:	35fffe60 	cbnz	w0, 82612794 <dt_parse_3_x+0x74>
    826127cc:	f94372a1 	ldr	x1, [x21, #1760]
    826127d0:	f9401be0 	ldr	x0, [sp, #48]
    826127d4:	f9000420 	str	x0, [x1, #8]
    826127d8:	b140041f 	cmn	x0, #0x1, lsl #12
    826127dc:	54fffda8 	b.hi	82612790 <dt_parse_3_x+0x70>  // b.pmore
    826127e0:	f9401680 	ldr	x0, [x20, #40]
    826127e4:	9100c3e2 	add	x2, sp, #0x30
    826127e8:	d0000081 	adrp	x1, 82624000 <_ctype+0x15a>
    826127ec:	9113a021 	add	x1, x1, #0x4e8
    826127f0:	940034aa 	bl	8261fa98 <ofnode_read_resource_byname>
    826127f4:	2a0003f3 	mov	w19, w0
    826127f8:	35fffce0 	cbnz	w0, 82612794 <dt_parse_3_x+0x74>
    826127fc:	f94372b5 	ldr	x21, [x21, #1760]
    82612800:	f9401be0 	ldr	x0, [sp, #48]
    82612804:	f9000aa0 	str	x0, [x21, #16]
    82612808:	b140041f 	cmn	x0, #0x1, lsl #12
    8261280c:	54fffc28 	b.hi	82612790 <dt_parse_3_x+0x70>  // b.pmore
    82612810:	f9401680 	ldr	x0, [x20, #40]
    82612814:	d0000081 	adrp	x1, 82624000 <_ctype+0x15a>
    82612818:	9113c021 	add	x1, x1, #0x4f0
    8261281c:	94003471 	bl	8261f9e0 <ofnode_read_bool>
    82612820:	3900f2a0 	strb	w0, [x21, #60]
    82612824:	17ffffdc 	b	82612794 <dt_parse_3_x+0x74>
    82612828:	2a1303e0 	mov	w0, w19
    8261282c:	a94153f3 	ldp	x19, x20, [sp, #16]
    82612830:	f94013f5 	ldr	x21, [sp, #32]
    82612834:	a8c77bfd 	ldp	x29, x30, [sp], #112
    82612838:	d65f03c0 	ret

000000008261283c <pmc_lite_unmap>:
    8261283c:	d65f03c0 	ret

0000000082612840 <pmc_3_x_unmap>:
    82612840:	d65f03c0 	ret
    82612844:	12800020 	mov	w0, #0xfffffffe            	// #-2
    82612848:	d65f03c0 	ret

000000008261284c <otp_hw_cmn_init>:
    8261284c:	a9be7bfd 	stp	x29, x30, [sp, #-32]!
    82612850:	910003fd 	mov	x29, sp
    82612854:	f9000bf3 	str	x19, [sp, #16]
    82612858:	aa0003f3 	mov	x19, x0
    8261285c:	940003eb 	bl	82613808 <otp_hw_init>
    82612860:	35000260 	cbnz	w0, 826128ac <otp_hw_cmn_init+0x60>
    82612864:	b0000001 	adrp	x1, 82613000 <otp_map_cmn_ctl+0x60>
    82612868:	9108c021 	add	x1, x1, #0x230
    8261286c:	f9002a61 	str	x1, [x19, #80]
    82612870:	b0000001 	adrp	x1, 82613000 <otp_map_cmn_ctl+0x60>
    82612874:	9107f021 	add	x1, x1, #0x1fc
    82612878:	f9002e61 	str	x1, [x19, #88]
    8261287c:	b0000001 	adrp	x1, 82613000 <otp_map_cmn_ctl+0x60>
    82612880:	9119e021 	add	x1, x1, #0x678
    82612884:	f9003261 	str	x1, [x19, #96]
    82612888:	b0000001 	adrp	x1, 82613000 <otp_map_cmn_ctl+0x60>
    8261288c:	91153021 	add	x1, x1, #0x54c
    82612890:	f9003661 	str	x1, [x19, #104]
    82612894:	b0000001 	adrp	x1, 82613000 <otp_map_cmn_ctl+0x60>
    82612898:	91126021 	add	x1, x1, #0x498
    8261289c:	f9003a61 	str	x1, [x19, #112]
    826128a0:	f9400bf3 	ldr	x19, [sp, #16]
    826128a4:	a8c27bfd 	ldp	x29, x30, [sp], #32
    826128a8:	d65f03c0 	ret
    826128ac:	12800000 	mov	w0, #0xffffffff            	// #-1
    826128b0:	17fffffc 	b	826128a0 <otp_hw_cmn_init+0x54>
    826128b4:	12800020 	mov	w0, #0xfffffffe            	// #-2
    826128b8:	d65f03c0 	ret

00000000826128bc <sotp_hw_cmn_init>:
    826128bc:	a9be7bfd 	stp	x29, x30, [sp, #-32]!
    826128c0:	910003fd 	mov	x29, sp
    826128c4:	f9000bf3 	str	x19, [sp, #16]
    826128c8:	aa0003f3 	mov	x19, x0
    826128cc:	94000990 	bl	82614f0c <sotp_hw_init>
    826128d0:	35000260 	cbnz	w0, 8261291c <sotp_hw_cmn_init+0x60>
    826128d4:	d0000001 	adrp	x1, 82614000 <sotpReadNonEccRow+0x54>
    826128d8:	91147021 	add	x1, x1, #0x51c
    826128dc:	f9003661 	str	x1, [x19, #104]
    826128e0:	b0000001 	adrp	x1, 82613000 <otp_map_cmn_ctl+0x60>
    826128e4:	91212021 	add	x1, x1, #0x848
    826128e8:	f9002e61 	str	x1, [x19, #88]
    826128ec:	b0000001 	adrp	x1, 82613000 <otp_map_cmn_ctl+0x60>
    826128f0:	913b8021 	add	x1, x1, #0xee0
    826128f4:	f9003261 	str	x1, [x19, #96]
    826128f8:	b0000001 	adrp	x1, 82613000 <otp_map_cmn_ctl+0x60>
    826128fc:	91248021 	add	x1, x1, #0x920
    82612900:	f9002a61 	str	x1, [x19, #80]
    82612904:	d0000001 	adrp	x1, 82614000 <sotpReadNonEccRow+0x54>
    82612908:	912d5021 	add	x1, x1, #0xb54
    8261290c:	f9003a61 	str	x1, [x19, #112]
    82612910:	f9400bf3 	ldr	x19, [sp, #16]
    82612914:	a8c27bfd 	ldp	x29, x30, [sp], #32
    82612918:	d65f03c0 	ret
    8261291c:	12800000 	mov	w0, #0xffffffff            	// #-1
    82612920:	17fffffc 	b	82612910 <sotp_hw_cmn_init+0x54>

0000000082612924 <bcm_otp_init>:
    82612924:	a9bc7bfd 	stp	x29, x30, [sp, #-64]!
    82612928:	900000a0 	adrp	x0, 82626000 <spinand_chip_table+0xc96>
    8261292c:	910003fd 	mov	x29, sp
    82612930:	f9425001 	ldr	x1, [x0, #1184]
    82612934:	a90153f3 	stp	x19, x20, [sp, #16]
    82612938:	a9025bf5 	stp	x21, x22, [sp, #32]
    8261293c:	a90363f7 	stp	x23, x24, [sp, #48]
    82612940:	b40001a1 	cbz	x1, 82612974 <bcm_otp_init+0x50>
    82612944:	12800014 	mov	w20, #0xffffffff            	// #-1
    82612948:	b0000081 	adrp	x1, 82623000 <clk_fixed_rate_ops+0x18>
    8261294c:	d0000080 	adrp	x0, 82624000 <_ctype+0x15a>
    82612950:	91352821 	add	x1, x1, #0xd4a
    82612954:	91047c00 	add	x0, x0, #0x11f
    82612958:	94002b08 	bl	8261d578 <printf>
    8261295c:	2a1403e0 	mov	w0, w20
    82612960:	a94153f3 	ldp	x19, x20, [sp, #16]
    82612964:	a9425bf5 	ldp	x21, x22, [sp, #32]
    82612968:	a94363f7 	ldp	x23, x24, [sp, #48]
    8261296c:	a8c47bfd 	ldp	x29, x30, [sp], #64
    82612970:	d65f03c0 	ret
    82612974:	91128013 	add	x19, x0, #0x4a0
    82612978:	d2802602 	mov	x2, #0x130                 	// #304
    8261297c:	91002275 	add	x21, x19, #0x8
    82612980:	52800001 	mov	w1, #0x0                   	// #0
    82612984:	aa0003f7 	mov	x23, x0
    82612988:	9104e276 	add	x22, x19, #0x138
    8261298c:	aa1503e0 	mov	x0, x21
    82612990:	94002595 	bl	8261bfe4 <memset>
    82612994:	d2800202 	mov	x2, #0x10                  	// #16
    82612998:	52800001 	mov	w1, #0x0                   	// #0
    8261299c:	aa1603e0 	mov	x0, x22
    826129a0:	94002591 	bl	8261bfe4 <memset>
    826129a4:	aa1503e0 	mov	x0, x21
    826129a8:	d2800002 	mov	x2, #0x0                   	// #0
    826129ac:	90000001 	adrp	x1, 82612000 <_start>
    826129b0:	91213021 	add	x1, x1, #0x84c
    826129b4:	940001d2 	bl	826130fc <otp_map_cmn_init>
    826129b8:	2a0003f4 	mov	w20, w0
    826129bc:	340000e0 	cbz	w0, 826129d8 <bcm_otp_init+0xb4>
    826129c0:	b0000081 	adrp	x1, 82623000 <clk_fixed_rate_ops+0x18>
    826129c4:	d0000080 	adrp	x0, 82624000 <_ctype+0x15a>
    826129c8:	91352821 	add	x1, x1, #0xd4a
    826129cc:	91050800 	add	x0, x0, #0x142
    826129d0:	94002aea 	bl	8261d578 <printf>
    826129d4:	17ffffe2 	b	8261295c <bcm_otp_init+0x38>
    826129d8:	f9009e75 	str	x21, [x19, #312]
    826129dc:	91028278 	add	x24, x19, #0xa0
    826129e0:	aa1503e2 	mov	x2, x21
    826129e4:	aa1803e0 	mov	x0, x24
    826129e8:	90000001 	adrp	x1, 82612000 <_start>
    826129ec:	9122f021 	add	x1, x1, #0x8bc
    826129f0:	940001c3 	bl	826130fc <otp_map_cmn_init>
    826129f4:	2a0003f5 	mov	w21, w0
    826129f8:	340001c0 	cbz	w0, 82612a30 <bcm_otp_init+0x10c>
    826129fc:	3100081f 	cmn	w0, #0x2
    82612a00:	54000100 	b.eq	82612a20 <bcm_otp_init+0xfc>  // b.none
    82612a04:	b0000081 	adrp	x1, 82623000 <clk_fixed_rate_ops+0x18>
    82612a08:	d0000080 	adrp	x0, 82624000 <_ctype+0x15a>
    82612a0c:	91352821 	add	x1, x1, #0xd4a
    82612a10:	9105b800 	add	x0, x0, #0x16e
    82612a14:	2a1503f4 	mov	w20, w21
    82612a18:	94002ad8 	bl	8261d578 <printf>
    82612a1c:	17ffffd0 	b	8261295c <bcm_otp_init+0x38>
    82612a20:	f90006df 	str	xzr, [x22, #8]
    82612a24:	9104e273 	add	x19, x19, #0x138
    82612a28:	f90252f3 	str	x19, [x23, #1184]
    82612a2c:	17ffffcc 	b	8261295c <bcm_otp_init+0x38>
    82612a30:	f90006d8 	str	x24, [x22, #8]
    82612a34:	17fffffc 	b	82612a24 <bcm_otp_init+0x100>

0000000082612a38 <bcm_otp_deinit>:
    82612a38:	a9be7bfd 	stp	x29, x30, [sp, #-32]!
    82612a3c:	910003fd 	mov	x29, sp
    82612a40:	a90153f3 	stp	x19, x20, [sp, #16]
    82612a44:	900000b4 	adrp	x20, 82626000 <spinand_chip_table+0xc96>
    82612a48:	f9425280 	ldr	x0, [x20, #1184]
    82612a4c:	b40002a0 	cbz	x0, 82612aa0 <bcm_otp_deinit+0x68>
    82612a50:	f9400000 	ldr	x0, [x0]
    82612a54:	b4000220 	cbz	x0, 82612a98 <bcm_otp_deinit+0x60>
    82612a58:	9400018d 	bl	8261308c <otp_map_cmn_deinit>
    82612a5c:	2a0003f3 	mov	w19, w0
    82612a60:	f9425280 	ldr	x0, [x20, #1184]
    82612a64:	f9400400 	ldr	x0, [x0, #8]
    82612a68:	b4000060 	cbz	x0, 82612a74 <bcm_otp_deinit+0x3c>
    82612a6c:	94000188 	bl	8261308c <otp_map_cmn_deinit>
    82612a70:	2a0003f3 	mov	w19, w0
    82612a74:	f9425280 	ldr	x0, [x20, #1184]
    82612a78:	d2800202 	mov	x2, #0x10                  	// #16
    82612a7c:	52800001 	mov	w1, #0x0                   	// #0
    82612a80:	94002559 	bl	8261bfe4 <memset>
    82612a84:	f902529f 	str	xzr, [x20, #1184]
    82612a88:	2a1303e0 	mov	w0, w19
    82612a8c:	a94153f3 	ldp	x19, x20, [sp, #16]
    82612a90:	a8c27bfd 	ldp	x29, x30, [sp], #32
    82612a94:	d65f03c0 	ret
    82612a98:	52800013 	mov	w19, #0x0                   	// #0
    82612a9c:	17fffff1 	b	82612a60 <bcm_otp_deinit+0x28>
    82612aa0:	52800013 	mov	w19, #0x0                   	// #0
    82612aa4:	17fffff9 	b	82612a88 <bcm_otp_deinit+0x50>

0000000082612aa8 <bcm_otp>:
    82612aa8:	2a0003e1 	mov	w1, w0
    82612aac:	7100041f 	cmp	w0, #0x1
    82612ab0:	540000c8 	b.hi	82612ac8 <bcm_otp+0x20>  // b.pmore
    82612ab4:	900000a0 	adrp	x0, 82626000 <spinand_chip_table+0xc96>
    82612ab8:	f9425000 	ldr	x0, [x0, #1184]
    82612abc:	b4000040 	cbz	x0, 82612ac4 <bcm_otp+0x1c>
    82612ac0:	f8615800 	ldr	x0, [x0, w1, uxtw #3]
    82612ac4:	d65f03c0 	ret
    82612ac8:	d2800000 	mov	x0, #0x0                   	// #0
    82612acc:	17fffffe 	b	82612ac4 <bcm_otp+0x1c>

0000000082612ad0 <_get_map>:
    82612ad0:	7100001f 	cmp	w0, #0x0
    82612ad4:	7a57c804 	ccmp	w0, #0x17, #0x4, gt
    82612ad8:	540000c0 	b.eq	82612af0 <_get_map+0x20>  // b.none
    82612adc:	7100a81f 	cmp	w0, #0x2a
    82612ae0:	5400008c 	b.gt	82612af0 <_get_map+0x20>
    82612ae4:	7100581f 	cmp	w0, #0x16
    82612ae8:	1a9f97e0 	cset	w0, hi  // hi = pmore
    82612aec:	17ffffef 	b	82612aa8 <bcm_otp>
    82612af0:	d2800000 	mov	x0, #0x0                   	// #0
    82612af4:	d65f03c0 	ret

0000000082612af8 <bcm_otp_read>:
    82612af8:	a9bf7bfd 	stp	x29, x30, [sp, #-16]!
    82612afc:	2a0003e5 	mov	w5, w0
    82612b00:	aa0103e6 	mov	x6, x1
    82612b04:	910003fd 	mov	x29, sp
    82612b08:	97fffff2 	bl	82612ad0 <_get_map>
    82612b0c:	b4000100 	cbz	x0, 82612b2c <bcm_otp_read+0x34>
    82612b10:	a8c17bfd 	ldp	x29, x30, [sp], #16
    82612b14:	aa0203e3 	mov	x3, x2
    82612b18:	f9404404 	ldr	x4, [x0, #136]
    82612b1c:	aa0603e2 	mov	x2, x6
    82612b20:	2a0503e1 	mov	w1, w5
    82612b24:	aa0403f0 	mov	x16, x4
    82612b28:	d61f0200 	br	x16
    82612b2c:	12800020 	mov	w0, #0xfffffffe            	// #-2
    82612b30:	a8c17bfd 	ldp	x29, x30, [sp], #16
    82612b34:	d65f03c0 	ret

0000000082612b38 <bcm_otp_ctl>:
    82612b38:	a9bf7bfd 	stp	x29, x30, [sp, #-16]!
    82612b3c:	aa0103e4 	mov	x4, x1
    82612b40:	910003fd 	mov	x29, sp
    82612b44:	97ffffd9 	bl	82612aa8 <bcm_otp>
    82612b48:	b40000c0 	cbz	x0, 82612b60 <bcm_otp_ctl+0x28>
    82612b4c:	a8c17bfd 	ldp	x29, x30, [sp], #16
    82612b50:	aa0403e1 	mov	x1, x4
    82612b54:	f9404803 	ldr	x3, [x0, #144]
    82612b58:	aa0303f0 	mov	x16, x3
    82612b5c:	d61f0200 	br	x16
    82612b60:	12800000 	mov	w0, #0xffffffff            	// #-1
    82612b64:	a8c17bfd 	ldp	x29, x30, [sp], #16
    82612b68:	d65f03c0 	ret

0000000082612b6c <bcm_sotp_ctl_perm>:
    82612b6c:	a9bb7bfd 	stp	x29, x30, [sp, #-80]!
    82612b70:	2a0003e3 	mov	w3, w0
    82612b74:	900000a0 	adrp	x0, 82626000 <spinand_chip_table+0xc96>
    82612b78:	910003fd 	mov	x29, sp
    82612b7c:	f9000bf3 	str	x19, [sp, #16]
    82612b80:	aa0203f3 	mov	x19, x2
    82612b84:	f942f802 	ldr	x2, [x0, #1520]
    82612b88:	f90027e2 	str	x2, [sp, #72]
    82612b8c:	d2800002 	mov	x2, #0x0                   	// #0
    82612b90:	9100a3e0 	add	x0, sp, #0x28
    82612b94:	f9001fe0 	str	x0, [sp, #56]
    82612b98:	52800100 	mov	w0, #0x8                   	// #8
    82612b9c:	b90043e0 	str	w0, [sp, #64]
    82612ba0:	900000a0 	adrp	x0, 82626000 <spinand_chip_table+0xc96>
    82612ba4:	b90027ff 	str	wzr, [sp, #36]
    82612ba8:	f9425000 	ldr	x0, [x0, #1184]
    82612bac:	f90017ff 	str	xzr, [sp, #40]
    82612bb0:	b90033e3 	str	w3, [sp, #48]
    82612bb4:	b4000380 	cbz	x0, 82612c24 <bcm_sotp_ctl_perm+0xb8>
    82612bb8:	f9400400 	ldr	x0, [x0, #8]
    82612bbc:	b4000340 	cbz	x0, 82612c24 <bcm_sotp_ctl_perm+0xb8>
    82612bc0:	7100087f 	cmp	w3, #0x2
    82612bc4:	540000c0 	b.eq	82612bdc <bcm_sotp_ctl_perm+0x70>  // b.none
    82612bc8:	7100107f 	cmp	w3, #0x4
    82612bcc:	54000080 	b.eq	82612bdc <bcm_sotp_ctl_perm+0x70>  // b.none
    82612bd0:	7100047f 	cmp	w3, #0x1
    82612bd4:	54000241 	b.ne	82612c1c <bcm_sotp_ctl_perm+0xb0>  // b.any
    82612bd8:	b4000273 	cbz	x19, 82612c24 <bcm_sotp_ctl_perm+0xb8>
    82612bdc:	b9002fe1 	str	w1, [sp, #44]
    82612be0:	910093e2 	add	x2, sp, #0x24
    82612be4:	9100c3e1 	add	x1, sp, #0x30
    82612be8:	f9404803 	ldr	x3, [x0, #144]
    82612bec:	d63f0060 	blr	x3
    82612bf0:	35000080 	cbnz	w0, 82612c00 <bcm_sotp_ctl_perm+0x94>
    82612bf4:	b4000073 	cbz	x19, 82612c00 <bcm_sotp_ctl_perm+0x94>
    82612bf8:	b94027e1 	ldr	w1, [sp, #36]
    82612bfc:	b9000261 	str	w1, [x19]
    82612c00:	900000a1 	adrp	x1, 82626000 <spinand_chip_table+0xc96>
    82612c04:	f94027e2 	ldr	x2, [sp, #72]
    82612c08:	f942f823 	ldr	x3, [x1, #1520]
    82612c0c:	eb030042 	subs	x2, x2, x3
    82612c10:	d2800003 	mov	x3, #0x0                   	// #0
    82612c14:	540000c0 	b.eq	82612c2c <bcm_sotp_ctl_perm+0xc0>  // b.none
    82612c18:	97fffdf9 	bl	826123fc <__stack_chk_fail>
    82612c1c:	12800020 	mov	w0, #0xfffffffe            	// #-2
    82612c20:	17fffff8 	b	82612c00 <bcm_sotp_ctl_perm+0x94>
    82612c24:	12800040 	mov	w0, #0xfffffffd            	// #-3
    82612c28:	17fffff6 	b	82612c00 <bcm_sotp_ctl_perm+0x94>
    82612c2c:	f9400bf3 	ldr	x19, [sp, #16]
    82612c30:	a8c57bfd 	ldp	x29, x30, [sp], #80
    82612c34:	d65f03c0 	ret

0000000082612c38 <__get_addr>:
    82612c38:	51000425 	sub	w5, w1, #0x1
    82612c3c:	b9401803 	ldr	w3, [x0, #24]
    82612c40:	f9400804 	ldr	x4, [x0, #16]
    82612c44:	d2800000 	mov	x0, #0x0                   	// #0
    82612c48:	6b00007f 	cmp	w3, w0
    82612c4c:	54000068 	b.hi	82612c58 <__get_addr+0x20>  // b.pmore
    82612c50:	12800020 	mov	w0, #0xfffffffe            	// #-2
    82612c54:	14000009 	b	82612c78 <__get_addr+0x40>
    82612c58:	7100a4bf 	cmp	w5, #0x29
    82612c5c:	54000108 	b.hi	82612c7c <__get_addr+0x44>  // b.pmore
    82612c60:	d37ae406 	lsl	x6, x0, #6
    82612c64:	b8666886 	ldr	w6, [x4, x6]
    82612c68:	6b0100df 	cmp	w6, w1
    82612c6c:	54000081 	b.ne	82612c7c <__get_addr+0x44>  // b.any
    82612c70:	b9000040 	str	w0, [x2]
    82612c74:	52800000 	mov	w0, #0x0                   	// #0
    82612c78:	d65f03c0 	ret
    82612c7c:	91000400 	add	x0, x0, #0x1
    82612c80:	17fffff2 	b	82612c48 <__get_addr+0x10>

0000000082612c84 <otp_map_cmn_read>:
    82612c84:	a9b97bfd 	stp	x29, x30, [sp, #-112]!
    82612c88:	910003fd 	mov	x29, sp
    82612c8c:	a90153f3 	stp	x19, x20, [sp, #16]
    82612c90:	a9025bf5 	stp	x21, x22, [sp, #32]
    82612c94:	aa0203f6 	mov	x22, x2
    82612c98:	aa0303f5 	mov	x21, x3
    82612c9c:	a90363f7 	stp	x23, x24, [sp, #48]
    82612ca0:	900000a2 	adrp	x2, 82626000 <spinand_chip_table+0xc96>
    82612ca4:	a9046bf9 	stp	x25, x26, [sp, #64]
    82612ca8:	f9002bfb 	str	x27, [sp, #80]
    82612cac:	f942f843 	ldr	x3, [x2, #1520]
    82612cb0:	f90037e3 	str	x3, [sp, #104]
    82612cb4:	d2800003 	mov	x3, #0x0                   	// #0
    82612cb8:	b90067ff 	str	wzr, [sp, #100]
    82612cbc:	f9400814 	ldr	x20, [x0, #16]
    82612cc0:	b4000936 	cbz	x22, 82612de4 <otp_map_cmn_read+0x160>
    82612cc4:	aa0003f8 	mov	x24, x0
    82612cc8:	910193e2 	add	x2, sp, #0x64
    82612ccc:	97ffffdb 	bl	82612c38 <__get_addr>
    82612cd0:	2a0003f3 	mov	w19, w0
    82612cd4:	350003c0 	cbnz	w0, 82612d4c <otp_map_cmn_read+0xc8>
    82612cd8:	b94067e1 	ldr	w1, [sp, #100]
    82612cdc:	8b011a81 	add	x1, x20, x1, lsl #6
    82612ce0:	b9403820 	ldr	w0, [x1, #56]
    82612ce4:	f9401839 	ldr	x25, [x1, #48]
    82612ce8:	35000240 	cbnz	w0, 82612d30 <otp_map_cmn_read+0xac>
    82612cec:	b9401c20 	ldr	w0, [x1, #28]
    82612cf0:	b940103a 	ldr	w26, [x1, #16]
    82612cf4:	7100041f 	cmp	w0, #0x1
    82612cf8:	54000380 	b.eq	82612d68 <otp_map_cmn_read+0xe4>  // b.none
    82612cfc:	531e775b 	lsl	w27, w26, #2
    82612d00:	5280003a 	mov	w26, #0x1                   	// #1
    82612d04:	d2800017 	mov	x23, #0x0                   	// #0
    82612d08:	b94067e0 	ldr	w0, [sp, #100]
    82612d0c:	8b001a80 	add	x0, x20, x0, lsl #6
    82612d10:	6b17035f 	cmp	w26, w23
    82612d14:	540002e8 	b.hi	82612d70 <otp_map_cmn_read+0xec>  // b.pmore
    82612d18:	b9400800 	ldr	w0, [x0, #8]
    82612d1c:	35000600 	cbnz	w0, 82612ddc <otp_map_cmn_read+0x158>
    82612d20:	b94067e0 	ldr	w0, [sp, #100]
    82612d24:	52800021 	mov	w1, #0x1                   	// #1
    82612d28:	8b001a80 	add	x0, x20, x0, lsl #6
    82612d2c:	b9003801 	str	w1, [x0, #56]
    82612d30:	f90002d9 	str	x25, [x22]
    82612d34:	b40000d5 	cbz	x21, 82612d4c <otp_map_cmn_read+0xc8>
    82612d38:	b94067e0 	ldr	w0, [sp, #100]
    82612d3c:	8b001a94 	add	x20, x20, x0, lsl #6
    82612d40:	b9401280 	ldr	w0, [x20, #16]
    82612d44:	531e7400 	lsl	w0, w0, #2
    82612d48:	b90002a0 	str	w0, [x21]
    82612d4c:	900000a0 	adrp	x0, 82626000 <spinand_chip_table+0xc96>
    82612d50:	f94037e1 	ldr	x1, [sp, #104]
    82612d54:	f942f802 	ldr	x2, [x0, #1520]
    82612d58:	eb020021 	subs	x1, x1, x2
    82612d5c:	d2800002 	mov	x2, #0x0                   	// #0
    82612d60:	54000460 	b.eq	82612dec <otp_map_cmn_read+0x168>  // b.none
    82612d64:	97fffda6 	bl	826123fc <__stack_chk_fail>
    82612d68:	5280009b 	mov	w27, #0x4                   	// #4
    82612d6c:	17ffffe6 	b	82612d04 <otp_map_cmn_read+0x80>
    82612d70:	f9402b04 	ldr	x4, [x24, #80]
    82612d74:	8b170b22 	add	x2, x25, x23, lsl #2
    82612d78:	b9400401 	ldr	w1, [x0, #4]
    82612d7c:	2a1b03e3 	mov	w3, w27
    82612d80:	aa1803e0 	mov	x0, x24
    82612d84:	0b170021 	add	w1, w1, w23
    82612d88:	910006f7 	add	x23, x23, #0x1
    82612d8c:	d63f0080 	blr	x4
    82612d90:	34fffbc0 	cbz	w0, 82612d08 <otp_map_cmn_read+0x84>
    82612d94:	2a0003f3 	mov	w19, w0
    82612d98:	17ffffed 	b	82612d4c <otp_map_cmn_read+0xc8>
    82612d9c:	29410c44 	ldp	w4, w3, [x2, #8]
    82612da0:	b8607b21 	ldr	w1, [x25, x0, lsl #2]
    82612da4:	72103c7f 	tst	w3, #0xffff0000
    82612da8:	1ac32422 	lsr	w2, w1, w3
    82612dac:	0a040042 	and	w2, w2, w4
    82612db0:	1ac32021 	lsl	w1, w1, w3
    82612db4:	0a040021 	and	w1, w1, w4
    82612db8:	1a821021 	csel	w1, w1, w2, ne  // ne = any
    82612dbc:	b8207b21 	str	w1, [x25, x0, lsl #2]
    82612dc0:	91000400 	add	x0, x0, #0x1
    82612dc4:	b94067e2 	ldr	w2, [sp, #100]
    82612dc8:	8b021a82 	add	x2, x20, x2, lsl #6
    82612dcc:	b9401041 	ldr	w1, [x2, #16]
    82612dd0:	6b00003f 	cmp	w1, w0
    82612dd4:	54fffe48 	b.hi	82612d9c <otp_map_cmn_read+0x118>  // b.pmore
    82612dd8:	17ffffd2 	b	82612d20 <otp_map_cmn_read+0x9c>
    82612ddc:	d2800000 	mov	x0, #0x0                   	// #0
    82612de0:	17fffff9 	b	82612dc4 <otp_map_cmn_read+0x140>
    82612de4:	12800053 	mov	w19, #0xfffffffd            	// #-3
    82612de8:	17ffffd9 	b	82612d4c <otp_map_cmn_read+0xc8>
    82612dec:	2a1303e0 	mov	w0, w19
    82612df0:	a94153f3 	ldp	x19, x20, [sp, #16]
    82612df4:	a9425bf5 	ldp	x21, x22, [sp, #32]
    82612df8:	a94363f7 	ldp	x23, x24, [sp, #48]
    82612dfc:	a9446bf9 	ldp	x25, x26, [sp, #64]
    82612e00:	f9402bfb 	ldr	x27, [sp, #80]
    82612e04:	a8c77bfd 	ldp	x29, x30, [sp], #112
    82612e08:	d65f03c0 	ret

0000000082612e0c <otp_map_cmn_write>:
    82612e0c:	a9ba7bfd 	stp	x29, x30, [sp, #-96]!
    82612e10:	2a0303e7 	mov	w7, w3
    82612e14:	910003fd 	mov	x29, sp
    82612e18:	a90153f3 	stp	x19, x20, [sp, #16]
    82612e1c:	a9025bf5 	stp	x21, x22, [sp, #32]
    82612e20:	aa0203f6 	mov	x22, x2
    82612e24:	900000a2 	adrp	x2, 82626000 <spinand_chip_table+0xc96>
    82612e28:	a90363f7 	stp	x23, x24, [sp, #48]
    82612e2c:	aa0003f5 	mov	x21, x0
    82612e30:	f90023f9 	str	x25, [sp, #64]
    82612e34:	f942f843 	ldr	x3, [x2, #1520]
    82612e38:	f9002fe3 	str	x3, [sp, #88]
    82612e3c:	d2800003 	mov	x3, #0x0                   	// #0
    82612e40:	910153e2 	add	x2, sp, #0x54
    82612e44:	b90057ff 	str	wzr, [sp, #84]
    82612e48:	f9400814 	ldr	x20, [x0, #16]
    82612e4c:	97ffff7b 	bl	82612c38 <__get_addr>
    82612e50:	34000120 	cbz	w0, 82612e74 <otp_map_cmn_write+0x68>
    82612e54:	12800013 	mov	w19, #0xffffffff            	// #-1
    82612e58:	900000a0 	adrp	x0, 82626000 <spinand_chip_table+0xc96>
    82612e5c:	f9402fe1 	ldr	x1, [sp, #88]
    82612e60:	f942f802 	ldr	x2, [x0, #1520]
    82612e64:	eb020021 	subs	x1, x1, x2
    82612e68:	d2800002 	mov	x2, #0x0                   	// #0
    82612e6c:	540008c0 	b.eq	82612f84 <otp_map_cmn_write+0x178>  // b.none
    82612e70:	97fffd63 	bl	826123fc <__stack_chk_fail>
    82612e74:	2a0003f3 	mov	w19, w0
    82612e78:	b9401aa1 	ldr	w1, [x21, #24]
    82612e7c:	b94057e0 	ldr	w0, [sp, #84]
    82612e80:	6b00003f 	cmp	w1, w0
    82612e84:	540007c9 	b.ls	82612f7c <otp_map_cmn_write+0x170>  // b.plast
    82612e88:	d37a7c00 	ubfiz	x0, x0, #6, #32
    82612e8c:	2a0703f8 	mov	w24, w7
    82612e90:	8b000280 	add	x0, x20, x0
    82612e94:	b9401000 	ldr	w0, [x0, #16]
    82612e98:	d37ef400 	lsl	x0, x0, #2
    82612e9c:	eb27401f 	cmp	x0, w7, uxtw
    82612ea0:	540006e3 	b.cc	82612f7c <otp_map_cmn_write+0x170>  // b.lo, b.ul, b.last
    82612ea4:	aa1803e0 	mov	x0, x24
    82612ea8:	940014f8 	bl	82618288 <malloc_simple>
    82612eac:	aa0003f7 	mov	x23, x0
    82612eb0:	b4fffd20 	cbz	x0, 82612e54 <otp_map_cmn_write+0x48>
    82612eb4:	aa1803e2 	mov	x2, x24
    82612eb8:	aa1603e1 	mov	x1, x22
    82612ebc:	94002465 	bl	8261c050 <memcpy>
    82612ec0:	b94057e0 	ldr	w0, [sp, #84]
    82612ec4:	8b001a80 	add	x0, x20, x0, lsl #6
    82612ec8:	b9400800 	ldr	w0, [x0, #8]
    82612ecc:	350002c0 	cbnz	w0, 82612f24 <otp_map_cmn_write+0x118>
    82612ed0:	b94057e0 	ldr	w0, [sp, #84]
    82612ed4:	8b001a80 	add	x0, x20, x0, lsl #6
    82612ed8:	b9401018 	ldr	w24, [x0, #16]
    82612edc:	b9401c00 	ldr	w0, [x0, #28]
    82612ee0:	7100041f 	cmp	w0, #0x1
    82612ee4:	54000241 	b.ne	82612f2c <otp_map_cmn_write+0x120>  // b.any
    82612ee8:	52800099 	mov	w25, #0x4                   	// #4
    82612eec:	14000012 	b	82612f34 <otp_map_cmn_write+0x128>
    82612ef0:	b8607ac1 	ldr	w1, [x22, x0, lsl #2]
    82612ef4:	b9400862 	ldr	w2, [x3, #8]
    82612ef8:	0a020021 	and	w1, w1, w2
    82612efc:	b9400c62 	ldr	w2, [x3, #12]
    82612f00:	1ac22021 	lsl	w1, w1, w2
    82612f04:	b8207ae1 	str	w1, [x23, x0, lsl #2]
    82612f08:	91000400 	add	x0, x0, #0x1
    82612f0c:	b94057e3 	ldr	w3, [sp, #84]
    82612f10:	8b031a83 	add	x3, x20, x3, lsl #6
    82612f14:	b9401061 	ldr	w1, [x3, #16]
    82612f18:	6b00003f 	cmp	w1, w0
    82612f1c:	54fffea8 	b.hi	82612ef0 <otp_map_cmn_write+0xe4>  // b.pmore
    82612f20:	17ffffec 	b	82612ed0 <otp_map_cmn_write+0xc4>
    82612f24:	d2800000 	mov	x0, #0x0                   	// #0
    82612f28:	17fffff9 	b	82612f0c <otp_map_cmn_write+0x100>
    82612f2c:	531e7719 	lsl	w25, w24, #2
    82612f30:	52800038 	mov	w24, #0x1                   	// #1
    82612f34:	d2800016 	mov	x22, #0x0                   	// #0
    82612f38:	6b16031f 	cmp	w24, w22
    82612f3c:	54fff8e9 	b.ls	82612e58 <otp_map_cmn_write+0x4c>  // b.plast
    82612f40:	b94057e0 	ldr	w0, [sp, #84]
    82612f44:	8b160ae2 	add	x2, x23, x22, lsl #2
    82612f48:	f9402ea4 	ldr	x4, [x21, #88]
    82612f4c:	2a1903e3 	mov	w3, w25
    82612f50:	8b001a80 	add	x0, x20, x0, lsl #6
    82612f54:	b9400401 	ldr	w1, [x0, #4]
    82612f58:	aa1503e0 	mov	x0, x21
    82612f5c:	0b160021 	add	w1, w1, w22
    82612f60:	910006d6 	add	x22, x22, #0x1
    82612f64:	d63f0080 	blr	x4
    82612f68:	34fffe80 	cbz	w0, 82612f38 <otp_map_cmn_write+0x12c>
    82612f6c:	b94057e0 	ldr	w0, [sp, #84]
    82612f70:	8b001a94 	add	x20, x20, x0, lsl #6
    82612f74:	b9003a9f 	str	wzr, [x20, #56]
    82612f78:	17ffffb7 	b	82612e54 <otp_map_cmn_write+0x48>
    82612f7c:	12800053 	mov	w19, #0xfffffffd            	// #-3
    82612f80:	17ffffb6 	b	82612e58 <otp_map_cmn_write+0x4c>
    82612f84:	2a1303e0 	mov	w0, w19
    82612f88:	a94153f3 	ldp	x19, x20, [sp, #16]
    82612f8c:	a9425bf5 	ldp	x21, x22, [sp, #32]
    82612f90:	a94363f7 	ldp	x23, x24, [sp, #48]
    82612f94:	f94023f9 	ldr	x25, [sp, #64]
    82612f98:	a8c67bfd 	ldp	x29, x30, [sp], #96
    82612f9c:	d65f03c0 	ret

0000000082612fa0 <otp_map_cmn_ctl>:
    82612fa0:	a9b97bfd 	stp	x29, x30, [sp, #-112]!
    82612fa4:	910003fd 	mov	x29, sp
    82612fa8:	a9025bf5 	stp	x21, x22, [sp, #32]
    82612fac:	aa0103f5 	mov	x21, x1
    82612fb0:	aa0203f6 	mov	x22, x2
    82612fb4:	a90153f3 	stp	x19, x20, [sp, #16]
    82612fb8:	aa0003f4 	mov	x20, x0
    82612fbc:	900000a0 	adrp	x0, 82626000 <spinand_chip_table+0xc96>
    82612fc0:	f9001bf7 	str	x23, [sp, #48]
    82612fc4:	f942f801 	ldr	x1, [x0, #1520]
    82612fc8:	f90037e1 	str	x1, [sp, #104]
    82612fcc:	d2800001 	mov	x1, #0x0                   	// #0
    82612fd0:	b94012a0 	ldr	w0, [x21, #16]
    82612fd4:	b9004fff 	str	wzr, [sp, #76]
    82612fd8:	f9400a97 	ldr	x23, [x20, #16]
    82612fdc:	940014ab 	bl	82618288 <malloc_simple>
    82612fe0:	b4000460 	cbz	x0, 8261306c <otp_map_cmn_ctl+0xcc>
    82612fe4:	aa0003f3 	mov	x19, x0
    82612fe8:	aa1503e1 	mov	x1, x21
    82612fec:	d2800302 	mov	x2, #0x18                  	// #24
    82612ff0:	910143e0 	add	x0, sp, #0x50
    82612ff4:	94002417 	bl	8261c050 <memcpy>
    82612ff8:	b94012a2 	ldr	w2, [x21, #16]
    82612ffc:	aa1303e0 	mov	x0, x19
    82613000:	f94006a1 	ldr	x1, [x21, #8]
    82613004:	94002413 	bl	8261c050 <memcpy>
    82613008:	f9002ff3 	str	x19, [sp, #88]
    8261300c:	b94053e0 	ldr	w0, [sp, #80]
    82613010:	7100041f 	cmp	w0, #0x1
    82613014:	54000141 	b.ne	8261303c <otp_map_cmn_ctl+0x9c>  // b.any
    82613018:	b9400261 	ldr	w1, [x19]
    8261301c:	910133e2 	add	x2, sp, #0x4c
    82613020:	aa1403e0 	mov	x0, x20
    82613024:	97ffff05 	bl	82612c38 <__get_addr>
    82613028:	35000140 	cbnz	w0, 82613050 <otp_map_cmn_ctl+0xb0>
    8261302c:	b9404fe0 	ldr	w0, [sp, #76]
    82613030:	8b001ae0 	add	x0, x23, x0, lsl #6
    82613034:	b9400400 	ldr	w0, [x0, #4]
    82613038:	b9000260 	str	w0, [x19]
    8261303c:	f9403a83 	ldr	x3, [x20, #112]
    82613040:	aa1603e2 	mov	x2, x22
    82613044:	910143e1 	add	x1, sp, #0x50
    82613048:	aa1403e0 	mov	x0, x20
    8261304c:	d63f0060 	blr	x3
    82613050:	f0000081 	adrp	x1, 82626000 <spinand_chip_table+0xc96>
    82613054:	f94037e2 	ldr	x2, [sp, #104]
    82613058:	f942f823 	ldr	x3, [x1, #1520]
    8261305c:	eb030042 	subs	x2, x2, x3
    82613060:	d2800003 	mov	x3, #0x0                   	// #0
    82613064:	54000080 	b.eq	82613074 <otp_map_cmn_ctl+0xd4>  // b.none
    82613068:	97fffce5 	bl	826123fc <__stack_chk_fail>
    8261306c:	12800000 	mov	w0, #0xffffffff            	// #-1
    82613070:	17fffff8 	b	82613050 <otp_map_cmn_ctl+0xb0>
    82613074:	a94153f3 	ldp	x19, x20, [sp, #16]
    82613078:	a9425bf5 	ldp	x21, x22, [sp, #32]
    8261307c:	f9401bf7 	ldr	x23, [sp, #48]
    82613080:	a8c77bfd 	ldp	x29, x30, [sp], #112
    82613084:	d65f03c0 	ret

0000000082613088 <otp_map_cmn_malloc>:
    82613088:	14001480 	b	82618288 <malloc_simple>

000000008261308c <otp_map_cmn_deinit>:
    8261308c:	a9bd7bfd 	stp	x29, x30, [sp, #-48]!
    82613090:	910003fd 	mov	x29, sp
    82613094:	a90153f3 	stp	x19, x20, [sp, #16]
    82613098:	aa0003f3 	mov	x19, x0
    8261309c:	a9025bf5 	stp	x21, x22, [sp, #32]
    826130a0:	52800015 	mov	w21, #0x0                   	// #0
    826130a4:	f9400816 	ldr	x22, [x0, #16]
    826130a8:	b9401a60 	ldr	w0, [x19, #24]
    826130ac:	6b0002bf 	cmp	w21, w0
    826130b0:	54000103 	b.cc	826130d0 <otp_map_cmn_deinit+0x44>  // b.lo, b.ul, b.last
    826130b4:	a9425bf5 	ldp	x21, x22, [sp, #32]
    826130b8:	a9087e7f 	stp	xzr, xzr, [x19, #128]
    826130bc:	52800000 	mov	w0, #0x0                   	// #0
    826130c0:	f9004a7f 	str	xzr, [x19, #144]
    826130c4:	a94153f3 	ldp	x19, x20, [sp, #16]
    826130c8:	a8c37bfd 	ldp	x29, x30, [sp], #48
    826130cc:	d65f03c0 	ret
    826130d0:	d37a7eb4 	ubfiz	x20, x21, #6, #32
    826130d4:	8b1402d4 	add	x20, x22, x20
    826130d8:	f9401a80 	ldr	x0, [x20, #48]
    826130dc:	b40000c0 	cbz	x0, 826130f4 <otp_map_cmn_deinit+0x68>
    826130e0:	b9401282 	ldr	w2, [x20, #16]
    826130e4:	52800001 	mov	w1, #0x0                   	// #0
    826130e8:	d37ef442 	lsl	x2, x2, #2
    826130ec:	940023be 	bl	8261bfe4 <memset>
    826130f0:	f9001a9f 	str	xzr, [x20, #48]
    826130f4:	110006b5 	add	w21, w21, #0x1
    826130f8:	17ffffec 	b	826130a8 <otp_map_cmn_deinit+0x1c>

00000000826130fc <otp_map_cmn_init>:
    826130fc:	a9bc7bfd 	stp	x29, x30, [sp, #-64]!
    82613100:	910003fd 	mov	x29, sp
    82613104:	a90153f3 	stp	x19, x20, [sp, #16]
    82613108:	a9025bf5 	stp	x21, x22, [sp, #32]
    8261310c:	f9001bf7 	str	x23, [sp, #48]
    82613110:	b5000101 	cbnz	x1, 82613130 <otp_map_cmn_init+0x34>
    82613114:	12800014 	mov	w20, #0xffffffff            	// #-1
    82613118:	2a1403e0 	mov	w0, w20
    8261311c:	a94153f3 	ldp	x19, x20, [sp, #16]
    82613120:	a9425bf5 	ldp	x21, x22, [sp, #32]
    82613124:	f9401bf7 	ldr	x23, [sp, #48]
    82613128:	a8c47bfd 	ldp	x29, x30, [sp], #64
    8261312c:	d65f03c0 	ret
    82613130:	aa0003f3 	mov	x19, x0
    82613134:	aa0203f5 	mov	x21, x2
    82613138:	d63f0020 	blr	x1
    8261313c:	2a0003f4 	mov	w20, w0
    82613140:	34000080 	cbz	w0, 82613150 <otp_map_cmn_init+0x54>
    82613144:	3100081f 	cmn	w0, #0x2
    82613148:	54fffe61 	b.ne	82613114 <otp_map_cmn_init+0x18>  // b.any
    8261314c:	17fffff3 	b	82613118 <otp_map_cmn_init+0x1c>
    82613150:	b4000055 	cbz	x21, 82613158 <otp_map_cmn_init+0x5c>
    82613154:	f9000275 	str	x21, [x19]
    82613158:	f9400a77 	ldr	x23, [x19, #16]
    8261315c:	52800015 	mov	w21, #0x0                   	// #0
    82613160:	b9401a60 	ldr	w0, [x19, #24]
    82613164:	6b0002bf 	cmp	w21, w0
    82613168:	54000163 	b.cc	82613194 <otp_map_cmn_init+0x98>  // b.lo, b.ul, b.last
    8261316c:	f0ffffe0 	adrp	x0, 82612000 <_start>
    82613170:	913e8000 	add	x0, x0, #0xfa0
    82613174:	f9004a60 	str	x0, [x19, #144]
    82613178:	f0ffffe0 	adrp	x0, 82612000 <_start>
    8261317c:	91383000 	add	x0, x0, #0xe0c
    82613180:	f9004260 	str	x0, [x19, #128]
    82613184:	f0ffffe0 	adrp	x0, 82612000 <_start>
    82613188:	91321000 	add	x0, x0, #0xc84
    8261318c:	f9004660 	str	x0, [x19, #136]
    82613190:	17ffffe2 	b	82613118 <otp_map_cmn_init+0x1c>
    82613194:	d37a7eb6 	ubfiz	x22, x21, #6, #32
    82613198:	8b1602f6 	add	x22, x23, x22
    8261319c:	b94012c0 	ldr	w0, [x22, #16]
    826131a0:	340000e0 	cbz	w0, 826131bc <otp_map_cmn_init+0xc0>
    826131a4:	d37e7c00 	ubfiz	x0, x0, #2, #32
    826131a8:	97ffffb8 	bl	82613088 <otp_map_cmn_malloc>
    826131ac:	b4000080 	cbz	x0, 826131bc <otp_map_cmn_init+0xc0>
    826131b0:	110006b5 	add	w21, w21, #0x1
    826131b4:	f9001ac0 	str	x0, [x22, #48]
    826131b8:	17ffffea 	b	82613160 <otp_map_cmn_init+0x64>
    826131bc:	f9400a76 	ldr	x22, [x19, #16]
    826131c0:	52800015 	mov	w21, #0x0                   	// #0
    826131c4:	b9401a60 	ldr	w0, [x19, #24]
    826131c8:	6b0002bf 	cmp	w21, w0
    826131cc:	54fffa42 	b.cs	82613114 <otp_map_cmn_init+0x18>  // b.hs, b.nlast
    826131d0:	d37a7eb4 	ubfiz	x20, x21, #6, #32
    826131d4:	8b1402d4 	add	x20, x22, x20
    826131d8:	f9401a80 	ldr	x0, [x20, #48]
    826131dc:	b40000c0 	cbz	x0, 826131f4 <otp_map_cmn_init+0xf8>
    826131e0:	b9401282 	ldr	w2, [x20, #16]
    826131e4:	52800001 	mov	w1, #0x0                   	// #0
    826131e8:	d37ef442 	lsl	x2, x2, #2
    826131ec:	9400237e 	bl	8261bfe4 <memset>
    826131f0:	f9001a9f 	str	xzr, [x20, #48]
    826131f4:	110006b5 	add	w21, w21, #0x1
    826131f8:	17fffff3 	b	826131c4 <otp_map_cmn_init+0xc8>

00000000826131fc <write>:
    826131fc:	aa0203e7 	mov	x7, x2
    82613200:	b9403802 	ldr	w2, [x0, #56]
    82613204:	f9403405 	ldr	x5, [x0, #104]
    82613208:	91008006 	add	x6, x0, #0x20
    8261320c:	f278005f 	tst	x2, #0x100
    82613210:	2a0303e4 	mov	w4, w3
    82613214:	9a9f10c2 	csel	x2, x6, xzr, ne  // ne = any
    82613218:	b4000085 	cbz	x5, 82613228 <write+0x2c>
    8261321c:	aa0703e3 	mov	x3, x7
    82613220:	aa0503f0 	mov	x16, x5
    82613224:	d61f0200 	br	x16
    82613228:	12800020 	mov	w0, #0xfffffffe            	// #-2
    8261322c:	d65f03c0 	ret

0000000082613230 <read>:
    82613230:	aa0203e7 	mov	x7, x2
    82613234:	b9403802 	ldr	w2, [x0, #56]
    82613238:	f9403005 	ldr	x5, [x0, #96]
    8261323c:	91008006 	add	x6, x0, #0x20
    82613240:	f278005f 	tst	x2, #0x100
    82613244:	2a0303e4 	mov	w4, w3
    82613248:	9a9f10c2 	csel	x2, x6, xzr, ne  // ne = any
    8261324c:	b4000085 	cbz	x5, 8261325c <read+0x2c>
    82613250:	aa0703e3 	mov	x3, x7
    82613254:	aa0503f0 	mov	x16, x5
    82613258:	d61f0200 	br	x16
    8261325c:	12800020 	mov	w0, #0xfffffffe            	// #-2
    82613260:	d65f03c0 	ret

0000000082613264 <otp_hw_writel>:
    82613264:	d5033fbf 	dmb	sy
    82613268:	f9400400 	ldr	x0, [x0, #8]
    8261326c:	2a0103e1 	mov	w1, w1
    82613270:	b8206822 	str	w2, [x1, x0]
    82613274:	d65f03c0 	ret

0000000082613278 <otp_hw_readl>:
    82613278:	f9400400 	ldr	x0, [x0, #8]
    8261327c:	2a0103e1 	mov	w1, w1
    82613280:	b8606820 	ldr	w0, [x1, x0]
    82613284:	d5033fbf 	dmb	sy
    82613288:	d65f03c0 	ret

000000008261328c <otp_wait_cmd_done>:
    8261328c:	a9be7bfd 	stp	x29, x30, [sp, #-32]!
    82613290:	910003fd 	mov	x29, sp
    82613294:	a90153f3 	stp	x19, x20, [sp, #16]
    82613298:	aa0003f4 	mov	x20, x0
    8261329c:	d2a00033 	mov	x19, #0x10000               	// #65536
    826132a0:	aa1403e0 	mov	x0, x20
    826132a4:	52800401 	mov	w1, #0x20                  	// #32
    826132a8:	97fffff4 	bl	82613278 <otp_hw_readl>
    826132ac:	370800a0 	tbnz	w0, #1, 826132c0 <otp_wait_cmd_done+0x34>
    826132b0:	d2800020 	mov	x0, #0x1                   	// #1
    826132b4:	940023df 	bl	8261c230 <udelay>
    826132b8:	f1000673 	subs	x19, x19, #0x1
    826132bc:	54ffff21 	b.ne	826132a0 <otp_wait_cmd_done+0x14>  // b.any
    826132c0:	f100027f 	cmp	x19, #0x0
    826132c4:	1a9f17e0 	cset	w0, eq  // eq = none
    826132c8:	a94153f3 	ldp	x19, x20, [sp, #16]
    826132cc:	a8c27bfd 	ldp	x29, x30, [sp], #32
    826132d0:	d65f03c0 	ret

00000000826132d4 <otp_hw_cpu_lock>:
    826132d4:	52800000 	mov	w0, #0x0                   	// #0
    826132d8:	d65f03c0 	ret

00000000826132dc <otp_hw_cpu_unlock>:
    826132dc:	d65f03c0 	ret

00000000826132e0 <otp_auth_prog_mode>:
    826132e0:	a9bb7bfd 	stp	x29, x30, [sp, #-80]!
    826132e4:	f0000081 	adrp	x1, 82626000 <spinand_chip_table+0xc96>
    826132e8:	910003fd 	mov	x29, sp
    826132ec:	a90153f3 	stp	x19, x20, [sp, #16]
    826132f0:	52800094 	mov	w20, #0x4                   	// #4
    826132f4:	aa0003f3 	mov	x19, x0
    826132f8:	a9025bf5 	stp	x21, x22, [sp, #32]
    826132fc:	f942f822 	ldr	x2, [x1, #1520]
    82613300:	f90027e2 	str	x2, [sp, #72]
    82613304:	d2800002 	mov	x2, #0x0                   	// #0
    82613308:	528001e1 	mov	w1, #0xf                   	// #15
    8261330c:	290753e1 	stp	w1, w20, [sp, #56]
    82613310:	52800101 	mov	w1, #0x8                   	// #8
    82613314:	b90043e1 	str	w1, [sp, #64]
    82613318:	528001a1 	mov	w1, #0xd                   	// #13
    8261331c:	b90047e1 	str	w1, [sp, #68]
    82613320:	97ffffed 	bl	826132d4 <otp_hw_cpu_lock>
    82613324:	350004e0 	cbnz	w0, 826133c0 <otp_auth_prog_mode+0xe0>
    82613328:	52800002 	mov	w2, #0x0                   	// #0
    8261332c:	aa1303e0 	mov	x0, x19
    82613330:	52800001 	mov	w1, #0x0                   	// #0
    82613334:	9100e3f6 	add	x22, sp, #0x38
    82613338:	97ffffcb 	bl	82613264 <otp_hw_writel>
    8261333c:	d2800015 	mov	x21, #0x0                   	// #0
    82613340:	2a1403e1 	mov	w1, w20
    82613344:	aa1303e0 	mov	x0, x19
    82613348:	97ffffcc 	bl	82613278 <otp_hw_readl>
    8261334c:	32000002 	orr	w2, w0, #0x1
    82613350:	2a1403e1 	mov	w1, w20
    82613354:	aa1303e0 	mov	x0, x19
    82613358:	97ffffc3 	bl	82613264 <otp_hw_writel>
    8261335c:	aa1303e0 	mov	x0, x19
    82613360:	52800002 	mov	w2, #0x0                   	// #0
    82613364:	52800201 	mov	w1, #0x10                  	// #16
    82613368:	97ffffbf 	bl	82613264 <otp_hw_writel>
    8261336c:	b8757ac2 	ldr	w2, [x22, x21, lsl #2]
    82613370:	aa1303e0 	mov	x0, x19
    82613374:	52800101 	mov	w1, #0x8                   	// #8
    82613378:	97ffffbb 	bl	82613264 <otp_hw_writel>
    8261337c:	528000a2 	mov	w2, #0x5                   	// #5
    82613380:	52800001 	mov	w1, #0x0                   	// #0
    82613384:	aa1303e0 	mov	x0, x19
    82613388:	97ffffb7 	bl	82613264 <otp_hw_writel>
    8261338c:	aa1303e0 	mov	x0, x19
    82613390:	97ffffbf 	bl	8261328c <otp_wait_cmd_done>
    82613394:	2a0003f4 	mov	w20, w0
    82613398:	34000280 	cbz	w0, 826133e8 <otp_auth_prog_mode+0x108>
    8261339c:	52800401 	mov	w1, #0x20                  	// #32
    826133a0:	aa1303e0 	mov	x0, x19
    826133a4:	97ffffb5 	bl	82613278 <otp_hw_readl>
    826133a8:	2a0003e2 	mov	w2, w0
    826133ac:	90000081 	adrp	x1, 82623000 <clk_fixed_rate_ops+0x18>
    826133b0:	b0000080 	adrp	x0, 82624000 <_ctype+0x15a>
    826133b4:	9136b021 	add	x1, x1, #0xdac
    826133b8:	9124cc00 	add	x0, x0, #0x933
    826133bc:	9400286f 	bl	8261d578 <printf>
    826133c0:	128000b4 	mov	w20, #0xfffffffa            	// #-6
    826133c4:	aa1303e0 	mov	x0, x19
    826133c8:	97ffffc5 	bl	826132dc <otp_hw_cpu_unlock>
    826133cc:	f0000080 	adrp	x0, 82626000 <spinand_chip_table+0xc96>
    826133d0:	f94027e1 	ldr	x1, [sp, #72]
    826133d4:	f942f802 	ldr	x2, [x0, #1520]
    826133d8:	eb020021 	subs	x1, x1, x2
    826133dc:	d2800002 	mov	x2, #0x0                   	// #0
    826133e0:	540002a0 	b.eq	82613434 <otp_auth_prog_mode+0x154>  // b.none
    826133e4:	97fffc06 	bl	826123fc <__stack_chk_fail>
    826133e8:	aa1303e0 	mov	x0, x19
    826133ec:	52800002 	mov	w2, #0x0                   	// #0
    826133f0:	52800001 	mov	w1, #0x0                   	// #0
    826133f4:	910006b5 	add	x21, x21, #0x1
    826133f8:	97ffff9b 	bl	82613264 <otp_hw_writel>
    826133fc:	f10012bf 	cmp	x21, #0x4
    82613400:	54fffb61 	b.ne	8261336c <otp_auth_prog_mode+0x8c>  // b.any
    82613404:	d2802580 	mov	x0, #0x12c                 	// #300
    82613408:	9400238a 	bl	8261c230 <udelay>
    8261340c:	aa1303e0 	mov	x0, x19
    82613410:	52800401 	mov	w1, #0x20                  	// #32
    82613414:	97ffff99 	bl	82613278 <otp_hw_readl>
    82613418:	3717fda0 	tbnz	w0, #2, 826133cc <otp_auth_prog_mode+0xec>
    8261341c:	90000081 	adrp	x1, 82623000 <clk_fixed_rate_ops+0x18>
    82613420:	b0000080 	adrp	x0, 82624000 <_ctype+0x15a>
    82613424:	9136b021 	add	x1, x1, #0xdac
    82613428:	9125c800 	add	x0, x0, #0x972
    8261342c:	94002853 	bl	8261d578 <printf>
    82613430:	17ffffe4 	b	826133c0 <otp_auth_prog_mode+0xe0>
    82613434:	2a1403e0 	mov	w0, w20
    82613438:	a94153f3 	ldp	x19, x20, [sp, #16]
    8261343c:	a9425bf5 	ldp	x21, x22, [sp, #32]
    82613440:	a8c57bfd 	ldp	x29, x30, [sp], #80
    82613444:	d65f03c0 	ret

0000000082613448 <otp_auth_prog_mode_done>:
    82613448:	a9be7bfd 	stp	x29, x30, [sp, #-32]!
    8261344c:	52800002 	mov	w2, #0x0                   	// #0
    82613450:	52800001 	mov	w1, #0x0                   	// #0
    82613454:	910003fd 	mov	x29, sp
    82613458:	f9000bf3 	str	x19, [sp, #16]
    8261345c:	aa0003f3 	mov	x19, x0
    82613460:	97ffff81 	bl	82613264 <otp_hw_writel>
    82613464:	aa1303e0 	mov	x0, x19
    82613468:	52800081 	mov	w1, #0x4                   	// #4
    8261346c:	97ffff83 	bl	82613278 <otp_hw_readl>
    82613470:	121f7802 	and	w2, w0, #0xfffffffe
    82613474:	52800081 	mov	w1, #0x4                   	// #4
    82613478:	aa1303e0 	mov	x0, x19
    8261347c:	97ffff7a 	bl	82613264 <otp_hw_writel>
    82613480:	aa1303e0 	mov	x0, x19
    82613484:	97ffff96 	bl	826132dc <otp_hw_cpu_unlock>
    82613488:	52800000 	mov	w0, #0x0                   	// #0
    8261348c:	f9400bf3 	ldr	x19, [sp, #16]
    82613490:	a8c27bfd 	ldp	x29, x30, [sp], #32
    82613494:	d65f03c0 	ret

0000000082613498 <otp_hw_cmn_ctl>:
    82613498:	a9be7bfd 	stp	x29, x30, [sp, #-32]!
    8261349c:	910003fd 	mov	x29, sp
    826134a0:	a90153f3 	stp	x19, x20, [sp, #16]
    826134a4:	aa0103f4 	mov	x20, x1
    826134a8:	aa0003f3 	mov	x19, x0
    826134ac:	b9400021 	ldr	w1, [x1]
    826134b0:	7104003f 	cmp	w1, #0x100
    826134b4:	540002a0 	b.eq	82613508 <otp_hw_cmn_ctl+0x70>  // b.none
    826134b8:	54000128 	b.hi	826134dc <otp_hw_cmn_ctl+0x44>  // b.pmore
    826134bc:	7100203f 	cmp	w1, #0x8
    826134c0:	54000180 	b.eq	826134f0 <otp_hw_cmn_ctl+0x58>  // b.none
    826134c4:	7100403f 	cmp	w1, #0x10
    826134c8:	540001a0 	b.eq	826134fc <otp_hw_cmn_ctl+0x64>  // b.none
    826134cc:	12800020 	mov	w0, #0xfffffffe            	// #-2
    826134d0:	a94153f3 	ldp	x19, x20, [sp, #16]
    826134d4:	a8c27bfd 	ldp	x29, x30, [sp], #32
    826134d8:	d65f03c0 	ret
    826134dc:	3104043f 	cmn	w1, #0x101
    826134e0:	54ffff61 	b.ne	826134cc <otp_hw_cmn_ctl+0x34>  // b.any
    826134e4:	b9403800 	ldr	w0, [x0, #56]
    826134e8:	12180000 	and	w0, w0, #0x100
    826134ec:	1400000e 	b	82613524 <otp_hw_cmn_ctl+0x8c>
    826134f0:	a94153f3 	ldp	x19, x20, [sp, #16]
    826134f4:	a8c27bfd 	ldp	x29, x30, [sp], #32
    826134f8:	17ffff7a 	b	826132e0 <otp_auth_prog_mode>
    826134fc:	a94153f3 	ldp	x19, x20, [sp, #16]
    82613500:	a8c27bfd 	ldp	x29, x30, [sp], #32
    82613504:	17ffffd1 	b	82613448 <otp_auth_prog_mode_done>
    82613508:	b9401282 	ldr	w2, [x20, #16]
    8261350c:	91008000 	add	x0, x0, #0x20
    82613510:	f9400681 	ldr	x1, [x20, #8]
    82613514:	940022cf 	bl	8261c050 <memcpy>
    82613518:	b9403a60 	ldr	w0, [x19, #56]
    8261351c:	b9400281 	ldr	w1, [x20]
    82613520:	2a010000 	orr	w0, w0, w1
    82613524:	b9003a60 	str	w0, [x19, #56]
    82613528:	52800000 	mov	w0, #0x0                   	// #0
    8261352c:	17ffffe9 	b	826134d0 <otp_hw_cmn_ctl+0x38>
    82613530:	12800020 	mov	w0, #0xfffffffe            	// #-2
    82613534:	d65f03c0 	ret

0000000082613538 <otp_hw_set_ecc>:
    82613538:	d5033fbf 	dmb	sy
    8261353c:	f9400400 	ldr	x0, [x0, #8]
    82613540:	b9000c01 	str	w1, [x0, #12]
    82613544:	52800000 	mov	w0, #0x0                   	// #0
    82613548:	d65f03c0 	ret

000000008261354c <otp_hw_write>:
    8261354c:	a9bc7bfd 	stp	x29, x30, [sp, #-64]!
    82613550:	910003fd 	mov	x29, sp
    82613554:	a90153f3 	stp	x19, x20, [sp, #16]
    82613558:	aa0003f3 	mov	x19, x0
    8261355c:	a9025bf5 	stp	x21, x22, [sp, #32]
    82613560:	f9001bf7 	str	x23, [sp, #48]
    82613564:	71000c9f 	cmp	w4, #0x3
    82613568:	54000709 	b.ls	82613648 <otp_hw_write+0xfc>  // b.plast
    8261356c:	2a0103f7 	mov	w23, w1
    82613570:	aa0203f4 	mov	x20, x2
    82613574:	aa0303f6 	mov	x22, x3
    82613578:	b40000a2 	cbz	x2, 8261358c <otp_hw_write+0x40>
    8261357c:	b9400040 	ldr	w0, [x2]
    82613580:	36280060 	tbz	w0, #5, 8261358c <otp_hw_write+0x40>
    82613584:	71001c9f 	cmp	w4, #0x7
    82613588:	54000609 	b.ls	82613648 <otp_hw_write+0xfc>  // b.plast
    8261358c:	aa1303e0 	mov	x0, x19
    82613590:	97ffff54 	bl	826132e0 <otp_auth_prog_mode>
    82613594:	2a0003f5 	mov	w21, w0
    82613598:	35000440 	cbnz	w0, 82613620 <otp_hw_write+0xd4>
    8261359c:	b94002c2 	ldr	w2, [x22]
    826135a0:	aa1303e0 	mov	x0, x19
    826135a4:	52800101 	mov	w1, #0x8                   	// #8
    826135a8:	97ffff2f 	bl	82613264 <otp_hw_writel>
    826135ac:	b40000d4 	cbz	x20, 826135c4 <otp_hw_write+0x78>
    826135b0:	b9400280 	ldr	w0, [x20]
    826135b4:	36280080 	tbz	w0, #5, 826135c4 <otp_hw_write+0x78>
    826135b8:	b94006c1 	ldr	w1, [x22, #4]
    826135bc:	aa1303e0 	mov	x0, x19
    826135c0:	97ffffde 	bl	82613538 <otp_hw_set_ecc>
    826135c4:	2a1703e2 	mov	w2, w23
    826135c8:	aa1303e0 	mov	x0, x19
    826135cc:	52800201 	mov	w1, #0x10                  	// #16
    826135d0:	97ffff25 	bl	82613264 <otp_hw_writel>
    826135d4:	b4000374 	cbz	x20, 82613640 <otp_hw_write+0xf4>
    826135d8:	b9400280 	ldr	w0, [x20]
    826135dc:	36380320 	tbz	w0, #7, 82613640 <otp_hw_write+0xf4>
    826135e0:	528006e2 	mov	w2, #0x37                  	// #55
    826135e4:	52800001 	mov	w1, #0x0                   	// #0
    826135e8:	aa1303e0 	mov	x0, x19
    826135ec:	97ffff1e 	bl	82613264 <otp_hw_writel>
    826135f0:	aa1303e0 	mov	x0, x19
    826135f4:	97ffff26 	bl	8261328c <otp_wait_cmd_done>
    826135f8:	340002c0 	cbz	w0, 82613650 <otp_hw_write+0x104>
    826135fc:	52800401 	mov	w1, #0x20                  	// #32
    82613600:	aa1303e0 	mov	x0, x19
    82613604:	97ffff1d 	bl	82613278 <otp_hw_readl>
    82613608:	2a0003e2 	mov	w2, w0
    8261360c:	90000081 	adrp	x1, 82623000 <clk_fixed_rate_ops+0x18>
    82613610:	b0000080 	adrp	x0, 82624000 <_ctype+0x15a>
    82613614:	91363c21 	add	x1, x1, #0xd8f
    82613618:	9127c400 	add	x0, x0, #0x9f1
    8261361c:	940027d7 	bl	8261d578 <printf>
    82613620:	aa1303e0 	mov	x0, x19
    82613624:	97ffff89 	bl	82613448 <otp_auth_prog_mode_done>
    82613628:	2a1503e0 	mov	w0, w21
    8261362c:	a94153f3 	ldp	x19, x20, [sp, #16]
    82613630:	a9425bf5 	ldp	x21, x22, [sp, #32]
    82613634:	f9401bf7 	ldr	x23, [sp, #48]
    82613638:	a8c47bfd 	ldp	x29, x30, [sp], #64
    8261363c:	d65f03c0 	ret
    82613640:	528002a2 	mov	w2, #0x15                  	// #21
    82613644:	17ffffe8 	b	826135e4 <otp_hw_write+0x98>
    82613648:	128000d5 	mov	w21, #0xfffffff9            	// #-7
    8261364c:	17fffff5 	b	82613620 <otp_hw_write+0xd4>
    82613650:	52800015 	mov	w21, #0x0                   	// #0
    82613654:	17fffff3 	b	82613620 <otp_hw_write+0xd4>
    82613658:	12800020 	mov	w0, #0xfffffffe            	// #-2
    8261365c:	d65f03c0 	ret

0000000082613660 <otp_hw_get_ecc>:
    82613660:	f9400400 	ldr	x0, [x0, #8]
    82613664:	b9401c00 	ldr	w0, [x0, #28]
    82613668:	d5033fbf 	dmb	sy
    8261366c:	b9000020 	str	w0, [x1]
    82613670:	52800000 	mov	w0, #0x0                   	// #0
    82613674:	d65f03c0 	ret

0000000082613678 <otp_hw_read>:
    82613678:	a9bc7bfd 	stp	x29, x30, [sp, #-64]!
    8261367c:	910003fd 	mov	x29, sp
    82613680:	a90153f3 	stp	x19, x20, [sp, #16]
    82613684:	aa0003f3 	mov	x19, x0
    82613688:	a9025bf5 	stp	x21, x22, [sp, #32]
    8261368c:	f9001bf7 	str	x23, [sp, #48]
    82613690:	71000c9f 	cmp	w4, #0x3
    82613694:	54000a89 	b.ls	826137e4 <otp_hw_read+0x16c>  // b.plast
    82613698:	2a0103f7 	mov	w23, w1
    8261369c:	aa0203f5 	mov	x21, x2
    826136a0:	aa0303f6 	mov	x22, x3
    826136a4:	b40000a2 	cbz	x2, 826136b8 <otp_hw_read+0x40>
    826136a8:	b9400040 	ldr	w0, [x2]
    826136ac:	36280060 	tbz	w0, #5, 826136b8 <otp_hw_read+0x40>
    826136b0:	71001c9f 	cmp	w4, #0x7
    826136b4:	540009c9 	b.ls	826137ec <otp_hw_read+0x174>  // b.plast
    826136b8:	aa1303e0 	mov	x0, x19
    826136bc:	97ffff06 	bl	826132d4 <otp_hw_cpu_lock>
    826136c0:	2a0003f4 	mov	w20, w0
    826136c4:	35000540 	cbnz	w0, 8261376c <otp_hw_read+0xf4>
    826136c8:	52800401 	mov	w1, #0x20                  	// #32
    826136cc:	aa1303e0 	mov	x0, x19
    826136d0:	97fffeea 	bl	82613278 <otp_hw_readl>
    826136d4:	52a00034 	mov	w20, #0x10000               	// #65536
    826136d8:	52800081 	mov	w1, #0x4                   	// #4
    826136dc:	aa1303e0 	mov	x0, x19
    826136e0:	97fffee6 	bl	82613278 <otp_hw_readl>
    826136e4:	32000002 	orr	w2, w0, #0x1
    826136e8:	52800081 	mov	w1, #0x4                   	// #4
    826136ec:	aa1303e0 	mov	x0, x19
    826136f0:	97fffedd 	bl	82613264 <otp_hw_writel>
    826136f4:	2a1703e2 	mov	w2, w23
    826136f8:	aa1303e0 	mov	x0, x19
    826136fc:	52800201 	mov	w1, #0x10                  	// #16
    82613700:	97fffed9 	bl	82613264 <otp_hw_writel>
    82613704:	aa1303e0 	mov	x0, x19
    82613708:	52800022 	mov	w2, #0x1                   	// #1
    8261370c:	52800001 	mov	w1, #0x0                   	// #0
    82613710:	97fffed5 	bl	82613264 <otp_hw_writel>
    82613714:	aa1303e0 	mov	x0, x19
    82613718:	52800401 	mov	w1, #0x20                  	// #32
    8261371c:	97fffed7 	bl	82613278 <otp_hw_readl>
    82613720:	370800a0 	tbnz	w0, #1, 82613734 <otp_hw_read+0xbc>
    82613724:	d2800020 	mov	x0, #0x1                   	// #1
    82613728:	940022c2 	bl	8261c230 <udelay>
    8261372c:	71000694 	subs	w20, w20, #0x1
    82613730:	54ffff21 	b.ne	82613714 <otp_hw_read+0x9c>  // b.any
    82613734:	aa1303e0 	mov	x0, x19
    82613738:	97fffed5 	bl	8261328c <otp_wait_cmd_done>
    8261373c:	2a0003f4 	mov	w20, w0
    82613740:	340003c0 	cbz	w0, 826137b8 <otp_hw_read+0x140>
    82613744:	52800014 	mov	w20, #0x0                   	// #0
    82613748:	52800401 	mov	w1, #0x20                  	// #32
    8261374c:	aa1303e0 	mov	x0, x19
    82613750:	97fffeca 	bl	82613278 <otp_hw_readl>
    82613754:	90000081 	adrp	x1, 82623000 <clk_fixed_rate_ops+0x18>
    82613758:	2a0003e2 	mov	w2, w0
    8261375c:	9135b821 	add	x1, x1, #0xd6e
    82613760:	b0000080 	adrp	x0, 82624000 <_ctype+0x15a>
    82613764:	91268400 	add	x0, x0, #0x9a1
    82613768:	94002784 	bl	8261d578 <printf>
    8261376c:	52800002 	mov	w2, #0x0                   	// #0
    82613770:	aa1303e0 	mov	x0, x19
    82613774:	52800001 	mov	w1, #0x0                   	// #0
    82613778:	97fffebb 	bl	82613264 <otp_hw_writel>
    8261377c:	aa1303e0 	mov	x0, x19
    82613780:	52800081 	mov	w1, #0x4                   	// #4
    82613784:	97fffebd 	bl	82613278 <otp_hw_readl>
    82613788:	121f7802 	and	w2, w0, #0xfffffffe
    8261378c:	52800081 	mov	w1, #0x4                   	// #4
    82613790:	aa1303e0 	mov	x0, x19
    82613794:	97fffeb4 	bl	82613264 <otp_hw_writel>
    82613798:	aa1303e0 	mov	x0, x19
    8261379c:	97fffed0 	bl	826132dc <otp_hw_cpu_unlock>
    826137a0:	2a1403e0 	mov	w0, w20
    826137a4:	a94153f3 	ldp	x19, x20, [sp, #16]
    826137a8:	a9425bf5 	ldp	x21, x22, [sp, #32]
    826137ac:	f9401bf7 	ldr	x23, [sp, #48]
    826137b0:	a8c47bfd 	ldp	x29, x30, [sp], #64
    826137b4:	d65f03c0 	ret
    826137b8:	aa1303e0 	mov	x0, x19
    826137bc:	52800301 	mov	w1, #0x18                  	// #24
    826137c0:	97fffeae 	bl	82613278 <otp_hw_readl>
    826137c4:	b90002c0 	str	w0, [x22]
    826137c8:	b4fffd35 	cbz	x21, 8261376c <otp_hw_read+0xf4>
    826137cc:	b94002a0 	ldr	w0, [x21]
    826137d0:	362ffce0 	tbz	w0, #5, 8261376c <otp_hw_read+0xf4>
    826137d4:	910012c1 	add	x1, x22, #0x4
    826137d8:	aa1303e0 	mov	x0, x19
    826137dc:	97ffffa1 	bl	82613660 <otp_hw_get_ecc>
    826137e0:	17ffffe3 	b	8261376c <otp_hw_read+0xf4>
    826137e4:	12800014 	mov	w20, #0xffffffff            	// #-1
    826137e8:	17ffffe1 	b	8261376c <otp_hw_read+0xf4>
    826137ec:	128000d4 	mov	w20, #0xfffffff9            	// #-7
    826137f0:	17ffffdf 	b	8261376c <otp_hw_read+0xf4>

00000000826137f4 <otp_hw_dev_mmap>:
    826137f4:	d2850001 	mov	x1, #0x2800                	// #10240
    826137f8:	f2bff001 	movk	x1, #0xff80, lsl #16
    826137fc:	f9000401 	str	x1, [x0, #8]
    82613800:	52800000 	mov	w0, #0x0                   	// #0
    82613804:	d65f03c0 	ret

0000000082613808 <otp_hw_init>:
    82613808:	a9be7bfd 	stp	x29, x30, [sp, #-32]!
    8261380c:	910003fd 	mov	x29, sp
    82613810:	f9000bf3 	str	x19, [sp, #16]
    82613814:	aa0003f3 	mov	x19, x0
    82613818:	97fffff7 	bl	826137f4 <otp_hw_dev_mmap>
    8261381c:	35000120 	cbnz	w0, 82613840 <otp_hw_init+0x38>
    82613820:	f0000081 	adrp	x1, 82626000 <spinand_chip_table+0xc96>
    82613824:	911ba021 	add	x1, x1, #0x6e8
    82613828:	f9000a61 	str	x1, [x19, #16]
    8261382c:	52800141 	mov	w1, #0xa                   	// #10
    82613830:	b9001a61 	str	w1, [x19, #24]
    82613834:	f9400bf3 	ldr	x19, [sp, #16]
    82613838:	a8c27bfd 	ldp	x29, x30, [sp], #32
    8261383c:	d65f03c0 	ret
    82613840:	12800000 	mov	w0, #0xffffffff            	// #-1
    82613844:	17fffffc 	b	82613834 <otp_hw_init+0x2c>

0000000082613848 <sotp_hw_write_dev>:
    82613848:	aa0203e8 	mov	x8, x2
    8261384c:	b9401802 	ldr	w2, [x0, #24]
    82613850:	f9400805 	ldr	x5, [x0, #16]
    82613854:	2a0303e4 	mov	w4, w3
    82613858:	52800803 	mov	w3, #0x40                  	// #64
    8261385c:	9ba31442 	umaddl	x2, w2, w3, x5
    82613860:	eb0200bf 	cmp	x5, x2
    82613864:	54000141 	b.ne	8261388c <sotp_hw_write_dev+0x44>  // b.any
    82613868:	12800022 	mov	w2, #0xfffffffe            	// #-2
    8261386c:	b9403803 	ldr	w3, [x0, #56]
    82613870:	36400263 	tbz	w3, #8, 826138bc <sotp_hw_write_dev+0x74>
    82613874:	91008002 	add	x2, x0, #0x20
    82613878:	f9403405 	ldr	x5, [x0, #104]
    8261387c:	b4000285 	cbz	x5, 826138cc <sotp_hw_write_dev+0x84>
    82613880:	aa0803e3 	mov	x3, x8
    82613884:	aa0503f0 	mov	x16, x5
    82613888:	d61f0200 	br	x16
    8261388c:	b94004a7 	ldr	w7, [x5, #4]
    82613890:	aa0503e6 	mov	x6, x5
    82613894:	6b07003f 	cmp	w1, w7
    82613898:	540000a3 	b.cc	826138ac <sotp_hw_write_dev+0x64>  // b.lo, b.ul, b.last
    8261389c:	b94010a3 	ldr	w3, [x5, #16]
    826138a0:	0b0300e7 	add	w7, w7, w3
    826138a4:	6b07003f 	cmp	w1, w7
    826138a8:	54000063 	b.cc	826138b4 <sotp_hw_write_dev+0x6c>  // b.lo, b.ul, b.last
    826138ac:	910100a5 	add	x5, x5, #0x40
    826138b0:	17ffffec 	b	82613860 <sotp_hw_write_dev+0x18>
    826138b4:	52800002 	mov	w2, #0x0                   	// #0
    826138b8:	17ffffed 	b	8261386c <sotp_hw_write_dev+0x24>
    826138bc:	910060c6 	add	x6, x6, #0x18
    826138c0:	7100005f 	cmp	w2, #0x0
    826138c4:	9a9f00c2 	csel	x2, x6, xzr, eq  // eq = none
    826138c8:	17ffffec 	b	82613878 <sotp_hw_write_dev+0x30>
    826138cc:	12800020 	mov	w0, #0xfffffffe            	// #-2
    826138d0:	d65f03c0 	ret

00000000826138d4 <row2sect>:
    826138d4:	37f80220 	tbnz	w0, #31, 82613918 <row2sect+0x44>
    826138d8:	f0000083 	adrp	x3, 82626000 <spinand_chip_table+0xc96>
    826138dc:	912da063 	add	x3, x3, #0xb68
    826138e0:	b9403462 	ldr	w2, [x3, #52]
    826138e4:	6b00005f 	cmp	w2, w0
    826138e8:	5400018d 	b.le	82613918 <row2sect+0x44>
    826138ec:	d2800002 	mov	x2, #0x0                   	// #0
    826138f0:	b8627864 	ldr	w4, [x3, x2, lsl #2]
    826138f4:	6b04001f 	cmp	w0, w4
    826138f8:	5400008a 	b.ge	82613908 <row2sect+0x34>  // b.tcont
    826138fc:	b9000022 	str	w2, [x1]
    82613900:	52800000 	mov	w0, #0x0                   	// #0
    82613904:	d65f03c0 	ret
    82613908:	91000442 	add	x2, x2, #0x1
    8261390c:	f100385f 	cmp	x2, #0xe
    82613910:	54ffff01 	b.ne	826138f0 <row2sect+0x1c>  // b.any
    82613914:	17fffffb 	b	82613900 <row2sect+0x2c>
    82613918:	12800000 	mov	w0, #0xffffffff            	// #-1
    8261391c:	17fffffa 	b	82613904 <row2sect+0x30>

0000000082613920 <sotp_hw_read_dev>:
    82613920:	aa0203e8 	mov	x8, x2
    82613924:	b9401802 	ldr	w2, [x0, #24]
    82613928:	f9400805 	ldr	x5, [x0, #16]
    8261392c:	2a0303e4 	mov	w4, w3
    82613930:	52800803 	mov	w3, #0x40                  	// #64
    82613934:	9ba31442 	umaddl	x2, w2, w3, x5
    82613938:	eb0200bf 	cmp	x5, x2
    8261393c:	54000141 	b.ne	82613964 <sotp_hw_read_dev+0x44>  // b.any
    82613940:	12800022 	mov	w2, #0xfffffffe            	// #-2
    82613944:	b9403803 	ldr	w3, [x0, #56]
    82613948:	36400263 	tbz	w3, #8, 82613994 <sotp_hw_read_dev+0x74>
    8261394c:	91008002 	add	x2, x0, #0x20
    82613950:	f9403005 	ldr	x5, [x0, #96]
    82613954:	b4000285 	cbz	x5, 826139a4 <sotp_hw_read_dev+0x84>
    82613958:	aa0803e3 	mov	x3, x8
    8261395c:	aa0503f0 	mov	x16, x5
    82613960:	d61f0200 	br	x16
    82613964:	b94004a7 	ldr	w7, [x5, #4]
    82613968:	aa0503e6 	mov	x6, x5
    8261396c:	6b07003f 	cmp	w1, w7
    82613970:	540000a3 	b.cc	82613984 <sotp_hw_read_dev+0x64>  // b.lo, b.ul, b.last
    82613974:	b94010a3 	ldr	w3, [x5, #16]
    82613978:	0b0300e7 	add	w7, w7, w3
    8261397c:	6b07003f 	cmp	w1, w7
    82613980:	54000063 	b.cc	8261398c <sotp_hw_read_dev+0x6c>  // b.lo, b.ul, b.last
    82613984:	910100a5 	add	x5, x5, #0x40
    82613988:	17ffffec 	b	82613938 <sotp_hw_read_dev+0x18>
    8261398c:	52800002 	mov	w2, #0x0                   	// #0
    82613990:	17ffffed 	b	82613944 <sotp_hw_read_dev+0x24>
    82613994:	910060c6 	add	x6, x6, #0x18
    82613998:	7100005f 	cmp	w2, #0x0
    8261399c:	9a9f00c2 	csel	x2, x6, xzr, eq  // eq = none
    826139a0:	17ffffec 	b	82613950 <sotp_hw_read_dev+0x30>
    826139a4:	12800020 	mov	w0, #0xfffffffe            	// #-2
    826139a8:	d65f03c0 	ret

00000000826139ac <sotp_hw_readl>:
    826139ac:	f9400400 	ldr	x0, [x0, #8]
    826139b0:	2a0103e1 	mov	w1, w1
    826139b4:	b8606820 	ldr	w0, [x1, x0]
    826139b8:	d5033fbf 	dmb	sy
    826139bc:	d65f03c0 	ret

00000000826139c0 <sotpPollForFDone>:
    826139c0:	a9be7bfd 	stp	x29, x30, [sp, #-32]!
    826139c4:	52800e81 	mov	w1, #0x74                  	// #116
    826139c8:	910003fd 	mov	x29, sp
    826139cc:	a90153f3 	stp	x19, x20, [sp, #16]
    826139d0:	52800013 	mov	w19, #0x0                   	// #0
    826139d4:	aa0003f4 	mov	x20, x0
    826139d8:	97fffff5 	bl	826139ac <sotp_hw_readl>
    826139dc:	37d001e0 	tbnz	w0, #26, 82613a18 <sotpPollForFDone+0x58>
    826139e0:	710fa27f 	cmp	w19, #0x3e8
    826139e4:	540000c1 	b.ne	826139fc <sotpPollForFDone+0x3c>  // b.any
    826139e8:	b0000080 	adrp	x0, 82624000 <_ctype+0x15a>
    826139ec:	912bb800 	add	x0, x0, #0xaee
    826139f0:	940026e2 	bl	8261d578 <printf>
    826139f4:	528000c0 	mov	w0, #0x6                   	// #6
    826139f8:	1400000b 	b	82613a24 <sotpPollForFDone+0x64>
    826139fc:	d2807d00 	mov	x0, #0x3e8                 	// #1000
    82613a00:	9400220c 	bl	8261c230 <udelay>
    82613a04:	11000673 	add	w19, w19, #0x1
    82613a08:	aa1403e0 	mov	x0, x20
    82613a0c:	52800e81 	mov	w1, #0x74                  	// #116
    82613a10:	97ffffe7 	bl	826139ac <sotp_hw_readl>
    82613a14:	17fffff2 	b	826139dc <sotpPollForFDone+0x1c>
    82613a18:	52800000 	mov	w0, #0x0                   	// #0
    82613a1c:	710fa27f 	cmp	w19, #0x3e8
    82613a20:	54fffe40 	b.eq	826139e8 <sotpPollForFDone+0x28>  // b.none
    82613a24:	a94153f3 	ldp	x19, x20, [sp, #16]
    82613a28:	a8c27bfd 	ldp	x29, x30, [sp], #32
    82613a2c:	d65f03c0 	ret

0000000082613a30 <sotp_hw_writel>:
    82613a30:	d5033fbf 	dmb	sy
    82613a34:	f9400400 	ldr	x0, [x0, #8]
    82613a38:	2a0103e1 	mov	w1, w1
    82613a3c:	b8206822 	str	w2, [x1, x0]
    82613a40:	d65f03c0 	ret

0000000082613a44 <sotpSetStartAndPollForCmdDone>:
    82613a44:	a9be7bfd 	stp	x29, x30, [sp, #-32]!
    82613a48:	52800201 	mov	w1, #0x10                  	// #16
    82613a4c:	910003fd 	mov	x29, sp
    82613a50:	a90153f3 	stp	x19, x20, [sp, #16]
    82613a54:	aa0003f3 	mov	x19, x0
    82613a58:	97ffffd5 	bl	826139ac <sotp_hw_readl>
    82613a5c:	32000002 	orr	w2, w0, #0x1
    82613a60:	52800201 	mov	w1, #0x10                  	// #16
    82613a64:	aa1303e0 	mov	x0, x19
    82613a68:	97fffff2 	bl	82613a30 <sotp_hw_writel>
    82613a6c:	d2807d00 	mov	x0, #0x3e8                 	// #1000
    82613a70:	52800014 	mov	w20, #0x0                   	// #0
    82613a74:	940021ef 	bl	8261c230 <udelay>
    82613a78:	52800381 	mov	w1, #0x1c                  	// #28
    82613a7c:	aa1303e0 	mov	x0, x19
    82613a80:	97ffffcb 	bl	826139ac <sotp_hw_readl>
    82613a84:	2a0003e1 	mov	w1, w0
    82613a88:	37080221 	tbnz	w1, #1, 82613acc <sotpSetStartAndPollForCmdDone+0x88>
    82613a8c:	710fa29f 	cmp	w20, #0x3e8
    82613a90:	540000e1 	b.ne	82613aac <sotpSetStartAndPollForCmdDone+0x68>  // b.any
    82613a94:	52807d02 	mov	w2, #0x3e8                 	// #1000
    82613a98:	b0000080 	adrp	x0, 82624000 <_ctype+0x15a>
    82613a9c:	9135a000 	add	x0, x0, #0xd68
    82613aa0:	940026b6 	bl	8261d578 <printf>
    82613aa4:	528000c0 	mov	w0, #0x6                   	// #6
    82613aa8:	14000013 	b	82613af4 <sotpSetStartAndPollForCmdDone+0xb0>
    82613aac:	d2807d00 	mov	x0, #0x3e8                 	// #1000
    82613ab0:	940021e0 	bl	8261c230 <udelay>
    82613ab4:	52800381 	mov	w1, #0x1c                  	// #28
    82613ab8:	aa1303e0 	mov	x0, x19
    82613abc:	11000694 	add	w20, w20, #0x1
    82613ac0:	97ffffbb 	bl	826139ac <sotp_hw_readl>
    82613ac4:	2a0003e1 	mov	w1, w0
    82613ac8:	17fffff0 	b	82613a88 <sotpSetStartAndPollForCmdDone+0x44>
    82613acc:	710fa29f 	cmp	w20, #0x3e8
    82613ad0:	54fffe20 	b.eq	82613a94 <sotpSetStartAndPollForCmdDone+0x50>  // b.none
    82613ad4:	52800201 	mov	w1, #0x10                  	// #16
    82613ad8:	aa1303e0 	mov	x0, x19
    82613adc:	97ffffb4 	bl	826139ac <sotp_hw_readl>
    82613ae0:	121f7802 	and	w2, w0, #0xfffffffe
    82613ae4:	52800201 	mov	w1, #0x10                  	// #16
    82613ae8:	aa1303e0 	mov	x0, x19
    82613aec:	97ffffd1 	bl	82613a30 <sotp_hw_writel>
    82613af0:	52800000 	mov	w0, #0x0                   	// #0
    82613af4:	a94153f3 	ldp	x19, x20, [sp, #16]
    82613af8:	a8c27bfd 	ldp	x29, x30, [sp], #32
    82613afc:	d65f03c0 	ret

0000000082613b00 <sotpReadEccRow>:
    82613b00:	a9bc7bfd 	stp	x29, x30, [sp, #-64]!
    82613b04:	910003fd 	mov	x29, sp
    82613b08:	a90153f3 	stp	x19, x20, [sp, #16]
    82613b0c:	a9025bf5 	stp	x21, x22, [sp, #32]
    82613b10:	2a0103f5 	mov	w21, w1
    82613b14:	51004021 	sub	w1, w1, #0x10
    82613b18:	f9001bf7 	str	x23, [sp, #48]
    82613b1c:	71017c3f 	cmp	w1, #0x5f
    82613b20:	54000e28 	b.hi	82613ce4 <sotpReadEccRow+0x1e4>  // b.pmore
    82613b24:	aa0203f7 	mov	x23, x2
    82613b28:	52800781 	mov	w1, #0x3c                  	// #60
    82613b2c:	aa0003f3 	mov	x19, x0
    82613b30:	2a0303f6 	mov	w22, w3
    82613b34:	97ffff9e 	bl	826139ac <sotp_hw_readl>
    82613b38:	53027ea2 	lsr	w2, w21, #2
    82613b3c:	52800021 	mov	w1, #0x1                   	// #1
    82613b40:	1ac22021 	lsl	w1, w1, w2
    82613b44:	6a00003f 	tst	w1, w0
    82613b48:	54000d21 	b.ne	82613cec <sotpReadEccRow+0x1ec>  // b.any
    82613b4c:	aa1303e0 	mov	x0, x19
    82613b50:	97ffff9c 	bl	826139c0 <sotpPollForFDone>
    82613b54:	2a0003f4 	mov	w20, w0
    82613b58:	7100181f 	cmp	w0, #0x6
    82613b5c:	540001a1 	b.ne	82613b90 <sotpReadEccRow+0x90>  // b.any
    82613b60:	90000081 	adrp	x1, 82623000 <clk_fixed_rate_ops+0x18>
    82613b64:	b0000080 	adrp	x0, 82624000 <_ctype+0x15a>
    82613b68:	2a1503e2 	mov	w2, w21
    82613b6c:	91378421 	add	x1, x1, #0xde1
    82613b70:	912c3000 	add	x0, x0, #0xb0c
    82613b74:	94002681 	bl	8261d578 <printf>
    82613b78:	2a1403e0 	mov	w0, w20
    82613b7c:	a94153f3 	ldp	x19, x20, [sp, #16]
    82613b80:	a9425bf5 	ldp	x21, x22, [sp, #32]
    82613b84:	f9401bf7 	ldr	x23, [sp, #48]
    82613b88:	a8c47bfd 	ldp	x29, x30, [sp], #64
    82613b8c:	d65f03c0 	ret
    82613b90:	52800042 	mov	w2, #0x2                   	// #2
    82613b94:	aa1303e0 	mov	x0, x19
    82613b98:	72a00062 	movk	w2, #0x3, lsl #16
    82613b9c:	52800381 	mov	w1, #0x1c                  	// #28
    82613ba0:	97ffffa4 	bl	82613a30 <sotp_hw_writel>
    82613ba4:	52800001 	mov	w1, #0x0                   	// #0
    82613ba8:	aa1303e0 	mov	x0, x19
    82613bac:	97ffff80 	bl	826139ac <sotp_hw_readl>
    82613bb0:	529fbfe2 	mov	w2, #0xfdff                	// #65023
    82613bb4:	52800001 	mov	w1, #0x0                   	// #0
    82613bb8:	72bffc22 	movk	w2, #0xffe1, lsl #16
    82613bbc:	0a020002 	and	w2, w0, w2
    82613bc0:	aa1303e0 	mov	x0, x19
    82613bc4:	97ffff9b 	bl	82613a30 <sotp_hw_writel>
    82613bc8:	aa1303e0 	mov	x0, x19
    82613bcc:	52800001 	mov	w1, #0x0                   	// #0
    82613bd0:	34000416 	cbz	w22, 82613c50 <sotpReadEccRow+0x150>
    82613bd4:	97ffff76 	bl	826139ac <sotp_hw_readl>
    82613bd8:	52904002 	mov	w2, #0x8200                	// #33280
    82613bdc:	72a00142 	movk	w2, #0xa, lsl #16
    82613be0:	2a020002 	orr	w2, w0, w2
    82613be4:	52800001 	mov	w1, #0x0                   	// #0
    82613be8:	aa1303e0 	mov	x0, x19
    82613bec:	97ffff91 	bl	82613a30 <sotp_hw_writel>
    82613bf0:	531a66a2 	lsl	w2, w21, #6
    82613bf4:	aa1303e0 	mov	x0, x19
    82613bf8:	52800181 	mov	w1, #0xc                   	// #12
    82613bfc:	97ffff8d 	bl	82613a30 <sotp_hw_writel>
    82613c00:	52800002 	mov	w2, #0x0                   	// #0
    82613c04:	52800201 	mov	w1, #0x10                  	// #16
    82613c08:	aa1303e0 	mov	x0, x19
    82613c0c:	97ffff89 	bl	82613a30 <sotp_hw_writel>
    82613c10:	aa1303e0 	mov	x0, x19
    82613c14:	97ffff8c 	bl	82613a44 <sotpSetStartAndPollForCmdDone>
    82613c18:	2a0003f4 	mov	w20, w0
    82613c1c:	35fffae0 	cbnz	w0, 82613b78 <sotpReadEccRow+0x78>
    82613c20:	35000436 	cbnz	w22, 82613ca4 <sotpReadEccRow+0x1a4>
    82613c24:	aa1303e0 	mov	x0, x19
    82613c28:	52800481 	mov	w1, #0x24                  	// #36
    82613c2c:	97ffff60 	bl	826139ac <sotp_hw_readl>
    82613c30:	7219041f 	tst	w0, #0x180
    82613c34:	54000160 	b.eq	82613c60 <sotpReadEccRow+0x160>  // b.none
    82613c38:	2a1503e1 	mov	w1, w21
    82613c3c:	b0000080 	adrp	x0, 82624000 <_ctype+0x15a>
    82613c40:	52800074 	mov	w20, #0x3                   	// #3
    82613c44:	912ca400 	add	x0, x0, #0xb29
    82613c48:	9400264c 	bl	8261d578 <printf>
    82613c4c:	17ffffcb 	b	82613b78 <sotpReadEccRow+0x78>
    82613c50:	97ffff57 	bl	826139ac <sotp_hw_readl>
    82613c54:	52900002 	mov	w2, #0x8000                	// #32768
    82613c58:	72a00282 	movk	w2, #0x14, lsl #16
    82613c5c:	17ffffe1 	b	82613be0 <sotpReadEccRow+0xe0>
    82613c60:	aa1303e0 	mov	x0, x19
    82613c64:	52800381 	mov	w1, #0x1c                  	// #28
    82613c68:	97ffff51 	bl	826139ac <sotp_hw_readl>
    82613c6c:	368800c0 	tbz	w0, #17, 82613c84 <sotpReadEccRow+0x184>
    82613c70:	b0000080 	adrp	x0, 82624000 <_ctype+0x15a>
    82613c74:	52800054 	mov	w20, #0x2                   	// #2
    82613c78:	912d2000 	add	x0, x0, #0xb48
    82613c7c:	9400263f 	bl	8261d578 <printf>
    82613c80:	17ffffbe 	b	82613b78 <sotpReadEccRow+0x78>
    82613c84:	aa1303e0 	mov	x0, x19
    82613c88:	52800381 	mov	w1, #0x1c                  	// #28
    82613c8c:	97ffff48 	bl	826139ac <sotp_hw_readl>
    82613c90:	368000a0 	tbz	w0, #16, 82613ca4 <sotpReadEccRow+0x1a4>
    82613c94:	52800034 	mov	w20, #0x1                   	// #1
    82613c98:	b0000080 	adrp	x0, 82624000 <_ctype+0x15a>
    82613c9c:	912dd000 	add	x0, x0, #0xb74
    82613ca0:	94002636 	bl	8261d578 <printf>
    82613ca4:	aa1303e0 	mov	x0, x19
    82613ca8:	52800401 	mov	w1, #0x20                  	// #32
    82613cac:	97ffff40 	bl	826139ac <sotp_hw_readl>
    82613cb0:	b90002e0 	str	w0, [x23]
    82613cb4:	52800042 	mov	w2, #0x2                   	// #2
    82613cb8:	aa1303e0 	mov	x0, x19
    82613cbc:	52800381 	mov	w1, #0x1c                  	// #28
    82613cc0:	97ffff5c 	bl	82613a30 <sotp_hw_writel>
    82613cc4:	aa1303e0 	mov	x0, x19
    82613cc8:	52800001 	mov	w1, #0x0                   	// #0
    82613ccc:	97ffff38 	bl	826139ac <sotp_hw_readl>
    82613cd0:	12107802 	and	w2, w0, #0xffff7fff
    82613cd4:	52800001 	mov	w1, #0x0                   	// #0
    82613cd8:	aa1303e0 	mov	x0, x19
    82613cdc:	97ffff55 	bl	82613a30 <sotp_hw_writel>
    82613ce0:	17ffffa6 	b	82613b78 <sotpReadEccRow+0x78>
    82613ce4:	528000f4 	mov	w20, #0x7                   	// #7
    82613ce8:	17ffffa4 	b	82613b78 <sotpReadEccRow+0x78>
    82613cec:	52800094 	mov	w20, #0x4                   	// #4
    82613cf0:	17ffffa2 	b	82613b78 <sotpReadEccRow+0x78>

0000000082613cf4 <sotpReadKeyslotData>:
    82613cf4:	a9b97bfd 	stp	x29, x30, [sp, #-112]!
    82613cf8:	f100005f 	cmp	x2, #0x0
    82613cfc:	910003fd 	mov	x29, sp
    82613d00:	a90153f3 	stp	x19, x20, [sp, #16]
    82613d04:	a9025bf5 	stp	x21, x22, [sp, #32]
    82613d08:	2a0103f6 	mov	w22, w1
    82613d0c:	a90363f7 	stp	x23, x24, [sp, #48]
    82613d10:	a9046bf9 	stp	x25, x26, [sp, #64]
    82613d14:	f9002bfb 	str	x27, [sp, #80]
    82613d18:	aa0003fb 	mov	x27, x0
    82613d1c:	f0000080 	adrp	x0, 82626000 <spinand_chip_table+0xc96>
    82613d20:	f942f801 	ldr	x1, [x0, #1520]
    82613d24:	f90037e1 	str	x1, [sp, #104]
    82613d28:	d2800001 	mov	x1, #0x0                   	// #0
    82613d2c:	51000460 	sub	w0, w3, #0x1
    82613d30:	7a471802 	ccmp	w0, #0x7, #0x2, ne  // ne = any
    82613d34:	54000188 	b.hi	82613d64 <sotpReadKeyslotData+0x70>  // b.pmore
    82613d38:	51001ec0 	sub	w0, w22, #0x7
    82613d3c:	7100181f 	cmp	w0, #0x6
    82613d40:	54000169 	b.ls	82613d6c <sotpReadKeyslotData+0x78>  // b.plast
    82613d44:	90000081 	adrp	x1, 82623000 <clk_fixed_rate_ops+0x18>
    82613d48:	b0000080 	adrp	x0, 82624000 <_ctype+0x15a>
    82613d4c:	2a1603e2 	mov	w2, w22
    82613d50:	91373421 	add	x1, x1, #0xdcd
    82613d54:	912e7c00 	add	x0, x0, #0xb9f
    82613d58:	528001a4 	mov	w4, #0xd                   	// #13
    82613d5c:	528000e3 	mov	w3, #0x7                   	// #7
    82613d60:	94002606 	bl	8261d578 <printf>
    82613d64:	52800053 	mov	w19, #0x2                   	// #2
    82613d68:	14000037 	b	82613e44 <sotpReadKeyslotData+0x150>
    82613d6c:	52800197 	mov	w23, #0xc                   	// #12
    82613d70:	9000009a 	adrp	x26, 82623000 <clk_fixed_rate_ops+0x18>
    82613d74:	aa0203f8 	mov	x24, x2
    82613d78:	2a0303f5 	mov	w21, w3
    82613d7c:	1b177ed7 	mul	w23, w22, w23
    82613d80:	9113535a 	add	x26, x26, #0x4d4
    82613d84:	52800013 	mov	w19, #0x0                   	// #0
    82613d88:	52800019 	mov	w25, #0x0                   	// #0
    82613d8c:	5100e2f4 	sub	w20, w23, #0x38
    82613d90:	5100b2f7 	sub	w23, w23, #0x2c
    82613d94:	6b17029f 	cmp	w20, w23
    82613d98:	540000e3 	b.cc	82613db4 <sotpReadKeyslotData+0xc0>  // b.lo, b.ul, b.last
    82613d9c:	2a1603e1 	mov	w1, w22
    82613da0:	b0000080 	adrp	x0, 82624000 <_ctype+0x15a>
    82613da4:	52800093 	mov	w19, #0x4                   	// #4
    82613da8:	91342000 	add	x0, x0, #0xd08
    82613dac:	940025f3 	bl	8261d578 <printf>
    82613db0:	14000025 	b	82613e44 <sotpReadKeyslotData+0x150>
    82613db4:	6b1902bf 	cmp	w21, w25
    82613db8:	540001a9 	b.ls	82613dec <sotpReadKeyslotData+0xf8>  // b.plast
    82613dbc:	8b394b02 	add	x2, x24, w25, uxtw #2
    82613dc0:	52800003 	mov	w3, #0x0                   	// #0
    82613dc4:	2a1403e1 	mov	w1, w20
    82613dc8:	aa1b03e0 	mov	x0, x27
    82613dcc:	97ffff4d 	bl	82613b00 <sotpReadEccRow>
    82613dd0:	2a0003f3 	mov	w19, w0
    82613dd4:	71001a7f 	cmp	w19, #0x6
    82613dd8:	54000648 	b.hi	82613ea0 <sotpReadKeyslotData+0x1ac>  // b.pmore
    82613ddc:	38734b40 	ldrb	w0, [x26, w19, uxtw]
    82613de0:	10000061 	adr	x1, 82613dec <sotpReadKeyslotData+0xf8>
    82613de4:	8b208820 	add	x0, x1, w0, sxtb #2
    82613de8:	d61f0000 	br	x0
    82613dec:	54ffff41 	b.ne	82613dd4 <sotpReadKeyslotData+0xe0>  // b.any
    82613df0:	910193e2 	add	x2, sp, #0x64
    82613df4:	52800003 	mov	w3, #0x0                   	// #0
    82613df8:	17fffff3 	b	82613dc4 <sotpReadKeyslotData+0xd0>
    82613dfc:	11000739 	add	w25, w25, #0x1
    82613e00:	6b1902bf 	cmp	w21, w25
    82613e04:	54000562 	b.cs	82613eb0 <sotpReadKeyslotData+0x1bc>  // b.hs, b.nlast
    82613e08:	aa1803e1 	mov	x1, x24
    82613e0c:	531e76a2 	lsl	w2, w21, #2
    82613e10:	12800000 	mov	w0, #0xffffffff            	// #-1
    82613e14:	94001fdf 	bl	8261bd90 <crc32_no_comp>
    82613e18:	b94067e1 	ldr	w1, [sp, #100]
    82613e1c:	6b00003f 	cmp	w1, w0
    82613e20:	540004c0 	b.eq	82613eb8 <sotpReadKeyslotData+0x1c4>  // b.none
    82613e24:	d2800000 	mov	x0, #0x0                   	// #0
    82613e28:	b8607b01 	ldr	w1, [x24, x0, lsl #2]
    82613e2c:	340001a1 	cbz	w1, 82613e60 <sotpReadKeyslotData+0x16c>
    82613e30:	528000b3 	mov	w19, #0x5                   	// #5
    82613e34:	2a1403e1 	mov	w1, w20
    82613e38:	b0000080 	adrp	x0, 82624000 <_ctype+0x15a>
    82613e3c:	912f4c00 	add	x0, x0, #0xbd3
    82613e40:	940025ce 	bl	8261d578 <printf>
    82613e44:	f0000080 	adrp	x0, 82626000 <spinand_chip_table+0xc96>
    82613e48:	f94037e1 	ldr	x1, [sp, #104]
    82613e4c:	f942f802 	ldr	x2, [x0, #1520]
    82613e50:	eb020021 	subs	x1, x1, x2
    82613e54:	d2800002 	mov	x2, #0x0                   	// #0
    82613e58:	54000340 	b.eq	82613ec0 <sotpReadKeyslotData+0x1cc>  // b.none
    82613e5c:	97fff968 	bl	826123fc <__stack_chk_fail>
    82613e60:	91000400 	add	x0, x0, #0x1
    82613e64:	6b0002bf 	cmp	w21, w0
    82613e68:	54fffe08 	b.hi	82613e28 <sotpReadKeyslotData+0x134>  // b.pmore
    82613e6c:	52800033 	mov	w19, #0x1                   	// #1
    82613e70:	17fffff5 	b	82613e44 <sotpReadKeyslotData+0x150>
    82613e74:	b0000080 	adrp	x0, 82624000 <_ctype+0x15a>
    82613e78:	2a1403e1 	mov	w1, w20
    82613e7c:	91309400 	add	x0, x0, #0xc25
    82613e80:	940025be 	bl	8261d578 <printf>
    82613e84:	528000d3 	mov	w19, #0x6                   	// #6
    82613e88:	17ffffef 	b	82613e44 <sotpReadKeyslotData+0x150>
    82613e8c:	2a1403e1 	mov	w1, w20
    82613e90:	b0000080 	adrp	x0, 82624000 <_ctype+0x15a>
    82613e94:	9131c400 	add	x0, x0, #0xc71
    82613e98:	940025b8 	bl	8261d578 <printf>
    82613e9c:	17ffffea 	b	82613e44 <sotpReadKeyslotData+0x150>
    82613ea0:	b0000080 	adrp	x0, 82624000 <_ctype+0x15a>
    82613ea4:	2a1403e1 	mov	w1, w20
    82613ea8:	91331000 	add	x0, x0, #0xcc4
    82613eac:	17fffff5 	b	82613e80 <sotpReadKeyslotData+0x18c>
    82613eb0:	11000694 	add	w20, w20, #0x1
    82613eb4:	17ffffb8 	b	82613d94 <sotpReadKeyslotData+0xa0>
    82613eb8:	52800013 	mov	w19, #0x0                   	// #0
    82613ebc:	17ffffe2 	b	82613e44 <sotpReadKeyslotData+0x150>
    82613ec0:	2a1303e0 	mov	w0, w19
    82613ec4:	a94153f3 	ldp	x19, x20, [sp, #16]
    82613ec8:	a9425bf5 	ldp	x21, x22, [sp, #32]
    82613ecc:	a94363f7 	ldp	x23, x24, [sp, #48]
    82613ed0:	a9446bf9 	ldp	x25, x26, [sp, #64]
    82613ed4:	f9402bfb 	ldr	x27, [sp, #80]
    82613ed8:	a8c77bfd 	ldp	x29, x30, [sp], #112
    82613edc:	d65f03c0 	ret

0000000082613ee0 <sotp_hw_read>:
    82613ee0:	a9be7bfd 	stp	x29, x30, [sp, #-32]!
    82613ee4:	aa0203e5 	mov	x5, x2
    82613ee8:	aa0303e6 	mov	x6, x3
    82613eec:	910003fd 	mov	x29, sp
    82613ef0:	f0000082 	adrp	x2, 82626000 <spinand_chip_table+0xc96>
    82613ef4:	f942f843 	ldr	x3, [x2, #1520]
    82613ef8:	f9000fe3 	str	x3, [sp, #24]
    82613efc:	d2800003 	mov	x3, #0x0                   	// #0
    82613f00:	aa0003e7 	mov	x7, x0
    82613f04:	2a0103ea 	mov	w10, w1
    82613f08:	2a0403e8 	mov	w8, w4
    82613f0c:	b4000205 	cbz	x5, 82613f4c <sotp_hw_read+0x6c>
    82613f10:	b94004a2 	ldr	w2, [x5, #4]
    82613f14:	7100045f 	cmp	w2, #0x1
    82613f18:	540001a1 	b.ne	82613f4c <sotp_hw_read+0x6c>  // b.any
    82613f1c:	b94000a2 	ldr	w2, [x5]
    82613f20:	7100805f 	cmp	w2, #0x20
    82613f24:	aa0603e2 	mov	x2, x6
    82613f28:	1a9f07e3 	cset	w3, ne  // ne = any
    82613f2c:	97fffef5 	bl	82613b00 <sotpReadEccRow>
    82613f30:	7100041f 	cmp	w0, #0x1
    82613f34:	2a0003e1 	mov	w1, w0
    82613f38:	5a9f93e0 	csetm	w0, hi  // hi = pmore
    82613f3c:	7100043f 	cmp	w1, #0x1
    82613f40:	12800041 	mov	w1, #0xfffffffd            	// #-3
    82613f44:	1a811000 	csel	w0, w0, w1, ne  // ne = any
    82613f48:	14000007 	b	82613f64 <sotp_hw_read+0x84>
    82613f4c:	910053e1 	add	x1, sp, #0x14
    82613f50:	2a0a03e0 	mov	w0, w10
    82613f54:	b90017ff 	str	wzr, [sp, #20]
    82613f58:	97fffe5f 	bl	826138d4 <row2sect>
    82613f5c:	34000120 	cbz	w0, 82613f80 <sotp_hw_read+0xa0>
    82613f60:	12800020 	mov	w0, #0xfffffffe            	// #-2
    82613f64:	f0000081 	adrp	x1, 82626000 <spinand_chip_table+0xc96>
    82613f68:	f9400fe2 	ldr	x2, [sp, #24]
    82613f6c:	f942f823 	ldr	x3, [x1, #1520]
    82613f70:	eb030042 	subs	x2, x2, x3
    82613f74:	d2800003 	mov	x3, #0x0                   	// #0
    82613f78:	54000160 	b.eq	82613fa4 <sotp_hw_read+0xc4>  // b.none
    82613f7c:	97fff920 	bl	826123fc <__stack_chk_fail>
    82613f80:	b94017e1 	ldr	w1, [sp, #20]
    82613f84:	53027d03 	lsr	w3, w8, #2
    82613f88:	aa0603e2 	mov	x2, x6
    82613f8c:	aa0703e0 	mov	x0, x7
    82613f90:	97ffff59 	bl	82613cf4 <sotpReadKeyslotData>
    82613f94:	7100081f 	cmp	w0, #0x2
    82613f98:	2a0003e1 	mov	w1, w0
    82613f9c:	5a9f33e0 	csetm	w0, cs  // cs = hs, nlast
    82613fa0:	17ffffe7 	b	82613f3c <sotp_hw_read+0x5c>
    82613fa4:	a8c27bfd 	ldp	x29, x30, [sp], #32
    82613fa8:	d65f03c0 	ret

0000000082613fac <sotpReadNonEccRow>:
    82613fac:	a9bd7bfd 	stp	x29, x30, [sp, #-48]!
    82613fb0:	910003fd 	mov	x29, sp
    82613fb4:	a90153f3 	stp	x19, x20, [sp, #16]
    82613fb8:	aa0003f3 	mov	x19, x0
    82613fbc:	a9025bf5 	stp	x21, x22, [sp, #32]
    82613fc0:	2a0103f5 	mov	w21, w1
    82613fc4:	aa0203f6 	mov	x22, x2
    82613fc8:	97fffe7e 	bl	826139c0 <sotpPollForFDone>
    82613fcc:	2a0003f4 	mov	w20, w0
    82613fd0:	7100181f 	cmp	w0, #0x6
    82613fd4:	540006e0 	b.eq	826140b0 <sotpReadNonEccRow+0x104>  // b.none
    82613fd8:	52800042 	mov	w2, #0x2                   	// #2
    82613fdc:	aa1303e0 	mov	x0, x19
    82613fe0:	72a00062 	movk	w2, #0x3, lsl #16
    82613fe4:	52800381 	mov	w1, #0x1c                  	// #28
    82613fe8:	97fffe92 	bl	82613a30 <sotp_hw_writel>
    82613fec:	52800001 	mov	w1, #0x0                   	// #0
    82613ff0:	aa1303e0 	mov	x0, x19
    82613ff4:	97fffe6e 	bl	826139ac <sotp_hw_readl>
    82613ff8:	120b6c02 	and	w2, w0, #0xffe1ffff
    82613ffc:	52800001 	mov	w1, #0x0                   	// #0
    82614000:	aa1303e0 	mov	x0, x19
    82614004:	97fffe8b 	bl	82613a30 <sotp_hw_writel>
    82614008:	52800001 	mov	w1, #0x0                   	// #0
    8261400c:	aa1303e0 	mov	x0, x19
    82614010:	97fffe67 	bl	826139ac <sotp_hw_readl>
    82614014:	52904002 	mov	w2, #0x8200                	// #33280
    82614018:	52800001 	mov	w1, #0x0                   	// #0
    8261401c:	72a00142 	movk	w2, #0xa, lsl #16
    82614020:	2a020002 	orr	w2, w0, w2
    82614024:	aa1303e0 	mov	x0, x19
    82614028:	97fffe82 	bl	82613a30 <sotp_hw_writel>
    8261402c:	531a66a2 	lsl	w2, w21, #6
    82614030:	aa1303e0 	mov	x0, x19
    82614034:	52800181 	mov	w1, #0xc                   	// #12
    82614038:	97fffe7e 	bl	82613a30 <sotp_hw_writel>
    8261403c:	52800002 	mov	w2, #0x0                   	// #0
    82614040:	52800201 	mov	w1, #0x10                  	// #16
    82614044:	aa1303e0 	mov	x0, x19
    82614048:	97fffe7a 	bl	82613a30 <sotp_hw_writel>
    8261404c:	aa1303e0 	mov	x0, x19
    82614050:	97fffe7d 	bl	82613a44 <sotpSetStartAndPollForCmdDone>
    82614054:	2a0003f4 	mov	w20, w0
    82614058:	350002c0 	cbnz	w0, 826140b0 <sotpReadNonEccRow+0x104>
    8261405c:	52800481 	mov	w1, #0x24                  	// #36
    82614060:	aa1303e0 	mov	x0, x19
    82614064:	97fffe52 	bl	826139ac <sotp_hw_readl>
    82614068:	2a0003f5 	mov	w21, w0
    8261406c:	52800401 	mov	w1, #0x20                  	// #32
    82614070:	aa1303e0 	mov	x0, x19
    82614074:	97fffe4e 	bl	826139ac <sotp_hw_readl>
    82614078:	2a0003e0 	mov	w0, w0
    8261407c:	aa158015 	orr	x21, x0, x21, lsl #32
    82614080:	f90002d5 	str	x21, [x22]
    82614084:	52800042 	mov	w2, #0x2                   	// #2
    82614088:	aa1303e0 	mov	x0, x19
    8261408c:	52800381 	mov	w1, #0x1c                  	// #28
    82614090:	97fffe68 	bl	82613a30 <sotp_hw_writel>
    82614094:	52800001 	mov	w1, #0x0                   	// #0
    82614098:	aa1303e0 	mov	x0, x19
    8261409c:	97fffe44 	bl	826139ac <sotp_hw_readl>
    826140a0:	12107802 	and	w2, w0, #0xffff7fff
    826140a4:	52800001 	mov	w1, #0x0                   	// #0
    826140a8:	aa1303e0 	mov	x0, x19
    826140ac:	97fffe61 	bl	82613a30 <sotp_hw_writel>
    826140b0:	2a1403e0 	mov	w0, w20
    826140b4:	a94153f3 	ldp	x19, x20, [sp, #16]
    826140b8:	a9425bf5 	ldp	x21, x22, [sp, #32]
    826140bc:	a8c37bfd 	ldp	x29, x30, [sp], #48
    826140c0:	d65f03c0 	ret

00000000826140c4 <sotpIsRegionFuseLocked>:
    826140c4:	a9bd7bfd 	stp	x29, x30, [sp, #-48]!
    826140c8:	910003fd 	mov	x29, sp
    826140cc:	a90153f3 	stp	x19, x20, [sp, #16]
    826140d0:	2a0103f3 	mov	w19, w1
    826140d4:	d0000081 	adrp	x1, 82626000 <spinand_chip_table+0xc96>
    826140d8:	f942f822 	ldr	x2, [x1, #1520]
    826140dc:	f90017e2 	str	x2, [sp, #40]
    826140e0:	d2800002 	mov	x2, #0x0                   	// #0
    826140e4:	aa0003f4 	mov	x20, x0
    826140e8:	7100527f 	cmp	w19, #0x14
    826140ec:	540001e9 	b.ls	82614128 <sotpIsRegionFuseLocked+0x64>  // b.plast
    826140f0:	51005260 	sub	w0, w19, #0x14
    826140f4:	71001c1f 	cmp	w0, #0x7
    826140f8:	54000148 	b.hi	82614120 <sotpIsRegionFuseLocked+0x5c>  // b.pmore
    826140fc:	910083e2 	add	x2, sp, #0x20
    82614100:	aa1403e0 	mov	x0, x20
    82614104:	52800121 	mov	w1, #0x9                   	// #9
    82614108:	97ffffa9 	bl	82613fac <sotpReadNonEccRow>
    8261410c:	35000240 	cbnz	w0, 82614154 <sotpIsRegionFuseLocked+0x90>
    82614110:	f94013e1 	ldr	x1, [sp, #32]
    82614114:	7100527f 	cmp	w19, #0x14
    82614118:	540002c1 	b.ne	82614170 <sotpIsRegionFuseLocked+0xac>  // b.any
    8261411c:	370001a1 	tbnz	w1, #0, 82614150 <sotpIsRegionFuseLocked+0x8c>
    82614120:	52800000 	mov	w0, #0x0                   	// #0
    82614124:	1400000c 	b	82614154 <sotpIsRegionFuseLocked+0x90>
    82614128:	910083e2 	add	x2, sp, #0x20
    8261412c:	52800101 	mov	w1, #0x8                   	// #8
    82614130:	97ffff9f 	bl	82613fac <sotpReadNonEccRow>
    82614134:	35000100 	cbnz	w0, 82614154 <sotpIsRegionFuseLocked+0x90>
    82614138:	531f7a61 	lsl	w1, w19, #1
    8261413c:	d2800060 	mov	x0, #0x3                   	// #3
    82614140:	9ac12000 	lsl	x0, x0, x1
    82614144:	f94013e1 	ldr	x1, [sp, #32]
    82614148:	ea01001f 	tst	x0, x1
    8261414c:	54fffd20 	b.eq	826140f0 <sotpIsRegionFuseLocked+0x2c>  // b.none
    82614150:	528000a0 	mov	w0, #0x5                   	// #5
    82614154:	d0000081 	adrp	x1, 82626000 <spinand_chip_table+0xc96>
    82614158:	f94017e2 	ldr	x2, [sp, #40]
    8261415c:	f942f823 	ldr	x3, [x1, #1520]
    82614160:	eb030042 	subs	x2, x2, x3
    82614164:	d2800003 	mov	x3, #0x0                   	// #0
    82614168:	54000120 	b.eq	8261418c <sotpIsRegionFuseLocked+0xc8>  // b.none
    8261416c:	97fff8a4 	bl	826123fc <__stack_chk_fail>
    82614170:	531f7a73 	lsl	w19, w19, #1
    82614174:	d2800060 	mov	x0, #0x3                   	// #3
    82614178:	5100a673 	sub	w19, w19, #0x29
    8261417c:	9ad32013 	lsl	x19, x0, x19
    82614180:	ea01027f 	tst	x19, x1
    82614184:	54fffce0 	b.eq	82614120 <sotpIsRegionFuseLocked+0x5c>  // b.none
    82614188:	17fffff2 	b	82614150 <sotpIsRegionFuseLocked+0x8c>
    8261418c:	a94153f3 	ldp	x19, x20, [sp, #16]
    82614190:	a8c37bfd 	ldp	x29, x30, [sp], #48
    82614194:	d65f03c0 	ret

0000000082614198 <sotpPrepForFusing>:
    82614198:	a9bb7bfd 	stp	x29, x30, [sp, #-80]!
    8261419c:	d0000081 	adrp	x1, 82626000 <spinand_chip_table+0xc96>
    826141a0:	910003fd 	mov	x29, sp
    826141a4:	a90153f3 	stp	x19, x20, [sp, #16]
    826141a8:	52800094 	mov	w20, #0x4                   	// #4
    826141ac:	aa0003f3 	mov	x19, x0
    826141b0:	f90013f5 	str	x21, [sp, #32]
    826141b4:	f942f822 	ldr	x2, [x1, #1520]
    826141b8:	f90027e2 	str	x2, [sp, #72]
    826141bc:	d2800002 	mov	x2, #0x0                   	// #0
    826141c0:	528001e1 	mov	w1, #0xf                   	// #15
    826141c4:	290753e1 	stp	w1, w20, [sp, #56]
    826141c8:	52800101 	mov	w1, #0x8                   	// #8
    826141cc:	b90043e1 	str	w1, [sp, #64]
    826141d0:	528001a1 	mov	w1, #0xd                   	// #13
    826141d4:	b90047e1 	str	w1, [sp, #68]
    826141d8:	97fffdfa 	bl	826139c0 <sotpPollForFDone>
    826141dc:	7100181f 	cmp	w0, #0x6
    826141e0:	54000600 	b.eq	826142a0 <sotpPrepForFusing+0x108>  // b.none
    826141e4:	52800001 	mov	w1, #0x0                   	// #0
    826141e8:	aa1303e0 	mov	x0, x19
    826141ec:	97fffdf0 	bl	826139ac <sotp_hw_readl>
    826141f0:	9100e3f5 	add	x21, sp, #0x38
    826141f4:	32110002 	orr	w2, w0, #0x8000
    826141f8:	52800001 	mov	w1, #0x0                   	// #0
    826141fc:	aa1303e0 	mov	x0, x19
    82614200:	97fffe0c 	bl	82613a30 <sotp_hw_writel>
    82614204:	2a1403e2 	mov	w2, w20
    82614208:	d2800014 	mov	x20, #0x0                   	// #0
    8261420c:	aa1303e0 	mov	x0, x19
    82614210:	52800201 	mov	w1, #0x10                  	// #16
    82614214:	97fffe07 	bl	82613a30 <sotp_hw_writel>
    82614218:	b8747aa2 	ldr	w2, [x21, x20, lsl #2]
    8261421c:	52800081 	mov	w1, #0x4                   	// #4
    82614220:	aa1303e0 	mov	x0, x19
    82614224:	97fffe03 	bl	82613a30 <sotp_hw_writel>
    82614228:	aa1303e0 	mov	x0, x19
    8261422c:	97fffe06 	bl	82613a44 <sotpSetStartAndPollForCmdDone>
    82614230:	35000380 	cbnz	w0, 826142a0 <sotpPrepForFusing+0x108>
    82614234:	aa1303e0 	mov	x0, x19
    82614238:	52800042 	mov	w2, #0x2                   	// #2
    8261423c:	52800381 	mov	w1, #0x1c                  	// #28
    82614240:	91000694 	add	x20, x20, #0x1
    82614244:	97fffdfb 	bl	82613a30 <sotp_hw_writel>
    82614248:	f100129f 	cmp	x20, #0x4
    8261424c:	54fffe61 	b.ne	82614218 <sotpPrepForFusing+0x80>  // b.any
    82614250:	52800981 	mov	w1, #0x4c                  	// #76
    82614254:	aa1303e0 	mov	x0, x19
    82614258:	97fffdd5 	bl	826139ac <sotp_hw_readl>
    8261425c:	52800981 	mov	w1, #0x4c                  	// #76
    82614260:	52801602 	mov	w2, #0xb0                  	// #176
    82614264:	2a020002 	orr	w2, w0, w2
    82614268:	aa1303e0 	mov	x0, x19
    8261426c:	97fffdf1 	bl	82613a30 <sotp_hw_writel>
    82614270:	d0000080 	adrp	x0, 82626000 <spinand_chip_table+0xc96>
    82614274:	f94027e1 	ldr	x1, [sp, #72]
    82614278:	f942f802 	ldr	x2, [x0, #1520]
    8261427c:	eb020021 	subs	x1, x1, x2
    82614280:	d2800002 	mov	x2, #0x0                   	// #0
    82614284:	54000040 	b.eq	8261428c <sotpPrepForFusing+0xf4>  // b.none
    82614288:	97fff85d 	bl	826123fc <__stack_chk_fail>
    8261428c:	aa1303e0 	mov	x0, x19
    82614290:	a94153f3 	ldp	x19, x20, [sp, #16]
    82614294:	f94013f5 	ldr	x21, [sp, #32]
    82614298:	a8c57bfd 	ldp	x29, x30, [sp], #80
    8261429c:	17fffdc9 	b	826139c0 <sotpPollForFDone>
    826142a0:	d0000081 	adrp	x1, 82626000 <spinand_chip_table+0xc96>
    826142a4:	f94027e2 	ldr	x2, [sp, #72]
    826142a8:	f942f823 	ldr	x3, [x1, #1520]
    826142ac:	eb030042 	subs	x2, x2, x3
    826142b0:	d2800003 	mov	x3, #0x0                   	// #0
    826142b4:	54fffea1 	b.ne	82614288 <sotpPrepForFusing+0xf0>  // b.any
    826142b8:	a94153f3 	ldp	x19, x20, [sp, #16]
    826142bc:	f94013f5 	ldr	x21, [sp, #32]
    826142c0:	a8c57bfd 	ldp	x29, x30, [sp], #80
    826142c4:	d65f03c0 	ret

00000000826142c8 <sotpFinishFusing>:
    826142c8:	a9be7bfd 	stp	x29, x30, [sp, #-32]!
    826142cc:	52800282 	mov	w2, #0x14                  	// #20
    826142d0:	52800201 	mov	w1, #0x10                  	// #16
    826142d4:	910003fd 	mov	x29, sp
    826142d8:	a90153f3 	stp	x19, x20, [sp, #16]
    826142dc:	aa0003f3 	mov	x19, x0
    826142e0:	97fffdd4 	bl	82613a30 <sotp_hw_writel>
    826142e4:	aa1303e0 	mov	x0, x19
    826142e8:	97fffdd7 	bl	82613a44 <sotpSetStartAndPollForCmdDone>
    826142ec:	2a0003f4 	mov	w20, w0
    826142f0:	35000180 	cbnz	w0, 82614320 <sotpFinishFusing+0x58>
    826142f4:	52800042 	mov	w2, #0x2                   	// #2
    826142f8:	aa1303e0 	mov	x0, x19
    826142fc:	52800381 	mov	w1, #0x1c                  	// #28
    82614300:	97fffdcc 	bl	82613a30 <sotp_hw_writel>
    82614304:	52800001 	mov	w1, #0x0                   	// #0
    82614308:	aa1303e0 	mov	x0, x19
    8261430c:	97fffda8 	bl	826139ac <sotp_hw_readl>
    82614310:	12107802 	and	w2, w0, #0xffff7fff
    82614314:	52800001 	mov	w1, #0x0                   	// #0
    82614318:	aa1303e0 	mov	x0, x19
    8261431c:	97fffdc5 	bl	82613a30 <sotp_hw_writel>
    82614320:	2a1403e0 	mov	w0, w20
    82614324:	a94153f3 	ldp	x19, x20, [sp, #16]
    82614328:	a8c27bfd 	ldp	x29, x30, [sp], #32
    8261432c:	d65f03c0 	ret

0000000082614330 <sotpWriteEccRow>:
    82614330:	a9bc7bfd 	stp	x29, x30, [sp, #-64]!
    82614334:	910003fd 	mov	x29, sp
    82614338:	a90153f3 	stp	x19, x20, [sp, #16]
    8261433c:	a9025bf5 	stp	x21, x22, [sp, #32]
    82614340:	2a0103f5 	mov	w21, w1
    82614344:	51004021 	sub	w1, w1, #0x10
    82614348:	f9001bf7 	str	x23, [sp, #48]
    8261434c:	71017c3f 	cmp	w1, #0x5f
    82614350:	54000209 	b.ls	82614390 <sotpWriteEccRow+0x60>  // b.plast
    82614354:	528000f4 	mov	w20, #0x7                   	// #7
    82614358:	2a1503e2 	mov	w2, w21
    8261435c:	52800de4 	mov	w4, #0x6f                  	// #111
    82614360:	52800203 	mov	w3, #0x10                  	// #16
    82614364:	f0000061 	adrp	x1, 82623000 <clk_fixed_rate_ops+0x18>
    82614368:	90000080 	adrp	x0, 82624000 <_ctype+0x15a>
    8261436c:	91367021 	add	x1, x1, #0xd9c
    82614370:	91368400 	add	x0, x0, #0xda1
    82614374:	94002481 	bl	8261d578 <printf>
    82614378:	2a1403e0 	mov	w0, w20
    8261437c:	a94153f3 	ldp	x19, x20, [sp, #16]
    82614380:	a9425bf5 	ldp	x21, x22, [sp, #32]
    82614384:	f9401bf7 	ldr	x23, [sp, #48]
    82614388:	a8c47bfd 	ldp	x29, x30, [sp], #64
    8261438c:	d65f03c0 	ret
    82614390:	aa0003f3 	mov	x19, x0
    82614394:	2a0203f6 	mov	w22, w2
    82614398:	2a0303f7 	mov	w23, w3
    8261439c:	53027ea1 	lsr	w1, w21, #2
    826143a0:	97ffff49 	bl	826140c4 <sotpIsRegionFuseLocked>
    826143a4:	2a0003f4 	mov	w20, w0
    826143a8:	7100141f 	cmp	w0, #0x5
    826143ac:	54000101 	b.ne	826143cc <sotpWriteEccRow+0x9c>  // b.any
    826143b0:	2a1503e2 	mov	w2, w21
    826143b4:	f0000061 	adrp	x1, 82623000 <clk_fixed_rate_ops+0x18>
    826143b8:	90000080 	adrp	x0, 82624000 <_ctype+0x15a>
    826143bc:	91367021 	add	x1, x1, #0xd9c
    826143c0:	91373400 	add	x0, x0, #0xdcd
    826143c4:	9400246d 	bl	8261d578 <printf>
    826143c8:	17ffffec 	b	82614378 <sotpWriteEccRow+0x48>
    826143cc:	aa1303e0 	mov	x0, x19
    826143d0:	97ffff72 	bl	82614198 <sotpPrepForFusing>
    826143d4:	2a0003f4 	mov	w20, w0
    826143d8:	35fffd00 	cbnz	w0, 82614378 <sotpWriteEccRow+0x48>
    826143dc:	aa1303e0 	mov	x0, x19
    826143e0:	52800001 	mov	w1, #0x0                   	// #0
    826143e4:	340003f7 	cbz	w23, 82614460 <sotpWriteEccRow+0x130>
    826143e8:	97fffd71 	bl	826139ac <sotp_hw_readl>
    826143ec:	32170002 	orr	w2, w0, #0x200
    826143f0:	52800001 	mov	w1, #0x0                   	// #0
    826143f4:	aa1303e0 	mov	x0, x19
    826143f8:	97fffd8e 	bl	82613a30 <sotp_hw_writel>
    826143fc:	aa1303e0 	mov	x0, x19
    82614400:	52800001 	mov	w1, #0x0                   	// #0
    82614404:	97fffd6a 	bl	826139ac <sotp_hw_readl>
    82614408:	12177802 	and	w2, w0, #0xfffffeff
    8261440c:	aa1303e0 	mov	x0, x19
    82614410:	52800001 	mov	w1, #0x0                   	// #0
    82614414:	97fffd87 	bl	82613a30 <sotp_hw_writel>
    82614418:	531a66a2 	lsl	w2, w21, #6
    8261441c:	aa1303e0 	mov	x0, x19
    82614420:	52800181 	mov	w1, #0xc                   	// #12
    82614424:	97fffd83 	bl	82613a30 <sotp_hw_writel>
    82614428:	2a1603e2 	mov	w2, w22
    8261442c:	aa1303e0 	mov	x0, x19
    82614430:	52800081 	mov	w1, #0x4                   	// #4
    82614434:	97fffd7f 	bl	82613a30 <sotp_hw_writel>
    82614438:	aa1303e0 	mov	x0, x19
    8261443c:	52800002 	mov	w2, #0x0                   	// #0
    82614440:	52800101 	mov	w1, #0x8                   	// #8
    82614444:	97fffd7b 	bl	82613a30 <sotp_hw_writel>
    82614448:	aa1303e0 	mov	x0, x19
    8261444c:	a94153f3 	ldp	x19, x20, [sp, #16]
    82614450:	a9425bf5 	ldp	x21, x22, [sp, #32]
    82614454:	f9401bf7 	ldr	x23, [sp, #48]
    82614458:	a8c47bfd 	ldp	x29, x30, [sp], #64
    8261445c:	17ffff9b 	b	826142c8 <sotpFinishFusing>
    82614460:	97fffd53 	bl	826139ac <sotp_hw_readl>
    82614464:	12167802 	and	w2, w0, #0xfffffdff
    82614468:	52800001 	mov	w1, #0x0                   	// #0
    8261446c:	aa1303e0 	mov	x0, x19
    82614470:	97fffd70 	bl	82613a30 <sotp_hw_writel>
    82614474:	aa1303e0 	mov	x0, x19
    82614478:	52800001 	mov	w1, #0x0                   	// #0
    8261447c:	97fffd4c 	bl	826139ac <sotp_hw_readl>
    82614480:	32180002 	orr	w2, w0, #0x100
    82614484:	17ffffe2 	b	8261440c <sotpWriteEccRow+0xdc>

0000000082614488 <sotpFuseNonEccRow>:
    82614488:	a9bd7bfd 	stp	x29, x30, [sp, #-48]!
    8261448c:	910003fd 	mov	x29, sp
    82614490:	a90153f3 	stp	x19, x20, [sp, #16]
    82614494:	aa0003f3 	mov	x19, x0
    82614498:	aa0203f4 	mov	x20, x2
    8261449c:	f90013f5 	str	x21, [sp, #32]
    826144a0:	2a0103f5 	mov	w21, w1
    826144a4:	97ffff3d 	bl	82614198 <sotpPrepForFusing>
    826144a8:	35000320 	cbnz	w0, 8261450c <sotpFuseNonEccRow+0x84>
    826144ac:	aa1303e0 	mov	x0, x19
    826144b0:	52800001 	mov	w1, #0x0                   	// #0
    826144b4:	97fffd3e 	bl	826139ac <sotp_hw_readl>
    826144b8:	12177802 	and	w2, w0, #0xfffffeff
    826144bc:	52800001 	mov	w1, #0x0                   	// #0
    826144c0:	aa1303e0 	mov	x0, x19
    826144c4:	97fffd5b 	bl	82613a30 <sotp_hw_writel>
    826144c8:	531a66a2 	lsl	w2, w21, #6
    826144cc:	aa1303e0 	mov	x0, x19
    826144d0:	52800181 	mov	w1, #0xc                   	// #12
    826144d4:	97fffd57 	bl	82613a30 <sotp_hw_writel>
    826144d8:	2a1403e2 	mov	w2, w20
    826144dc:	aa1303e0 	mov	x0, x19
    826144e0:	52800081 	mov	w1, #0x4                   	// #4
    826144e4:	97fffd53 	bl	82613a30 <sotp_hw_writel>
    826144e8:	d360fe82 	lsr	x2, x20, #32
    826144ec:	aa1303e0 	mov	x0, x19
    826144f0:	52800101 	mov	w1, #0x8                   	// #8
    826144f4:	97fffd4f 	bl	82613a30 <sotp_hw_writel>
    826144f8:	aa1303e0 	mov	x0, x19
    826144fc:	a94153f3 	ldp	x19, x20, [sp, #16]
    82614500:	f94013f5 	ldr	x21, [sp, #32]
    82614504:	a8c37bfd 	ldp	x29, x30, [sp], #48
    82614508:	17ffff70 	b	826142c8 <sotpFinishFusing>
    8261450c:	a94153f3 	ldp	x19, x20, [sp, #16]
    82614510:	f94013f5 	ldr	x21, [sp, #32]
    82614514:	a8c37bfd 	ldp	x29, x30, [sp], #48
    82614518:	d65f03c0 	ret

000000008261451c <sotp_hw_write>:
    8261451c:	a9b87bfd 	stp	x29, x30, [sp, #-128]!
    82614520:	910003fd 	mov	x29, sp
    82614524:	a90153f3 	stp	x19, x20, [sp, #16]
    82614528:	2a0103f3 	mov	w19, w1
    8261452c:	a9025bf5 	stp	x21, x22, [sp, #32]
    82614530:	aa0003f5 	mov	x21, x0
    82614534:	a90363f7 	stp	x23, x24, [sp, #48]
    82614538:	aa0303f8 	mov	x24, x3
    8261453c:	2a0403f7 	mov	w23, w4
    82614540:	a9046bf9 	stp	x25, x26, [sp, #64]
    82614544:	d0000083 	adrp	x3, 82626000 <spinand_chip_table+0xc96>
    82614548:	a90573fb 	stp	x27, x28, [sp, #80]
    8261454c:	f942f864 	ldr	x4, [x3, #1520]
    82614550:	f9003fe4 	str	x4, [sp, #120]
    82614554:	d2800004 	mov	x4, #0x0                   	// #0
    82614558:	b4000442 	cbz	x2, 826145e0 <sotp_hw_write+0xc4>
    8261455c:	b9400443 	ldr	w3, [x2, #4]
    82614560:	7100047f 	cmp	w3, #0x1
    82614564:	540003e1 	b.ne	826145e0 <sotp_hw_write+0xc4>  // b.any
    82614568:	b9400042 	ldr	w2, [x2]
    8261456c:	7100805f 	cmp	w2, #0x20
    82614570:	540002a1 	b.ne	826145c4 <sotp_hw_write+0xa8>  // b.any
    82614574:	9101d3e2 	add	x2, sp, #0x74
    82614578:	52800003 	mov	w3, #0x0                   	// #0
    8261457c:	b90077ff 	str	wzr, [sp, #116]
    82614580:	97fffd60 	bl	82613b00 <sotpReadEccRow>
    82614584:	350005e0 	cbnz	w0, 82614640 <sotp_hw_write+0x124>
    82614588:	b94077e3 	ldr	w3, [sp, #116]
    8261458c:	340001c3 	cbz	w3, 826145c4 <sotp_hw_write+0xa8>
    82614590:	12800096 	mov	w22, #0xfffffffb            	// #-5
    82614594:	f0000061 	adrp	x1, 82623000 <clk_fixed_rate_ops+0x18>
    82614598:	90000080 	adrp	x0, 82624000 <_ctype+0x15a>
    8261459c:	9136fc21 	add	x1, x1, #0xdbf
    826145a0:	91382800 	add	x0, x0, #0xe0a
    826145a4:	940023f5 	bl	8261d578 <printf>
    826145a8:	d0000080 	adrp	x0, 82626000 <spinand_chip_table+0xc96>
    826145ac:	f9403fe1 	ldr	x1, [sp, #120]
    826145b0:	f942f802 	ldr	x2, [x0, #1520]
    826145b4:	eb020021 	subs	x1, x1, x2
    826145b8:	d2800002 	mov	x2, #0x0                   	// #0
    826145bc:	54001fa0 	b.eq	826149b0 <sotp_hw_write+0x494>  // b.none
    826145c0:	97fff78f 	bl	826123fc <__stack_chk_fail>
    826145c4:	b9400302 	ldr	w2, [x24]
    826145c8:	2a1303e1 	mov	w1, w19
    826145cc:	aa1503e0 	mov	x0, x21
    826145d0:	97ffff58 	bl	82614330 <sotpWriteEccRow>
    826145d4:	7100001f 	cmp	w0, #0x0
    826145d8:	5a9f03f6 	csetm	w22, ne  // ne = any
    826145dc:	17fffff3 	b	826145a8 <sotp_hw_write+0x8c>
    826145e0:	9101c3e1 	add	x1, sp, #0x70
    826145e4:	2a1303e0 	mov	w0, w19
    826145e8:	b90073ff 	str	wzr, [sp, #112]
    826145ec:	97fffcba 	bl	826138d4 <row2sect>
    826145f0:	2a0003f6 	mov	w22, w0
    826145f4:	35000260 	cbnz	w0, 82614640 <sotp_hw_write+0x124>
    826145f8:	53027ef7 	lsr	w23, w23, #2
    826145fc:	b90077ff 	str	wzr, [sp, #116]
    82614600:	510006e0 	sub	w0, w23, #0x1
    82614604:	f100031f 	cmp	x24, #0x0
    82614608:	b94073f3 	ldr	w19, [sp, #112]
    8261460c:	7a471802 	ccmp	w0, #0x7, #0x2, ne  // ne = any
    82614610:	54000188 	b.hi	82614640 <sotp_hw_write+0x124>  // b.pmore
    82614614:	51001e60 	sub	w0, w19, #0x7
    82614618:	7100181f 	cmp	w0, #0x6
    8261461c:	54000169 	b.ls	82614648 <sotp_hw_write+0x12c>  // b.plast
    82614620:	f0000061 	adrp	x1, 82623000 <clk_fixed_rate_ops+0x18>
    82614624:	90000080 	adrp	x0, 82624000 <_ctype+0x15a>
    82614628:	2a1303e2 	mov	w2, w19
    8261462c:	9135e821 	add	x1, x1, #0xd7a
    82614630:	912e7c00 	add	x0, x0, #0xb9f
    82614634:	528001a4 	mov	w4, #0xd                   	// #13
    82614638:	528000e3 	mov	w3, #0x7                   	// #7
    8261463c:	940023cf 	bl	8261d578 <printf>
    82614640:	12800016 	mov	w22, #0xffffffff            	// #-1
    82614644:	17ffffd9 	b	826145a8 <sotp_hw_write+0x8c>
    82614648:	5280019b 	mov	w27, #0xc                   	// #12
    8261464c:	531e76e2 	lsl	w2, w23, #2
    82614650:	aa1803e1 	mov	x1, x24
    82614654:	12800000 	mov	w0, #0xffffffff            	// #-1
    82614658:	1b1b7e7b 	mul	w27, w19, w27
    8261465c:	94001dcd 	bl	8261bd90 <crc32_no_comp>
    82614660:	b9006fe0 	str	w0, [sp, #108]
    82614664:	5100e37a 	sub	w26, w27, #0x38
    82614668:	53027f59 	lsr	w25, w26, #2
    8261466c:	11000f3c 	add	w28, w25, #0x3
    82614670:	2a1903e1 	mov	w1, w25
    82614674:	aa1503e0 	mov	x0, x21
    82614678:	97fffe93 	bl	826140c4 <sotpIsRegionFuseLocked>
    8261467c:	2a0003f4 	mov	w20, w0
    82614680:	52800781 	mov	w1, #0x3c                  	// #60
    82614684:	aa1503e0 	mov	x0, x21
    82614688:	97fffcc9 	bl	826139ac <sotp_hw_readl>
    8261468c:	52800022 	mov	w2, #0x1                   	// #1
    82614690:	1ad92041 	lsl	w1, w2, w25
    82614694:	6a00003f 	tst	w1, w0
    82614698:	540000a1 	b.ne	826146ac <sotp_hw_write+0x190>  // b.any
    8261469c:	34000254 	cbz	w20, 826146e4 <sotp_hw_write+0x1c8>
    826146a0:	90000084 	adrp	x4, 82624000 <_ctype+0x15a>
    826146a4:	91380084 	add	x4, x4, #0xe00
    826146a8:	14000007 	b	826146c4 <sotp_hw_write+0x1a8>
    826146ac:	7100029f 	cmp	w20, #0x0
    826146b0:	90000080 	adrp	x0, 82624000 <_ctype+0x15a>
    826146b4:	90000084 	adrp	x4, 82624000 <_ctype+0x15a>
    826146b8:	91381400 	add	x0, x0, #0xe05
    826146bc:	91380084 	add	x4, x4, #0xe00
    826146c0:	9a801084 	csel	x4, x4, x0, ne  // ne = any
    826146c4:	2a1903e3 	mov	w3, w25
    826146c8:	2a1303e2 	mov	w2, w19
    826146cc:	f0000061 	adrp	x1, 82623000 <clk_fixed_rate_ops+0x18>
    826146d0:	90000080 	adrp	x0, 82624000 <_ctype+0x15a>
    826146d4:	9135e821 	add	x1, x1, #0xd7a
    826146d8:	91390000 	add	x0, x0, #0xe40
    826146dc:	940023a7 	bl	8261d578 <printf>
    826146e0:	17ffffd8 	b	82614640 <sotp_hw_write+0x124>
    826146e4:	11000739 	add	w25, w25, #0x1
    826146e8:	6b1c033f 	cmp	w25, w28
    826146ec:	54fffc23 	b.cc	82614670 <sotp_hw_write+0x154>  // b.lo, b.ul, b.last
    826146f0:	2a1a03f9 	mov	w25, w26
    826146f4:	5100b37b 	sub	w27, w27, #0x2c
    826146f8:	6b1b033f 	cmp	w25, w27
    826146fc:	54000163 	b.cc	82614728 <sotp_hw_write+0x20c>  // b.lo, b.ul, b.last
    82614700:	f000007c 	adrp	x28, 82623000 <clk_fixed_rate_ops+0x18>
    82614704:	9113739c 	add	x28, x28, #0x4dc
    82614708:	52800019 	mov	w25, #0x0                   	// #0
    8261470c:	6b1a037f 	cmp	w27, w26
    82614710:	540003e8 	b.hi	8261478c <sotp_hw_write+0x270>  // b.pmore
    82614714:	2a1303e1 	mov	w1, w19
    82614718:	b0000080 	adrp	x0, 82625000 <hex_asc+0x7ab>
    8261471c:	91050400 	add	x0, x0, #0x141
    82614720:	94002396 	bl	8261d578 <printf>
    82614724:	17ffffc7 	b	82614640 <sotp_hw_write+0x124>
    82614728:	9101d3e2 	add	x2, sp, #0x74
    8261472c:	2a1903e1 	mov	w1, w25
    82614730:	aa1503e0 	mov	x0, x21
    82614734:	52800003 	mov	w3, #0x0                   	// #0
    82614738:	97fffcf2 	bl	82613b00 <sotpReadEccRow>
    8261473c:	34000120 	cbz	w0, 82614760 <sotp_hw_write+0x244>
    82614740:	f0000061 	adrp	x1, 82623000 <clk_fixed_rate_ops+0x18>
    82614744:	90000080 	adrp	x0, 82624000 <_ctype+0x15a>
    82614748:	2a1903e3 	mov	w3, w25
    8261474c:	2a1303e2 	mov	w2, w19
    82614750:	9135e821 	add	x1, x1, #0xd7a
    82614754:	913a0000 	add	x0, x0, #0xe80
    82614758:	94002388 	bl	8261d578 <printf>
    8261475c:	17ffffb9 	b	82614640 <sotp_hw_write+0x124>
    82614760:	b94077e0 	ldr	w0, [sp, #116]
    82614764:	34000100 	cbz	w0, 82614784 <sotp_hw_write+0x268>
    82614768:	f0000061 	adrp	x1, 82623000 <clk_fixed_rate_ops+0x18>
    8261476c:	90000080 	adrp	x0, 82624000 <_ctype+0x15a>
    82614770:	2a1903e3 	mov	w3, w25
    82614774:	2a1303e2 	mov	w2, w19
    82614778:	9135e821 	add	x1, x1, #0xd7a
    8261477c:	913b1400 	add	x0, x0, #0xec5
    82614780:	17fffff6 	b	82614758 <sotp_hw_write+0x23c>
    82614784:	11000739 	add	w25, w25, #0x1
    82614788:	17ffffdc 	b	826146f8 <sotp_hw_write+0x1dc>
    8261478c:	6b1902ff 	cmp	w23, w25
    82614790:	54000309 	b.ls	826147f0 <sotp_hw_write+0x2d4>  // b.plast
    82614794:	b8795b02 	ldr	w2, [x24, w25, uxtw #2]
    82614798:	52800003 	mov	w3, #0x0                   	// #0
    8261479c:	2a1a03e1 	mov	w1, w26
    826147a0:	aa1503e0 	mov	x0, x21
    826147a4:	97fffee3 	bl	82614330 <sotpWriteEccRow>
    826147a8:	2a0003f4 	mov	w20, w0
    826147ac:	7100141f 	cmp	w0, #0x5
    826147b0:	54000e20 	b.eq	82614974 <sotp_hw_write+0x458>  // b.none
    826147b4:	7100181f 	cmp	w0, #0x6
    826147b8:	54000e80 	b.eq	82614988 <sotp_hw_write+0x46c>  // b.none
    826147bc:	35000f14 	cbnz	w20, 8261499c <sotp_hw_write+0x480>
    826147c0:	9101d3e2 	add	x2, sp, #0x74
    826147c4:	2a1a03e1 	mov	w1, w26
    826147c8:	aa1503e0 	mov	x0, x21
    826147cc:	52800003 	mov	w3, #0x0                   	// #0
    826147d0:	97fffccc 	bl	82613b00 <sotpReadEccRow>
    826147d4:	2a0003f4 	mov	w20, w0
    826147d8:	7100101f 	cmp	w0, #0x4
    826147dc:	54000c28 	b.hi	82614960 <sotp_hw_write+0x444>  // b.pmore
    826147e0:	38744b80 	ldrb	w0, [x28, w20, uxtw]
    826147e4:	10000061 	adr	x1, 826147f0 <sotp_hw_write+0x2d4>
    826147e8:	8b208820 	add	x0, x1, w0, sxtb #2
    826147ec:	d61f0000 	br	x0
    826147f0:	54fffe61 	b.ne	826147bc <sotp_hw_write+0x2a0>  // b.any
    826147f4:	b9406fe2 	ldr	w2, [sp, #108]
    826147f8:	52800003 	mov	w3, #0x0                   	// #0
    826147fc:	17ffffe8 	b	8261479c <sotp_hw_write+0x280>
    82614800:	b94077e0 	ldr	w0, [sp, #116]
    82614804:	6b1902ff 	cmp	w23, w25
    82614808:	540001a9 	b.ls	8261483c <sotp_hw_write+0x320>  // b.plast
    8261480c:	b8795b01 	ldr	w1, [x24, w25, uxtw #2]
    82614810:	6b00003f 	cmp	w1, w0
    82614814:	54000081 	b.ne	82614824 <sotp_hw_write+0x308>  // b.any
    82614818:	11000739 	add	w25, w25, #0x1
    8261481c:	1100075a 	add	w26, w26, #0x1
    82614820:	17ffffbb 	b	8261470c <sotp_hw_write+0x1f0>
    82614824:	90000080 	adrp	x0, 82624000 <_ctype+0x15a>
    82614828:	2a1303e2 	mov	w2, w19
    8261482c:	2a1a03e1 	mov	w1, w26
    82614830:	913c2800 	add	x0, x0, #0xf0a
    82614834:	94002351 	bl	8261d578 <printf>
    82614838:	17ffff82 	b	82614640 <sotp_hw_write+0x124>
    8261483c:	b9406fe1 	ldr	w1, [sp, #108]
    82614840:	6b00003f 	cmp	w1, w0
    82614844:	540003a1 	b.ne	826148b8 <sotp_hw_write+0x39c>  // b.any
    82614848:	0b130673 	add	w19, w19, w19, lsl #1
    8261484c:	d2800077 	mov	x23, #0x3                   	// #3
    82614850:	51003a74 	sub	w20, w19, #0xe
    82614854:	51002e73 	sub	w19, w19, #0xb
    82614858:	6b13029f 	cmp	w20, w19
    8261485c:	54ffea62 	b.cs	826145a8 <sotp_hw_write+0x8c>  // b.hs, b.nlast
    82614860:	7100529f 	cmp	w20, #0x14
    82614864:	531f7a82 	lsl	w2, w20, #1
    82614868:	54000168 	b.hi	82614894 <sotp_hw_write+0x378>  // b.pmore
    8261486c:	9ac222e2 	lsl	x2, x23, x2
    82614870:	aa1503e0 	mov	x0, x21
    82614874:	9240a042 	and	x2, x2, #0x1ffffffffff
    82614878:	52800101 	mov	w1, #0x8                   	// #8
    8261487c:	97ffff03 	bl	82614488 <sotpFuseNonEccRow>
    82614880:	35ffee00 	cbnz	w0, 82614640 <sotp_hw_write+0x124>
    82614884:	7100529f 	cmp	w20, #0x14
    82614888:	54000140 	b.eq	826148b0 <sotp_hw_write+0x394>  // b.none
    8261488c:	11000694 	add	w20, w20, #0x1
    82614890:	17fffff2 	b	82614858 <sotp_hw_write+0x33c>
    82614894:	5100a442 	sub	w2, w2, #0x29
    82614898:	9ac222e2 	lsl	x2, x23, x2
    8261489c:	aa1503e0 	mov	x0, x21
    826148a0:	52800121 	mov	w1, #0x9                   	// #9
    826148a4:	97fffef9 	bl	82614488 <sotpFuseNonEccRow>
    826148a8:	34ffff20 	cbz	w0, 8261488c <sotp_hw_write+0x370>
    826148ac:	17ffff65 	b	82614640 <sotp_hw_write+0x124>
    826148b0:	d2800022 	mov	x2, #0x1                   	// #1
    826148b4:	17fffffa 	b	8261489c <sotp_hw_write+0x380>
    826148b8:	90000080 	adrp	x0, 82624000 <_ctype+0x15a>
    826148bc:	2a1303e2 	mov	w2, w19
    826148c0:	2a1a03e1 	mov	w1, w26
    826148c4:	913d5400 	add	x0, x0, #0xf55
    826148c8:	17ffffdb 	b	82614834 <sotp_hw_write+0x318>
    826148cc:	aa1503e0 	mov	x0, x21
    826148d0:	97fffe32 	bl	82614198 <sotpPrepForFusing>
    826148d4:	340000c0 	cbz	w0, 826148ec <sotp_hw_write+0x3d0>
    826148d8:	90000080 	adrp	x0, 82624000 <_ctype+0x15a>
    826148dc:	2a1303e2 	mov	w2, w19
    826148e0:	2a1a03e1 	mov	w1, w26
    826148e4:	913e8800 	add	x0, x0, #0xfa2
    826148e8:	17ffffd3 	b	82614834 <sotp_hw_write+0x318>
    826148ec:	52800001 	mov	w1, #0x0                   	// #0
    826148f0:	aa1503e0 	mov	x0, x21
    826148f4:	97fffc2e 	bl	826139ac <sotp_hw_readl>
    826148f8:	32180002 	orr	w2, w0, #0x100
    826148fc:	52800001 	mov	w1, #0x0                   	// #0
    82614900:	aa1503e0 	mov	x0, x21
    82614904:	97fffc4b 	bl	82613a30 <sotp_hw_writel>
    82614908:	531a6742 	lsl	w2, w26, #6
    8261490c:	aa1503e0 	mov	x0, x21
    82614910:	52800181 	mov	w1, #0xc                   	// #12
    82614914:	97fffc47 	bl	82613a30 <sotp_hw_writel>
    82614918:	aa1503e0 	mov	x0, x21
    8261491c:	52800002 	mov	w2, #0x0                   	// #0
    82614920:	52800081 	mov	w1, #0x4                   	// #4
    82614924:	97fffc43 	bl	82613a30 <sotp_hw_writel>
    82614928:	52803002 	mov	w2, #0x180                 	// #384
    8261492c:	52800101 	mov	w1, #0x8                   	// #8
    82614930:	aa1503e0 	mov	x0, x21
    82614934:	97fffc3f 	bl	82613a30 <sotp_hw_writel>
    82614938:	aa1503e0 	mov	x0, x21
    8261493c:	97fffe63 	bl	826142c8 <sotpFinishFusing>
    82614940:	2a0003f4 	mov	w20, w0
    82614944:	34fff6c0 	cbz	w0, 8261481c <sotp_hw_write+0x300>
    82614948:	17ffffe4 	b	826148d8 <sotp_hw_write+0x3bc>
    8261494c:	90000080 	adrp	x0, 82624000 <_ctype+0x15a>
    82614950:	2a1303e2 	mov	w2, w19
    82614954:	2a1a03e1 	mov	w1, w26
    82614958:	913f8c00 	add	x0, x0, #0xfe3
    8261495c:	17ffffb6 	b	82614834 <sotp_hw_write+0x318>
    82614960:	b0000080 	adrp	x0, 82625000 <hex_asc+0x7ab>
    82614964:	2a1303e2 	mov	w2, w19
    82614968:	2a1a03e1 	mov	w1, w26
    8261496c:	9100c000 	add	x0, x0, #0x30
    82614970:	17ffffb1 	b	82614834 <sotp_hw_write+0x318>
    82614974:	b0000080 	adrp	x0, 82625000 <hex_asc+0x7ab>
    82614978:	2a1303e2 	mov	w2, w19
    8261497c:	2a1a03e1 	mov	w1, w26
    82614980:	9101c800 	add	x0, x0, #0x72
    82614984:	17ffffac 	b	82614834 <sotp_hw_write+0x318>
    82614988:	b0000080 	adrp	x0, 82625000 <hex_asc+0x7ab>
    8261498c:	2a1303e2 	mov	w2, w19
    82614990:	2a1a03e1 	mov	w1, w26
    82614994:	9102b400 	add	x0, x0, #0xad
    82614998:	17ffffa7 	b	82614834 <sotp_hw_write+0x318>
    8261499c:	b0000080 	adrp	x0, 82625000 <hex_asc+0x7ab>
    826149a0:	2a1303e2 	mov	w2, w19
    826149a4:	2a1a03e1 	mov	w1, w26
    826149a8:	9103f400 	add	x0, x0, #0xfd
    826149ac:	17ffffa2 	b	82614834 <sotp_hw_write+0x318>
    826149b0:	2a1603e0 	mov	w0, w22
    826149b4:	a94153f3 	ldp	x19, x20, [sp, #16]
    826149b8:	a9425bf5 	ldp	x21, x22, [sp, #32]
    826149bc:	a94363f7 	ldp	x23, x24, [sp, #48]
    826149c0:	a9446bf9 	ldp	x25, x26, [sp, #64]
    826149c4:	a94573fb 	ldp	x27, x28, [sp, #80]
    826149c8:	a8c87bfd 	ldp	x29, x30, [sp], #128
    826149cc:	d65f03c0 	ret

00000000826149d0 <sotpKeySlotReadLockStatus.part.0>:
    826149d0:	a9bc7bfd 	stp	x29, x30, [sp, #-64]!
    826149d4:	910003fd 	mov	x29, sp
    826149d8:	a90153f3 	stp	x19, x20, [sp, #16]
    826149dc:	2a0103f3 	mov	w19, w1
    826149e0:	aa0003f4 	mov	x20, x0
    826149e4:	52800001 	mov	w1, #0x0                   	// #0
    826149e8:	a9025bf5 	stp	x21, x22, [sp, #32]
    826149ec:	0b130673 	add	w19, w19, w19, lsl #1
    826149f0:	f9001bf7 	str	x23, [sp, #48]
    826149f4:	97fffbee 	bl	826139ac <sotp_hw_readl>
    826149f8:	120b6c02 	and	w2, w0, #0xffe1ffff
    826149fc:	52800001 	mov	w1, #0x0                   	// #0
    82614a00:	aa1403e0 	mov	x0, x20
    82614a04:	51003a76 	sub	w22, w19, #0xe
    82614a08:	97fffc0a 	bl	82613a30 <sotp_hw_writel>
    82614a0c:	51002e73 	sub	w19, w19, #0xb
    82614a10:	52800001 	mov	w1, #0x0                   	// #0
    82614a14:	aa1403e0 	mov	x0, x20
    82614a18:	52800037 	mov	w23, #0x1                   	// #1
    82614a1c:	97fffbe4 	bl	826139ac <sotp_hw_readl>
    82614a20:	52900002 	mov	w2, #0x8000                	// #32768
    82614a24:	52800001 	mov	w1, #0x0                   	// #0
    82614a28:	72a00142 	movk	w2, #0xa, lsl #16
    82614a2c:	2a020002 	orr	w2, w0, w2
    82614a30:	aa1403e0 	mov	x0, x20
    82614a34:	97fffbff 	bl	82613a30 <sotp_hw_writel>
    82614a38:	aa1403e0 	mov	x0, x20
    82614a3c:	52800781 	mov	w1, #0x3c                  	// #60
    82614a40:	1ad622f5 	lsl	w21, w23, w22
    82614a44:	97fffbda 	bl	826139ac <sotp_hw_readl>
    82614a48:	6a0002b5 	ands	w21, w21, w0
    82614a4c:	54000221 	b.ne	82614a90 <sotpKeySlotReadLockStatus.part.0+0xc0>  // b.any
    82614a50:	110006d6 	add	w22, w22, #0x1
    82614a54:	6b16027f 	cmp	w19, w22
    82614a58:	54ffff01 	b.ne	82614a38 <sotpKeySlotReadLockStatus.part.0+0x68>  // b.any
    82614a5c:	52800001 	mov	w1, #0x0                   	// #0
    82614a60:	aa1403e0 	mov	x0, x20
    82614a64:	97fffbd2 	bl	826139ac <sotp_hw_readl>
    82614a68:	12107802 	and	w2, w0, #0xffff7fff
    82614a6c:	52800001 	mov	w1, #0x0                   	// #0
    82614a70:	aa1403e0 	mov	x0, x20
    82614a74:	97fffbef 	bl	82613a30 <sotp_hw_writel>
    82614a78:	2a1503e0 	mov	w0, w21
    82614a7c:	a94153f3 	ldp	x19, x20, [sp, #16]
    82614a80:	a9425bf5 	ldp	x21, x22, [sp, #32]
    82614a84:	f9401bf7 	ldr	x23, [sp, #48]
    82614a88:	a8c47bfd 	ldp	x29, x30, [sp], #64
    82614a8c:	d65f03c0 	ret
    82614a90:	52800095 	mov	w21, #0x4                   	// #4
    82614a94:	17fffff9 	b	82614a78 <sotpKeySlotReadLockStatus.part.0+0xa8>

0000000082614a98 <sotpLockRegion.part.0>:
    82614a98:	a9be7bfd 	stp	x29, x30, [sp, #-32]!
    82614a9c:	910003fd 	mov	x29, sp
    82614aa0:	a90153f3 	stp	x19, x20, [sp, #16]
    82614aa4:	aa0003f3 	mov	x19, x0
    82614aa8:	2a0103f4 	mov	w20, w1
    82614aac:	52800001 	mov	w1, #0x0                   	// #0
    82614ab0:	97fffbbf 	bl	826139ac <sotp_hw_readl>
    82614ab4:	120b6c02 	and	w2, w0, #0xffe1ffff
    82614ab8:	52800001 	mov	w1, #0x0                   	// #0
    82614abc:	aa1303e0 	mov	x0, x19
    82614ac0:	97fffbdc 	bl	82613a30 <sotp_hw_writel>
    82614ac4:	aa1303e0 	mov	x0, x19
    82614ac8:	52800001 	mov	w1, #0x0                   	// #0
    82614acc:	97fffbb8 	bl	826139ac <sotp_hw_readl>
    82614ad0:	52900002 	mov	w2, #0x8000                	// #32768
    82614ad4:	52800001 	mov	w1, #0x0                   	// #0
    82614ad8:	72a00142 	movk	w2, #0xa, lsl #16
    82614adc:	2a020002 	orr	w2, w0, w2
    82614ae0:	aa1303e0 	mov	x0, x19
    82614ae4:	97fffbd3 	bl	82613a30 <sotp_hw_writel>
    82614ae8:	d2807d00 	mov	x0, #0x3e8                 	// #1000
    82614aec:	94001dd1 	bl	8261c230 <udelay>
    82614af0:	aa1303e0 	mov	x0, x19
    82614af4:	52800781 	mov	w1, #0x3c                  	// #60
    82614af8:	97fffbad 	bl	826139ac <sotp_hw_readl>
    82614afc:	2a140002 	orr	w2, w0, w20
    82614b00:	52800781 	mov	w1, #0x3c                  	// #60
    82614b04:	aa1303e0 	mov	x0, x19
    82614b08:	97fffbca 	bl	82613a30 <sotp_hw_writel>
    82614b0c:	aa1303e0 	mov	x0, x19
    82614b10:	52800701 	mov	w1, #0x38                  	// #56
    82614b14:	97fffba6 	bl	826139ac <sotp_hw_readl>
    82614b18:	2a000282 	orr	w2, w20, w0
    82614b1c:	52800701 	mov	w1, #0x38                  	// #56
    82614b20:	aa1303e0 	mov	x0, x19
    82614b24:	97fffbc3 	bl	82613a30 <sotp_hw_writel>
    82614b28:	d2807d00 	mov	x0, #0x3e8                 	// #1000
    82614b2c:	94001dc1 	bl	8261c230 <udelay>
    82614b30:	aa1303e0 	mov	x0, x19
    82614b34:	52800001 	mov	w1, #0x0                   	// #0
    82614b38:	97fffb9d 	bl	826139ac <sotp_hw_readl>
    82614b3c:	12107802 	and	w2, w0, #0xffff7fff
    82614b40:	aa1303e0 	mov	x0, x19
    82614b44:	52800001 	mov	w1, #0x0                   	// #0
    82614b48:	a94153f3 	ldp	x19, x20, [sp, #16]
    82614b4c:	a8c27bfd 	ldp	x29, x30, [sp], #32
    82614b50:	17fffbb8 	b	82613a30 <sotp_hw_writel>

0000000082614b54 <sotp_hw_ctl>:
    82614b54:	a9b77bfd 	stp	x29, x30, [sp, #-144]!
    82614b58:	910003fd 	mov	x29, sp
    82614b5c:	a90153f3 	stp	x19, x20, [sp, #16]
    82614b60:	aa0103f3 	mov	x19, x1
    82614b64:	aa0003f4 	mov	x20, x0
    82614b68:	a9025bf5 	stp	x21, x22, [sp, #32]
    82614b6c:	d0000080 	adrp	x0, 82626000 <spinand_chip_table+0xc96>
    82614b70:	a90363f7 	stp	x23, x24, [sp, #48]
    82614b74:	f90023f9 	str	x25, [sp, #64]
    82614b78:	f942f801 	ldr	x1, [x0, #1520]
    82614b7c:	f90047e1 	str	x1, [sp, #136]
    82614b80:	d2800001 	mov	x1, #0x0                   	// #0
    82614b84:	b9400260 	ldr	w0, [x19]
    82614b88:	7100101f 	cmp	w0, #0x4
    82614b8c:	54000cc0 	b.eq	82614d24 <sotp_hw_ctl+0x1d0>  // b.none
    82614b90:	54000108 	b.hi	82614bb0 <sotp_hw_ctl+0x5c>  // b.pmore
    82614b94:	7100041f 	cmp	w0, #0x1
    82614b98:	540003a0 	b.eq	82614c0c <sotp_hw_ctl+0xb8>  // b.none
    82614b9c:	52800017 	mov	w23, #0x0                   	// #0
    82614ba0:	7100081f 	cmp	w0, #0x2
    82614ba4:	54000c20 	b.eq	82614d28 <sotp_hw_ctl+0x1d4>  // b.none
    82614ba8:	12800035 	mov	w21, #0xfffffffe            	// #-2
    82614bac:	14000011 	b	82614bf0 <sotp_hw_ctl+0x9c>
    82614bb0:	7104001f 	cmp	w0, #0x100
    82614bb4:	540000c0 	b.eq	82614bcc <sotp_hw_ctl+0x78>  // b.none
    82614bb8:	3104041f 	cmn	w0, #0x101
    82614bbc:	54ffff61 	b.ne	82614ba8 <sotp_hw_ctl+0x54>  // b.any
    82614bc0:	b9403a80 	ldr	w0, [x20, #56]
    82614bc4:	12180000 	and	w0, w0, #0x100
    82614bc8:	14000008 	b	82614be8 <sotp_hw_ctl+0x94>
    82614bcc:	b9401262 	ldr	w2, [x19, #16]
    82614bd0:	91008280 	add	x0, x20, #0x20
    82614bd4:	f9400661 	ldr	x1, [x19, #8]
    82614bd8:	94001d1e 	bl	8261c050 <memcpy>
    82614bdc:	b9400261 	ldr	w1, [x19]
    82614be0:	b9403a80 	ldr	w0, [x20, #56]
    82614be4:	2a010000 	orr	w0, w0, w1
    82614be8:	52800015 	mov	w21, #0x0                   	// #0
    82614bec:	b9003a80 	str	w0, [x20, #56]
    82614bf0:	d0000080 	adrp	x0, 82626000 <spinand_chip_table+0xc96>
    82614bf4:	f94047e1 	ldr	x1, [sp, #136]
    82614bf8:	f942f802 	ldr	x2, [x0, #1520]
    82614bfc:	eb020021 	subs	x1, x1, x2
    82614c00:	d2800002 	mov	x2, #0x0                   	// #0
    82614c04:	540016c0 	b.eq	82614edc <sotp_hw_ctl+0x388>  // b.none
    82614c08:	97fff5fd 	bl	826123fc <__stack_chk_fail>
    82614c0c:	f9400665 	ldr	x5, [x19, #8]
    82614c10:	aa0203f8 	mov	x24, x2
    82614c14:	910183e1 	add	x1, sp, #0x60
    82614c18:	b94000a0 	ldr	w0, [x5]
    82614c1c:	97fffb2e 	bl	826138d4 <row2sect>
    82614c20:	2a0003f5 	mov	w21, w0
    82614c24:	35fffc20 	cbnz	w0, 82614ba8 <sotp_hw_ctl+0x54>
    82614c28:	b94004b3 	ldr	w19, [x5, #4]
    82614c2c:	b94063f7 	ldr	w23, [sp, #96]
    82614c30:	7218067f 	tst	w19, #0x300
    82614c34:	54fffba1 	b.ne	82614ba8 <sotp_hw_ctl+0x54>  // b.any
    82614c38:	aa1403e0 	mov	x0, x20
    82614c3c:	52800e01 	mov	w1, #0x70                  	// #112
    82614c40:	97fffb5b 	bl	826139ac <sotp_hw_readl>
    82614c44:	2a0003f6 	mov	w22, w0
    82614c48:	36600113 	tbz	w19, #12, 82614c68 <sotp_hw_ctl+0x114>
    82614c4c:	9101a3e2 	add	x2, sp, #0x68
    82614c50:	2a1703e1 	mov	w1, w23
    82614c54:	aa1403e0 	mov	x0, x20
    82614c58:	52800103 	mov	w3, #0x8                   	// #8
    82614c5c:	97fffc26 	bl	82613cf4 <sotpReadKeyslotData>
    82614c60:	34000440 	cbz	w0, 82614ce8 <sotp_hw_ctl+0x194>
    82614c64:	12137a73 	and	w19, w19, #0xffffefff
    82614c68:	36500133 	tbz	w19, #10, 82614c8c <sotp_hw_ctl+0x138>
    82614c6c:	710036ff 	cmp	w23, #0xd
    82614c70:	54fff9c8 	b.hi	82614ba8 <sotp_hw_ctl+0x54>  // b.pmore
    82614c74:	2a1703e1 	mov	w1, w23
    82614c78:	aa1403e0 	mov	x0, x20
    82614c7c:	97fffd12 	bl	826140c4 <sotpIsRegionFuseLocked>
    82614c80:	7100141f 	cmp	w0, #0x5
    82614c84:	54000040 	b.eq	82614c8c <sotp_hw_ctl+0x138>  // b.none
    82614c88:	12157a73 	and	w19, w19, #0xfffffbff
    82614c8c:	365800b3 	tbz	w19, #11, 82614ca0 <sotp_hw_ctl+0x14c>
    82614c90:	51001ee0 	sub	w0, w23, #0x7
    82614c94:	7100181f 	cmp	w0, #0x6
    82614c98:	540003a9 	b.ls	82614d0c <sotp_hw_ctl+0x1b8>  // b.plast
    82614c9c:	12147a73 	and	w19, w19, #0xfffff7ff
    82614ca0:	37000056 	tbnz	w22, #0, 82614ca8 <sotp_hw_ctl+0x154>
    82614ca4:	12187a73 	and	w19, w19, #0xffffff7f
    82614ca8:	37100056 	tbnz	w22, #2, 82614cb0 <sotp_hw_ctl+0x15c>
    82614cac:	12197a73 	and	w19, w19, #0xffffffbf
    82614cb0:	37080056 	tbnz	w22, #1, 82614cb8 <sotp_hw_ctl+0x164>
    82614cb4:	121a7a73 	and	w19, w19, #0xffffffdf
    82614cb8:	37180056 	tbnz	w22, #3, 82614cc0 <sotp_hw_ctl+0x16c>
    82614cbc:	121b7a73 	and	w19, w19, #0xffffffef
    82614cc0:	37300056 	tbnz	w22, #6, 82614cc8 <sotp_hw_ctl+0x174>
    82614cc4:	121f7a73 	and	w19, w19, #0xfffffffe
    82614cc8:	37200056 	tbnz	w22, #4, 82614cd0 <sotp_hw_ctl+0x17c>
    82614ccc:	121d7a73 	and	w19, w19, #0xfffffffb
    82614cd0:	37380056 	tbnz	w22, #7, 82614cd8 <sotp_hw_ctl+0x184>
    82614cd4:	121e7a73 	and	w19, w19, #0xfffffffd
    82614cd8:	37280056 	tbnz	w22, #5, 82614ce0 <sotp_hw_ctl+0x18c>
    82614cdc:	121c7a73 	and	w19, w19, #0xfffffff7
    82614ce0:	b9000313 	str	w19, [x24]
    82614ce4:	17ffffc3 	b	82614bf0 <sotp_hw_ctl+0x9c>
    82614ce8:	51001ee0 	sub	w0, w23, #0x7
    82614cec:	7100181f 	cmp	w0, #0x6
    82614cf0:	54fffbc8 	b.hi	82614c68 <sotp_hw_ctl+0x114>  // b.pmore
    82614cf4:	2a1703e1 	mov	w1, w23
    82614cf8:	aa1403e0 	mov	x0, x20
    82614cfc:	97ffff35 	bl	826149d0 <sotpKeySlotReadLockStatus.part.0>
    82614d00:	7100101f 	cmp	w0, #0x4
    82614d04:	54fffb00 	b.eq	82614c64 <sotp_hw_ctl+0x110>  // b.none
    82614d08:	17ffffd8 	b	82614c68 <sotp_hw_ctl+0x114>
    82614d0c:	2a1703e1 	mov	w1, w23
    82614d10:	aa1403e0 	mov	x0, x20
    82614d14:	97ffff2f 	bl	826149d0 <sotpKeySlotReadLockStatus.part.0>
    82614d18:	7100101f 	cmp	w0, #0x4
    82614d1c:	54fffc20 	b.eq	82614ca0 <sotp_hw_ctl+0x14c>  // b.none
    82614d20:	17ffffdf 	b	82614c9c <sotp_hw_ctl+0x148>
    82614d24:	52800037 	mov	w23, #0x1                   	// #1
    82614d28:	f9400665 	ldr	x5, [x19, #8]
    82614d2c:	910173e1 	add	x1, sp, #0x5c
    82614d30:	b94000a0 	ldr	w0, [x5]
    82614d34:	97fffae8 	bl	826138d4 <row2sect>
    82614d38:	2a0003f5 	mov	w21, w0
    82614d3c:	35fff360 	cbnz	w0, 82614ba8 <sotp_hw_ctl+0x54>
    82614d40:	b94004b6 	ldr	w22, [x5, #4]
    82614d44:	364000f6 	tbz	w22, #8, 82614d60 <sotp_hw_ctl+0x20c>
    82614d48:	34000c77 	cbz	w23, 82614ed4 <sotp_hw_ctl+0x380>
    82614d4c:	52801f82 	mov	w2, #0xfc                  	// #252
    82614d50:	aa1403e0 	mov	x0, x20
    82614d54:	52800e01 	mov	w1, #0x70                  	// #112
    82614d58:	97fffb36 	bl	82613a30 <sotp_hw_writel>
    82614d5c:	17ffffa5 	b	82614bf0 <sotp_hw_ctl+0x9c>
    82614d60:	365800d6 	tbz	w22, #11, 82614d78 <sotp_hw_ctl+0x224>
    82614d64:	34000077 	cbz	w23, 82614d70 <sotp_hw_ctl+0x21c>
    82614d68:	52801982 	mov	w2, #0xcc                  	// #204
    82614d6c:	17fffff9 	b	82614d50 <sotp_hw_ctl+0x1fc>
    82614d70:	52800002 	mov	w2, #0x0                   	// #0
    82614d74:	17fffff7 	b	82614d50 <sotp_hw_ctl+0x1fc>
    82614d78:	721706df 	tst	w22, #0x600
    82614d7c:	540005e0 	b.eq	82614e38 <sotp_hw_ctl+0x2e4>  // b.none
    82614d80:	34000197 	cbz	w23, 82614db0 <sotp_hw_ctl+0x25c>
    82614d84:	52801f82 	mov	w2, #0xfc                  	// #252
    82614d88:	aa1403e0 	mov	x0, x20
    82614d8c:	52800e01 	mov	w1, #0x70                  	// #112
    82614d90:	97fffb28 	bl	82613a30 <sotp_hw_writel>
    82614d94:	3657f2f6 	tbz	w22, #10, 82614bf0 <sotp_hw_ctl+0x9c>
    82614d98:	52800193 	mov	w19, #0xc                   	// #12
    82614d9c:	528000f7 	mov	w23, #0x7                   	// #7
    82614da0:	52800076 	mov	w22, #0x3                   	// #3
    82614da4:	52800039 	mov	w25, #0x1                   	// #1
    82614da8:	11001278 	add	w24, w19, #0x4
    82614dac:	14000010 	b	82614dec <sotp_hw_ctl+0x298>
    82614db0:	aa1403e0 	mov	x0, x20
    82614db4:	52800e01 	mov	w1, #0x70                  	// #112
    82614db8:	97fffafd 	bl	826139ac <sotp_hw_readl>
    82614dbc:	52801982 	mov	w2, #0xcc                  	// #204
    82614dc0:	0a020002 	and	w2, w0, w2
    82614dc4:	17fffff1 	b	82614d88 <sotp_hw_ctl+0x234>
    82614dc8:	910183e2 	add	x2, sp, #0x60
    82614dcc:	2a1303e1 	mov	w1, w19
    82614dd0:	aa1403e0 	mov	x0, x20
    82614dd4:	52800023 	mov	w3, #0x1                   	// #1
    82614dd8:	97fffb4a 	bl	82613b00 <sotpReadEccRow>
    82614ddc:	1400000b 	b	82614e08 <sotp_hw_ctl+0x2b4>
    82614de0:	11000673 	add	w19, w19, #0x1
    82614de4:	6b13031f 	cmp	w24, w19
    82614de8:	54000180 	b.eq	82614e18 <sotp_hw_ctl+0x2c4>  // b.none
    82614dec:	f90033ff 	str	xzr, [sp, #96]
    82614df0:	71003e7f 	cmp	w19, #0xf
    82614df4:	54fffeac 	b.gt	82614dc8 <sotp_hw_ctl+0x274>
    82614df8:	910183e2 	add	x2, sp, #0x60
    82614dfc:	2a1303e1 	mov	w1, w19
    82614e00:	aa1403e0 	mov	x0, x20
    82614e04:	97fffc6a 	bl	82613fac <sotpReadNonEccRow>
    82614e08:	f94033e0 	ldr	x0, [sp, #96]
    82614e0c:	b4fffea0 	cbz	x0, 82614de0 <sotp_hw_ctl+0x28c>
    82614e10:	1ad62320 	lsl	w0, w25, w22
    82614e14:	2a0002f7 	orr	w23, w23, w0
    82614e18:	110006d6 	add	w22, w22, #0x1
    82614e1c:	2a1803f3 	mov	w19, w24
    82614e20:	710072df 	cmp	w22, #0x1c
    82614e24:	54fffc21 	b.ne	82614da8 <sotp_hw_ctl+0x254>  // b.any
    82614e28:	2a1703e1 	mov	w1, w23
    82614e2c:	aa1403e0 	mov	x0, x20
    82614e30:	97ffff1a 	bl	82614a98 <sotpLockRegion.part.0>
    82614e34:	17ffff6f 	b	82614bf0 <sotp_hw_ctl+0x9c>
    82614e38:	36600196 	tbz	w22, #12, 82614e68 <sotp_hw_ctl+0x314>
    82614e3c:	35000177 	cbnz	w23, 82614e68 <sotp_hw_ctl+0x314>
    82614e40:	b9405fe1 	ldr	w1, [sp, #92]
    82614e44:	51001c20 	sub	w0, w1, #0x7
    82614e48:	7100181f 	cmp	w0, #0x6
    82614e4c:	54000448 	b.hi	82614ed4 <sotp_hw_ctl+0x380>  // b.pmore
    82614e50:	0b010421 	add	w1, w1, w1, lsl #1
    82614e54:	528000e0 	mov	w0, #0x7                   	// #7
    82614e58:	51003821 	sub	w1, w1, #0xe
    82614e5c:	1ac12001 	lsl	w1, w0, w1
    82614e60:	aa1403e0 	mov	x0, x20
    82614e64:	97ffff0d 	bl	82614a98 <sotpLockRegion.part.0>
    82614e68:	d3420ad3 	ubfx	x19, x22, #2, #1
    82614e6c:	36180056 	tbz	w22, #3, 82614e74 <sotp_hw_ctl+0x320>
    82614e70:	321e0273 	orr	w19, w19, #0x4
    82614e74:	36080056 	tbz	w22, #1, 82614e7c <sotp_hw_ctl+0x328>
    82614e78:	321f0273 	orr	w19, w19, #0x2
    82614e7c:	36000056 	tbz	w22, #0, 82614e84 <sotp_hw_ctl+0x330>
    82614e80:	321d0273 	orr	w19, w19, #0x8
    82614e84:	36200056 	tbz	w22, #4, 82614e8c <sotp_hw_ctl+0x338>
    82614e88:	321a0273 	orr	w19, w19, #0x40
    82614e8c:	36280056 	tbz	w22, #5, 82614e94 <sotp_hw_ctl+0x340>
    82614e90:	321c0273 	orr	w19, w19, #0x10
    82614e94:	36300056 	tbz	w22, #6, 82614e9c <sotp_hw_ctl+0x348>
    82614e98:	32190273 	orr	w19, w19, #0x80
    82614e9c:	36380196 	tbz	w22, #7, 82614ecc <sotp_hw_ctl+0x378>
    82614ea0:	321b0273 	orr	w19, w19, #0x20
    82614ea4:	34000117 	cbz	w23, 82614ec4 <sotp_hw_ctl+0x370>
    82614ea8:	52800e01 	mov	w1, #0x70                  	// #112
    82614eac:	aa1403e0 	mov	x0, x20
    82614eb0:	97fffabf 	bl	826139ac <sotp_hw_readl>
    82614eb4:	0a330002 	bic	w2, w0, w19
    82614eb8:	52800e01 	mov	w1, #0x70                  	// #112
    82614ebc:	aa1403e0 	mov	x0, x20
    82614ec0:	97fffadc 	bl	82613a30 <sotp_hw_writel>
    82614ec4:	2a1303e2 	mov	w2, w19
    82614ec8:	17ffffa2 	b	82614d50 <sotp_hw_ctl+0x1fc>
    82614ecc:	35fffed3 	cbnz	w19, 82614ea4 <sotp_hw_ctl+0x350>
    82614ed0:	17ffff36 	b	82614ba8 <sotp_hw_ctl+0x54>
    82614ed4:	12800015 	mov	w21, #0xffffffff            	// #-1
    82614ed8:	17ffff46 	b	82614bf0 <sotp_hw_ctl+0x9c>
    82614edc:	2a1503e0 	mov	w0, w21
    82614ee0:	a94153f3 	ldp	x19, x20, [sp, #16]
    82614ee4:	a9425bf5 	ldp	x21, x22, [sp, #32]
    82614ee8:	a94363f7 	ldp	x23, x24, [sp, #48]
    82614eec:	f94023f9 	ldr	x25, [sp, #64]
    82614ef0:	a8c97bfd 	ldp	x29, x30, [sp], #144
    82614ef4:	d65f03c0 	ret

0000000082614ef8 <sotp_hw_dev_mmap>:
    82614ef8:	d2818001 	mov	x1, #0xc00                 	// #3072
    82614efc:	f2bff001 	movk	x1, #0xff80, lsl #16
    82614f00:	f9000401 	str	x1, [x0, #8]
    82614f04:	52800000 	mov	w0, #0x0                   	// #0
    82614f08:	d65f03c0 	ret

0000000082614f0c <sotp_hw_init>:
    82614f0c:	a9be7bfd 	stp	x29, x30, [sp, #-32]!
    82614f10:	910003fd 	mov	x29, sp
    82614f14:	f9000bf3 	str	x19, [sp, #16]
    82614f18:	aa0003f3 	mov	x19, x0
    82614f1c:	97fffff7 	bl	82614ef8 <sotp_hw_dev_mmap>
    82614f20:	35000240 	cbnz	w0, 82614f68 <sotp_hw_init+0x5c>
    82614f24:	d0000081 	adrp	x1, 82626000 <spinand_chip_table+0xc96>
    82614f28:	9125a021 	add	x1, x1, #0x968
    82614f2c:	f9000a61 	str	x1, [x19, #16]
    82614f30:	52800101 	mov	w1, #0x8                   	// #8
    82614f34:	b9001a61 	str	w1, [x19, #24]
    82614f38:	d0000081 	adrp	x1, 82626000 <spinand_chip_table+0xc96>
    82614f3c:	912da021 	add	x1, x1, #0xb68
    82614f40:	52800022 	mov	w2, #0x1                   	// #1
    82614f44:	29400c24 	ldp	w4, w3, [x1]
    82614f48:	11000442 	add	w2, w2, #0x1
    82614f4c:	0b040063 	add	w3, w3, w4
    82614f50:	b8004c23 	str	w3, [x1, #4]!
    82614f54:	7100385f 	cmp	w2, #0xe
    82614f58:	54ffff61 	b.ne	82614f44 <sotp_hw_init+0x38>  // b.any
    82614f5c:	f9400bf3 	ldr	x19, [sp, #16]
    82614f60:	a8c27bfd 	ldp	x29, x30, [sp], #32
    82614f64:	d65f03c0 	ret
    82614f68:	12800000 	mov	w0, #0xffffffff            	// #-1
    82614f6c:	17fffffc 	b	82614f5c <sotp_hw_init+0x50>

0000000082614f70 <bcm_early_find_strap_node>:
    82614f70:	90000081 	adrp	x1, 82624000 <_ctype+0x15a>
    82614f74:	92800000 	mov	x0, #0xffffffffffffffff    	// #-1
    82614f78:	91031421 	add	x1, x1, #0xc5
    82614f7c:	14002ada 	b	8261fae4 <ofnode_by_compatible>

0000000082614f80 <bcm_strap_drv_probe>:
    82614f80:	a9ba7bfd 	stp	x29, x30, [sp, #-96]!
    82614f84:	910003fd 	mov	x29, sp
    82614f88:	f9000bf3 	str	x19, [sp, #16]
    82614f8c:	aa0003f3 	mov	x19, x0
    82614f90:	d0000080 	adrp	x0, 82626000 <spinand_chip_table+0xc96>
    82614f94:	910083e2 	add	x2, sp, #0x20
    82614f98:	f942f801 	ldr	x1, [x0, #1520]
    82614f9c:	f9002fe1 	str	x1, [sp, #88]
    82614fa0:	d2800001 	mov	x1, #0x0                   	// #0
    82614fa4:	f9401660 	ldr	x0, [x19, #40]
    82614fa8:	94002a96 	bl	8261fa00 <ofnode_read_resource>
    82614fac:	35000180 	cbnz	w0, 82614fdc <bcm_strap_drv_probe+0x5c>
    82614fb0:	d0000083 	adrp	x3, 82626000 <spinand_chip_table+0xc96>
    82614fb4:	912e8062 	add	x2, x3, #0xba0
    82614fb8:	f94013e1 	ldr	x1, [sp, #32]
    82614fbc:	f905d061 	str	x1, [x3, #2976]
    82614fc0:	b140043f 	cmn	x1, #0x1, lsl #12
    82614fc4:	540001a8 	b.hi	82614ff8 <bcm_strap_drv_probe+0x78>  // b.pmore
    82614fc8:	f9401663 	ldr	x3, [x19, #40]
    82614fcc:	f9000843 	str	x3, [x2, #16]
    82614fd0:	b9400021 	ldr	w1, [x1]
    82614fd4:	d5033fbf 	dmb	sy
    82614fd8:	b9000841 	str	w1, [x2, #8]
    82614fdc:	d0000081 	adrp	x1, 82626000 <spinand_chip_table+0xc96>
    82614fe0:	f9402fe2 	ldr	x2, [sp, #88]
    82614fe4:	f942f823 	ldr	x3, [x1, #1520]
    82614fe8:	eb030042 	subs	x2, x2, x3
    82614fec:	d2800003 	mov	x3, #0x0                   	// #0
    82614ff0:	54000080 	b.eq	82615000 <bcm_strap_drv_probe+0x80>  // b.none
    82614ff4:	97fff502 	bl	826123fc <__stack_chk_fail>
    82614ff8:	128000a0 	mov	w0, #0xfffffffa            	// #-6
    82614ffc:	17fffff8 	b	82614fdc <bcm_strap_drv_probe+0x5c>
    82615000:	f9400bf3 	ldr	x19, [sp, #16]
    82615004:	a8c67bfd 	ldp	x29, x30, [sp], #96
    82615008:	d65f03c0 	ret

000000008261500c <bcm_strap_get_val>:
    8261500c:	a9bb7bfd 	stp	x29, x30, [sp, #-80]!
    82615010:	b0000080 	adrp	x0, 82626000 <spinand_chip_table+0xc96>
    82615014:	910003fd 	mov	x29, sp
    82615018:	f942f801 	ldr	x1, [x0, #1520]
    8261501c:	f90027e1 	str	x1, [sp, #72]
    82615020:	d2800001 	mov	x1, #0x0                   	// #0
    82615024:	b0000080 	adrp	x0, 82626000 <spinand_chip_table+0xc96>
    82615028:	912e8001 	add	x1, x0, #0xba0
    8261502c:	f945d000 	ldr	x0, [x0, #2976]
    82615030:	b4000120 	cbz	x0, 82615054 <bcm_strap_get_val+0x48>
    82615034:	b9400820 	ldr	w0, [x1, #8]
    82615038:	b0000081 	adrp	x1, 82626000 <spinand_chip_table+0xc96>
    8261503c:	f94027e2 	ldr	x2, [sp, #72]
    82615040:	f942f823 	ldr	x3, [x1, #1520]
    82615044:	eb030042 	subs	x2, x2, x3
    82615048:	d2800003 	mov	x3, #0x0                   	// #0
    8261504c:	54000260 	b.eq	82615098 <bcm_strap_get_val+0x8c>  // b.none
    82615050:	97fff4eb 	bl	826123fc <__stack_chk_fail>
    82615054:	97ffffc7 	bl	82614f70 <bcm_early_find_strap_node>
    82615058:	b100041f 	cmn	x0, #0x1
    8261505c:	54000140 	b.eq	82615084 <bcm_strap_get_val+0x78>  // b.none
    82615060:	910043e2 	add	x2, sp, #0x10
    82615064:	52800001 	mov	w1, #0x0                   	// #0
    82615068:	94002a66 	bl	8261fa00 <ofnode_read_resource>
    8261506c:	350000c0 	cbnz	w0, 82615084 <bcm_strap_get_val+0x78>
    82615070:	f9400be0 	ldr	x0, [sp, #16]
    82615074:	92820001 	mov	x1, #0xffffffffffffefff    	// #-4097
    82615078:	d1000402 	sub	x2, x0, #0x1
    8261507c:	eb01005f 	cmp	x2, x1
    82615080:	54000069 	b.ls	8261508c <bcm_strap_get_val+0x80>  // b.plast
    82615084:	12800000 	mov	w0, #0xffffffff            	// #-1
    82615088:	17ffffec 	b	82615038 <bcm_strap_get_val+0x2c>
    8261508c:	b9400000 	ldr	w0, [x0]
    82615090:	d5033fbf 	dmb	sy
    82615094:	17ffffe9 	b	82615038 <bcm_strap_get_val+0x2c>
    82615098:	a8c57bfd 	ldp	x29, x30, [sp], #80
    8261509c:	d65f03c0 	ret

00000000826150a0 <bcm_strap_parse_and_test>:
    826150a0:	a9bc7bfd 	stp	x29, x30, [sp, #-64]!
    826150a4:	910003fd 	mov	x29, sp
    826150a8:	a90153f3 	stp	x19, x20, [sp, #16]
    826150ac:	aa0103f3 	mov	x19, x1
    826150b0:	b0000081 	adrp	x1, 82626000 <spinand_chip_table+0xc96>
    826150b4:	f90013f5 	str	x21, [sp, #32]
    826150b8:	f942f822 	ldr	x2, [x1, #1520]
    826150bc:	f9001fe2 	str	x2, [sp, #56]
    826150c0:	d2800002 	mov	x2, #0x0                   	// #0
    826150c4:	b100041f 	cmn	x0, #0x1
    826150c8:	540000c1 	b.ne	826150e0 <bcm_strap_parse_and_test+0x40>  // b.any
    826150cc:	b0000080 	adrp	x0, 82626000 <spinand_chip_table+0xc96>
    826150d0:	f945d800 	ldr	x0, [x0, #2992]
    826150d4:	b100041f 	cmn	x0, #0x1
    826150d8:	54000041 	b.ne	826150e0 <bcm_strap_parse_and_test+0x40>  // b.any
    826150dc:	97ffffa5 	bl	82614f70 <bcm_early_find_strap_node>
    826150e0:	9100c3e2 	add	x2, sp, #0x30
    826150e4:	aa1303e1 	mov	x1, x19
    826150e8:	d2800043 	mov	x3, #0x2                   	// #2
    826150ec:	940029cf 	bl	8261f828 <ofnode_read_u32_array>
    826150f0:	35000320 	cbnz	w0, 82615154 <bcm_strap_parse_and_test+0xb4>
    826150f4:	294603f4 	ldp	w20, w0, [sp, #48]
    826150f8:	7100001f 	cmp	w0, #0x0
    826150fc:	1a9f07f5 	cset	w21, ne  // ne = any
    82615100:	97ffffc3 	bl	8261500c <bcm_strap_get_val>
    82615104:	71007e9f 	cmp	w20, #0x1f
    82615108:	540001c9 	b.ls	82615140 <bcm_strap_parse_and_test+0xa0>  // b.plast
    8261510c:	2a1403e2 	mov	w2, w20
    82615110:	aa1303e1 	mov	x1, x19
    82615114:	f0000060 	adrp	x0, 82624000 <_ctype+0x15a>
    82615118:	910a9c00 	add	x0, x0, #0x2a7
    8261511c:	94002117 	bl	8261d578 <printf>
    82615120:	128002a0 	mov	w0, #0xffffffea            	// #-22
    82615124:	b0000081 	adrp	x1, 82626000 <spinand_chip_table+0xc96>
    82615128:	f9401fe2 	ldr	x2, [sp, #56]
    8261512c:	f942f823 	ldr	x3, [x1, #1520]
    82615130:	eb030042 	subs	x2, x2, x3
    82615134:	d2800003 	mov	x3, #0x0                   	// #0
    82615138:	54000120 	b.eq	8261515c <bcm_strap_parse_and_test+0xbc>  // b.none
    8261513c:	97fff4b0 	bl	826123fc <__stack_chk_fail>
    82615140:	1ad42400 	lsr	w0, w0, w20
    82615144:	12000000 	and	w0, w0, #0x1
    82615148:	6b15001f 	cmp	w0, w21
    8261514c:	1a9f17e0 	cset	w0, eq  // eq = none
    82615150:	17fffff5 	b	82615124 <bcm_strap_parse_and_test+0x84>
    82615154:	12800240 	mov	w0, #0xffffffed            	// #-19
    82615158:	17fffff3 	b	82615124 <bcm_strap_parse_and_test+0x84>
    8261515c:	a94153f3 	ldp	x19, x20, [sp, #16]
    82615160:	f94013f5 	ldr	x21, [sp, #32]
    82615164:	a8c47bfd 	ldp	x29, x30, [sp], #64
    82615168:	d65f03c0 	ret

000000008261516c <bcm_get_boot_device>:
    8261516c:	a9be7bfd 	stp	x29, x30, [sp, #-32]!
    82615170:	f0000061 	adrp	x1, 82624000 <_ctype+0x15a>
    82615174:	92800000 	mov	x0, #0xffffffffffffffff    	// #-1
    82615178:	910003fd 	mov	x29, sp
    8261517c:	91034021 	add	x1, x1, #0xd0
    82615180:	f9000bf3 	str	x19, [sp, #16]
    82615184:	97ffffc7 	bl	826150a0 <bcm_strap_parse_and_test>
    82615188:	2a0003f3 	mov	w19, w0
    8261518c:	f0000061 	adrp	x1, 82624000 <_ctype+0x15a>
    82615190:	91037821 	add	x1, x1, #0xde
    82615194:	92800000 	mov	x0, #0xffffffffffffffff    	// #-1
    82615198:	97ffffc2 	bl	826150a0 <bcm_strap_parse_and_test>
    8261519c:	531c6c01 	lsl	w1, w0, #4
    826151a0:	92800000 	mov	x0, #0xffffffffffffffff    	// #-1
    826151a4:	2a130c33 	orr	w19, w1, w19, lsl #3
    826151a8:	f0000061 	adrp	x1, 82624000 <_ctype+0x15a>
    826151ac:	9103b021 	add	x1, x1, #0xec
    826151b0:	97ffffbc 	bl	826150a0 <bcm_strap_parse_and_test>
    826151b4:	31004c1f 	cmn	w0, #0x13
    826151b8:	540001c1 	b.ne	826151f0 <bcm_get_boot_device+0x84>  // b.any
    826151bc:	7100627f 	cmp	w19, #0x18
    826151c0:	54000440 	b.eq	82615248 <bcm_get_boot_device+0xdc>  // b.none
    826151c4:	540000a8 	b.hi	826151d8 <bcm_get_boot_device+0x6c>  // b.pmore
    826151c8:	7100427f 	cmp	w19, #0x10
    826151cc:	54000460 	b.eq	82615258 <bcm_get_boot_device+0xec>  // b.none
    826151d0:	721c6e7f 	tst	w19, #0xfffffff0
    826151d4:	54000420 	b.eq	82615258 <bcm_get_boot_device+0xec>  // b.none
    826151d8:	2a1303e1 	mov	w1, w19
    826151dc:	f0000060 	adrp	x0, 82624000 <_ctype+0x15a>
    826151e0:	9103e800 	add	x0, x0, #0xfa
    826151e4:	940020e5 	bl	8261d578 <printf>
    826151e8:	128002a0 	mov	w0, #0xffffffea            	// #-22
    826151ec:	14000014 	b	8261523c <bcm_get_boot_device+0xd0>
    826151f0:	2a001661 	orr	w1, w19, w0, lsl #5
    826151f4:	7100a03f 	cmp	w1, #0x28
    826151f8:	540002c0 	b.eq	82615250 <bcm_get_boot_device+0xe4>  // b.none
    826151fc:	54000168 	b.hi	82615228 <bcm_get_boot_device+0xbc>  // b.pmore
    82615200:	7100803f 	cmp	w1, #0x20
    82615204:	54fffec8 	b.hi	826151dc <bcm_get_boot_device+0x70>  // b.pmore
    82615208:	d2800020 	mov	x0, #0x1                   	// #1
    8261520c:	3200c3e2 	mov	w2, #0x1010101             	// #16843009
    82615210:	9ac12000 	lsl	x0, x0, x1
    82615214:	ea02001f 	tst	x0, x2
    82615218:	54000201 	b.ne	82615258 <bcm_get_boot_device+0xec>  // b.any
    8261521c:	b607fe00 	tbz	x0, #32, 826151dc <bcm_get_boot_device+0x70>
    82615220:	52801c00 	mov	w0, #0xe0                  	// #224
    82615224:	14000006 	b	8261523c <bcm_get_boot_device+0xd0>
    82615228:	7100c03f 	cmp	w1, #0x30
    8261522c:	540001a0 	b.eq	82615260 <bcm_get_boot_device+0xf4>  // b.none
    82615230:	528000c0 	mov	w0, #0x6                   	// #6
    82615234:	7100e03f 	cmp	w1, #0x38
    82615238:	54fffd21 	b.ne	826151dc <bcm_get_boot_device+0x70>  // b.any
    8261523c:	f9400bf3 	ldr	x19, [sp, #16]
    82615240:	a8c27bfd 	ldp	x29, x30, [sp], #32
    82615244:	d65f03c0 	ret
    82615248:	528000c0 	mov	w0, #0x6                   	// #6
    8261524c:	17fffffc 	b	8261523c <bcm_get_boot_device+0xd0>
    82615250:	52800100 	mov	w0, #0x8                   	// #8
    82615254:	17fffffa 	b	8261523c <bcm_get_boot_device+0xd0>
    82615258:	52800080 	mov	w0, #0x4                   	// #4
    8261525c:	17fffff8 	b	8261523c <bcm_get_boot_device+0xd0>
    82615260:	52800020 	mov	w0, #0x1                   	// #1
    82615264:	17fffff6 	b	8261523c <bcm_get_boot_device+0xd0>

0000000082615268 <bcm_strap_drv_reg>:
    82615268:	a9bd7bfd 	stp	x29, x30, [sp, #-48]!
    8261526c:	b0000080 	adrp	x0, 82626000 <spinand_chip_table+0xc96>
    82615270:	910003fd 	mov	x29, sp
    82615274:	f9000bf3 	str	x19, [sp, #16]
    82615278:	910083e2 	add	x2, sp, #0x20
    8261527c:	f942f801 	ldr	x1, [x0, #1520]
    82615280:	f90017e1 	str	x1, [sp, #40]
    82615284:	d2800001 	mov	x1, #0x0                   	// #0
    82615288:	52800600 	mov	w0, #0x30                  	// #48
    8261528c:	d0000081 	adrp	x1, 82627000 <s_bcm_sec+0x438>
    82615290:	912c0021 	add	x1, x1, #0xb00
    82615294:	940027cf 	bl	8261f1d0 <uclass_get_device_by_driver>
    82615298:	2a0003f3 	mov	w19, w0
    8261529c:	97ffff5c 	bl	8261500c <bcm_strap_get_val>
    826152a0:	2a0003e1 	mov	w1, w0
    826152a4:	f0000060 	adrp	x0, 82624000 <_ctype+0x15a>
    826152a8:	910a4000 	add	x0, x0, #0x290
    826152ac:	940020b3 	bl	8261d578 <printf>
    826152b0:	b0000080 	adrp	x0, 82626000 <spinand_chip_table+0xc96>
    826152b4:	f94017e1 	ldr	x1, [sp, #40]
    826152b8:	f942f802 	ldr	x2, [x0, #1520]
    826152bc:	eb020021 	subs	x1, x1, x2
    826152c0:	d2800002 	mov	x2, #0x0                   	// #0
    826152c4:	54000040 	b.eq	826152cc <bcm_strap_drv_reg+0x64>  // b.none
    826152c8:	97fff44d 	bl	826123fc <__stack_chk_fail>
    826152cc:	2a1303e0 	mov	w0, w19
    826152d0:	f9400bf3 	ldr	x19, [sp, #16]
    826152d4:	a8c37bfd 	ldp	x29, x30, [sp], #48
    826152d8:	d65f03c0 	ret

00000000826152dc <board_fdt_blob_setup>:
    826152dc:	a9be7bfd 	stp	x29, x30, [sp, #-32]!
    826152e0:	f0000080 	adrp	x0, 82628000 <_u_boot_list_2_uclass_2_mtd+0x18>
    826152e4:	910003fd 	mov	x29, sp
    826152e8:	a90153f3 	stp	x19, x20, [sp, #16]
    826152ec:	9112c013 	add	x19, x0, #0x4b0
    826152f0:	3952c000 	ldrb	w0, [x0, #1200]
    826152f4:	b0000094 	adrp	x20, 82626000 <spinand_chip_table+0xc96>
    826152f8:	39400661 	ldrb	w1, [x19, #1]
    826152fc:	aa012001 	orr	x1, x0, x1, lsl #8
    82615300:	39400a60 	ldrb	w0, [x19, #2]
    82615304:	aa004021 	orr	x1, x1, x0, lsl #16
    82615308:	39400e60 	ldrb	w0, [x19, #3]
    8261530c:	aa006020 	orr	x0, x1, x0, lsl #24
    82615310:	5281ba01 	mov	w1, #0xdd0                 	// #3536
    82615314:	72bdbfc1 	movk	w1, #0xedfe, lsl #16
    82615318:	6b01001f 	cmp	w0, w1
    8261531c:	540002c1 	b.ne	82615374 <board_fdt_blob_setup+0x98>  // b.any
    82615320:	39401260 	ldrb	w0, [x19, #4]
    82615324:	39401661 	ldrb	w1, [x19, #5]
    82615328:	aa012001 	orr	x1, x0, x1, lsl #8
    8261532c:	39401a60 	ldrb	w0, [x19, #6]
    82615330:	aa004021 	orr	x1, x1, x0, lsl #16
    82615334:	39401e60 	ldrb	w0, [x19, #7]
    82615338:	aa006020 	orr	x0, x1, x0, lsl #24
    8261533c:	5ac00800 	rev	w0, w0
    82615340:	94000bd2 	bl	82618288 <malloc_simple>
    82615344:	f902f680 	str	x0, [x20, #1512]
    82615348:	b4000160 	cbz	x0, 82615374 <board_fdt_blob_setup+0x98>
    8261534c:	39401262 	ldrb	w2, [x19, #4]
    82615350:	39401661 	ldrb	w1, [x19, #5]
    82615354:	aa012041 	orr	x1, x2, x1, lsl #8
    82615358:	39401a62 	ldrb	w2, [x19, #6]
    8261535c:	aa024021 	orr	x1, x1, x2, lsl #16
    82615360:	39401e62 	ldrb	w2, [x19, #7]
    82615364:	aa026022 	orr	x2, x1, x2, lsl #24
    82615368:	aa1303e1 	mov	x1, x19
    8261536c:	5ac00842 	rev	w2, w2
    82615370:	94001b38 	bl	8261c050 <memcpy>
    82615374:	f942f680 	ldr	x0, [x20, #1512]
    82615378:	a94153f3 	ldp	x19, x20, [sp, #16]
    8261537c:	a8c27bfd 	ldp	x29, x30, [sp], #32
    82615380:	d65f03c0 	ret

0000000082615384 <sw_complete_wait.constprop.0>:
    82615384:	2a0003e1 	mov	w1, w0
    82615388:	d2800c00 	mov	x0, #0x60                  	// #96
    8261538c:	52807d02 	mov	w2, #0x3e8                 	// #1000
    82615390:	f2bff640 	movk	x0, #0xffb2, lsl #16
    82615394:	b9400003 	ldr	w3, [x0]
    82615398:	367800e3 	tbz	w3, #15, 826153b4 <sw_complete_wait.constprop.0+0x30>
    8261539c:	35000082 	cbnz	w2, 826153ac <sw_complete_wait.constprop.0+0x28>
    826153a0:	b0000080 	adrp	x0, 82626000 <spinand_chip_table+0xc96>
    826153a4:	91118000 	add	x0, x0, #0x460
    826153a8:	14002074 	b	8261d578 <printf>
    826153ac:	51000442 	sub	w2, w2, #0x1
    826153b0:	17fffff9 	b	82615394 <sw_complete_wait.constprop.0+0x10>
    826153b4:	34ffff62 	cbz	w2, 826153a0 <sw_complete_wait.constprop.0+0x1c>
    826153b8:	d65f03c0 	ret

00000000826153bc <swr_write>:
    826153bc:	a9bc7bfd 	stp	x29, x30, [sp, #-64]!
    826153c0:	910003fd 	mov	x29, sp
    826153c4:	a90153f3 	stp	x19, x20, [sp, #16]
    826153c8:	d2800c14 	mov	x20, #0x60                  	// #96
    826153cc:	f2bff654 	movk	x20, #0xffb2, lsl #16
    826153d0:	a9025bf5 	stp	x21, x22, [sp, #32]
    826153d4:	2a0103f3 	mov	w19, w1
    826153d8:	52820001 	mov	w1, #0x1000                	// #4096
    826153dc:	a90363f7 	stp	x23, x24, [sp, #48]
    826153e0:	52805ff5 	mov	w21, #0x2ff                 	// #767
    826153e4:	2a0203f7 	mov	w23, w2
    826153e8:	b9000281 	str	w1, [x20]
    826153ec:	531b6818 	lsl	w24, w0, #5
    826153f0:	0a0016b5 	and	w21, w21, w0, lsl #5
    826153f4:	34000493 	cbz	w19, 82615484 <swr_write+0xc8>
    826153f8:	52970000 	mov	w0, #0xb800                	// #47104
    826153fc:	2a0002a0 	orr	w0, w21, w0
    82615400:	b9000280 	str	w0, [x20]
    82615404:	52800020 	mov	w0, #0x1                   	// #1
    82615408:	97ffffdf 	bl	82615384 <sw_complete_wait.constprop.0>
    8261540c:	b9400a96 	ldr	w22, [x20, #8]
    82615410:	12001273 	and	w19, w19, #0x1f
    82615414:	52805fe0 	mov	w0, #0x2ff                 	// #767
    82615418:	2a180273 	orr	w19, w19, w24
    8261541c:	b9000697 	str	w23, [x20, #4]
    82615420:	0a000273 	and	w19, w19, w0
    82615424:	52968017 	mov	w23, #0xb400                	// #46080
    82615428:	2a170273 	orr	w19, w19, w23
    8261542c:	b9000293 	str	w19, [x20]
    82615430:	2a1702b7 	orr	w23, w21, w23
    82615434:	52800040 	mov	w0, #0x2                   	// #2
    82615438:	121e7ad5 	and	w21, w22, #0xfffffffd
    8261543c:	97ffffd2 	bl	82615384 <sw_complete_wait.constprop.0>
    82615440:	b9000695 	str	w21, [x20, #4]
    82615444:	321f02d6 	orr	w22, w22, #0x2
    82615448:	b9000297 	str	w23, [x20]
    8261544c:	52800060 	mov	w0, #0x3                   	// #3
    82615450:	97ffffcd 	bl	82615384 <sw_complete_wait.constprop.0>
    82615454:	b9000696 	str	w22, [x20, #4]
    82615458:	b9000297 	str	w23, [x20]
    8261545c:	52800080 	mov	w0, #0x4                   	// #4
    82615460:	97ffffc9 	bl	82615384 <sw_complete_wait.constprop.0>
    82615464:	b9000695 	str	w21, [x20, #4]
    82615468:	b9000297 	str	w23, [x20]
    8261546c:	528000a0 	mov	w0, #0x5                   	// #5
    82615470:	a94153f3 	ldp	x19, x20, [sp, #16]
    82615474:	a9425bf5 	ldp	x21, x22, [sp, #32]
    82615478:	a94363f7 	ldp	x23, x24, [sp, #48]
    8261547c:	a8c47bfd 	ldp	x29, x30, [sp], #64
    82615480:	17ffffc1 	b	82615384 <sw_complete_wait.constprop.0>
    82615484:	2a0203f6 	mov	w22, w2
    82615488:	17ffffe2 	b	82615410 <swr_write+0x54>

000000008261548c <load_mcb>:
    8261548c:	a9bd7bfd 	stp	x29, x30, [sp, #-48]!
    82615490:	aa0203e3 	mov	x3, x2
    82615494:	910003fd 	mov	x29, sp
    82615498:	a90153f3 	stp	x19, x20, [sp, #16]
    8261549c:	2a0003f3 	mov	w19, w0
    826154a0:	aa0103f4 	mov	x20, x1
    826154a4:	f90013f5 	str	x21, [sp, #32]
    826154a8:	aa0203f5 	mov	x21, x2
    826154ac:	aa0103e2 	mov	x2, x1
    826154b0:	2a0003e1 	mov	w1, w0
    826154b4:	52801960 	mov	w0, #0xcb                  	// #203
    826154b8:	72a01960 	movk	w0, #0xcb, lsl #16
    826154bc:	94000426 	bl	82616554 <load_boot_blob>
    826154c0:	3100041f 	cmn	w0, #0x1
    826154c4:	540001a1 	b.ne	826154f8 <load_mcb+0x6c>  // b.any
    826154c8:	52a0e461 	mov	w1, #0x7230000             	// #119734272
    826154cc:	6a01027f 	tst	w19, w1
    826154d0:	54000141 	b.ne	826154f8 <load_mcb+0x6c>  // b.any
    826154d4:	aa1503e3 	mov	x3, x21
    826154d8:	aa1403e2 	mov	x2, x20
    826154dc:	320f0261 	orr	w1, w19, #0x20000
    826154e0:	52801960 	mov	w0, #0xcb                  	// #203
    826154e4:	a94153f3 	ldp	x19, x20, [sp, #16]
    826154e8:	72a01960 	movk	w0, #0xcb, lsl #16
    826154ec:	f94013f5 	ldr	x21, [sp, #32]
    826154f0:	a8c37bfd 	ldp	x29, x30, [sp], #48
    826154f4:	14000418 	b	82616554 <load_boot_blob>
    826154f8:	a94153f3 	ldp	x19, x20, [sp, #16]
    826154fc:	f94013f5 	ldr	x21, [sp, #32]
    82615500:	a8c37bfd 	ldp	x29, x30, [sp], #48
    82615504:	d65f03c0 	ret

0000000082615508 <get_ddr_size>:
    82615508:	f0000140 	adrp	x0, 82640000 <pmc>
    8261550c:	b9404000 	ldr	w0, [x0, #64]
    82615510:	d65f03c0 	ret

0000000082615514 <spl_list_mcb_sel>:
    82615514:	a9bd7bfd 	stp	x29, x30, [sp, #-48]!
    82615518:	90000080 	adrp	x0, 82625000 <hex_asc+0x7ab>
    8261551c:	91216000 	add	x0, x0, #0x858
    82615520:	910003fd 	mov	x29, sp
    82615524:	a90153f3 	stp	x19, x20, [sp, #16]
    82615528:	90000094 	adrp	x20, 82625000 <hex_asc+0x7ab>
    8261552c:	9121ca94 	add	x20, x20, #0x872
    82615530:	f90013f5 	str	x21, [sp, #32]
    82615534:	52801975 	mov	w21, #0xcb                  	// #203
    82615538:	52800013 	mov	w19, #0x0                   	// #0
    8261553c:	72a01975 	movk	w21, #0xcb, lsl #16
    82615540:	9400200e 	bl	8261d578 <printf>
    82615544:	2a1303e0 	mov	w0, w19
    82615548:	940004c1 	bl	8261684c <get_boot_blob_hash_entry>
    8261554c:	b4000140 	cbz	x0, 82615574 <spl_list_mcb_sel+0x60>
    82615550:	b9400001 	ldr	w1, [x0]
    82615554:	6b15003f 	cmp	w1, w21
    82615558:	540000a1 	b.ne	8261556c <spl_list_mcb_sel+0x58>  // b.any
    8261555c:	b9400401 	ldr	w1, [x0, #4]
    82615560:	aa1403e0 	mov	x0, x20
    82615564:	12007421 	and	w1, w1, #0x3fffffff
    82615568:	94002004 	bl	8261d578 <printf>
    8261556c:	11000673 	add	w19, w19, #0x1
    82615570:	17fffff5 	b	82615544 <spl_list_mcb_sel+0x30>
    82615574:	a94153f3 	ldp	x19, x20, [sp, #16]
    82615578:	f94013f5 	ldr	x21, [sp, #32]
    8261557c:	a8c37bfd 	ldp	x29, x30, [sp], #48
    82615580:	d65f03c0 	ret

0000000082615584 <spl_ddrinit_prepare>:
    82615584:	d2b00301 	mov	x1, #0x80180000            	// #2149056512
    82615588:	b9423020 	ldr	w0, [x1, #560]
    8261558c:	3607ffe0 	tbz	w0, #0, 82615588 <spl_ddrinit_prepare+0x4>
    82615590:	d2b00341 	mov	x1, #0x801a0000            	// #2149187584
    82615594:	52810402 	mov	w2, #0x820                 	// #2080
    82615598:	b9419420 	ldr	w0, [x1, #404]
    8261559c:	12106c00 	and	w0, w0, #0xffff0fff
    826155a0:	b9019420 	str	w0, [x1, #404]
    826155a4:	b9419420 	ldr	w0, [x1, #404]
    826155a8:	12144c00 	and	w0, w0, #0xfffff000
    826155ac:	2a020000 	orr	w0, w0, w2
    826155b0:	b9019420 	str	w0, [x1, #404]
    826155b4:	d65f03c0 	ret

00000000826155b8 <spl_ddrinit>:
    826155b8:	d10c83ff 	sub	sp, sp, #0x320
    826155bc:	b0000082 	adrp	x2, 82626000 <spinand_chip_table+0xc96>
    826155c0:	a9007bfd 	stp	x29, x30, [sp]
    826155c4:	910003fd 	mov	x29, sp
    826155c8:	a90153f3 	stp	x19, x20, [sp, #16]
    826155cc:	f0000153 	adrp	x19, 82640000 <pmc>
    826155d0:	b0fffff4 	adrp	x20, 82612000 <_start>
    826155d4:	a9025bf5 	stp	x21, x22, [sp, #32]
    826155d8:	910263f6 	add	x22, sp, #0x98
    826155dc:	f0000155 	adrp	x21, 82640000 <pmc>
    826155e0:	f942f843 	ldr	x3, [x2, #1520]
    826155e4:	f9018fe3 	str	x3, [sp, #792]
    826155e8:	d2800003 	mov	x3, #0x0                   	// #0
    826155ec:	52804c02 	mov	w2, #0x260                 	// #608
    826155f0:	b9003fe2 	str	w2, [sp, #60]
    826155f4:	5282a4e2 	mov	w2, #0x1527                	// #5415
    826155f8:	b9005662 	str	w2, [x19, #84]
    826155fc:	b9420282 	ldr	w2, [x20, #512]
    82615600:	370008a2 	tbnz	w2, #0, 82615714 <spl_ddrinit+0x15c>
    82615604:	36000460 	tbz	w0, #0, 82615690 <spl_ddrinit+0xd8>
    82615608:	360803e0 	tbz	w0, #1, 82615684 <spl_ddrinit+0xcc>
    8261560c:	b9005661 	str	w1, [x19, #84]
    82615610:	b9405660 	ldr	w0, [x19, #84]
    82615614:	9100f3e2 	add	x2, sp, #0x3c
    82615618:	aa1603e1 	mov	x1, x22
    8261561c:	12007400 	and	w0, w0, #0x3fffffff
    82615620:	97ffff9b 	bl	8261548c <load_mcb>
    82615624:	340008a0 	cbz	w0, 82615738 <spl_ddrinit+0x180>
    82615628:	b9405661 	ldr	w1, [x19, #84]
    8261562c:	90000080 	adrp	x0, 82625000 <hex_asc+0x7ab>
    82615630:	911dc000 	add	x0, x0, #0x770
    82615634:	12007421 	and	w1, w1, #0x3fffffff
    82615638:	94001fd0 	bl	8261d578 <printf>
    8261563c:	52800020 	mov	w0, #0x1                   	// #1
    82615640:	5282a4e1 	mov	w1, #0x1527                	// #5415
    82615644:	b9005aa0 	str	w0, [x21, #88]
    82615648:	90000080 	adrp	x0, 82625000 <hex_asc+0x7ab>
    8261564c:	b9005661 	str	w1, [x19, #84]
    82615650:	911e3400 	add	x0, x0, #0x78d
    82615654:	94001fc9 	bl	8261d578 <printf>
    82615658:	52804c00 	mov	w0, #0x260                 	// #608
    8261565c:	b9003fe0 	str	w0, [sp, #60]
    82615660:	b9405660 	ldr	w0, [x19, #84]
    82615664:	9100f3e2 	add	x2, sp, #0x3c
    82615668:	aa1603e1 	mov	x1, x22
    8261566c:	97ffff88 	bl	8261548c <load_mcb>
    82615670:	34000640 	cbz	w0, 82615738 <spl_ddrinit+0x180>
    82615674:	90000080 	adrp	x0, 82625000 <hex_asc+0x7ab>
    82615678:	911e8800 	add	x0, x0, #0x7a2
    8261567c:	94001fbf 	bl	8261d578 <printf>
    82615680:	94001a00 	bl	8261be80 <hang>
    82615684:	52800020 	mov	w0, #0x1                   	// #1
    82615688:	b9005aa0 	str	w0, [x21, #88]
    8261568c:	17ffffe1 	b	82615610 <spl_ddrinit+0x58>
    82615690:	d2808000 	mov	x0, #0x400                 	// #1024
    82615694:	f2b04c00 	movk	x0, #0x8260, lsl #16
    82615698:	94000423 	bl	82616724 <load_spl_env>
    8261569c:	b4000300 	cbz	x0, 826156fc <spl_ddrinit+0x144>
    826156a0:	90000081 	adrp	x1, 82625000 <hex_asc+0x7ab>
    826156a4:	910be3e2 	add	x2, sp, #0x2f8
    826156a8:	911c8c21 	add	x1, x1, #0x723
    826156ac:	52800403 	mov	w3, #0x20                  	// #32
    826156b0:	940005a7 	bl	82616d4c <get_spl_env_val>
    826156b4:	35000240 	cbnz	w0, 826156fc <spl_ddrinit+0x144>
    826156b8:	52800202 	mov	w2, #0x10                  	// #16
    826156bc:	d2800001 	mov	x1, #0x0                   	// #0
    826156c0:	910be3e0 	add	x0, sp, #0x2f8
    826156c4:	94002006 	bl	8261d6dc <simple_strtoul>
    826156c8:	90000081 	adrp	x1, 82625000 <hex_asc+0x7ab>
    826156cc:	b9005660 	str	w0, [x19, #84]
    826156d0:	911c9c21 	add	x1, x1, #0x727
    826156d4:	910be3e0 	add	x0, sp, #0x2f8
    826156d8:	94001a84 	bl	8261c0e8 <strstr>
    826156dc:	b4fff9a0 	cbz	x0, 82615610 <spl_ddrinit+0x58>
    826156e0:	90000080 	adrp	x0, 82625000 <hex_asc+0x7ab>
    826156e4:	911cb400 	add	x0, x0, #0x72d
    826156e8:	94001fa4 	bl	8261d578 <printf>
    826156ec:	f0000140 	adrp	x0, 82640000 <pmc>
    826156f0:	52800021 	mov	w1, #0x1                   	// #1
    826156f4:	b9005001 	str	w1, [x0, #80]
    826156f8:	17ffffc6 	b	82615610 <spl_ddrinit+0x58>
    826156fc:	52800020 	mov	w0, #0x1                   	// #1
    82615700:	b9005aa0 	str	w0, [x21, #88]
    82615704:	90000080 	adrp	x0, 82625000 <hex_asc+0x7ab>
    82615708:	911d1000 	add	x0, x0, #0x744
    8261570c:	94001f9b 	bl	8261d578 <printf>
    82615710:	17ffffc0 	b	82615610 <spl_ddrinit+0x58>
    82615714:	d2808101 	mov	x1, #0x408                 	// #1032
    82615718:	aa1603e0 	mov	x0, x22
    8261571c:	d2804c02 	mov	x2, #0x260                 	// #608
    82615720:	f2b04c21 	movk	x1, #0x8261, lsl #16
    82615724:	94001a4b 	bl	8261c050 <memcpy>
    82615728:	d2808000 	mov	x0, #0x400                 	// #1024
    8261572c:	f2b04c20 	movk	x0, #0x8261, lsl #16
    82615730:	b9400000 	ldr	w0, [x0]
    82615734:	b9005660 	str	w0, [x19, #84]
    82615738:	f0000140 	adrp	x0, 82640000 <pmc>
    8261573c:	d2808002 	mov	x2, #0x400                 	// #1024
    82615740:	f2b04c02 	movk	x2, #0x8260, lsl #16
    82615744:	f9002402 	str	x2, [x0, #72]
    82615748:	b9420280 	ldr	w0, [x20, #512]
    8261574c:	370001e0 	tbnz	w0, #0, 82615788 <spl_ddrinit+0x1d0>
    82615750:	b9405661 	ldr	w1, [x19, #84]
    82615754:	52a0e600 	mov	w0, #0x7300000             	// #120586240
    82615758:	6a00003f 	tst	w1, w0
    8261575c:	54000080 	b.eq	8261576c <spl_ddrinit+0x1b4>  // b.none
    82615760:	90000080 	adrp	x0, 82625000 <hex_asc+0x7ab>
    82615764:	911ecc00 	add	x0, x0, #0x7b3
    82615768:	17ffffc5 	b	8261567c <spl_ddrinit+0xc4>
    8261576c:	528e4660 	mov	w0, #0x7233                	// #29235
    82615770:	b0000083 	adrp	x3, 82626000 <spinand_chip_table+0xc96>
    82615774:	52800001 	mov	w1, #0x0                   	// #0
    82615778:	912ee063 	add	x3, x3, #0xbb8
    8261577c:	72ac8880 	movk	w0, #0x6444, lsl #16
    82615780:	94000375 	bl	82616554 <load_boot_blob>
    82615784:	35fffee0 	cbnz	w0, 82615760 <spl_ddrinit+0x1a8>
    82615788:	940001ea 	bl	82615f30 <dcache_status>
    8261578c:	34000040 	cbz	w0, 82615794 <spl_ddrinit+0x1dc>
    82615790:	94000161 	bl	82615d14 <flush_dcache_all>
    82615794:	9400020d 	bl	82615fc8 <icache_status>
    82615798:	34000040 	cbz	w0, 826157a0 <spl_ddrinit+0x1e8>
    8261579c:	94000218 	bl	82615ffc <invalidate_icache_all>
    826157a0:	d2800202 	mov	x2, #0x10                  	// #16
    826157a4:	52800001 	mov	w1, #0x0                   	// #0
    826157a8:	910103e0 	add	x0, sp, #0x40
    826157ac:	94001a0e 	bl	8261bfe4 <memset>
    826157b0:	d2800902 	mov	x2, #0x48                  	// #72
    826157b4:	52800001 	mov	w1, #0x0                   	// #0
    826157b8:	910143e0 	add	x0, sp, #0x50
    826157bc:	94001a0a 	bl	8261bfe4 <memset>
    826157c0:	b9405aa3 	ldr	w3, [x21, #88]
    826157c4:	90000080 	adrp	x0, 82625000 <hex_asc+0x7ab>
    826157c8:	b9405661 	ldr	w1, [x19, #84]
    826157cc:	911f6800 	add	x0, x0, #0x7da
    826157d0:	b940a7e2 	ldr	w2, [sp, #164]
    826157d4:	94001f69 	bl	8261d578 <printf>
    826157d8:	b940abe1 	ldr	w1, [sp, #168]
    826157dc:	90000080 	adrp	x0, 82625000 <hex_asc+0x7ab>
    826157e0:	91202000 	add	x0, x0, #0x808
    826157e4:	d3505c23 	ubfx	x3, x1, #16, #8
    826157e8:	d3483c22 	ubfx	x2, x1, #8, #8
    826157ec:	12001c21 	and	w1, w1, #0xff
    826157f0:	94001f62 	bl	8261d578 <printf>
    826157f4:	b940b3e1 	ldr	w1, [sp, #176]
    826157f8:	90000080 	adrp	x0, 82625000 <hex_asc+0x7ab>
    826157fc:	91206800 	add	x0, x0, #0x81a
    82615800:	53147c22 	lsr	w2, w1, #20
    82615804:	12004c21 	and	w1, w1, #0xfffff
    82615808:	94001f5c 	bl	8261d578 <printf>
    8261580c:	f9002ff6 	str	x22, [sp, #88]
    82615810:	b9405660 	ldr	w0, [x19, #84]
    82615814:	910103e1 	add	x1, sp, #0x40
    82615818:	d2800202 	mov	x2, #0x10                  	// #16
    8261581c:	b90053e0 	str	w0, [sp, #80]
    82615820:	910183e0 	add	x0, sp, #0x60
    82615824:	94001a0b 	bl	8261c050 <memcpy>
    82615828:	b9405aa0 	ldr	w0, [x21, #88]
    8261582c:	d2808001 	mov	x1, #0x400                 	// #1024
    82615830:	b90073e0 	str	w0, [sp, #112]
    82615834:	f2b04c01 	movk	x1, #0x8260, lsl #16
    82615838:	f0000140 	adrp	x0, 82640000 <pmc>
    8261583c:	91010000 	add	x0, x0, #0x40
    82615840:	f9003fe0 	str	x0, [sp, #120]
    82615844:	910143e0 	add	x0, sp, #0x50
    82615848:	d63f0020 	blr	x1
    8261584c:	35fff1a0 	cbnz	w0, 82615680 <spl_ddrinit+0xc8>
    82615850:	b9420280 	ldr	w0, [x20, #512]
    82615854:	360000e0 	tbz	w0, #0, 82615870 <spl_ddrinit+0x2b8>
    82615858:	90000080 	adrp	x0, 82625000 <hex_asc+0x7ab>
    8261585c:	9120e000 	add	x0, x0, #0x838
    82615860:	94001f46 	bl	8261d578 <printf>
    82615864:	940001c0 	bl	82615f64 <icache_disable>
    82615868:	94000175 	bl	82615e3c <dcache_disable>
    8261586c:	14000000 	b	8261586c <spl_ddrinit+0x2b4>
    82615870:	f0000140 	adrp	x0, 82640000 <pmc>
    82615874:	b9405000 	ldr	w0, [x0, #80]
    82615878:	34000080 	cbz	w0, 82615888 <spl_ddrinit+0x2d0>
    8261587c:	90000080 	adrp	x0, 82625000 <hex_asc+0x7ab>
    82615880:	91211400 	add	x0, x0, #0x845
    82615884:	94001f3d 	bl	8261d578 <printf>
    82615888:	b0000080 	adrp	x0, 82626000 <spinand_chip_table+0xc96>
    8261588c:	f9418fe1 	ldr	x1, [sp, #792]
    82615890:	f942f802 	ldr	x2, [x0, #1520]
    82615894:	eb020021 	subs	x1, x1, x2
    82615898:	d2800002 	mov	x2, #0x0                   	// #0
    8261589c:	54000040 	b.eq	826158a4 <spl_ddrinit+0x2ec>  // b.none
    826158a0:	97fff2d7 	bl	826123fc <__stack_chk_fail>
    826158a4:	52800000 	mov	w0, #0x0                   	// #0
    826158a8:	a9407bfd 	ldp	x29, x30, [sp]
    826158ac:	a94153f3 	ldp	x19, x20, [sp, #16]
    826158b0:	a9425bf5 	ldp	x21, x22, [sp, #32]
    826158b4:	910c83ff 	add	sp, sp, #0x320
    826158b8:	d65f03c0 	ret

00000000826158bc <cleanup_before_linux>:
    826158bc:	a9bf7bfd 	stp	x29, x30, [sp, #-16]!
    826158c0:	910003fd 	mov	x29, sp
    826158c4:	94000293 	bl	82616310 <disable_interrupts>
    826158c8:	940001a7 	bl	82615f64 <icache_disable>
    826158cc:	940001cc 	bl	82615ffc <invalidate_icache_all>
    826158d0:	9400015b 	bl	82615e3c <dcache_disable>
    826158d4:	9400010b 	bl	82615d00 <invalidate_dcache_all>
    826158d8:	52800000 	mov	w0, #0x0                   	// #0
    826158dc:	a8c17bfd 	ldp	x29, x30, [sp], #16
    826158e0:	d65f03c0 	ret

00000000826158e4 <get_tbclk>:
    826158e4:	d53be000 	mrs	x0, cntfrq_el0
    826158e8:	d65f03c0 	ret

00000000826158ec <get_ticks>:
    826158ec:	d5033fdf 	isb
    826158f0:	d53be020 	mrs	x0, cntpct_el0
    826158f4:	b9013e40 	str	w0, [x18, #316]
    826158f8:	d65f03c0 	ret

00000000826158fc <create_table>:
    826158fc:	a9be7bfd 	stp	x29, x30, [sp, #-32]!
    82615900:	910003fd 	mov	x29, sp
    82615904:	f9000bf3 	str	x19, [sp, #16]
    82615908:	f940b253 	ldr	x19, [x18, #352]
    8261590c:	f940b241 	ldr	x1, [x18, #352]
    82615910:	91400421 	add	x1, x1, #0x1, lsl #12
    82615914:	f900b241 	str	x1, [x18, #352]
    82615918:	f940b241 	ldr	x1, [x18, #352]
    8261591c:	f940aa43 	ldr	x3, [x18, #336]
    82615920:	f940ae42 	ldr	x2, [x18, #344]
    82615924:	cb030021 	sub	x1, x1, x3
    82615928:	eb02003f 	cmp	x1, x2
    8261592c:	54000109 	b.ls	8261594c <create_table+0x50>  // b.plast
    82615930:	f940b243 	ldr	x3, [x18, #352]
    82615934:	f0000060 	adrp	x0, 82624000 <_ctype+0x15a>
    82615938:	f940aa41 	ldr	x1, [x18, #336]
    8261593c:	910ffc00 	add	x0, x0, #0x3ff
    82615940:	f940ae42 	ldr	x2, [x18, #344]
    82615944:	cb010061 	sub	x1, x3, x1
    82615948:	94001a9c 	bl	8261c3b8 <panic>
    8261594c:	aa1303e0 	mov	x0, x19
    82615950:	d2820002 	mov	x2, #0x1000                	// #4096
    82615954:	52800001 	mov	w1, #0x0                   	// #0
    82615958:	940019a3 	bl	8261bfe4 <memset>
    8261595c:	aa1303e0 	mov	x0, x19
    82615960:	f9400bf3 	ldr	x19, [sp, #16]
    82615964:	a8c27bfd 	ldp	x29, x30, [sp], #32
    82615968:	d65f03c0 	ret

000000008261596c <split_block>:
    8261596c:	a9bd7bfd 	stp	x29, x30, [sp, #-48]!
    82615970:	52800043 	mov	w3, #0x2                   	// #2
    82615974:	4b010063 	sub	w3, w3, w1
    82615978:	910003fd 	mov	x29, sp
    8261597c:	a90153f3 	stp	x19, x20, [sp, #16]
    82615980:	aa0003f4 	mov	x20, x0
    82615984:	0b030c63 	add	w3, w3, w3, lsl #3
    82615988:	a9025bf5 	stp	x21, x22, [sp, #32]
    8261598c:	f9400016 	ldr	x22, [x0]
    82615990:	120006c0 	and	w0, w22, #0x3
    82615994:	7100041f 	cmp	w0, #0x1
    82615998:	540000c0 	b.eq	826159b0 <split_block+0x44>  // b.none
    8261599c:	90000080 	adrp	x0, 82625000 <hex_asc+0x7ab>
    826159a0:	aa1603e2 	mov	x2, x22
    826159a4:	aa1403e1 	mov	x1, x20
    826159a8:	9121ec00 	add	x0, x0, #0x87b
    826159ac:	94001a83 	bl	8261c3b8 <panic>
    826159b0:	2a0103f5 	mov	w21, w1
    826159b4:	11003073 	add	w19, w3, #0xc
    826159b8:	97ffffd1 	bl	826158fc <create_table>
    826159bc:	d2800004 	mov	x4, #0x0                   	// #0
    826159c0:	9ad32083 	lsl	x3, x4, x19
    826159c4:	aa160063 	orr	x3, x3, x22
    826159c8:	b2400461 	orr	x1, x3, #0x3
    826159cc:	71000abf 	cmp	w21, #0x2
    826159d0:	9a811063 	csel	x3, x3, x1, ne  // ne = any
    826159d4:	f8247803 	str	x3, [x0, x4, lsl #3]
    826159d8:	91000484 	add	x4, x4, #0x1
    826159dc:	f108009f 	cmp	x4, #0x200
    826159e0:	54ffff01 	b.ne	826159c0 <split_block+0x54>  // b.any
    826159e4:	b2400402 	orr	x2, x0, #0x3
    826159e8:	a9425bf5 	ldp	x21, x22, [sp, #32]
    826159ec:	f9000282 	str	x2, [x20]
    826159f0:	a94153f3 	ldp	x19, x20, [sp, #16]
    826159f4:	a8c37bfd 	ldp	x29, x30, [sp], #48
    826159f8:	d65f03c0 	ret

00000000826159fc <get_tcr>:
    826159fc:	b0000083 	adrp	x3, 82626000 <spinand_chip_table+0xc96>
    82615a00:	f9436c66 	ldr	x6, [x3, #1752]
    82615a04:	d2800003 	mov	x3, #0x0                   	// #0
    82615a08:	f94008c5 	ldr	x5, [x6, #16]
    82615a0c:	b5000485 	cbnz	x5, 82615a9c <get_tcr+0xa0>
    82615a10:	f9400cc4 	ldr	x4, [x6, #24]
    82615a14:	b5000444 	cbnz	x4, 82615a9c <get_tcr+0xa0>
    82615a18:	d2c20004 	mov	x4, #0x100000000000        	// #17592186044416
    82615a1c:	eb04007f 	cmp	x3, x4
    82615a20:	54000488 	b.hi	82615ab0 <get_tcr+0xb4>  // b.pmore
    82615a24:	d2c08004 	mov	x4, #0x40000000000         	// #4398046511104
    82615a28:	eb04007f 	cmp	x3, x4
    82615a2c:	54000488 	b.hi	82615abc <get_tcr+0xc0>  // b.pmore
    82615a30:	d2c02004 	mov	x4, #0x10000000000         	// #1099511627776
    82615a34:	eb04007f 	cmp	x3, x4
    82615a38:	54000488 	b.hi	82615ac8 <get_tcr+0xcc>  // b.pmore
    82615a3c:	d2c00204 	mov	x4, #0x1000000000          	// #68719476736
    82615a40:	eb04007f 	cmp	x3, x4
    82615a44:	54000488 	b.hi	82615ad4 <get_tcr+0xd8>  // b.pmore
    82615a48:	d2c00024 	mov	x4, #0x100000000           	// #4294967296
    82615a4c:	eb04007f 	cmp	x3, x4
    82615a50:	d2800404 	mov	x4, #0x20                  	// #32
    82615a54:	d2800483 	mov	x3, #0x24                  	// #36
    82615a58:	9a848063 	csel	x3, x3, x4, hi  // hi = pmore
    82615a5c:	9a9f97e4 	cset	x4, hi  // hi = pmore
    82615a60:	929fffe6 	mov	x6, #0xffffffffffff0000    	// #-65536
    82615a64:	7100041f 	cmp	w0, #0x1
    82615a68:	f2b01006 	movk	x6, #0x8080, lsl #16
    82615a6c:	d2800800 	mov	x0, #0x40                  	// #64
    82615a70:	aa0440c5 	orr	x5, x6, x4, lsl #16
    82615a74:	cb030000 	sub	x0, x0, x3
    82615a78:	9a8610a5 	csel	x5, x5, x6, ne  // ne = any
    82615a7c:	aa050000 	orr	x0, x0, x5
    82615a80:	d286a005 	mov	x5, #0x3500                	// #13568
    82615a84:	aa050000 	orr	x0, x0, x5
    82615a88:	b4000041 	cbz	x1, 82615a90 <get_tcr+0x94>
    82615a8c:	f9000024 	str	x4, [x1]
    82615a90:	b4000042 	cbz	x2, 82615a98 <get_tcr+0x9c>
    82615a94:	f9000043 	str	x3, [x2]
    82615a98:	d65f03c0 	ret
    82615a9c:	f84204c4 	ldr	x4, [x6], #32
    82615aa0:	8b0400a5 	add	x5, x5, x4
    82615aa4:	eb05007f 	cmp	x3, x5
    82615aa8:	9a852063 	csel	x3, x3, x5, cs  // cs = hs, nlast
    82615aac:	17ffffd7 	b	82615a08 <get_tcr+0xc>
    82615ab0:	d2800603 	mov	x3, #0x30                  	// #48
    82615ab4:	d28000a4 	mov	x4, #0x5                   	// #5
    82615ab8:	17ffffea 	b	82615a60 <get_tcr+0x64>
    82615abc:	d2800583 	mov	x3, #0x2c                  	// #44
    82615ac0:	d2800084 	mov	x4, #0x4                   	// #4
    82615ac4:	17ffffe7 	b	82615a60 <get_tcr+0x64>
    82615ac8:	d2800543 	mov	x3, #0x2a                  	// #42
    82615acc:	d2800064 	mov	x4, #0x3                   	// #3
    82615ad0:	17ffffe4 	b	82615a60 <get_tcr+0x64>
    82615ad4:	d2800503 	mov	x3, #0x28                  	// #40
    82615ad8:	d2800044 	mov	x4, #0x2                   	// #2
    82615adc:	17ffffe1 	b	82615a60 <get_tcr+0x64>

0000000082615ae0 <find_pte>:
    82615ae0:	a9be7bfd 	stp	x29, x30, [sp, #-32]!
    82615ae4:	aa0003e8 	mov	x8, x0
    82615ae8:	b0000080 	adrp	x0, 82626000 <spinand_chip_table+0xc96>
    82615aec:	910003fd 	mov	x29, sp
    82615af0:	2a0103e7 	mov	w7, w1
    82615af4:	910043e2 	add	x2, sp, #0x10
    82615af8:	f942f801 	ldr	x1, [x0, #1520]
    82615afc:	f9000fe1 	str	x1, [sp, #24]
    82615b00:	d2800001 	mov	x1, #0x0                   	// #0
    82615b04:	52800000 	mov	w0, #0x0                   	// #0
    82615b08:	97ffffbd 	bl	826159fc <get_tcr>
    82615b0c:	f9400be0 	ldr	x0, [sp, #16]
    82615b10:	f100981f 	cmp	x0, #0x26
    82615b14:	54000388 	b.hi	82615b84 <find_pte+0xa4>  // b.pmore
    82615b18:	34000267 	cbz	w7, 82615b64 <find_pte+0x84>
    82615b1c:	52800023 	mov	w3, #0x1                   	// #1
    82615b20:	f940aa44 	ldr	x4, [x18, #336]
    82615b24:	12800101 	mov	w1, #0xfffffff7            	// #-9
    82615b28:	1b017c62 	mul	w2, w3, w1
    82615b2c:	11009c42 	add	w2, w2, #0x27
    82615b30:	9ac22502 	lsr	x2, x8, x2
    82615b34:	d37d2042 	ubfiz	x2, x2, #3, #9
    82615b38:	8b020080 	add	x0, x4, x2
    82615b3c:	6b0300ff 	cmp	w7, w3
    82615b40:	54000140 	b.eq	82615b68 <find_pte+0x88>  // b.none
    82615b44:	f8626884 	ldr	x4, [x4, x2]
    82615b48:	12000480 	and	w0, w4, #0x3
    82615b4c:	71000c1f 	cmp	w0, #0x3
    82615b50:	540000a1 	b.ne	82615b64 <find_pte+0x84>  // b.any
    82615b54:	11000463 	add	w3, w3, #0x1
    82615b58:	92748c84 	and	x4, x4, #0xfffffffff000
    82615b5c:	7100107f 	cmp	w3, #0x4
    82615b60:	54fffe41 	b.ne	82615b28 <find_pte+0x48>  // b.any
    82615b64:	d2800000 	mov	x0, #0x0                   	// #0
    82615b68:	b0000081 	adrp	x1, 82626000 <spinand_chip_table+0xc96>
    82615b6c:	f9400fe2 	ldr	x2, [sp, #24]
    82615b70:	f942f823 	ldr	x3, [x1, #1520]
    82615b74:	eb030042 	subs	x2, x2, x3
    82615b78:	d2800003 	mov	x3, #0x0                   	// #0
    82615b7c:	54000080 	b.eq	82615b8c <find_pte+0xac>  // b.none
    82615b80:	97fff21f 	bl	826123fc <__stack_chk_fail>
    82615b84:	52800003 	mov	w3, #0x0                   	// #0
    82615b88:	17ffffe6 	b	82615b20 <find_pte+0x40>
    82615b8c:	a8c27bfd 	ldp	x29, x30, [sp], #32
    82615b90:	d65f03c0 	ret

0000000082615b94 <setup_pgtables>:
    82615b94:	a9ba7bfd 	stp	x29, x30, [sp, #-96]!
    82615b98:	910003fd 	mov	x29, sp
    82615b9c:	a90153f3 	stp	x19, x20, [sp, #16]
    82615ba0:	a9025bf5 	stp	x21, x22, [sp, #32]
    82615ba4:	a90363f7 	stp	x23, x24, [sp, #48]
    82615ba8:	a9046bf9 	stp	x25, x26, [sp, #64]
    82615bac:	a90573fb 	stp	x27, x28, [sp, #80]
    82615bb0:	f940b241 	ldr	x1, [x18, #352]
    82615bb4:	b4000061 	cbz	x1, 82615bc0 <setup_pgtables+0x2c>
    82615bb8:	f940aa40 	ldr	x0, [x18, #336]
    82615bbc:	b5000080 	cbnz	x0, 82615bcc <setup_pgtables+0x38>
    82615bc0:	f0000060 	adrp	x0, 82624000 <_ctype+0x15a>
    82615bc4:	912b0400 	add	x0, x0, #0xac1
    82615bc8:	940019fc 	bl	8261c3b8 <panic>
    82615bcc:	d2800016 	mov	x22, #0x0                   	// #0
    82615bd0:	b0000098 	adrp	x24, 82626000 <spinand_chip_table+0xc96>
    82615bd4:	12800119 	mov	w25, #0xfffffff7            	// #-9
    82615bd8:	97ffff49 	bl	826158fc <create_table>
    82615bdc:	f9436f01 	ldr	x1, [x24, #1752]
    82615be0:	8b160020 	add	x0, x1, x22
    82615be4:	a9415413 	ldp	x19, x21, [x0, #16]
    82615be8:	aa150262 	orr	x2, x19, x21
    82615bec:	b5000102 	cbnz	x2, 82615c0c <setup_pgtables+0x78>
    82615bf0:	a94153f3 	ldp	x19, x20, [sp, #16]
    82615bf4:	a9425bf5 	ldp	x21, x22, [sp, #32]
    82615bf8:	a94363f7 	ldp	x23, x24, [sp, #48]
    82615bfc:	a9446bf9 	ldp	x25, x26, [sp, #64]
    82615c00:	a94573fb 	ldp	x27, x28, [sp, #80]
    82615c04:	a8c67bfd 	ldp	x29, x30, [sp], #96
    82615c08:	d65f03c0 	ret
    82615c0c:	f8766834 	ldr	x20, [x1, x22]
    82615c10:	d280003a 	mov	x26, #0x1                   	// #1
    82615c14:	f9400417 	ldr	x23, [x0, #8]
    82615c18:	d2808020 	mov	x0, #0x401                 	// #1025
    82615c1c:	aa0002b5 	orr	x21, x21, x0
    82615c20:	b5000073 	cbnz	x19, 82615c2c <setup_pgtables+0x98>
    82615c24:	910082d6 	add	x22, x22, #0x20
    82615c28:	17ffffed 	b	82615bdc <setup_pgtables+0x48>
    82615c2c:	aa1403e0 	mov	x0, x20
    82615c30:	52800001 	mov	w1, #0x0                   	// #0
    82615c34:	97ffffab 	bl	82615ae0 <find_pte>
    82615c38:	aa0003fb 	mov	x27, x0
    82615c3c:	b40000e0 	cbz	x0, 82615c58 <setup_pgtables+0xc4>
    82615c40:	f9400000 	ldr	x0, [x0]
    82615c44:	f240041f 	tst	x0, #0x3
    82615c48:	54000081 	b.ne	82615c58 <setup_pgtables+0xc4>  // b.any
    82615c4c:	97ffff2c 	bl	826158fc <create_table>
    82615c50:	b2400400 	orr	x0, x0, #0x3
    82615c54:	f9000360 	str	x0, [x27]
    82615c58:	5280003b 	mov	w27, #0x1                   	// #1
    82615c5c:	2a1b03e1 	mov	w1, w27
    82615c60:	aa1403e0 	mov	x0, x20
    82615c64:	97ffff9f 	bl	82615ae0 <find_pte>
    82615c68:	aa0003fc 	mov	x28, x0
    82615c6c:	b5000080 	cbnz	x0, 82615c7c <setup_pgtables+0xe8>
    82615c70:	f0000060 	adrp	x0, 82624000 <_ctype+0x15a>
    82615c74:	912b7c00 	add	x0, x0, #0xadf
    82615c78:	17ffffd4 	b	82615bc8 <setup_pgtables+0x34>
    82615c7c:	1b197f62 	mul	w2, w27, w25
    82615c80:	11009c42 	add	w2, w2, #0x27
    82615c84:	9ac22342 	lsl	x2, x26, x2
    82615c88:	eb13005f 	cmp	x2, x19
    82615c8c:	540001a8 	b.hi	82615cc0 <setup_pgtables+0x12c>  // b.pmore
    82615c90:	d1000440 	sub	x0, x2, #0x1
    82615c94:	ea14001f 	tst	x0, x20
    82615c98:	54000141 	b.ne	82615cc0 <setup_pgtables+0x12c>  // b.any
    82615c9c:	aa1702a0 	orr	x0, x21, x23
    82615ca0:	71000f7f 	cmp	w27, #0x3
    82615ca4:	54000041 	b.ne	82615cac <setup_pgtables+0x118>  // b.any
    82615ca8:	b2400400 	orr	x0, x0, #0x3
    82615cac:	8b020294 	add	x20, x20, x2
    82615cb0:	8b0202f7 	add	x23, x23, x2
    82615cb4:	cb020273 	sub	x19, x19, x2
    82615cb8:	f9000380 	str	x0, [x28]
    82615cbc:	17ffffd9 	b	82615c20 <setup_pgtables+0x8c>
    82615cc0:	f9400380 	ldr	x0, [x28]
    82615cc4:	72000400 	ands	w0, w0, #0x3
    82615cc8:	54000101 	b.ne	82615ce8 <setup_pgtables+0x154>  // b.any
    82615ccc:	97ffff0c 	bl	826158fc <create_table>
    82615cd0:	b2400400 	orr	x0, x0, #0x3
    82615cd4:	f9000380 	str	x0, [x28]
    82615cd8:	1100077b 	add	w27, w27, #0x1
    82615cdc:	7100137f 	cmp	w27, #0x4
    82615ce0:	54fffbe1 	b.ne	82615c5c <setup_pgtables+0xc8>  // b.any
    82615ce4:	17ffffcf 	b	82615c20 <setup_pgtables+0x8c>
    82615ce8:	7100041f 	cmp	w0, #0x1
    82615cec:	54ffff61 	b.ne	82615cd8 <setup_pgtables+0x144>  // b.any
    82615cf0:	2a1b03e1 	mov	w1, w27
    82615cf4:	aa1c03e0 	mov	x0, x28
    82615cf8:	97ffff1d 	bl	8261596c <split_block>
    82615cfc:	17fffff7 	b	82615cd8 <setup_pgtables+0x144>

0000000082615d00 <invalidate_dcache_all>:
    82615d00:	a9bf7bfd 	stp	x29, x30, [sp, #-16]!
    82615d04:	910003fd 	mov	x29, sp
    82615d08:	94000112 	bl	82616150 <__asm_invalidate_dcache_all>
    82615d0c:	a8c17bfd 	ldp	x29, x30, [sp], #16
    82615d10:	14000122 	b	82616198 <__asm_invalidate_l3_dcache>

0000000082615d14 <flush_dcache_all>:
    82615d14:	a9bf7bfd 	stp	x29, x30, [sp, #-16]!
    82615d18:	910003fd 	mov	x29, sp
    82615d1c:	9400010b 	bl	82616148 <__asm_flush_dcache_all>
    82615d20:	a8c17bfd 	ldp	x29, x30, [sp], #16
    82615d24:	1400011f 	b	826161a0 <__asm_flush_l3_dcache>

0000000082615d28 <flush_dcache_range>:
    82615d28:	1400010c 	b	82616158 <__asm_flush_dcache_range>

0000000082615d2c <dcache_enable>:
    82615d2c:	d5384240 	mrs	x0, currentel
    82615d30:	53027c00 	lsr	w0, w0, #2
    82615d34:	7100041f 	cmp	w0, #0x1
    82615d38:	540002c1 	b.ne	82615d90 <dcache_enable+0x64>  // b.any
    82615d3c:	d5381000 	mrs	x0, sctlr_el1
    82615d40:	370004c0 	tbnz	w0, #0, 82615dd8 <dcache_enable+0xac>
    82615d44:	a9bf7bfd 	stp	x29, x30, [sp, #-16]!
    82615d48:	910003fd 	mov	x29, sp
    82615d4c:	97ffffed 	bl	82615d00 <invalidate_dcache_all>
    82615d50:	94000118 	bl	826161b0 <__asm_invalidate_tlb_all>
    82615d54:	97fff161 	bl	826122d8 <mmu_setup>
    82615d58:	d5384240 	mrs	x0, currentel
    82615d5c:	53027c00 	lsr	w0, w0, #2
    82615d60:	7100041f 	cmp	w0, #0x1
    82615d64:	54000221 	b.ne	82615da8 <dcache_enable+0x7c>  // b.any
    82615d68:	d5381000 	mrs	x0, sctlr_el1
    82615d6c:	321e0000 	orr	w0, w0, #0x4
    82615d70:	d5384241 	mrs	x1, currentel
    82615d74:	53027c21 	lsr	w1, w1, #2
    82615d78:	7100043f 	cmp	w1, #0x1
    82615d7c:	54000221 	b.ne	82615dc0 <dcache_enable+0x94>  // b.any
    82615d80:	d5181000 	msr	sctlr_el1, x0
    82615d84:	d5033fdf 	isb
    82615d88:	a8c17bfd 	ldp	x29, x30, [sp], #16
    82615d8c:	d65f03c0 	ret
    82615d90:	7100081f 	cmp	w0, #0x2
    82615d94:	54000061 	b.ne	82615da0 <dcache_enable+0x74>  // b.any
    82615d98:	d53c1000 	mrs	x0, sctlr_el2
    82615d9c:	17ffffe9 	b	82615d40 <dcache_enable+0x14>
    82615da0:	d53e1000 	mrs	x0, sctlr_el3
    82615da4:	17ffffe7 	b	82615d40 <dcache_enable+0x14>
    82615da8:	7100081f 	cmp	w0, #0x2
    82615dac:	54000061 	b.ne	82615db8 <dcache_enable+0x8c>  // b.any
    82615db0:	d53c1000 	mrs	x0, sctlr_el2
    82615db4:	17ffffee 	b	82615d6c <dcache_enable+0x40>
    82615db8:	d53e1000 	mrs	x0, sctlr_el3
    82615dbc:	17ffffec 	b	82615d6c <dcache_enable+0x40>
    82615dc0:	7100083f 	cmp	w1, #0x2
    82615dc4:	54000061 	b.ne	82615dd0 <dcache_enable+0xa4>  // b.any
    82615dc8:	d51c1000 	msr	sctlr_el2, x0
    82615dcc:	17ffffee 	b	82615d84 <dcache_enable+0x58>
    82615dd0:	d51e1000 	msr	sctlr_el3, x0
    82615dd4:	17ffffec 	b	82615d84 <dcache_enable+0x58>
    82615dd8:	d5384240 	mrs	x0, currentel
    82615ddc:	53027c00 	lsr	w0, w0, #2
    82615de0:	7100041f 	cmp	w0, #0x1
    82615de4:	54000141 	b.ne	82615e0c <dcache_enable+0xe0>  // b.any
    82615de8:	d5381000 	mrs	x0, sctlr_el1
    82615dec:	321e0000 	orr	w0, w0, #0x4
    82615df0:	d5384241 	mrs	x1, currentel
    82615df4:	53027c21 	lsr	w1, w1, #2
    82615df8:	7100043f 	cmp	w1, #0x1
    82615dfc:	54000141 	b.ne	82615e24 <dcache_enable+0xf8>  // b.any
    82615e00:	d5181000 	msr	sctlr_el1, x0
    82615e04:	d5033fdf 	isb
    82615e08:	d65f03c0 	ret
    82615e0c:	7100081f 	cmp	w0, #0x2
    82615e10:	54000061 	b.ne	82615e1c <dcache_enable+0xf0>  // b.any
    82615e14:	d53c1000 	mrs	x0, sctlr_el2
    82615e18:	17fffff5 	b	82615dec <dcache_enable+0xc0>
    82615e1c:	d53e1000 	mrs	x0, sctlr_el3
    82615e20:	17fffff3 	b	82615dec <dcache_enable+0xc0>
    82615e24:	7100083f 	cmp	w1, #0x2
    82615e28:	54000061 	b.ne	82615e34 <dcache_enable+0x108>  // b.any
    82615e2c:	d51c1000 	msr	sctlr_el2, x0
    82615e30:	17fffff5 	b	82615e04 <dcache_enable+0xd8>
    82615e34:	d51e1000 	msr	sctlr_el3, x0
    82615e38:	17fffff3 	b	82615e04 <dcache_enable+0xd8>

0000000082615e3c <dcache_disable>:
    82615e3c:	d5384240 	mrs	x0, currentel
    82615e40:	53027c00 	lsr	w0, w0, #2
    82615e44:	7100041f 	cmp	w0, #0x1
    82615e48:	54000221 	b.ne	82615e8c <dcache_disable+0x50>  // b.any
    82615e4c:	d5381000 	mrs	x0, sctlr_el1
    82615e50:	36100360 	tbz	w0, #2, 82615ebc <dcache_disable+0x80>
    82615e54:	a9bf7bfd 	stp	x29, x30, [sp, #-16]!
    82615e58:	128000a1 	mov	w1, #0xfffffffa            	// #-6
    82615e5c:	0a010000 	and	w0, w0, w1
    82615e60:	910003fd 	mov	x29, sp
    82615e64:	d5384241 	mrs	x1, currentel
    82615e68:	53027c21 	lsr	w1, w1, #2
    82615e6c:	7100043f 	cmp	w1, #0x1
    82615e70:	540001a1 	b.ne	82615ea4 <dcache_disable+0x68>  // b.any
    82615e74:	d5181000 	msr	sctlr_el1, x0
    82615e78:	d5033fdf 	isb
    82615e7c:	940000b3 	bl	82616148 <__asm_flush_dcache_all>
    82615e80:	940000c8 	bl	826161a0 <__asm_flush_l3_dcache>
    82615e84:	a8c17bfd 	ldp	x29, x30, [sp], #16
    82615e88:	140000ca 	b	826161b0 <__asm_invalidate_tlb_all>
    82615e8c:	7100081f 	cmp	w0, #0x2
    82615e90:	54000061 	b.ne	82615e9c <dcache_disable+0x60>  // b.any
    82615e94:	d53c1000 	mrs	x0, sctlr_el2
    82615e98:	17ffffee 	b	82615e50 <dcache_disable+0x14>
    82615e9c:	d53e1000 	mrs	x0, sctlr_el3
    82615ea0:	17ffffec 	b	82615e50 <dcache_disable+0x14>
    82615ea4:	7100083f 	cmp	w1, #0x2
    82615ea8:	54000061 	b.ne	82615eb4 <dcache_disable+0x78>  // b.any
    82615eac:	d51c1000 	msr	sctlr_el2, x0
    82615eb0:	17fffff2 	b	82615e78 <dcache_disable+0x3c>
    82615eb4:	d51e1000 	msr	sctlr_el3, x0
    82615eb8:	17fffff0 	b	82615e78 <dcache_disable+0x3c>
    82615ebc:	d65f03c0 	ret

0000000082615ec0 <dcache_sanitize_disable>:
    82615ec0:	a9be7bfd 	stp	x29, x30, [sp, #-32]!
    82615ec4:	aa0103e2 	mov	x2, x1
    82615ec8:	910003fd 	mov	x29, sp
    82615ecc:	f9000bf3 	str	x19, [sp, #16]
    82615ed0:	d5384241 	mrs	x1, currentel
    82615ed4:	6b410bff 	cmp	wzr, w1, lsr #2
    82615ed8:	54000280 	b.eq	82615f28 <dcache_sanitize_disable+0x68>  // b.none
    82615edc:	d539f213 	mrs	x19, s3_1_c15_c2_0
    82615ee0:	92407e73 	and	x19, x19, #0xffffffff
    82615ee4:	d5384241 	mrs	x1, currentel
    82615ee8:	6b410bff 	cmp	wzr, w1, lsr #2
    82615eec:	54000060 	b.eq	82615ef8 <dcache_sanitize_disable+0x38>  // b.none
    82615ef0:	b2670e61 	orr	x1, x19, #0x1e000000
    82615ef4:	d519f201 	msr	s3_1_c15_c2_0, x1
    82615ef8:	d5033fdf 	isb
    82615efc:	52800001 	mov	w1, #0x0                   	// #0
    82615f00:	94001839 	bl	8261bfe4 <memset>
    82615f04:	97ffffce 	bl	82615e3c <dcache_disable>
    82615f08:	d5384240 	mrs	x0, currentel
    82615f0c:	6b400bff 	cmp	wzr, w0, lsr #2
    82615f10:	54000040 	b.eq	82615f18 <dcache_sanitize_disable+0x58>  // b.none
    82615f14:	d519f213 	msr	s3_1_c15_c2_0, x19
    82615f18:	d5033fdf 	isb
    82615f1c:	f9400bf3 	ldr	x19, [sp, #16]
    82615f20:	a8c27bfd 	ldp	x29, x30, [sp], #32
    82615f24:	d65f03c0 	ret
    82615f28:	d2800013 	mov	x19, #0x0                   	// #0
    82615f2c:	17ffffed 	b	82615ee0 <dcache_sanitize_disable+0x20>

0000000082615f30 <dcache_status>:
    82615f30:	d5384240 	mrs	x0, currentel
    82615f34:	53027c00 	lsr	w0, w0, #2
    82615f38:	7100041f 	cmp	w0, #0x1
    82615f3c:	54000081 	b.ne	82615f4c <dcache_status+0x1c>  // b.any
    82615f40:	d5381000 	mrs	x0, sctlr_el1
    82615f44:	d3420800 	ubfx	x0, x0, #2, #1
    82615f48:	d65f03c0 	ret
    82615f4c:	7100081f 	cmp	w0, #0x2
    82615f50:	54000061 	b.ne	82615f5c <dcache_status+0x2c>  // b.any
    82615f54:	d53c1000 	mrs	x0, sctlr_el2
    82615f58:	17fffffb 	b	82615f44 <dcache_status+0x14>
    82615f5c:	d53e1000 	mrs	x0, sctlr_el3
    82615f60:	17fffff9 	b	82615f44 <dcache_status+0x14>

0000000082615f64 <icache_disable>:
    82615f64:	d5384240 	mrs	x0, currentel
    82615f68:	53027c00 	lsr	w0, w0, #2
    82615f6c:	7100041f 	cmp	w0, #0x1
    82615f70:	54000141 	b.ne	82615f98 <icache_disable+0x34>  // b.any
    82615f74:	d5381000 	mrs	x0, sctlr_el1
    82615f78:	12137800 	and	w0, w0, #0xffffefff
    82615f7c:	d5384241 	mrs	x1, currentel
    82615f80:	53027c21 	lsr	w1, w1, #2
    82615f84:	7100043f 	cmp	w1, #0x1
    82615f88:	54000141 	b.ne	82615fb0 <icache_disable+0x4c>  // b.any
    82615f8c:	d5181000 	msr	sctlr_el1, x0
    82615f90:	d5033fdf 	isb
    82615f94:	d65f03c0 	ret
    82615f98:	7100081f 	cmp	w0, #0x2
    82615f9c:	54000061 	b.ne	82615fa8 <icache_disable+0x44>  // b.any
    82615fa0:	d53c1000 	mrs	x0, sctlr_el2
    82615fa4:	17fffff5 	b	82615f78 <icache_disable+0x14>
    82615fa8:	d53e1000 	mrs	x0, sctlr_el3
    82615fac:	17fffff3 	b	82615f78 <icache_disable+0x14>
    82615fb0:	7100083f 	cmp	w1, #0x2
    82615fb4:	54000061 	b.ne	82615fc0 <icache_disable+0x5c>  // b.any
    82615fb8:	d51c1000 	msr	sctlr_el2, x0
    82615fbc:	17fffff5 	b	82615f90 <icache_disable+0x2c>
    82615fc0:	d51e1000 	msr	sctlr_el3, x0
    82615fc4:	17fffff3 	b	82615f90 <icache_disable+0x2c>

0000000082615fc8 <icache_status>:
    82615fc8:	d5384240 	mrs	x0, currentel
    82615fcc:	53027c00 	lsr	w0, w0, #2
    82615fd0:	7100041f 	cmp	w0, #0x1
    82615fd4:	54000081 	b.ne	82615fe4 <icache_status+0x1c>  // b.any
    82615fd8:	d5381000 	mrs	x0, sctlr_el1
    82615fdc:	d34c3000 	ubfx	x0, x0, #12, #1
    82615fe0:	d65f03c0 	ret
    82615fe4:	7100081f 	cmp	w0, #0x2
    82615fe8:	54000061 	b.ne	82615ff4 <icache_status+0x2c>  // b.any
    82615fec:	d53c1000 	mrs	x0, sctlr_el2
    82615ff0:	17fffffb 	b	82615fdc <icache_status+0x14>
    82615ff4:	d53e1000 	mrs	x0, sctlr_el3
    82615ff8:	17fffff9 	b	82615fdc <icache_status+0x14>

0000000082615ffc <invalidate_icache_all>:
    82615ffc:	a9bf7bfd 	stp	x29, x30, [sp, #-16]!
    82616000:	910003fd 	mov	x29, sp
    82616004:	94000062 	bl	8261618c <__asm_invalidate_icache_all>
    82616008:	a8c17bfd 	ldp	x29, x30, [sp], #16
    8261600c:	14000067 	b	826161a8 <__asm_invalidate_l3_icache>

0000000082616010 <icache_enable>:
    82616010:	a9bf7bfd 	stp	x29, x30, [sp, #-16]!
    82616014:	910003fd 	mov	x29, sp
    82616018:	97fffff9 	bl	82615ffc <invalidate_icache_all>
    8261601c:	d5384240 	mrs	x0, currentel
    82616020:	53027c00 	lsr	w0, w0, #2
    82616024:	7100041f 	cmp	w0, #0x1
    82616028:	54000161 	b.ne	82616054 <icache_enable+0x44>  // b.any
    8261602c:	d5381000 	mrs	x0, sctlr_el1
    82616030:	32140000 	orr	w0, w0, #0x1000
    82616034:	d5384241 	mrs	x1, currentel
    82616038:	53027c21 	lsr	w1, w1, #2
    8261603c:	7100043f 	cmp	w1, #0x1
    82616040:	54000161 	b.ne	8261606c <icache_enable+0x5c>  // b.any
    82616044:	d5181000 	msr	sctlr_el1, x0
    82616048:	d5033fdf 	isb
    8261604c:	a8c17bfd 	ldp	x29, x30, [sp], #16
    82616050:	d65f03c0 	ret
    82616054:	7100081f 	cmp	w0, #0x2
    82616058:	54000061 	b.ne	82616064 <icache_enable+0x54>  // b.any
    8261605c:	d53c1000 	mrs	x0, sctlr_el2
    82616060:	17fffff4 	b	82616030 <icache_enable+0x20>
    82616064:	d53e1000 	mrs	x0, sctlr_el3
    82616068:	17fffff2 	b	82616030 <icache_enable+0x20>
    8261606c:	7100083f 	cmp	w1, #0x2
    82616070:	54000061 	b.ne	8261607c <icache_enable+0x6c>  // b.any
    82616074:	d51c1000 	msr	sctlr_el2, x0
    82616078:	17fffff4 	b	82616048 <icache_enable+0x38>
    8261607c:	d51e1000 	msr	sctlr_el3, x0
    82616080:	17fffff2 	b	82616048 <icache_enable+0x38>

0000000082616084 <__asm_dcache_level>:
    82616084:	d37ff80c 	lsl	x12, x0, #1
    82616088:	d51a000c 	msr	csselr_el1, x12
    8261608c:	d5033fdf 	isb
    82616090:	d5390006 	mrs	x6, ccsidr_el1
    82616094:	924008c2 	and	x2, x6, #0x7
    82616098:	91001042 	add	x2, x2, #0x4
    8261609c:	d2807fe3 	mov	x3, #0x3ff                 	// #1023
    826160a0:	8a460c63 	and	x3, x3, x6, lsr #3
    826160a4:	5ac01065 	clz	w5, w3
    826160a8:	d28fffe4 	mov	x4, #0x7fff                	// #32767
    826160ac:	8a463484 	and	x4, x4, x6, lsr #13

00000000826160b0 <loop_set>:
    826160b0:	aa0303e6 	mov	x6, x3

00000000826160b4 <loop_way>:
    826160b4:	9ac520c7 	lsl	x7, x6, x5
    826160b8:	aa070189 	orr	x9, x12, x7
    826160bc:	9ac22087 	lsl	x7, x4, x2
    826160c0:	aa070129 	orr	x9, x9, x7
    826160c4:	36000061 	tbz	w1, #0, 826160d0 <loop_way+0x1c>
    826160c8:	d5087649 	dc	isw, x9
    826160cc:	14000002 	b	826160d4 <loop_way+0x20>
    826160d0:	d5087e49 	dc	cisw, x9
    826160d4:	f10004c6 	subs	x6, x6, #0x1
    826160d8:	54fffeea 	b.ge	826160b4 <loop_way>  // b.tcont
    826160dc:	f1000484 	subs	x4, x4, #0x1
    826160e0:	54fffe8a 	b.ge	826160b0 <loop_set>  // b.tcont
    826160e4:	d65f03c0 	ret

00000000826160e8 <__asm_dcache_all>:
    826160e8:	aa0003e1 	mov	x1, x0
    826160ec:	d5033f9f 	dsb	sy
    826160f0:	d539002a 	mrs	x10, clidr_el1
    826160f4:	d358fd4b 	lsr	x11, x10, #24
    826160f8:	9240096b 	and	x11, x11, #0x7
    826160fc:	b400024b 	cbz	x11, 82616144 <finished>
    82616100:	aa1e03ef 	mov	x15, x30
    82616104:	d2800000 	mov	x0, #0x0                   	// #0

0000000082616108 <loop_level>:
    82616108:	d37ff80c 	lsl	x12, x0, #1
    8261610c:	8b00018c 	add	x12, x12, x0
    82616110:	9acc254c 	lsr	x12, x10, x12
    82616114:	9240098c 	and	x12, x12, #0x7
    82616118:	f100099f 	cmp	x12, #0x2
    8261611c:	5400004b 	b.lt	82616124 <skip>  // b.tstop
    82616120:	97ffffd9 	bl	82616084 <__asm_dcache_level>

0000000082616124 <skip>:
    82616124:	91000400 	add	x0, x0, #0x1
    82616128:	eb00017f 	cmp	x11, x0
    8261612c:	54fffeec 	b.gt	82616108 <loop_level>
    82616130:	d2800000 	mov	x0, #0x0                   	// #0
    82616134:	d51a0000 	msr	csselr_el1, x0
    82616138:	d5033f9f 	dsb	sy
    8261613c:	d5033fdf 	isb
    82616140:	aa0f03fe 	mov	x30, x15

0000000082616144 <finished>:
    82616144:	d65f03c0 	ret

0000000082616148 <__asm_flush_dcache_all>:
    82616148:	d2800000 	mov	x0, #0x0                   	// #0
    8261614c:	17ffffe7 	b	826160e8 <__asm_dcache_all>

0000000082616150 <__asm_invalidate_dcache_all>:
    82616150:	d2800020 	mov	x0, #0x1                   	// #1
    82616154:	17ffffe5 	b	826160e8 <__asm_dcache_all>

0000000082616158 <__asm_flush_dcache_range>:
    82616158:	d53b0023 	mrs	x3, ctr_el0
    8261615c:	d350fc63 	lsr	x3, x3, #16
    82616160:	92400c63 	and	x3, x3, #0xf
    82616164:	d2800082 	mov	x2, #0x4                   	// #4
    82616168:	9ac32042 	lsl	x2, x2, x3
    8261616c:	d1000443 	sub	x3, x2, #0x1
    82616170:	8a230000 	bic	x0, x0, x3
    82616174:	d50b7e20 	dc	civac, x0
    82616178:	8b020000 	add	x0, x0, x2
    8261617c:	eb01001f 	cmp	x0, x1
    82616180:	54ffffa3 	b.cc	82616174 <__asm_flush_dcache_range+0x1c>  // b.lo, b.ul, b.last
    82616184:	d5033f9f 	dsb	sy
    82616188:	d65f03c0 	ret

000000008261618c <__asm_invalidate_icache_all>:
    8261618c:	d508711f 	ic	ialluis
    82616190:	d5033fdf 	isb
    82616194:	d65f03c0 	ret

0000000082616198 <__asm_invalidate_l3_dcache>:
    82616198:	d2800000 	mov	x0, #0x0                   	// #0
    8261619c:	d65f03c0 	ret

00000000826161a0 <__asm_flush_l3_dcache>:
    826161a0:	d2800000 	mov	x0, #0x0                   	// #0
    826161a4:	d65f03c0 	ret

00000000826161a8 <__asm_invalidate_l3_icache>:
    826161a8:	d2800000 	mov	x0, #0x0                   	// #0
    826161ac:	d65f03c0 	ret

00000000826161b0 <__asm_invalidate_tlb_all>:
    826161b0:	d5384249 	mrs	x9, currentel
    826161b4:	f100313f 	cmp	x9, #0xc
    826161b8:	540000a0 	b.eq	826161cc <__asm_invalidate_tlb_all+0x1c>  // b.none
    826161bc:	f100213f 	cmp	x9, #0x8
    826161c0:	540000e0 	b.eq	826161dc <__asm_invalidate_tlb_all+0x2c>  // b.none
    826161c4:	f100113f 	cmp	x9, #0x4
    826161c8:	54000120 	b.eq	826161ec <__asm_invalidate_tlb_all+0x3c>  // b.none
    826161cc:	d50e871f 	tlbi	alle3
    826161d0:	d5033f9f 	dsb	sy
    826161d4:	d5033fdf 	isb
    826161d8:	14000008 	b	826161f8 <__asm_invalidate_tlb_all+0x48>
    826161dc:	d50c871f 	tlbi	alle2
    826161e0:	d5033f9f 	dsb	sy
    826161e4:	d5033fdf 	isb
    826161e8:	14000004 	b	826161f8 <__asm_invalidate_tlb_all+0x48>
    826161ec:	d508871f 	tlbi	vmalle1
    826161f0:	d5033f9f 	dsb	sy
    826161f4:	d5033fdf 	isb
    826161f8:	d65f03c0 	ret
    826161fc:	00000000 	udf	#0

0000000082616200 <_main>:
    82616200:	58000300 	ldr	x0, 82616260 <clear_loop+0x18>
    82616204:	927cec1f 	and	sp, x0, #0xfffffffffffffff0
    82616208:	910003e0 	mov	x0, sp
    8261620c:	94000618 	bl	82617a6c <board_init_f_alloc_reserve>
    82616210:	9100001f 	mov	sp, x0
    82616214:	aa0003f2 	mov	x18, x0
    82616218:	94000619 	bl	82617a7c <board_init_f_init_reserve>
    8261621c:	d2800000 	mov	x0, #0x0                   	// #0
    82616220:	940001eb 	bl	826169cc <board_init_f>
    82616224:	94000610 	bl	82617a64 <spl_relocate_stack_gd>
    82616228:	f100001f 	cmp	x0, #0x0
    8261622c:	9a921012 	csel	x18, x0, x18, ne  // ne = any
    82616230:	910003e1 	mov	x1, sp
    82616234:	f100001f 	cmp	x0, #0x0
    82616238:	9a811000 	csel	x0, x0, x1, ne  // ne = any
    8261623c:	9100001f 	mov	sp, x0
    82616240:	58000140 	ldr	x0, 82616268 <clear_loop+0x20>
    82616244:	58000161 	ldr	x1, 82616270 <clear_loop+0x28>

0000000082616248 <clear_loop>:
    82616248:	f800841f 	str	xzr, [x0], #8
    8261624c:	eb01001f 	cmp	x0, x1
    82616250:	54ffffc3 	b.cc	82616248 <clear_loop>  // b.lo, b.ul, b.last
    82616254:	aa1203e0 	mov	x0, x18
    82616258:	f9403a41 	ldr	x1, [x18, #112]
    8261625c:	1400057b 	b	82617848 <board_init_r>
    82616260:	8267fe60 	.word	0x8267fe60
    82616264:	00000000 	.word	0x00000000
    82616268:	82640000 	.word	0x82640000
    8261626c:	00000000 	.word	0x00000000
    82616270:	82640700 	.word	0x82640700
    82616274:	00000000 	.word	0x00000000

0000000082616278 <gic_init_secure>:
    82616278:	52800069 	mov	w9, #0x3                   	// #3
    8261627c:	b9000009 	str	w9, [x0]
    82616280:	b9400409 	ldr	w9, [x0, #4]
    82616284:	1200112a 	and	w10, w9, #0x1f
    82616288:	3400018a 	cbz	w10, 826162b8 <gic_init_secure+0x40>
    8261628c:	9102000b 	add	x11, x0, #0x80
    82616290:	12800009 	mov	w9, #0xffffffff            	// #-1
    82616294:	b8004569 	str	w9, [x11], #4
    82616298:	b8004569 	str	w9, [x11], #4
    8261629c:	5100054a 	sub	w10, w10, #0x1
    826162a0:	35ffffca 	cbnz	w10, 82616298 <gic_init_secure+0x20>
    826162a4:	58000321 	ldr	x1, 82616308 <gic_wait_for_interrupt+0x18>
    826162a8:	52800060 	mov	w0, #0x3                   	// #3
    826162ac:	b9000020 	str	w0, [x1]
    826162b0:	52801000 	mov	w0, #0x80                  	// #128
    826162b4:	b9000420 	str	w0, [x1, #4]
    826162b8:	d65f03c0 	ret

00000000826162bc <gic_init_secure_percpu>:
    826162bc:	12800009 	mov	w9, #0xffffffff            	// #-1
    826162c0:	b9008009 	str	w9, [x0, #128]
    826162c4:	52800029 	mov	w9, #0x1                   	// #1
    826162c8:	b9010009 	str	w9, [x0, #256]
    826162cc:	52803ce9 	mov	w9, #0x1e7                 	// #487
    826162d0:	b9000029 	str	w9, [x1]
    826162d4:	52801009 	mov	w9, #0x80                  	// #128
    826162d8:	b9000429 	str	w9, [x1, #4]
    826162dc:	d65f03c0 	ret

00000000826162e0 <gic_kick_secondary_cpus>:
    826162e0:	52900009 	mov	w9, #0x8000                	// #32768
    826162e4:	72a02009 	movk	w9, #0x100, lsl #16
    826162e8:	b90f0009 	str	w9, [x0, #3840]
    826162ec:	d65f03c0 	ret

00000000826162f0 <gic_wait_for_interrupt>:
    826162f0:	d503207f 	wfi
    826162f4:	b9402009 	ldr	w9, [x0, #32]
    826162f8:	b9002409 	str	w9, [x0, #36]
    826162fc:	12002529 	and	w9, w9, #0x3ff
    82616300:	35ffff89 	cbnz	w9, 826162f0 <gic_wait_for_interrupt>
    82616304:	d65f03c0 	ret
    82616308:	81002000 	.word	0x81002000
    8261630c:	00000000 	.word	0x00000000

0000000082616310 <disable_interrupts>:
    82616310:	52800000 	mov	w0, #0x0                   	// #0
    82616314:	d65f03c0 	ret

0000000082616318 <find_magic>:
    82616318:	a9b97bfd 	stp	x29, x30, [sp, #-112]!
    8261631c:	52866002 	mov	w2, #0x3300                	// #13056
    82616320:	72ac8a02 	movk	w2, #0x6450, lsl #16
    82616324:	910003fd 	mov	x29, sp
    82616328:	a90153f3 	stp	x19, x20, [sp, #16]
    8261632c:	2a0003f4 	mov	w20, w0
    82616330:	90000080 	adrp	x0, 82626000 <spinand_chip_table+0xc96>
    82616334:	a9025bf5 	stp	x21, x22, [sp, #32]
    82616338:	d0000155 	adrp	x21, 82640000 <pmc>
    8261633c:	910172b3 	add	x19, x21, #0x5c
    82616340:	a90363f7 	stp	x23, x24, [sp, #48]
    82616344:	a9046bf9 	stp	x25, x26, [sp, #64]
    82616348:	f942f801 	ldr	x1, [x0, #1520]
    8261634c:	f90037e1 	str	x1, [sp, #104]
    82616350:	d2800001 	mov	x1, #0x0                   	// #0
    82616354:	b9400660 	ldr	w0, [x19, #4]
    82616358:	12185c01 	and	w1, w0, #0xffffff00
    8261635c:	6b02003f 	cmp	w1, w2
    82616360:	11040042 	add	w2, w2, #0x100
    82616364:	7a421024 	ccmp	w1, w2, #0x4, ne  // ne = any
    82616368:	540000c0 	b.eq	82616380 <find_magic+0x68>  // b.none
    8261636c:	528d8001 	mov	w1, #0x6c00                	// #27648
    82616370:	12175802 	and	w2, w0, #0xfffffe00
    82616374:	72ac8a01 	movk	w1, #0x6450, lsl #16
    82616378:	6b01005f 	cmp	w2, w1
    8261637c:	54000261 	b.ne	826163c8 <find_magic+0xb0>  // b.any
    82616380:	4a000280 	eor	w0, w20, w0
    82616384:	72185c1f 	tst	w0, #0xffffff00
    82616388:	54000240 	b.eq	826163d0 <find_magic+0xb8>  // b.none
    8261638c:	d0000060 	adrp	x0, 82624000 <_ctype+0x15a>
    82616390:	911fd400 	add	x0, x0, #0x7f5
    82616394:	94001c79 	bl	8261d578 <printf>
    82616398:	b9400660 	ldr	w0, [x19, #4]
    8261639c:	35000120 	cbnz	w0, 826163c0 <find_magic+0xa8>
    826163a0:	b0000080 	adrp	x0, 82627000 <s_bcm_sec+0x438>
    826163a4:	91032000 	add	x0, x0, #0xc8
    826163a8:	d2800385 	mov	x5, #0x1c                  	// #28
    826163ac:	b9400001 	ldr	w1, [x0]
    826163b0:	350002a1 	cbnz	w1, 82616404 <find_magic+0xec>
    826163b4:	d0000060 	adrp	x0, 82624000 <_ctype+0x15a>
    826163b8:	911ff400 	add	x0, x0, #0x7fd
    826163bc:	94001c6f 	bl	8261d578 <printf>
    826163c0:	b9005ebf 	str	wzr, [x21, #92]
    826163c4:	14000003 	b	826163d0 <find_magic+0xb8>
    826163c8:	6b00029f 	cmp	w20, w0
    826163cc:	54fffe01 	b.ne	8261638c <find_magic+0x74>  // b.any
    826163d0:	52866017 	mov	w23, #0x3300                	// #13056
    826163d4:	52868018 	mov	w24, #0x3400                	// #13312
    826163d8:	528d801a 	mov	w26, #0x6c00                	// #27648
    826163dc:	12bffc16 	mov	w22, #0x1fffff              	// #2097151
    826163e0:	72ac8a17 	movk	w23, #0x6450, lsl #16
    826163e4:	72ac8a18 	movk	w24, #0x6450, lsl #16
    826163e8:	52820179 	mov	w25, #0x100b                	// #4107
    826163ec:	72ac8a1a 	movk	w26, #0x6450, lsl #16
    826163f0:	b9400262 	ldr	w2, [x19]
    826163f4:	6b16005f 	cmp	w2, w22
    826163f8:	54000269 	b.ls	82616444 <find_magic+0x12c>  // b.plast
    826163fc:	12800015 	mov	w21, #0xffffffff            	// #-1
    82616400:	14000043 	b	8261650c <find_magic+0x1f4>
    82616404:	aa1303e3 	mov	x3, x19
    82616408:	52800002 	mov	w2, #0x0                   	// #0
    8261640c:	b9401064 	ldr	w4, [x3, #16]
    82616410:	6b01009f 	cmp	w4, w1
    82616414:	540000a0 	b.eq	82616428 <find_magic+0x110>  // b.none
    82616418:	350000c4 	cbnz	w4, 82616430 <find_magic+0x118>
    8261641c:	93407c42 	sxtw	x2, w2
    82616420:	9b054c42 	madd	x2, x2, x5, x19
    82616424:	b9001041 	str	w1, [x2, #16]
    82616428:	9100c000 	add	x0, x0, #0x30
    8261642c:	17ffffe0 	b	826163ac <find_magic+0x94>
    82616430:	11000442 	add	w2, w2, #0x1
    82616434:	91007063 	add	x3, x3, #0x1c
    82616438:	7100185f 	cmp	w2, #0x6
    8261643c:	54fffe81 	b.ne	8261640c <find_magic+0xf4>  // b.any
    82616440:	17fffffa 	b	82616428 <find_magic+0x110>
    82616444:	b9400661 	ldr	w1, [x19, #4]
    82616448:	12185c20 	and	w0, w1, #0xffffff00
    8261644c:	6b17001f 	cmp	w0, w23
    82616450:	7a581004 	ccmp	w0, w24, #0x4, ne  // ne = any
    82616454:	54000080 	b.eq	82616464 <find_magic+0x14c>  // b.none
    82616458:	12175820 	and	w0, w1, #0xfffffe00
    8261645c:	6b1a001f 	cmp	w0, w26
    82616460:	54000161 	b.ne	8261648c <find_magic+0x174>  // b.any
    82616464:	11000421 	add	w1, w1, #0x1
    82616468:	6b14003f 	cmp	w1, w20
    8261646c:	54000101 	b.ne	8261648c <find_magic+0x174>  // b.any
    82616470:	b9400e60 	ldr	w0, [x19, #12]
    82616474:	340000c0 	cbz	w0, 8261648c <find_magic+0x174>
    82616478:	b9400a60 	ldr	w0, [x19, #8]
    8261647c:	0b190000 	add	w0, w0, w25
    82616480:	12144c00 	and	w0, w0, #0xfffff000
    82616484:	0b020000 	add	w0, w0, w2
    82616488:	b9000260 	str	w0, [x19]
    8261648c:	b9400260 	ldr	w0, [x19]
    82616490:	910163e1 	add	x1, sp, #0x58
    82616494:	52800182 	mov	w2, #0xc                   	// #12
    82616498:	290b7fff 	stp	wzr, wzr, [sp, #88]
    8261649c:	9400011f 	bl	82616918 <read_boot_device>
    826164a0:	36f80040 	tbz	w0, #31, 826164a8 <find_magic+0x190>
    826164a4:	b9000e7f 	str	wzr, [x19, #12]
    826164a8:	b9405be0 	ldr	w0, [sp, #88]
    826164ac:	b9400275 	ldr	w21, [x19]
    826164b0:	6b14001f 	cmp	w0, w20
    826164b4:	540003a1 	b.ne	82616528 <find_magic+0x210>  // b.any
    826164b8:	2a1503e2 	mov	w2, w21
    826164bc:	2a1403e1 	mov	w1, w20
    826164c0:	d0000060 	adrp	x0, 82624000 <_ctype+0x15a>
    826164c4:	91200c00 	add	x0, x0, #0x803
    826164c8:	94001c2c 	bl	8261d578 <printf>
    826164cc:	294b07e0 	ldp	w0, w1, [sp, #88]
    826164d0:	52866002 	mov	w2, #0x3300                	// #13056
    826164d4:	29008660 	stp	w0, w1, [x19, #4]
    826164d8:	72ac8a02 	movk	w2, #0x6450, lsl #16
    826164dc:	12185c01 	and	w1, w0, #0xffffff00
    826164e0:	6b02003f 	cmp	w1, w2
    826164e4:	11040042 	add	w2, w2, #0x100
    826164e8:	7a421024 	ccmp	w1, w2, #0x4, ne  // ne = any
    826164ec:	540000c0 	b.eq	82616504 <find_magic+0x1ec>  // b.none
    826164f0:	528d8001 	mov	w1, #0x6c00                	// #27648
    826164f4:	12175800 	and	w0, w0, #0xfffffe00
    826164f8:	72ac8a01 	movk	w1, #0x6450, lsl #16
    826164fc:	6b01001f 	cmp	w0, w1
    82616500:	54000061 	b.ne	8261650c <find_magic+0x1f4>  // b.any
    82616504:	52800020 	mov	w0, #0x1                   	// #1
    82616508:	b9000e60 	str	w0, [x19, #12]
    8261650c:	90000080 	adrp	x0, 82626000 <spinand_chip_table+0xc96>
    82616510:	f94037e1 	ldr	x1, [sp, #104]
    82616514:	f942f802 	ldr	x2, [x0, #1520]
    82616518:	eb020021 	subs	x1, x1, x2
    8261651c:	d2800002 	mov	x2, #0x0                   	// #0
    82616520:	540000c0 	b.eq	82616538 <find_magic+0x220>  // b.none
    82616524:	97ffefb6 	bl	826123fc <__stack_chk_fail>
    82616528:	114006b5 	add	w21, w21, #0x1, lsl #12
    8261652c:	b9000275 	str	w21, [x19]
    82616530:	b9000e7f 	str	wzr, [x19, #12]
    82616534:	17ffffaf 	b	826163f0 <find_magic+0xd8>
    82616538:	2a1503e0 	mov	w0, w21
    8261653c:	a94153f3 	ldp	x19, x20, [sp, #16]
    82616540:	a9425bf5 	ldp	x21, x22, [sp, #32]
    82616544:	a94363f7 	ldp	x23, x24, [sp, #48]
    82616548:	a9446bf9 	ldp	x25, x26, [sp, #64]
    8261654c:	a8c77bfd 	ldp	x29, x30, [sp], #112
    82616550:	d65f03c0 	ret

0000000082616554 <load_boot_blob>:
    82616554:	a9b07bfd 	stp	x29, x30, [sp, #-256]!
    82616558:	910003fd 	mov	x29, sp
    8261655c:	a90153f3 	stp	x19, x20, [sp, #16]
    82616560:	b0000093 	adrp	x19, 82627000 <s_bcm_sec+0x438>
    82616564:	91032273 	add	x19, x19, #0xc8
    82616568:	a9025bf5 	stp	x21, x22, [sp, #32]
    8261656c:	aa0203f6 	mov	x22, x2
    82616570:	a90363f7 	stp	x23, x24, [sp, #48]
    82616574:	aa0303f8 	mov	x24, x3
    82616578:	a9046bf9 	stp	x25, x26, [sp, #64]
    8261657c:	2a0003f9 	mov	w25, w0
    82616580:	2a0103fa 	mov	w26, w1
    82616584:	90000080 	adrp	x0, 82626000 <spinand_chip_table+0xc96>
    82616588:	f942f801 	ldr	x1, [x0, #1520]
    8261658c:	f9007fe1 	str	x1, [sp, #248]
    82616590:	d2800001 	mov	x1, #0x0                   	// #0
    82616594:	aa1303e1 	mov	x1, x19
    82616598:	910143e0 	add	x0, sp, #0x50
    8261659c:	d2800602 	mov	x2, #0x30                  	// #48
    826165a0:	940016ac 	bl	8261c050 <memcpy>
    826165a4:	b94053f7 	ldr	w23, [sp, #80]
    826165a8:	340001d7 	cbz	w23, 826165e0 <load_boot_blob+0x8c>
    826165ac:	6b17033f 	cmp	w25, w23
    826165b0:	54000261 	b.ne	826165fc <load_boot_blob+0xa8>  // b.any
    826165b4:	b94057e0 	ldr	w0, [sp, #84]
    826165b8:	6b00035f 	cmp	w26, w0
    826165bc:	54000201 	b.ne	826165fc <load_boot_blob+0xa8>  // b.any
    826165c0:	b9405bf5 	ldr	w21, [sp, #88]
    826165c4:	910183e1 	add	x1, sp, #0x60
    826165c8:	9102e3e0 	add	x0, sp, #0xb8
    826165cc:	d2800402 	mov	x2, #0x20                  	// #32
    826165d0:	940016a0 	bl	8261c050 <memcpy>
    826165d4:	b9405ff4 	ldr	w20, [sp, #92]
    826165d8:	310006bf 	cmn	w21, #0x1
    826165dc:	54000141 	b.ne	82616604 <load_boot_blob+0xb0>  // b.any
    826165e0:	d0000060 	adrp	x0, 82624000 <_ctype+0x15a>
    826165e4:	2a1a03e2 	mov	w2, w26
    826165e8:	2a1903e1 	mov	w1, w25
    826165ec:	91219800 	add	x0, x0, #0x866
    826165f0:	94001be2 	bl	8261d578 <printf>
    826165f4:	12800013 	mov	w19, #0xffffffff            	// #-1
    826165f8:	1400000b 	b	82616624 <load_boot_blob+0xd0>
    826165fc:	9100c273 	add	x19, x19, #0x30
    82616600:	17ffffe5 	b	82616594 <load_boot_blob+0x40>
    82616604:	37ffff95 	tbnz	w21, #31, 826165f4 <load_boot_blob+0xa0>
    82616608:	b9400300 	ldr	w0, [x24]
    8261660c:	6b14001f 	cmp	w0, w20
    82616610:	5400018a 	b.ge	82616640 <load_boot_blob+0xec>  // b.tcont
    82616614:	12800033 	mov	w19, #0xfffffffe            	// #-2
    82616618:	d0000060 	adrp	x0, 82624000 <_ctype+0x15a>
    8261661c:	91223c00 	add	x0, x0, #0x88f
    82616620:	94001bd6 	bl	8261d578 <printf>
    82616624:	90000080 	adrp	x0, 82626000 <spinand_chip_table+0xc96>
    82616628:	f9407fe1 	ldr	x1, [sp, #248]
    8261662c:	f942f802 	ldr	x2, [x0, #1520]
    82616630:	eb020021 	subs	x1, x1, x2
    82616634:	d2800002 	mov	x2, #0x0                   	// #0
    82616638:	54000680 	b.eq	82616708 <load_boot_blob+0x1b4>  // b.none
    8261663c:	97ffef70 	bl	826123fc <__stack_chk_fail>
    82616640:	d0000079 	adrp	x25, 82624000 <_ctype+0x15a>
    82616644:	91237b39 	add	x25, x25, #0x8de
    82616648:	b9000314 	str	w20, [x24]
    8261664c:	d0000078 	adrp	x24, 82624000 <_ctype+0x15a>
    82616650:	91228718 	add	x24, x24, #0x8a1
    82616654:	12bffc1a 	mov	w26, #0x1fffff              	// #2097151
    82616658:	2a1703e0 	mov	w0, w23
    8261665c:	97ffff2f 	bl	82616318 <find_magic>
    82616660:	2a0003f3 	mov	w19, w0
    82616664:	6b1a001f 	cmp	w0, w26
    82616668:	54000069 	b.ls	82616674 <load_boot_blob+0x120>  // b.plast
    8261666c:	12800053 	mov	w19, #0xfffffffd            	// #-3
    82616670:	17ffffed 	b	82616624 <load_boot_blob+0xd0>
    82616674:	2a1403e3 	mov	w3, w20
    82616678:	2a1303e1 	mov	w1, w19
    8261667c:	2a1503e2 	mov	w2, w21
    82616680:	aa1803e0 	mov	x0, x24
    82616684:	94001bbd 	bl	8261d578 <printf>
    82616688:	2a1403e2 	mov	w2, w20
    8261668c:	aa1603e1 	mov	x1, x22
    82616690:	0b1302a0 	add	w0, w21, w19
    82616694:	940000a1 	bl	82616918 <read_boot_device>
    82616698:	910143e0 	add	x0, sp, #0x50
    8261669c:	94000f39 	bl	8261a380 <sha256_starts>
    826166a0:	2a1403e2 	mov	w2, w20
    826166a4:	aa1603e1 	mov	x1, x22
    826166a8:	910143e0 	add	x0, sp, #0x50
    826166ac:	94000f4f 	bl	8261a3e8 <sha256_update>
    826166b0:	910363e1 	add	x1, sp, #0xd8
    826166b4:	910143e0 	add	x0, sp, #0x50
    826166b8:	94000f4f 	bl	8261a3f4 <sha256_finish>
    826166bc:	910363e1 	add	x1, sp, #0xd8
    826166c0:	9102e3e0 	add	x0, sp, #0xb8
    826166c4:	d2800402 	mov	x2, #0x20                  	// #32
    826166c8:	9400167c 	bl	8261c0b8 <memcmp>
    826166cc:	2a0003f3 	mov	w19, w0
    826166d0:	350000a0 	cbnz	w0, 826166e4 <load_boot_blob+0x190>
    826166d4:	d0000060 	adrp	x0, 82624000 <_ctype+0x15a>
    826166d8:	91233000 	add	x0, x0, #0x8cc
    826166dc:	94001ba7 	bl	8261d578 <printf>
    826166e0:	17ffffd1 	b	82616624 <load_boot_blob+0xd0>
    826166e4:	aa1903e0 	mov	x0, x25
    826166e8:	94001ba4 	bl	8261d578 <printf>
    826166ec:	d0000140 	adrp	x0, 82640000 <pmc>
    826166f0:	91017002 	add	x2, x0, #0x5c
    826166f4:	b9405c01 	ldr	w1, [x0, #92]
    826166f8:	b9000c5f 	str	wzr, [x2, #12]
    826166fc:	11400421 	add	w1, w1, #0x1, lsl #12
    82616700:	b9005c01 	str	w1, [x0, #92]
    82616704:	17ffffd5 	b	82616658 <load_boot_blob+0x104>
    82616708:	2a1303e0 	mov	w0, w19
    8261670c:	a94153f3 	ldp	x19, x20, [sp, #16]
    82616710:	a9425bf5 	ldp	x21, x22, [sp, #32]
    82616714:	a94363f7 	ldp	x23, x24, [sp, #48]
    82616718:	a9446bf9 	ldp	x25, x26, [sp, #64]
    8261671c:	a8d07bfd 	ldp	x29, x30, [sp], #256
    82616720:	d65f03c0 	ret

0000000082616724 <load_spl_env>:
    82616724:	a9bb7bfd 	stp	x29, x30, [sp, #-80]!
    82616728:	910003fd 	mov	x29, sp
    8261672c:	a90153f3 	stp	x19, x20, [sp, #16]
    82616730:	aa0003f3 	mov	x19, x0
    82616734:	90000080 	adrp	x0, 82626000 <spinand_chip_table+0xc96>
    82616738:	a9025bf5 	stp	x21, x22, [sp, #32]
    8261673c:	d0000076 	adrp	x22, 82624000 <_ctype+0x15a>
    82616740:	9123dad6 	add	x22, x22, #0x8f6
    82616744:	a90363f7 	stp	x23, x24, [sp, #48]
    82616748:	528dced8 	mov	w24, #0x6e76                	// #28278
    8261674c:	d0000077 	adrp	x23, 82624000 <_ctype+0x15a>
    82616750:	f942f801 	ldr	x1, [x0, #1520]
    82616754:	f90027e1 	str	x1, [sp, #72]
    82616758:	d2800001 	mov	x1, #0x0                   	// #0
    8261675c:	912436f7 	add	x23, x23, #0x90d
    82616760:	72aea8b8 	movk	w24, #0x7545, lsl #16
    82616764:	2a1803e0 	mov	w0, w24
    82616768:	97fffeec 	bl	82616318 <find_magic>
    8261676c:	12bffc01 	mov	w1, #0x1fffff              	// #2097151
    82616770:	2a0003f4 	mov	w20, w0
    82616774:	6b01001f 	cmp	w0, w1
    82616778:	54000129 	b.ls	8261679c <load_spl_env+0x78>  // b.plast
    8261677c:	d2800013 	mov	x19, #0x0                   	// #0
    82616780:	90000080 	adrp	x0, 82626000 <spinand_chip_table+0xc96>
    82616784:	f94027e1 	ldr	x1, [sp, #72]
    82616788:	f942f802 	ldr	x2, [x0, #1520]
    8261678c:	eb020021 	subs	x1, x1, x2
    82616790:	d2800002 	mov	x2, #0x0                   	// #0
    82616794:	54000500 	b.eq	82616834 <load_spl_env+0x110>  // b.none
    82616798:	97ffef19 	bl	826123fc <__stack_chk_fail>
    8261679c:	aa1303e1 	mov	x1, x19
    826167a0:	52800102 	mov	w2, #0x8                   	// #8
    826167a4:	9400005d 	bl	82616918 <read_boot_device>
    826167a8:	b9400675 	ldr	w21, [x19, #4]
    826167ac:	714042bf 	cmp	w21, #0x10, lsl #12
    826167b0:	540000c9 	b.ls	826167c8 <load_spl_env+0xa4>  // b.plast
    826167b4:	d0000141 	adrp	x1, 82640000 <pmc>
    826167b8:	b9405c20 	ldr	w0, [x1, #92]
    826167bc:	11400400 	add	w0, w0, #0x1, lsl #12
    826167c0:	b9005c20 	str	w0, [x1, #92]
    826167c4:	17ffffe8 	b	82616764 <load_spl_env+0x40>
    826167c8:	110032a2 	add	w2, w21, #0xc
    826167cc:	aa1303e1 	mov	x1, x19
    826167d0:	2a1403e0 	mov	w0, w20
    826167d4:	94000051 	bl	82616918 <read_boot_device>
    826167d8:	91002261 	add	x1, x19, #0x8
    826167dc:	d2800082 	mov	x2, #0x4                   	// #4
    826167e0:	910113e0 	add	x0, sp, #0x44
    826167e4:	9400161b 	bl	8261c050 <memcpy>
    826167e8:	510012a2 	sub	w2, w21, #0x4
    826167ec:	91003261 	add	x1, x19, #0xc
    826167f0:	52800000 	mov	w0, #0x0                   	// #0
    826167f4:	9400159c 	bl	8261be64 <crc32>
    826167f8:	2a0003f4 	mov	w20, w0
    826167fc:	b94047e0 	ldr	w0, [sp, #68]
    82616800:	6b14001f 	cmp	w0, w20
    82616804:	54fffbe0 	b.eq	82616780 <load_spl_env+0x5c>  // b.none
    82616808:	2a1503e1 	mov	w1, w21
    8261680c:	aa1603e0 	mov	x0, x22
    82616810:	94001b5a 	bl	8261d578 <printf>
    82616814:	2a1403e1 	mov	w1, w20
    82616818:	aa1703e0 	mov	x0, x23
    8261681c:	94001b57 	bl	8261d578 <printf>
    82616820:	b94047e1 	ldr	w1, [sp, #68]
    82616824:	d0000060 	adrp	x0, 82624000 <_ctype+0x15a>
    82616828:	91246c00 	add	x0, x0, #0x91b
    8261682c:	94001b53 	bl	8261d578 <printf>
    82616830:	17ffffe1 	b	826167b4 <load_spl_env+0x90>
    82616834:	aa1303e0 	mov	x0, x19
    82616838:	a94153f3 	ldp	x19, x20, [sp, #16]
    8261683c:	a9425bf5 	ldp	x21, x22, [sp, #32]
    82616840:	a94363f7 	ldp	x23, x24, [sp, #48]
    82616844:	a8c57bfd 	ldp	x29, x30, [sp], #80
    82616848:	d65f03c0 	ret

000000008261684c <get_boot_blob_hash_entry>:
    8261684c:	b0000081 	adrp	x1, 82627000 <s_bcm_sec+0x438>
    82616850:	91032022 	add	x2, x1, #0xc8
    82616854:	52800601 	mov	w1, #0x30                  	// #48
    82616858:	7100881f 	cmp	w0, #0x22
    8261685c:	9b210801 	smaddl	x1, w0, w1, x2
    82616860:	9a9f3020 	csel	x0, x1, xzr, cc  // cc = lo, ul, last
    82616864:	d65f03c0 	ret

0000000082616868 <boot_flash_init>:
    82616868:	a9bd7bfd 	stp	x29, x30, [sp, #-48]!
    8261686c:	90000080 	adrp	x0, 82626000 <spinand_chip_table+0xc96>
    82616870:	910003fd 	mov	x29, sp
    82616874:	a90153f3 	stp	x19, x20, [sp, #16]
    82616878:	d0000153 	adrp	x19, 82640000 <pmc>
    8261687c:	910083e2 	add	x2, sp, #0x20
    82616880:	f942f801 	ldr	x1, [x0, #1520]
    82616884:	f90017e1 	str	x1, [sp, #40]
    82616888:	d2800001 	mov	x1, #0x0                   	// #0
    8261688c:	f9008e7f 	str	xzr, [x19, #280]
    82616890:	b0000081 	adrp	x1, 82627000 <s_bcm_sec+0x438>
    82616894:	52800960 	mov	w0, #0x4b                  	// #75
    82616898:	91356021 	add	x1, x1, #0xd58
    8261689c:	9400224d 	bl	8261f1d0 <uclass_get_device_by_driver>
    826168a0:	34000040 	cbz	w0, 826168a8 <boot_flash_init+0x40>
    826168a4:	94000372 	bl	8261766c <bcm_sec_abort>
    826168a8:	d0000074 	adrp	x20, 82624000 <_ctype+0x15a>
    826168ac:	910d6e94 	add	x20, x20, #0x35b
    826168b0:	aa1403e0 	mov	x0, x20
    826168b4:	94002e43 	bl	826221c0 <get_mtd_device_nm>
    826168b8:	aa0003e3 	mov	x3, x0
    826168bc:	b4000060 	cbz	x0, 826168c8 <boot_flash_init+0x60>
    826168c0:	b140041f 	cmn	x0, #0x1, lsl #12
    826168c4:	540001e9 	b.ls	82616900 <boot_flash_init+0x98>  // b.plast
    826168c8:	aa1403e2 	mov	x2, x20
    826168cc:	b0000061 	adrp	x1, 82623000 <clk_fixed_rate_ops+0x18>
    826168d0:	9137c021 	add	x1, x1, #0xdf0
    826168d4:	d0000060 	adrp	x0, 82624000 <_ctype+0x15a>
    826168d8:	910d8000 	add	x0, x0, #0x360
    826168dc:	94001b27 	bl	8261d578 <printf>
    826168e0:	94000363 	bl	8261766c <bcm_sec_abort>
    826168e4:	90000080 	adrp	x0, 82626000 <spinand_chip_table+0xc96>
    826168e8:	f94017e1 	ldr	x1, [sp, #40]
    826168ec:	f942f802 	ldr	x2, [x0, #1520]
    826168f0:	eb020021 	subs	x1, x1, x2
    826168f4:	d2800002 	mov	x2, #0x0                   	// #0
    826168f8:	54000080 	b.eq	82616908 <boot_flash_init+0xa0>  // b.none
    826168fc:	97ffeec0 	bl	826123fc <__stack_chk_fail>
    82616900:	f9008e60 	str	x0, [x19, #280]
    82616904:	17fffff8 	b	826168e4 <boot_flash_init+0x7c>
    82616908:	52800000 	mov	w0, #0x0                   	// #0
    8261690c:	a94153f3 	ldp	x19, x20, [sp, #16]
    82616910:	a8c37bfd 	ldp	x29, x30, [sp], #48
    82616914:	d65f03c0 	ret

0000000082616918 <read_boot_device>:
    82616918:	a9be7bfd 	stp	x29, x30, [sp, #-32]!
    8261691c:	2a0003e5 	mov	w5, w0
    82616920:	90000080 	adrp	x0, 82626000 <spinand_chip_table+0xc96>
    82616924:	910003fd 	mov	x29, sp
    82616928:	aa0103e4 	mov	x4, x1
    8261692c:	f942f801 	ldr	x1, [x0, #1520]
    82616930:	f9000fe1 	str	x1, [sp, #24]
    82616934:	d2800001 	mov	x1, #0x0                   	// #0
    82616938:	d0000140 	adrp	x0, 82640000 <pmc>
    8261693c:	f9408c00 	ldr	x0, [x0, #280]
    82616940:	b5000120 	cbnz	x0, 82616964 <read_boot_device+0x4c>
    82616944:	12800000 	mov	w0, #0xffffffff            	// #-1
    82616948:	90000081 	adrp	x1, 82626000 <spinand_chip_table+0xc96>
    8261694c:	f9400fe2 	ldr	x2, [sp, #24]
    82616950:	f942f823 	ldr	x3, [x1, #1520]
    82616954:	eb030042 	subs	x2, x2, x3
    82616958:	d2800003 	mov	x3, #0x0                   	// #0
    8261695c:	54000120 	b.eq	82616980 <read_boot_device+0x68>  // b.none
    82616960:	97ffeea7 	bl	826123fc <__stack_chk_fail>
    82616964:	910043e3 	add	x3, sp, #0x10
    82616968:	93407c42 	sxtw	x2, w2
    8261696c:	2a0503e1 	mov	w1, w5
    82616970:	94002e2d 	bl	82622224 <mtd_read>
    82616974:	35fffe80 	cbnz	w0, 82616944 <read_boot_device+0x2c>
    82616978:	b94013e0 	ldr	w0, [sp, #16]
    8261697c:	17fffff3 	b	82616948 <read_boot_device+0x30>
    82616980:	a8c27bfd 	ldp	x29, x30, [sp], #32
    82616984:	d65f03c0 	ret

0000000082616988 <decrypt_tpl>:
    82616988:	52800000 	mov	w0, #0x0                   	// #0
    8261698c:	d65f03c0 	ret

0000000082616990 <arch_cpu_deinit>:
    82616990:	d65f03c0 	ret

0000000082616994 <spl_boot_device>:
    82616994:	52800200 	mov	w0, #0x10                  	// #16
    82616998:	d65f03c0 	ret

000000008261699c <reserve_mmu>:
    8261699c:	a9bf7bfd 	stp	x29, x30, [sp, #-16]!
    826169a0:	d2a00021 	mov	x1, #0x10000               	// #65536
    826169a4:	d2afffe0 	mov	x0, #0x7fff0000            	// #2147418112
    826169a8:	910003fd 	mov	x29, sp
    826169ac:	97ffeec4 	bl	826124bc <bcmbca_enable_memc_sram>
    826169b0:	d2afffe1 	mov	x1, #0x7fff0000            	// #2147418112
    826169b4:	f900aa41 	str	x1, [x18, #336]
    826169b8:	d2a00021 	mov	x1, #0x10000               	// #65536
    826169bc:	f900ae41 	str	x1, [x18, #344]
    826169c0:	52800000 	mov	w0, #0x0                   	// #0
    826169c4:	a8c17bfd 	ldp	x29, x30, [sp], #16
    826169c8:	d65f03c0 	ret

00000000826169cc <board_init_f>:
    826169cc:	a9bf7bfd 	stp	x29, x30, [sp, #-16]!
    826169d0:	910003fd 	mov	x29, sp
    826169d4:	97ffeeda 	bl	8261253c <arch_cpu_init>
    826169d8:	940015e9 	bl	8261c17c <timer_init>
    826169dc:	94000378 	bl	826177bc <spl_early_init>
    826169e0:	34000040 	cbz	w0, 826169e8 <board_init_f+0x1c>
    826169e4:	94000322 	bl	8261766c <bcm_sec_abort>
    826169e8:	94000413 	bl	82617a34 <preloader_console_init>
    826169ec:	d2bff000 	mov	x0, #0xff800000            	// #4286578688
    826169f0:	b9400001 	ldr	w1, [x0]
    826169f4:	d0000060 	adrp	x0, 82624000 <_ctype+0x15a>
    826169f8:	910b5800 	add	x0, x0, #0x2d6
    826169fc:	94001adf 	bl	8261d578 <printf>
    82616a00:	97fffa1a 	bl	82615268 <bcm_strap_drv_reg>
    82616a04:	97ffefc8 	bl	82612924 <bcm_otp_init>
    82616a08:	34000040 	cbz	w0, 82616a10 <board_init_f+0x44>
    82616a0c:	94000318 	bl	8261766c <bcm_sec_abort>
    82616a10:	9400027e 	bl	82617408 <bcm_sec_init>
    82616a14:	d0000060 	adrp	x0, 82624000 <_ctype+0x15a>
    82616a18:	910b8400 	add	x0, x0, #0x2e1
    82616a1c:	94001ad7 	bl	8261d578 <printf>
    82616a20:	940000e5 	bl	82616db4 <early_abort>
    82616a24:	97ffee7f 	bl	82612420 <bcm_setsw>
    82616a28:	97ffffdd 	bl	8261699c <reserve_mmu>
    82616a2c:	a8c17bfd 	ldp	x29, x30, [sp], #16
    82616a30:	17ffee6e 	b	826123e8 <enable_caches>

0000000082616a34 <spl_board_deinit>:
    82616a34:	a9bf7bfd 	stp	x29, x30, [sp, #-16]!
    82616a38:	910003fd 	mov	x29, sp
    82616a3c:	94000231 	bl	82617300 <bcm_sec>
    82616a40:	9400025b 	bl	826173ac <bcm_sec_clean_keys>
    82616a44:	97ffeffd 	bl	82612a38 <bcm_otp_deinit>
    82616a48:	97fffb9d 	bl	826158bc <cleanup_before_linux>
    82616a4c:	97ffffd1 	bl	82616990 <arch_cpu_deinit>
    82616a50:	a8c17bfd 	ldp	x29, x30, [sp], #16
    82616a54:	17ffeeb6 	b	8261252c <bcmbca_disable_memc_sram>

0000000082616a58 <start_tpl>:
    82616a58:	a9be7bfd 	stp	x29, x30, [sp, #-32]!
    82616a5c:	90000081 	adrp	x1, 82626000 <spinand_chip_table+0xc96>
    82616a60:	910003fd 	mov	x29, sp
    82616a64:	f942f822 	ldr	x2, [x1, #1520]
    82616a68:	f9000fe2 	str	x2, [sp, #24]
    82616a6c:	d2800002 	mov	x2, #0x0                   	// #0
    82616a70:	52a00201 	mov	w1, #0x100000              	// #1048576
    82616a74:	b90017e1 	str	w1, [sp, #20]
    82616a78:	aa0003e1 	mov	x1, x0
    82616a7c:	d29fc000 	mov	x0, #0xfe00                	// #65024
    82616a80:	d2800302 	mov	x2, #0x18                  	// #24
    82616a84:	f2a09fc0 	movk	x0, #0x4fe, lsl #16
    82616a88:	94001572 	bl	8261c050 <memcpy>
    82616a8c:	528d8421 	mov	w1, #0x6c21                	// #27681
    82616a90:	52a0a002 	mov	w2, #0x5000000             	// #83886080
    82616a94:	72ae8a01 	movk	w1, #0x7450, lsl #16
    82616a98:	f0000060 	adrp	x0, 82625000 <hex_asc+0x7ab>
    82616a9c:	9123bc00 	add	x0, x0, #0x8ef
    82616aa0:	94001ab6 	bl	8261d578 <printf>
    82616aa4:	528d8420 	mov	w0, #0x6c21                	// #27681
    82616aa8:	910053e3 	add	x3, sp, #0x14
    82616aac:	d2a0a002 	mov	x2, #0x5000000             	// #83886080
    82616ab0:	52800001 	mov	w1, #0x0                   	// #0
    82616ab4:	72ae8a00 	movk	w0, #0x7450, lsl #16
    82616ab8:	97fffea7 	bl	82616554 <load_boot_blob>
    82616abc:	350001a0 	cbnz	w0, 82616af0 <start_tpl+0x98>
    82616ac0:	b94017e1 	ldr	w1, [sp, #20]
    82616ac4:	f0000060 	adrp	x0, 82625000 <hex_asc+0x7ab>
    82616ac8:	91245800 	add	x0, x0, #0x916
    82616acc:	94001aab 	bl	8261d578 <printf>
    82616ad0:	b94017e1 	ldr	w1, [sp, #20]
    82616ad4:	d2a0a000 	mov	x0, #0x5000000             	// #83886080
    82616ad8:	97ffffac 	bl	82616988 <decrypt_tpl>
    82616adc:	97ffffd6 	bl	82616a34 <spl_board_deinit>
    82616ae0:	d29fc000 	mov	x0, #0xfe00                	// #65024
    82616ae4:	d2a0a001 	mov	x1, #0x5000000             	// #83886080
    82616ae8:	f2a09fc0 	movk	x0, #0x4fe, lsl #16
    82616aec:	d63f0020 	blr	x1
    82616af0:	f0000060 	adrp	x0, 82625000 <hex_asc+0x7ab>
    82616af4:	9124ec00 	add	x0, x0, #0x93b
    82616af8:	94001aa0 	bl	8261d578 <printf>
    82616afc:	940002dc 	bl	8261766c <bcm_sec_abort>
    82616b00:	90000080 	adrp	x0, 82626000 <spinand_chip_table+0xc96>
    82616b04:	f9400fe1 	ldr	x1, [sp, #24]
    82616b08:	f942f802 	ldr	x2, [x0, #1520]
    82616b0c:	eb020021 	subs	x1, x1, x2
    82616b10:	d2800002 	mov	x2, #0x0                   	// #0
    82616b14:	54000040 	b.eq	82616b1c <start_tpl+0xc4>  // b.none
    82616b18:	97ffee39 	bl	826123fc <__stack_chk_fail>
    82616b1c:	a8c27bfd 	ldp	x29, x30, [sp], #32
    82616b20:	d65f03c0 	ret

0000000082616b24 <spl_board_ddrinit>:
    82616b24:	b9400002 	ldr	w2, [x0]
    82616b28:	36300082 	tbz	w2, #6, 82616b38 <spl_board_ddrinit+0x14>
    82616b2c:	b9400401 	ldr	w1, [x0, #4]
    82616b30:	52800060 	mov	w0, #0x3                   	// #3
    82616b34:	17fffaa1 	b	826155b8 <spl_ddrinit>
    82616b38:	12000041 	and	w1, w2, #0x1
    82616b3c:	36000082 	tbz	w2, #0, 82616b4c <spl_board_ddrinit+0x28>
    82616b40:	52800001 	mov	w1, #0x0                   	// #0
    82616b44:	528000a0 	mov	w0, #0x5                   	// #5
    82616b48:	17fffffb 	b	82616b34 <spl_board_ddrinit+0x10>
    82616b4c:	52800000 	mov	w0, #0x0                   	// #0
    82616b50:	17fffff9 	b	82616b34 <spl_board_ddrinit+0x10>

0000000082616b54 <spl_board_init>:
    82616b54:	a9bd7bfd 	stp	x29, x30, [sp, #-48]!
    82616b58:	910003fd 	mov	x29, sp
    82616b5c:	a90153f3 	stp	x19, x20, [sp, #16]
    82616b60:	f90013f5 	str	x21, [sp, #32]
    82616b64:	97ffff41 	bl	82616868 <boot_flash_init>
    82616b68:	94000182 	bl	82617170 <early_abort_info>
    82616b6c:	aa0003f4 	mov	x20, x0
    82616b70:	97ffffed 	bl	82616b24 <spl_board_ddrinit>
    82616b74:	d0000155 	adrp	x21, 82640000 <pmc>
    82616b78:	97fffa64 	bl	82615508 <get_ddr_size>
    82616b7c:	53147c01 	lsr	w1, w0, #20
    82616b80:	f0000060 	adrp	x0, 82625000 <hex_asc+0x7ab>
    82616b84:	911ab400 	add	x0, x0, #0x6ad
    82616b88:	94001a7c 	bl	8261d578 <printf>
    82616b8c:	910482b3 	add	x19, x21, #0x120
    82616b90:	b9400280 	ldr	w0, [x20]
    82616b94:	36400540 	tbz	w0, #8, 82616c3c <spl_board_init+0xe8>
    82616b98:	52802000 	mov	w0, #0x100                 	// #256
    82616b9c:	b9000a60 	str	w0, [x19, #8]
    82616ba0:	b9400280 	ldr	w0, [x20]
    82616ba4:	36480080 	tbz	w0, #9, 82616bb4 <spl_board_init+0x60>
    82616ba8:	b9400a60 	ldr	w0, [x19, #8]
    82616bac:	32170000 	orr	w0, w0, #0x200
    82616bb0:	b9000a60 	str	w0, [x19, #8]
    82616bb4:	b9400280 	ldr	w0, [x20]
    82616bb8:	72001400 	ands	w0, w0, #0x3f
    82616bbc:	54000080 	b.eq	82616bcc <spl_board_init+0x78>  // b.none
    82616bc0:	b9400a61 	ldr	w1, [x19, #8]
    82616bc4:	2a000020 	orr	w0, w1, w0
    82616bc8:	b9000a60 	str	w0, [x19, #8]
    82616bcc:	f90092bf 	str	xzr, [x21, #288]
    82616bd0:	97fffa4e 	bl	82615508 <get_ddr_size>
    82616bd4:	b9000e60 	str	w0, [x19, #12]
    82616bd8:	97fff965 	bl	8261516c <bcm_get_boot_device>
    82616bdc:	39004260 	strb	w0, [x19, #16]
    82616be0:	d2a09fe0 	mov	x0, #0x4ff0000             	// #83820544
    82616be4:	97fffed0 	bl	82616724 <load_spl_env>
    82616be8:	f90092a0 	str	x0, [x21, #288]
    82616bec:	b9400280 	ldr	w0, [x20]
    82616bf0:	375801c0 	tbnz	w0, #11, 82616c28 <spl_board_init+0xd4>
    82616bf4:	91064242 	add	x2, x18, #0x190
    82616bf8:	52800001 	mov	w1, #0x0                   	// #0
    82616bfc:	52800be0 	mov	w0, #0x5f                  	// #95
    82616c00:	940021c7 	bl	8261f31c <uclass_get_device_by_seq>
    82616c04:	34000220 	cbz	w0, 82616c48 <spl_board_init+0xf4>
    82616c08:	91064242 	add	x2, x18, #0x190
    82616c0c:	52800001 	mov	w1, #0x0                   	// #0
    82616c10:	52800be0 	mov	w0, #0x5f                  	// #95
    82616c14:	940021a9 	bl	8261f2b8 <uclass_get_device>
    82616c18:	34000180 	cbz	w0, 82616c48 <spl_board_init+0xf4>
    82616c1c:	f0000060 	adrp	x0, 82625000 <hex_asc+0x7ab>
    82616c20:	911b5400 	add	x0, x0, #0x6d5
    82616c24:	94001a55 	bl	8261d578 <printf>
    82616c28:	aa1303e0 	mov	x0, x19
    82616c2c:	a94153f3 	ldp	x19, x20, [sp, #16]
    82616c30:	f94013f5 	ldr	x21, [sp, #32]
    82616c34:	a8c37bfd 	ldp	x29, x30, [sp], #48
    82616c38:	17ffff88 	b	82616a58 <start_tpl>
    82616c3c:	363ffb20 	tbz	w0, #7, 82616ba0 <spl_board_init+0x4c>
    82616c40:	52801000 	mov	w0, #0x80                  	// #128
    82616c44:	17ffffd6 	b	82616b9c <spl_board_init+0x48>
    82616c48:	f940ca40 	ldr	x0, [x18, #400]
    82616c4c:	52800782 	mov	w2, #0x3c                  	// #60
    82616c50:	f0000061 	adrp	x1, 82625000 <hex_asc+0x7ab>
    82616c54:	911ba021 	add	x1, x1, #0x6e8
    82616c58:	f9401400 	ldr	x0, [x0, #40]
    82616c5c:	940022eb 	bl	8261f808 <ofnode_read_u32_default>
    82616c60:	2a0003f4 	mov	w20, w0
    82616c64:	52807d01 	mov	w1, #0x3e8                 	// #1000
    82616c68:	d2800002 	mov	x2, #0x0                   	// #0
    82616c6c:	1b017c01 	mul	w1, w0, w1
    82616c70:	f940ca40 	ldr	x0, [x18, #400]
    82616c74:	94002c65 	bl	82621e08 <wdt_start>
    82616c78:	f9400640 	ldr	x0, [x18, #8]
    82616c7c:	2a1403e2 	mov	w2, w20
    82616c80:	d0000061 	adrp	x1, 82624000 <_ctype+0x15a>
    82616c84:	9115ac21 	add	x1, x1, #0x56b
    82616c88:	b2700000 	orr	x0, x0, #0x10000
    82616c8c:	f9000640 	str	x0, [x18, #8]
    82616c90:	f0000060 	adrp	x0, 82625000 <hex_asc+0x7ab>
    82616c94:	911bd000 	add	x0, x0, #0x6f4
    82616c98:	94001a38 	bl	8261d578 <printf>
    82616c9c:	17ffffe3 	b	82616c28 <spl_board_init+0xd4>

0000000082616ca0 <find_spl_env_val>:
    82616ca0:	b5000060 	cbnz	x0, 82616cac <find_spl_env_val+0xc>
    82616ca4:	d2800000 	mov	x0, #0x0                   	// #0
    82616ca8:	d65f03c0 	ret
    82616cac:	a9bd7bfd 	stp	x29, x30, [sp, #-48]!
    82616cb0:	910003fd 	mov	x29, sp
    82616cb4:	a90153f3 	stp	x19, x20, [sp, #16]
    82616cb8:	aa0003f4 	mov	x20, x0
    82616cbc:	91003293 	add	x19, x20, #0xc
    82616cc0:	a9025bf5 	stp	x21, x22, [sp, #32]
    82616cc4:	aa0103e0 	mov	x0, x1
    82616cc8:	aa0103f6 	mov	x22, x1
    82616ccc:	b9400695 	ldr	w21, [x20, #4]
    82616cd0:	940014a4 	bl	8261bf60 <strlen>
    82616cd4:	52800001 	mov	w1, #0x0                   	// #0
    82616cd8:	510012b5 	sub	w21, w21, #0x4
    82616cdc:	8b150294 	add	x20, x20, x21
    82616ce0:	93407c15 	sxtw	x21, w0
    82616ce4:	91003294 	add	x20, x20, #0xc
    82616ce8:	eb14027f 	cmp	x19, x20
    82616cec:	540000a2 	b.cs	82616d00 <find_spl_env_val+0x60>  // b.hs, b.nlast
    82616cf0:	39400260 	ldrb	w0, [x19]
    82616cf4:	35000100 	cbnz	w0, 82616d14 <find_spl_env_val+0x74>
    82616cf8:	39400660 	ldrb	w0, [x19, #1]
    82616cfc:	350000c0 	cbnz	w0, 82616d14 <find_spl_env_val+0x74>
    82616d00:	d2800000 	mov	x0, #0x0                   	// #0
    82616d04:	a94153f3 	ldp	x19, x20, [sp, #16]
    82616d08:	a9425bf5 	ldp	x21, x22, [sp, #32]
    82616d0c:	a8c37bfd 	ldp	x29, x30, [sp], #48
    82616d10:	d65f03c0 	ret
    82616d14:	35000181 	cbnz	w1, 82616d44 <find_spl_env_val+0xa4>
    82616d18:	aa1503e2 	mov	x2, x21
    82616d1c:	aa1303e1 	mov	x1, x19
    82616d20:	aa1603e0 	mov	x0, x22
    82616d24:	94001477 	bl	8261bf00 <strncmp>
    82616d28:	350000e0 	cbnz	w0, 82616d44 <find_spl_env_val+0xa4>
    82616d2c:	38756a60 	ldrb	w0, [x19, x21]
    82616d30:	7100f41f 	cmp	w0, #0x3d
    82616d34:	54000081 	b.ne	82616d44 <find_spl_env_val+0xa4>  // b.any
    82616d38:	910006a0 	add	x0, x21, #0x1
    82616d3c:	8b000260 	add	x0, x19, x0
    82616d40:	17fffff1 	b	82616d04 <find_spl_env_val+0x64>
    82616d44:	38401661 	ldrb	w1, [x19], #1
    82616d48:	17ffffe8 	b	82616ce8 <find_spl_env_val+0x48>

0000000082616d4c <get_spl_env_val>:
    82616d4c:	a9be7bfd 	stp	x29, x30, [sp, #-32]!
    82616d50:	910003fd 	mov	x29, sp
    82616d54:	a90153f3 	stp	x19, x20, [sp, #16]
    82616d58:	aa0203f3 	mov	x19, x2
    82616d5c:	2a0303f4 	mov	w20, w3
    82616d60:	97ffffd0 	bl	82616ca0 <find_spl_env_val>
    82616d64:	b4000120 	cbz	x0, 82616d88 <get_spl_env_val+0x3c>
    82616d68:	aa0003e1 	mov	x1, x0
    82616d6c:	93407e82 	sxtw	x2, w20
    82616d70:	aa1303e0 	mov	x0, x19
    82616d74:	94001451 	bl	8261beb8 <strncpy>
    82616d78:	52800000 	mov	w0, #0x0                   	// #0
    82616d7c:	a94153f3 	ldp	x19, x20, [sp, #16]
    82616d80:	a8c27bfd 	ldp	x29, x30, [sp], #32
    82616d84:	d65f03c0 	ret
    82616d88:	52800020 	mov	w0, #0x1                   	// #1
    82616d8c:	17fffffc 	b	82616d7c <get_spl_env_val+0x30>

0000000082616d90 <_get_char>:
    82616d90:	a9bf7bfd 	stp	x29, x30, [sp, #-16]!
    82616d94:	910003fd 	mov	x29, sp
    82616d98:	9400051e 	bl	82618210 <tstc>
    82616d9c:	72001c00 	ands	w0, w0, #0xff
    82616da0:	54000060 	b.eq	82616dac <_get_char+0x1c>  // b.none
    82616da4:	940004ed 	bl	82618158 <getc>
    82616da8:	12001c00 	and	w0, w0, #0xff
    82616dac:	a8c17bfd 	ldp	x29, x30, [sp], #16
    82616db0:	d65f03c0 	ret

0000000082616db4 <early_abort>:
    82616db4:	a9b17bfd 	stp	x29, x30, [sp, #-240]!
    82616db8:	90000080 	adrp	x0, 82626000 <spinand_chip_table+0xc96>
    82616dbc:	910003fd 	mov	x29, sp
    82616dc0:	a90153f3 	stp	x19, x20, [sp, #16]
    82616dc4:	52801913 	mov	w19, #0xc8                  	// #200
    82616dc8:	a9025bf5 	stp	x21, x22, [sp, #32]
    82616dcc:	a90363f7 	stp	x23, x24, [sp, #48]
    82616dd0:	a9046bf9 	stp	x25, x26, [sp, #64]
    82616dd4:	a90573fb 	stp	x27, x28, [sp, #80]
    82616dd8:	f942f801 	ldr	x1, [x0, #1520]
    82616ddc:	f90077e1 	str	x1, [sp, #232]
    82616de0:	d2800001 	mov	x1, #0x0                   	// #0
    82616de4:	97ffffeb 	bl	82616d90 <_get_char>
    82616de8:	12001c00 	and	w0, w0, #0xff
    82616dec:	7101841f 	cmp	w0, #0x61
    82616df0:	540011c0 	b.eq	82617028 <early_abort+0x274>  // b.none
    82616df4:	d2807d00 	mov	x0, #0x3e8                 	// #1000
    82616df8:	9400150e 	bl	8261c230 <udelay>
    82616dfc:	71000673 	subs	w19, w19, #0x1
    82616e00:	54ffff21 	b.ne	82616de4 <early_abort+0x30>  // b.any
    82616e04:	90000080 	adrp	x0, 82626000 <spinand_chip_table+0xc96>
    82616e08:	f94077e1 	ldr	x1, [sp, #232]
    82616e0c:	f942f802 	ldr	x2, [x0, #1520]
    82616e10:	eb020021 	subs	x1, x1, x2
    82616e14:	d2800002 	mov	x2, #0x0                   	// #0
    82616e18:	540019e0 	b.eq	82617154 <early_abort+0x3a0>  // b.none
    82616e1c:	97ffed78 	bl	826123fc <__stack_chk_fail>
    82616e20:	7100341f 	cmp	w0, #0xd
    82616e24:	54001600 	b.eq	826170e4 <early_abort+0x330>  // b.none
    82616e28:	2a1303e0 	mov	w0, w19
    82616e2c:	940004e1 	bl	826181b0 <putc>
    82616e30:	38001793 	strb	w19, [x28], #1
    82616e34:	140000a9 	b	826170d8 <early_abort+0x324>
    82616e38:	91000673 	add	x19, x19, #0x1
    82616e3c:	140000ac 	b	826170ec <early_abort+0x338>
    82616e40:	91000673 	add	x19, x19, #0x1
    82616e44:	140000b4 	b	82617114 <early_abort+0x360>
    82616e48:	d2800001 	mov	x1, #0x0                   	// #0
    82616e4c:	aa1303e0 	mov	x0, x19
    82616e50:	52800202 	mov	w2, #0x10                  	// #16
    82616e54:	94001a22 	bl	8261d6dc <simple_strtoul>
    82616e58:	aa0003e1 	mov	x1, x0
    82616e5c:	b100581f 	cmn	x0, #0x16
    82616e60:	54000240 	b.eq	82616ea8 <early_abort+0xf4>  // b.none
    82616e64:	d0000060 	adrp	x0, 82624000 <_ctype+0x15a>
    82616e68:	5280081b 	mov	w27, #0x40                  	// #64
    82616e6c:	9114a400 	add	x0, x0, #0x529
    82616e70:	b9000681 	str	w1, [x20, #4]
    82616e74:	940019c1 	bl	8261d578 <printf>
    82616e78:	b9400280 	ldr	w0, [x20]
    82616e7c:	2a1b0000 	orr	w0, w0, w27
    82616e80:	b9000280 	str	w0, [x20]
    82616e84:	f10006f7 	subs	x23, x23, #0x1
    82616e88:	540010a1 	b.ne	8261709c <early_abort+0x2e8>  // b.any
    82616e8c:	2a1a037a 	orr	w26, w27, w26
    82616e90:	2a150355 	orr	w21, w26, w21
    82616e94:	34fffb95 	cbz	w21, 82616e04 <early_abort+0x50>
    82616e98:	b94bc2da 	ldr	w26, [x22, #3008]
    82616e9c:	2a150355 	orr	w21, w26, w21
    82616ea0:	b90bc2d5 	str	w21, [x22, #3008]
    82616ea4:	17ffffd8 	b	82616e04 <early_abort+0x50>
    82616ea8:	d0000060 	adrp	x0, 82624000 <_ctype+0x15a>
    82616eac:	91150000 	add	x0, x0, #0x540
    82616eb0:	140000a6 	b	82617148 <early_abort+0x394>
    82616eb4:	d0000061 	adrp	x1, 82624000 <_ctype+0x15a>
    82616eb8:	aa1303e0 	mov	x0, x19
    82616ebc:	91155421 	add	x1, x1, #0x555
    82616ec0:	d2800042 	mov	x2, #0x2                   	// #2
    82616ec4:	9400140f 	bl	8261bf00 <strncmp>
    82616ec8:	34fffe20 	cbz	w0, 82616e8c <early_abort+0xd8>
    82616ecc:	39400260 	ldrb	w0, [x19]
    82616ed0:	7101c81f 	cmp	w0, #0x72
    82616ed4:	54000401 	b.ne	82616f54 <early_abort+0x1a0>  // b.any
    82616ed8:	39400660 	ldrb	w0, [x19, #1]
    82616edc:	91000661 	add	x1, x19, #0x1
    82616ee0:	7100c41f 	cmp	w0, #0x31
    82616ee4:	aa0103e0 	mov	x0, x1
    82616ee8:	54000180 	b.eq	82616f18 <early_abort+0x164>  // b.none
    82616eec:	39400002 	ldrb	w2, [x0]
    82616ef0:	7100805f 	cmp	w2, #0x20
    82616ef4:	540000e0 	b.eq	82616f10 <early_abort+0x15c>  // b.none
    82616ef8:	eb00003f 	cmp	x1, x0
    82616efc:	540000e1 	b.ne	82616f18 <early_abort+0x164>  // b.any
    82616f00:	d0000061 	adrp	x1, 82624000 <_ctype+0x15a>
    82616f04:	52802015 	mov	w21, #0x100                 	// #256
    82616f08:	9113f821 	add	x1, x1, #0x4fe
    82616f0c:	1400000e 	b	82616f44 <early_abort+0x190>
    82616f10:	91000400 	add	x0, x0, #0x1
    82616f14:	17fffff6 	b	82616eec <early_abort+0x138>
    82616f18:	39400001 	ldrb	w1, [x0]
    82616f1c:	7100c43f 	cmp	w1, #0x31
    82616f20:	54ffff01 	b.ne	82616f00 <early_abort+0x14c>  // b.any
    82616f24:	39400401 	ldrb	w1, [x0, #1]
    82616f28:	34000061 	cbz	w1, 82616f34 <early_abort+0x180>
    82616f2c:	3861cb21 	ldrb	w1, [x25, w1, sxtw]
    82616f30:	362ffe81 	tbz	w1, #5, 82616f00 <early_abort+0x14c>
    82616f34:	b4fffe60 	cbz	x0, 82616f00 <early_abort+0x14c>
    82616f38:	d0000061 	adrp	x1, 82624000 <_ctype+0x15a>
    82616f3c:	91141c21 	add	x1, x1, #0x507
    82616f40:	52801015 	mov	w21, #0x80                  	// #128
    82616f44:	d0000060 	adrp	x0, 82624000 <_ctype+0x15a>
    82616f48:	91156000 	add	x0, x0, #0x558
    82616f4c:	9400198b 	bl	8261d578 <printf>
    82616f50:	17ffffcd 	b	82616e84 <early_abort+0xd0>
    82616f54:	7101a01f 	cmp	w0, #0x68
    82616f58:	540000c1 	b.ne	82616f70 <early_abort+0x1bc>  // b.any
    82616f5c:	d0000060 	adrp	x0, 82624000 <_ctype+0x15a>
    82616f60:	92800017 	mov	x23, #0xffffffffffffffff    	// #-1
    82616f64:	9115b000 	add	x0, x0, #0x56c
    82616f68:	94001984 	bl	8261d578 <printf>
    82616f6c:	17ffffc6 	b	82616e84 <early_abort+0xd0>
    82616f70:	7101dc1f 	cmp	w0, #0x77
    82616f74:	54000101 	b.ne	82616f94 <early_abort+0x1e0>  // b.any
    82616f78:	b9400280 	ldr	w0, [x20]
    82616f7c:	32150000 	orr	w0, w0, #0x800
    82616f80:	b9000280 	str	w0, [x20]
    82616f84:	d0000060 	adrp	x0, 82624000 <_ctype+0x15a>
    82616f88:	9115dc00 	add	x0, x0, #0x577
    82616f8c:	9400197b 	bl	8261d578 <printf>
    82616f90:	17ffffbd 	b	82616e84 <early_abort+0xd0>
    82616f94:	90000081 	adrp	x1, 82626000 <spinand_chip_table+0xc96>
    82616f98:	aa1303e0 	mov	x0, x19
    82616f9c:	9110fc21 	add	x1, x1, #0x43f
    82616fa0:	d2800062 	mov	x2, #0x3                   	// #3
    82616fa4:	940013d7 	bl	8261bf00 <strncmp>
    82616fa8:	34fffe80 	cbz	w0, 82616f78 <early_abort+0x1c4>
    82616fac:	d0000061 	adrp	x1, 82624000 <_ctype+0x15a>
    82616fb0:	aa1303e0 	mov	x0, x19
    82616fb4:	91163c21 	add	x1, x1, #0x58f
    82616fb8:	d2800062 	mov	x2, #0x3                   	// #3
    82616fbc:	940013d1 	bl	8261bf00 <strncmp>
    82616fc0:	350000c0 	cbnz	w0, 82616fd8 <early_abort+0x224>
    82616fc4:	d0000060 	adrp	x0, 82624000 <_ctype+0x15a>
    82616fc8:	5280401a 	mov	w26, #0x200                 	// #512
    82616fcc:	91164c00 	add	x0, x0, #0x593
    82616fd0:	9400196a 	bl	8261d578 <printf>
    82616fd4:	17ffffac 	b	82616e84 <early_abort+0xd0>
    82616fd8:	d0000061 	adrp	x1, 82624000 <_ctype+0x15a>
    82616fdc:	aa1303e0 	mov	x0, x19
    82616fe0:	9116d021 	add	x1, x1, #0x5b4
    82616fe4:	d2800062 	mov	x2, #0x3                   	// #3
    82616fe8:	940013c6 	bl	8261bf00 <strncmp>
    82616fec:	35000060 	cbnz	w0, 82616ff8 <early_abort+0x244>
    82616ff0:	97fff949 	bl	82615514 <spl_list_mcb_sel>
    82616ff4:	17ffffa4 	b	82616e84 <early_abort+0xd0>
    82616ff8:	cb18039c 	sub	x28, x28, x24
    82616ffc:	2a1c03f3 	mov	w19, w28
    82617000:	34fff43c 	cbz	w28, 82616e84 <early_abort+0xd0>
    82617004:	528001a0 	mov	w0, #0xd                   	// #13
    82617008:	9400046a 	bl	826181b0 <putc>
    8261700c:	52800400 	mov	w0, #0x20                  	// #32
    82617010:	94000468 	bl	826181b0 <putc>
    82617014:	71000673 	subs	w19, w19, #0x1
    82617018:	54ffffa1 	b.ne	8261700c <early_abort+0x258>  // b.any
    8261701c:	528001a0 	mov	w0, #0xd                   	// #13
    82617020:	94000464 	bl	826181b0 <putc>
    82617024:	17ffff98 	b	82616e84 <early_abort+0xd0>
    82617028:	d2800102 	mov	x2, #0x8                   	// #8
    8261702c:	f0000076 	adrp	x22, 82626000 <spinand_chip_table+0xc96>
    82617030:	912f02d4 	add	x20, x22, #0xbc0
    82617034:	52800001 	mov	w1, #0x0                   	// #0
    82617038:	aa1403e0 	mov	x0, x20
    8261703c:	b0000073 	adrp	x19, 82624000 <_ctype+0x15a>
    82617040:	940013e9 	bl	8261bfe4 <memset>
    82617044:	911a8673 	add	x19, x19, #0x6a1
    82617048:	aa1303e0 	mov	x0, x19
    8261704c:	b0000061 	adrp	x1, 82624000 <_ctype+0x15a>
    82617050:	9116e021 	add	x1, x1, #0x5b8
    82617054:	94001949 	bl	8261d578 <printf>
    82617058:	b0000061 	adrp	x1, 82624000 <_ctype+0x15a>
    8261705c:	911a9021 	add	x1, x1, #0x6a4
    82617060:	aa1303e0 	mov	x0, x19
    82617064:	94001945 	bl	8261d578 <printf>
    82617068:	d29c6c00 	mov	x0, #0xe360                	// #58208
    8261706c:	f2a002c0 	movk	x0, #0x16, lsl #16
    82617070:	94001470 	bl	8261c230 <udelay>
    82617074:	97ffff47 	bl	82616d90 <_get_char>
    82617078:	72001c1f 	tst	w0, #0xff
    8261707c:	54ffffc1 	b.ne	82617074 <early_abort+0x2c0>  // b.any
    82617080:	90000079 	adrp	x25, 82623000 <clk_fixed_rate_ops+0x18>
    82617084:	9101a3f8 	add	x24, sp, #0x68
    82617088:	913a9b39 	add	x25, x25, #0xea6
    8261708c:	52800015 	mov	w21, #0x0                   	// #0
    82617090:	5280001a 	mov	w26, #0x0                   	// #0
    82617094:	5280001b 	mov	w27, #0x0                   	// #0
    82617098:	d29d4c17 	mov	x23, #0xea60                	// #60000
    8261709c:	d2807d00 	mov	x0, #0x3e8                 	// #1000
    826170a0:	94001464 	bl	8261c230 <udelay>
    826170a4:	94002354 	bl	8261fdf4 <serial_tstc>
    826170a8:	34ffeee0 	cbz	w0, 82616e84 <early_abort+0xd0>
    826170ac:	aa1803fc 	mov	x28, x24
    826170b0:	97ffff38 	bl	82616d90 <_get_char>
    826170b4:	2a0003f3 	mov	w19, w0
    826170b8:	72001c00 	ands	w0, w0, #0xff
    826170bc:	540000e0 	b.eq	826170d8 <early_abort+0x324>  // b.none
    826170c0:	3860cb21 	ldrb	w1, [x25, w0, sxtw]
    826170c4:	f240083f 	tst	x1, #0x7
    826170c8:	54ffeac1 	b.ne	82616e20 <early_abort+0x6c>  // b.any
    826170cc:	7100341f 	cmp	w0, #0xd
    826170d0:	540000a0 	b.eq	826170e4 <early_abort+0x330>  // b.none
    826170d4:	372feaa1 	tbnz	w1, #5, 82616e28 <early_abort+0x74>
    826170d8:	cb180380 	sub	x0, x28, x24
    826170dc:	f101f81f 	cmp	x0, #0x7e
    826170e0:	54fffe8d 	b.le	826170b0 <early_abort+0x2fc>
    826170e4:	aa1803f3 	mov	x19, x24
    826170e8:	3900039f 	strb	wzr, [x28]
    826170ec:	39400260 	ldrb	w0, [x19]
    826170f0:	7100801f 	cmp	w0, #0x20
    826170f4:	54ffea20 	b.eq	82616e38 <early_abort+0x84>  // b.none
    826170f8:	b0000061 	adrp	x1, 82624000 <_ctype+0x15a>
    826170fc:	aa1303e0 	mov	x0, x19
    82617100:	91144021 	add	x1, x1, #0x510
    82617104:	d2800082 	mov	x2, #0x4                   	// #4
    82617108:	9400137e 	bl	8261bf00 <strncmp>
    8261710c:	35ffed40 	cbnz	w0, 82616eb4 <early_abort+0x100>
    82617110:	91000e73 	add	x19, x19, #0x3
    82617114:	39400260 	ldrb	w0, [x19]
    82617118:	7100801f 	cmp	w0, #0x20
    8261711c:	54ffe920 	b.eq	82616e40 <early_abort+0x8c>  // b.none
    82617120:	b9400280 	ldr	w0, [x20]
    82617124:	b0000061 	adrp	x1, 82624000 <_ctype+0x15a>
    82617128:	91037021 	add	x1, x1, #0xdc
    8261712c:	12196000 	and	w0, w0, #0xffffff80
    82617130:	b9000280 	str	w0, [x20]
    82617134:	aa1303e0 	mov	x0, x19
    82617138:	94001368 	bl	8261bed8 <strcmp>
    8261713c:	35ffe860 	cbnz	w0, 82616e48 <early_abort+0x94>
    82617140:	b0000060 	adrp	x0, 82624000 <_ctype+0x15a>
    82617144:	91145400 	add	x0, x0, #0x515
    82617148:	5280003b 	mov	w27, #0x1                   	// #1
    8261714c:	9400190b 	bl	8261d578 <printf>
    82617150:	17ffff4a 	b	82616e78 <early_abort+0xc4>
    82617154:	a94153f3 	ldp	x19, x20, [sp, #16]
    82617158:	a9425bf5 	ldp	x21, x22, [sp, #32]
    8261715c:	a94363f7 	ldp	x23, x24, [sp, #48]
    82617160:	a9446bf9 	ldp	x25, x26, [sp, #64]
    82617164:	a94573fb 	ldp	x27, x28, [sp, #80]
    82617168:	a8cf7bfd 	ldp	x29, x30, [sp], #240
    8261716c:	d65f03c0 	ret

0000000082617170 <early_abort_info>:
    82617170:	f0000060 	adrp	x0, 82626000 <spinand_chip_table+0xc96>
    82617174:	912f0000 	add	x0, x0, #0xbc0
    82617178:	d65f03c0 	ret

000000008261717c <bcm_sec_boot_state>:
    8261717c:	a9b87bfd 	stp	x29, x30, [sp, #-128]!
    82617180:	910003fd 	mov	x29, sp
    82617184:	a90153f3 	stp	x19, x20, [sp, #16]
    82617188:	aa0003f4 	mov	x20, x0
    8261718c:	f0000060 	adrp	x0, 82626000 <spinand_chip_table+0xc96>
    82617190:	a9025bf5 	stp	x21, x22, [sp, #32]
    82617194:	52800316 	mov	w22, #0x18                  	// #24
    82617198:	52800035 	mov	w21, #0x1                   	// #1
    8261719c:	f942f801 	ldr	x1, [x0, #1520]
    826171a0:	f9003fe1 	str	x1, [sp, #120]
    826171a4:	d2800001 	mov	x1, #0x0                   	// #0
    826171a8:	52830000 	mov	w0, #0x1800                	// #6144
    826171ac:	b900029f 	str	wzr, [x20]
    826171b0:	9100e3e2 	add	x2, sp, #0x38
    826171b4:	290803f6 	stp	w22, w0, [sp, #64]
    826171b8:	910103e0 	add	x0, sp, #0x40
    826171bc:	f90037e0 	str	x0, [sp, #104]
    826171c0:	52800100 	mov	w0, #0x8                   	// #8
    826171c4:	910143e1 	add	x1, sp, #0x50
    826171c8:	29077fff 	stp	wzr, wzr, [sp, #56]
    826171cc:	a904ffff 	stp	xzr, xzr, [sp, #72]
    826171d0:	f9002fff 	str	xzr, [sp, #88]
    826171d4:	b90063f5 	str	w21, [sp, #96]
    826171d8:	b90073e0 	str	w0, [sp, #112]
    826171dc:	52800160 	mov	w0, #0xb                   	// #11
    826171e0:	97ffee46 	bl	82612af8 <bcm_otp_read>
    826171e4:	34000120 	cbz	w0, 82617208 <bcm_sec_boot_state+0x8c>
    826171e8:	12800013 	mov	w19, #0xffffffff            	// #-1
    826171ec:	f0000060 	adrp	x0, 82626000 <spinand_chip_table+0xc96>
    826171f0:	f9403fe1 	ldr	x1, [sp, #120]
    826171f4:	f942f802 	ldr	x2, [x0, #1520]
    826171f8:	eb020021 	subs	x1, x1, x2
    826171fc:	d2800002 	mov	x2, #0x0                   	// #0
    82617200:	54000760 	b.eq	826172ec <bcm_sec_boot_state+0x170>  // b.none
    82617204:	97ffec7e 	bl	826123fc <__stack_chk_fail>
    82617208:	9100e3e2 	add	x2, sp, #0x38
    8261720c:	910123e1 	add	x1, sp, #0x48
    82617210:	52800140 	mov	w0, #0xa                   	// #10
    82617214:	97ffee39 	bl	82612af8 <bcm_otp_read>
    82617218:	35fffe80 	cbnz	w0, 826171e8 <bcm_sec_boot_state+0x6c>
    8261721c:	9100e3e2 	add	x2, sp, #0x38
    82617220:	910163e1 	add	x1, sp, #0x58
    82617224:	528001a0 	mov	w0, #0xd                   	// #13
    82617228:	97ffee34 	bl	82612af8 <bcm_otp_read>
    8261722c:	2a0003f3 	mov	w19, w0
    82617230:	35fffdc0 	cbnz	w0, 826171e8 <bcm_sec_boot_state+0x6c>
    82617234:	f94027e0 	ldr	x0, [sp, #72]
    82617238:	b9400000 	ldr	w0, [x0]
    8261723c:	34fffd80 	cbz	w0, 826171ec <bcm_sec_boot_state+0x70>
    82617240:	f9402be0 	ldr	x0, [sp, #80]
    82617244:	b9400000 	ldr	w0, [x0]
    82617248:	34fffd20 	cbz	w0, 826171ec <bcm_sec_boot_state+0x70>
    8261724c:	f9402fe0 	ldr	x0, [sp, #88]
    82617250:	b9000295 	str	w21, [x20]
    82617254:	79400000 	ldrh	w0, [x0]
    82617258:	34fffca0 	cbz	w0, 826171ec <bcm_sec_boot_state+0x70>
    8261725c:	9100f3e2 	add	x2, sp, #0x3c
    82617260:	910183e1 	add	x1, sp, #0x60
    82617264:	2a1503e0 	mov	w0, w21
    82617268:	97ffee34 	bl	82612b38 <bcm_otp_ctl>
    8261726c:	2a0003f3 	mov	w19, w0
    82617270:	35fffbc0 	cbnz	w0, 826171e8 <bcm_sec_boot_state+0x6c>
    82617274:	b9403fe0 	ldr	w0, [sp, #60]
    82617278:	7215041f 	tst	w0, #0x1800
    8261727c:	54000101 	b.ne	8261729c <bcm_sec_boot_state+0x120>  // b.any
    82617280:	f9402fe0 	ldr	x0, [sp, #88]
    82617284:	2a1603e1 	mov	w1, w22
    82617288:	b9400002 	ldr	w2, [x0]
    8261728c:	b0000060 	adrp	x0, 82624000 <_ctype+0x15a>
    82617290:	91074c00 	add	x0, x0, #0x1d3
    82617294:	940018b9 	bl	8261d578 <printf>
    82617298:	17ffffd5 	b	826171ec <bcm_sec_boot_state+0x70>
    8261729c:	52800340 	mov	w0, #0x1a                  	// #26
    826172a0:	9100f3e2 	add	x2, sp, #0x3c
    826172a4:	910183e1 	add	x1, sp, #0x60
    826172a8:	290783ff 	stp	wzr, w0, [sp, #60]
    826172ac:	2a1503e0 	mov	w0, w21
    826172b0:	97ffee22 	bl	82612b38 <bcm_otp_ctl>
    826172b4:	2a0003f3 	mov	w19, w0
    826172b8:	35fff980 	cbnz	w0, 826171e8 <bcm_sec_boot_state+0x6c>
    826172bc:	b9403fe0 	ldr	w0, [sp, #60]
    826172c0:	7215041f 	tst	w0, #0x1800
    826172c4:	540000e1 	b.ne	826172e0 <bcm_sec_boot_state+0x164>  // b.any
    826172c8:	f9402fe0 	ldr	x0, [sp, #88]
    826172cc:	52800341 	mov	w1, #0x1a                  	// #26
    826172d0:	b9400002 	ldr	w2, [x0]
    826172d4:	b0000060 	adrp	x0, 82624000 <_ctype+0x15a>
    826172d8:	91084400 	add	x0, x0, #0x211
    826172dc:	17ffffee 	b	82617294 <bcm_sec_boot_state+0x118>
    826172e0:	52800040 	mov	w0, #0x2                   	// #2
    826172e4:	b9000280 	str	w0, [x20]
    826172e8:	17ffffc1 	b	826171ec <bcm_sec_boot_state+0x70>
    826172ec:	2a1303e0 	mov	w0, w19
    826172f0:	a94153f3 	ldp	x19, x20, [sp, #16]
    826172f4:	a9425bf5 	ldp	x21, x22, [sp, #32]
    826172f8:	a8c87bfd 	ldp	x29, x30, [sp], #128
    826172fc:	d65f03c0 	ret

0000000082617300 <bcm_sec>:
    82617300:	f0000060 	adrp	x0, 82626000 <spinand_chip_table+0xc96>
    82617304:	912f2000 	add	x0, x0, #0xbc8
    82617308:	d65f03c0 	ret
    8261730c:	d65f03c0 	ret

0000000082617310 <bcm_sec_clean_secmem>:
    82617310:	b9424000 	ldr	w0, [x0, #576]
    82617314:	f240041f 	tst	x0, #0x3
    82617318:	540000c0 	b.eq	82617330 <bcm_sec_clean_secmem+0x20>  // b.none
    8261731c:	d28e0000 	mov	x0, #0x7000                	// #28672
    82617320:	d2804802 	mov	x2, #0x240                 	// #576
    82617324:	52800001 	mov	w1, #0x0                   	// #0
    82617328:	f2bfff00 	movk	x0, #0xfff8, lsl #16
    8261732c:	1400132e 	b	8261bfe4 <memset>
    82617330:	d65f03c0 	ret

0000000082617334 <bcm_sec_btrm_key_info>:
    82617334:	a9be7bfd 	stp	x29, x30, [sp, #-32]!
    82617338:	d28e0001 	mov	x1, #0x7000                	// #28672
    8261733c:	d2802002 	mov	x2, #0x100                 	// #256
    82617340:	910003fd 	mov	x29, sp
    82617344:	f2bfff01 	movk	x1, #0xfff8, lsl #16
    82617348:	a90153f3 	stp	x19, x20, [sp, #16]
    8261734c:	aa0003f3 	mov	x19, x0
    82617350:	94001340 	bl	8261c050 <memcpy>
    82617354:	91081274 	add	x20, x19, #0x204
    82617358:	d28e4001 	mov	x1, #0x7200                	// #29184
    8261735c:	aa1403e0 	mov	x0, x20
    82617360:	d2800202 	mov	x2, #0x10                  	// #16
    82617364:	f2bfff01 	movk	x1, #0xfff8, lsl #16
    82617368:	9400133a 	bl	8261c050 <memcpy>
    8261736c:	d28e4401 	mov	x1, #0x7220                	// #29216
    82617370:	91085260 	add	x0, x19, #0x214
    82617374:	d2800202 	mov	x2, #0x10                  	// #16
    82617378:	f2bfff01 	movk	x1, #0xfff8, lsl #16
    8261737c:	94001335 	bl	8261c050 <memcpy>
    82617380:	f9011673 	str	x19, [x19, #552]
    82617384:	52802000 	mov	w0, #0x100                 	// #256
    82617388:	b9020260 	str	w0, [x19, #512]
    8261738c:	52800200 	mov	w0, #0x10                  	// #16
    82617390:	b9022660 	str	w0, [x19, #548]
    82617394:	f9011a74 	str	x20, [x19, #560]
    82617398:	52800000 	mov	w0, #0x0                   	// #0
    8261739c:	f9011e7f 	str	xzr, [x19, #568]
    826173a0:	a94153f3 	ldp	x19, x20, [sp, #16]
    826173a4:	a8c27bfd 	ldp	x29, x30, [sp], #32
    826173a8:	d65f03c0 	ret

00000000826173ac <bcm_sec_clean_keys>:
    826173ac:	a9be7bfd 	stp	x29, x30, [sp, #-32]!
    826173b0:	910003fd 	mov	x29, sp
    826173b4:	f9000bf3 	str	x19, [sp, #16]
    826173b8:	aa0003f3 	mov	x19, x0
    826173bc:	f9411800 	ldr	x0, [x0, #560]
    826173c0:	b4000080 	cbz	x0, 826173d0 <bcm_sec_clean_keys+0x24>
    826173c4:	d2800402 	mov	x2, #0x20                  	// #32
    826173c8:	52800001 	mov	w1, #0x0                   	// #0
    826173cc:	94001306 	bl	8261bfe4 <memset>
    826173d0:	aa1303e0 	mov	x0, x19
    826173d4:	d2804702 	mov	x2, #0x238                 	// #568
    826173d8:	f9400bf3 	ldr	x19, [sp, #16]
    826173dc:	52800001 	mov	w1, #0x0                   	// #0
    826173e0:	a8c27bfd 	ldp	x29, x30, [sp], #32
    826173e4:	14001300 	b	8261bfe4 <memset>
    826173e8:	d65f03c0 	ret

00000000826173ec <bcm_sec_cb_init>:
    826173ec:	90000001 	adrp	x1, 82617000 <early_abort+0x24c>
    826173f0:	911bf021 	add	x1, x1, #0x6fc
    826173f4:	f9017c01 	str	x1, [x0, #760]
    826173f8:	90000001 	adrp	x1, 82617000 <early_abort+0x24c>
    826173fc:	911ad021 	add	x1, x1, #0x6b4
    82617400:	f901d001 	str	x1, [x0, #928]
    82617404:	d65f03c0 	ret

0000000082617408 <bcm_sec_init>:
    82617408:	a9be7bfd 	stp	x29, x30, [sp, #-32]!
    8261740c:	910003fd 	mov	x29, sp
    82617410:	f9000bf3 	str	x19, [sp, #16]
    82617414:	f0000073 	adrp	x19, 82626000 <spinand_chip_table+0xc96>
    82617418:	912f2273 	add	x19, x19, #0xbc8
    8261741c:	aa1303e0 	mov	x0, x19
    82617420:	97fffff3 	bl	826173ec <bcm_sec_cb_init>
    82617424:	d2c00020 	mov	x0, #0x100000000           	// #4294967296
    82617428:	f9027a60 	str	x0, [x19, #1264]
    8261742c:	d2800040 	mov	x0, #0x2                   	// #2
    82617430:	f2c00060 	movk	x0, #0x3, lsl #32
    82617434:	f9027e60 	str	x0, [x19, #1272]
    82617438:	91090260 	add	x0, x19, #0x240
    8261743c:	97ffff50 	bl	8261717c <bcm_sec_boot_state>
    82617440:	b9424260 	ldr	w0, [x19, #576]
    82617444:	7100041f 	cmp	w0, #0x1
    82617448:	540000c0 	b.eq	82617460 <bcm_sec_init+0x58>  // b.none
    8261744c:	7100081f 	cmp	w0, #0x2
    82617450:	54000120 	b.eq	82617474 <bcm_sec_init+0x6c>  // b.none
    82617454:	b0000060 	adrp	x0, 82624000 <_ctype+0x15a>
    82617458:	9109ec00 	add	x0, x0, #0x27b
    8261745c:	14000003 	b	82617468 <bcm_sec_init+0x60>
    82617460:	b0000060 	adrp	x0, 82624000 <_ctype+0x15a>
    82617464:	91094000 	add	x0, x0, #0x250
    82617468:	f9400bf3 	ldr	x19, [sp, #16]
    8261746c:	a8c27bfd 	ldp	x29, x30, [sp], #32
    82617470:	14001842 	b	8261d578 <printf>
    82617474:	b0000060 	adrp	x0, 82624000 <_ctype+0x15a>
    82617478:	91099400 	add	x0, x0, #0x265
    8261747c:	17fffffb 	b	82617468 <bcm_sec_init+0x60>

0000000082617480 <bcm_sec_do>:
    82617480:	a9bb7bfd 	stp	x29, x30, [sp, #-80]!
    82617484:	910003fd 	mov	x29, sp
    82617488:	a90153f3 	stp	x19, x20, [sp, #16]
    8261748c:	f0000074 	adrp	x20, 82626000 <spinand_chip_table+0xc96>
    82617490:	912f2294 	add	x20, x20, #0xbc8
    82617494:	a9025bf5 	stp	x21, x22, [sp, #32]
    82617498:	2a0003f5 	mov	w21, w0
    8261749c:	a90363f7 	stp	x23, x24, [sp, #48]
    826174a0:	f90023f9 	str	x25, [sp, #64]
    826174a4:	b5000141 	cbnz	x1, 826174cc <bcm_sec_do+0x4c>
    826174a8:	36480435 	tbz	w21, #9, 8261752c <bcm_sec_do+0xac>
    826174ac:	b9024a9f 	str	wzr, [x20, #584]
    826174b0:	12800000 	mov	w0, #0xffffffff            	// #-1
    826174b4:	a94153f3 	ldp	x19, x20, [sp, #16]
    826174b8:	a9425bf5 	ldp	x21, x22, [sp, #32]
    826174bc:	a94363f7 	ldp	x23, x24, [sp, #48]
    826174c0:	f94023f9 	ldr	x25, [sp, #64]
    826174c4:	a8c57bfd 	ldp	x29, x30, [sp], #80
    826174c8:	d65f03c0 	ret
    826174cc:	910be282 	add	x2, x20, #0x2f8
    826174d0:	910a0025 	add	x5, x1, #0x280
    826174d4:	91028026 	add	x6, x1, #0xa0
    826174d8:	b9400023 	ldr	w3, [x1]
    826174dc:	34000123 	cbz	w3, 82617500 <bcm_sec_do+0x80>
    826174e0:	d1028040 	sub	x0, x2, #0xa0
    826174e4:	b9400004 	ldr	w4, [x0]
    826174e8:	6b04007f 	cmp	w3, w4
    826174ec:	54000040 	b.eq	826174f4 <bcm_sec_do+0x74>  // b.none
    826174f0:	35000164 	cbnz	w4, 8261751c <bcm_sec_do+0x9c>
    826174f4:	b9000003 	str	w3, [x0]
    826174f8:	f9400423 	ldr	x3, [x1, #8]
    826174fc:	f9000403 	str	x3, [x0, #8]
    82617500:	91004021 	add	x1, x1, #0x10
    82617504:	eb06003f 	cmp	x1, x6
    82617508:	54fffe81 	b.ne	826174d8 <bcm_sec_do+0x58>  // b.any
    8261750c:	9102a042 	add	x2, x2, #0xa8
    82617510:	eb0100bf 	cmp	x5, x1
    82617514:	54fffe01 	b.ne	826174d4 <bcm_sec_do+0x54>  // b.any
    82617518:	17ffffe4 	b	826174a8 <bcm_sec_do+0x28>
    8261751c:	91004000 	add	x0, x0, #0x10
    82617520:	eb02001f 	cmp	x0, x2
    82617524:	54fffe01 	b.ne	826174e4 <bcm_sec_do+0x64>  // b.any
    82617528:	17fffff6 	b	82617500 <bcm_sec_do+0x80>
    8261752c:	b9424a80 	ldr	w0, [x20, #584]
    82617530:	36400200 	tbz	w0, #8, 82617570 <bcm_sec_do+0xf0>
    82617534:	12177815 	and	w21, w0, #0xfffffeff
    82617538:	d2800016 	mov	x22, #0x0                   	// #0
    8261753c:	d2801518 	mov	x24, #0xa8                  	// #168
    82617540:	8b160280 	add	x0, x20, x22
    82617544:	b944f013 	ldr	w19, [x0, #1264]
    82617548:	9b187e73 	mul	x19, x19, x24
    8261754c:	8b130297 	add	x23, x20, x19
    82617550:	f9412ae0 	ldr	x0, [x23, #592]
    82617554:	b5000140 	cbnz	x0, 8261757c <bcm_sec_do+0xfc>
    82617558:	910012d6 	add	x22, x22, #0x4
    8261755c:	f10042df 	cmp	x22, #0x10
    82617560:	54ffff01 	b.ne	82617540 <bcm_sec_do+0xc0>  // b.any
    82617564:	52800000 	mov	w0, #0x0                   	// #0
    82617568:	b9024695 	str	w21, [x20, #580]
    8261756c:	17ffffd2 	b	826174b4 <bcm_sec_do+0x34>
    82617570:	3647fe55 	tbz	w21, #8, 82617538 <bcm_sec_do+0xb8>
    82617574:	b9024a95 	str	w21, [x20, #584]
    82617578:	17ffffce 	b	826174b0 <bcm_sec_do+0x30>
    8261757c:	91096273 	add	x19, x19, #0x258
    82617580:	8b130293 	add	x19, x20, x19
    82617584:	91028279 	add	x25, x19, #0xa0
    82617588:	b9400261 	ldr	w1, [x19]
    8261758c:	aa1403e0 	mov	x0, x20
    82617590:	f9400662 	ldr	x2, [x19, #8]
    82617594:	f9412ae3 	ldr	x3, [x23, #592]
    82617598:	d63f0060 	blr	x3
    8261759c:	b900027f 	str	wzr, [x19]
    826175a0:	f900067f 	str	xzr, [x19, #8]
    826175a4:	35fff860 	cbnz	w0, 826174b0 <bcm_sec_do+0x30>
    826175a8:	91004273 	add	x19, x19, #0x10
    826175ac:	eb19027f 	cmp	x19, x25
    826175b0:	54fffec1 	b.ne	82617588 <bcm_sec_do+0x108>  // b.any
    826175b4:	17ffffe9 	b	82617558 <bcm_sec_do+0xd8>
    826175b8:	d65f03c0 	ret

00000000826175bc <bcm_sec_lock>:
    826175bc:	d10a83ff 	sub	sp, sp, #0x2a0
    826175c0:	f0000060 	adrp	x0, 82626000 <spinand_chip_table+0xc96>
    826175c4:	d2805002 	mov	x2, #0x280                 	// #640
    826175c8:	a9007bfd 	stp	x29, x30, [sp]
    826175cc:	910003fd 	mov	x29, sp
    826175d0:	f942f801 	ldr	x1, [x0, #1520]
    826175d4:	f9014fe1 	str	x1, [sp, #664]
    826175d8:	d2800001 	mov	x1, #0x0                   	// #0
    826175dc:	910063e0 	add	x0, sp, #0x18
    826175e0:	94001281 	bl	8261bfe4 <memset>
    826175e4:	52800080 	mov	w0, #0x4                   	// #4
    826175e8:	b9015be0 	str	w0, [sp, #344]
    826175ec:	52800200 	mov	w0, #0x10                  	// #16
    826175f0:	910063e1 	add	x1, sp, #0x18
    826175f4:	b900bbe0 	str	w0, [sp, #184]
    826175f8:	52800040 	mov	w0, #0x2                   	// #2
    826175fc:	97ffffa1 	bl	82617480 <bcm_sec_do>
    82617600:	f0000060 	adrp	x0, 82626000 <spinand_chip_table+0xc96>
    82617604:	f9414fe1 	ldr	x1, [sp, #664]
    82617608:	f942f802 	ldr	x2, [x0, #1520]
    8261760c:	eb020021 	subs	x1, x1, x2
    82617610:	d2800002 	mov	x2, #0x0                   	// #0
    82617614:	54000040 	b.eq	8261761c <bcm_sec_lock+0x60>  // b.none
    82617618:	97ffeb79 	bl	826123fc <__stack_chk_fail>
    8261761c:	a9407bfd 	ldp	x29, x30, [sp]
    82617620:	910a83ff 	add	sp, sp, #0x2a0
    82617624:	d65f03c0 	ret

0000000082617628 <bcm_sec_deinit>:
    82617628:	a9be7bfd 	stp	x29, x30, [sp, #-32]!
    8261762c:	910003fd 	mov	x29, sp
    82617630:	f9000bf3 	str	x19, [sp, #16]
    82617634:	f0000073 	adrp	x19, 82626000 <spinand_chip_table+0xc96>
    82617638:	912f2273 	add	x19, x19, #0xbc8
    8261763c:	aa1303e0 	mov	x0, x19
    82617640:	97ffffdf 	bl	826175bc <bcm_sec_lock>
    82617644:	aa1303e0 	mov	x0, x19
    82617648:	97ffff32 	bl	82617310 <bcm_sec_clean_secmem>
    8261764c:	aa1303e0 	mov	x0, x19
    82617650:	97ffff57 	bl	826173ac <bcm_sec_clean_keys>
    82617654:	aa1303e0 	mov	x0, x19
    82617658:	d280a002 	mov	x2, #0x500                 	// #1280
    8261765c:	f9400bf3 	ldr	x19, [sp, #16]
    82617660:	52800001 	mov	w1, #0x0                   	// #0
    82617664:	a8c27bfd 	ldp	x29, x30, [sp], #32
    82617668:	1400125f 	b	8261bfe4 <memset>

000000008261766c <bcm_sec_abort>:
    8261766c:	a9bf7bfd 	stp	x29, x30, [sp, #-16]!
    82617670:	910003fd 	mov	x29, sp
    82617674:	97ffffed 	bl	82617628 <bcm_sec_deinit>
    82617678:	97ffecf0 	bl	82612a38 <bcm_otp_deinit>
    8261767c:	940029f3 	bl	82621e48 <watchdog_reset>
    82617680:	b0000060 	adrp	x0, 82624000 <_ctype+0x15a>
    82617684:	91066c00 	add	x0, x0, #0x19b
    82617688:	940002bd 	bl	8261817c <puts>
    8261768c:	128003a0 	mov	w0, #0xffffffe2            	// #-30
    82617690:	94000030 	bl	82617750 <show_boot_progress>
    82617694:	f9408a40 	ldr	x0, [x18, #272]
    82617698:	52800001 	mov	w1, #0x0                   	// #0
    8261769c:	f9408e42 	ldr	x2, [x18, #280]
    826176a0:	94001251 	bl	8261bfe4 <memset>
    826176a4:	d2900001 	mov	x1, #0x8000                	// #32768
    826176a8:	d2a0a000 	mov	x0, #0x5000000             	// #83886080
    826176ac:	97fffa05 	bl	82615ec0 <dcache_sanitize_disable>
    826176b0:	14000000 	b	826176b0 <bcm_sec_abort+0x44>

00000000826176b4 <sec_otp_ctrl>:
    826176b4:	7100103f 	cmp	w1, #0x4
    826176b8:	540001e1 	b.ne	826176f4 <sec_otp_ctrl+0x40>  // b.any
    826176bc:	a9bf7bfd 	stp	x29, x30, [sp, #-16]!
    826176c0:	d2800002 	mov	x2, #0x0                   	// #0
    826176c4:	52802001 	mov	w1, #0x100                 	// #256
    826176c8:	910003fd 	mov	x29, sp
    826176cc:	52800040 	mov	w0, #0x2                   	// #2
    826176d0:	97ffed27 	bl	82612b6c <bcm_sotp_ctl_perm>
    826176d4:	3100081f 	cmn	w0, #0x2
    826176d8:	54000081 	b.ne	826176e8 <sec_otp_ctrl+0x34>  // b.any
    826176dc:	b0000060 	adrp	x0, 82624000 <_ctype+0x15a>
    826176e0:	9129d800 	add	x0, x0, #0xa76
    826176e4:	940017a5 	bl	8261d578 <printf>
    826176e8:	52800000 	mov	w0, #0x0                   	// #0
    826176ec:	a8c17bfd 	ldp	x29, x30, [sp], #16
    826176f0:	d65f03c0 	ret
    826176f4:	52800000 	mov	w0, #0x0                   	// #0
    826176f8:	d65f03c0 	ret

00000000826176fc <sec_key_ctrl>:
    826176fc:	a9be7bfd 	stp	x29, x30, [sp, #-32]!
    82617700:	910003fd 	mov	x29, sp
    82617704:	f9000bf3 	str	x19, [sp, #16]
    82617708:	aa0003f3 	mov	x19, x0
    8261770c:	7100283f 	cmp	w1, #0xa
    82617710:	540000e0 	b.eq	8261772c <sec_key_ctrl+0x30>  // b.none
    82617714:	7100403f 	cmp	w1, #0x10
    82617718:	54000140 	b.eq	82617740 <sec_key_ctrl+0x44>  // b.none
    8261771c:	52800000 	mov	w0, #0x0                   	// #0
    82617720:	f9400bf3 	ldr	x19, [sp, #16]
    82617724:	a8c27bfd 	ldp	x29, x30, [sp], #32
    82617728:	d65f03c0 	ret
    8261772c:	b9424001 	ldr	w1, [x0, #576]
    82617730:	f240043f 	tst	x1, #0x3
    82617734:	54ffff40 	b.eq	8261771c <sec_key_ctrl+0x20>  // b.none
    82617738:	97fffeff 	bl	82617334 <bcm_sec_btrm_key_info>
    8261773c:	17fffff8 	b	8261771c <sec_key_ctrl+0x20>
    82617740:	97fffef4 	bl	82617310 <bcm_sec_clean_secmem>
    82617744:	aa1303e0 	mov	x0, x19
    82617748:	97ffff19 	bl	826173ac <bcm_sec_clean_keys>
    8261774c:	17fffff4 	b	8261771c <sec_key_ctrl+0x20>

0000000082617750 <show_boot_progress>:
    82617750:	d65f03c0 	ret

0000000082617754 <spl_common_init.constprop.0>:
    82617754:	a9bf7bfd 	stp	x29, x30, [sp, #-16]!
    82617758:	d2860001 	mov	x1, #0x3000                	// #12288
    8261775c:	52801440 	mov	w0, #0xa2                  	// #162
    82617760:	910003fd 	mov	x29, sp
    82617764:	f9008e41 	str	x1, [x18, #280]
    82617768:	f900925f 	str	xzr, [x18, #288]
    8261776c:	97fffff9 	bl	82617750 <show_boot_progress>
    82617770:	9400117f 	bl	8261bd6c <fdtdec_setup>
    82617774:	35000080 	cbnz	w0, 82617784 <spl_common_init.constprop.0+0x30>
    82617778:	a8c17bfd 	ldp	x29, x30, [sp], #16
    8261777c:	52800020 	mov	w0, #0x1                   	// #1
    82617780:	14001d5a 	b	8261ece8 <dm_init_and_scan>
    82617784:	a8c17bfd 	ldp	x29, x30, [sp], #16
    82617788:	d65f03c0 	ret

000000008261778c <spl_perform_fixups>:
    8261778c:	d65f03c0 	ret

0000000082617790 <spl_board_prepare_for_boot>:
    82617790:	d65f03c0 	ret

0000000082617794 <jump_to_image_no_args>:
    82617794:	a9bf7bfd 	stp	x29, x30, [sp, #-16]!
    82617798:	910003fd 	mov	x29, sp
    8261779c:	f9400c00 	ldr	x0, [x0, #24]
    826177a0:	d63f0000 	blr	x0

00000000826177a4 <spl_set_bd>:
    826177a4:	f9400240 	ldr	x0, [x18]
    826177a8:	b5000080 	cbnz	x0, 826177b8 <spl_set_bd+0x14>
    826177ac:	90000080 	adrp	x0, 82627000 <s_bcm_sec+0x438>
    826177b0:	911ca000 	add	x0, x0, #0x728
    826177b4:	f9000240 	str	x0, [x18]
    826177b8:	d65f03c0 	ret

00000000826177bc <spl_early_init>:
    826177bc:	a9bf7bfd 	stp	x29, x30, [sp, #-16]!
    826177c0:	910003fd 	mov	x29, sp
    826177c4:	97ffffe4 	bl	82617754 <spl_common_init.constprop.0>
    826177c8:	35000080 	cbnz	w0, 826177d8 <spl_early_init+0x1c>
    826177cc:	f9400641 	ldr	x1, [x18, #8]
    826177d0:	b2720021 	orr	x1, x1, #0x4000
    826177d4:	f9000641 	str	x1, [x18, #8]
    826177d8:	a8c17bfd 	ldp	x29, x30, [sp], #16
    826177dc:	d65f03c0 	ret

00000000826177e0 <spl_init>:
    826177e0:	f9400640 	ldr	x0, [x18, #8]
    826177e4:	367000c0 	tbz	w0, #14, 826177fc <spl_init+0x1c>
    826177e8:	f9400640 	ldr	x0, [x18, #8]
    826177ec:	b2760000 	orr	x0, x0, #0x400
    826177f0:	f9000640 	str	x0, [x18, #8]
    826177f4:	52800000 	mov	w0, #0x0                   	// #0
    826177f8:	d65f03c0 	ret
    826177fc:	a9bf7bfd 	stp	x29, x30, [sp, #-16]!
    82617800:	910003fd 	mov	x29, sp
    82617804:	97ffffd4 	bl	82617754 <spl_common_init.constprop.0>
    82617808:	350000a0 	cbnz	w0, 8261781c <spl_init+0x3c>
    8261780c:	f9400640 	ldr	x0, [x18, #8]
    82617810:	b2760000 	orr	x0, x0, #0x400
    82617814:	f9000640 	str	x0, [x18, #8]
    82617818:	52800000 	mov	w0, #0x0                   	// #0
    8261781c:	a8c17bfd 	ldp	x29, x30, [sp], #16
    82617820:	d65f03c0 	ret

0000000082617824 <board_boot_order>:
    82617824:	a9be7bfd 	stp	x29, x30, [sp, #-32]!
    82617828:	910003fd 	mov	x29, sp
    8261782c:	f9000bf3 	str	x19, [sp, #16]
    82617830:	aa0003f3 	mov	x19, x0
    82617834:	97fffc58 	bl	82616994 <spl_boot_device>
    82617838:	b9000260 	str	w0, [x19]
    8261783c:	f9400bf3 	ldr	x19, [sp, #16]
    82617840:	a8c27bfd 	ldp	x29, x30, [sp], #32
    82617844:	d65f03c0 	ret

0000000082617848 <board_init_r>:
    82617848:	a9b47bfd 	stp	x29, x30, [sp, #-192]!
    8261784c:	f0000060 	adrp	x0, 82626000 <spinand_chip_table+0xc96>
    82617850:	910003fd 	mov	x29, sp
    82617854:	a90153f3 	stp	x19, x20, [sp, #16]
    82617858:	a9025bf5 	stp	x21, x22, [sp, #32]
    8261785c:	a90363f7 	stp	x23, x24, [sp, #48]
    82617860:	a9046bf9 	stp	x25, x26, [sp, #64]
    82617864:	f942f801 	ldr	x1, [x0, #1520]
    82617868:	f9005fe1 	str	x1, [sp, #184]
    8261786c:	d2800001 	mov	x1, #0x0                   	// #0
    82617870:	5297dde0 	mov	w0, #0xbeef                	// #48879
    82617874:	72bbd5a0 	movk	w0, #0xdead, lsl #16
    82617878:	291403e0 	stp	w0, w0, [sp, #160]
    8261787c:	291503e0 	stp	w0, w0, [sp, #168]
    82617880:	b900b3e0 	str	w0, [sp, #176]
    82617884:	97ffffc8 	bl	826177a4 <spl_set_bd>
    82617888:	f9400640 	ldr	x0, [x18, #8]
    8261788c:	37500080 	tbnz	w0, #10, 8261789c <board_init_r+0x54>
    82617890:	97ffffd4 	bl	826177e0 <spl_init>
    82617894:	34000040 	cbz	w0, 8261789c <board_init_r+0x54>
    82617898:	9400117a 	bl	8261be80 <hang>
    8261789c:	94001238 	bl	8261c17c <timer_init>
    826178a0:	940001a4 	bl	82617f30 <jumptable_init>
    826178a4:	97fffcac 	bl	82616b54 <spl_board_init>
    826178a8:	91064242 	add	x2, x18, #0x190
    826178ac:	52800001 	mov	w1, #0x0                   	// #0
    826178b0:	52800be0 	mov	w0, #0x5f                  	// #95
    826178b4:	94001e9a 	bl	8261f31c <uclass_get_device_by_seq>
    826178b8:	34000500 	cbz	w0, 82617958 <board_init_r+0x110>
    826178bc:	91064242 	add	x2, x18, #0x190
    826178c0:	52800001 	mov	w1, #0x0                   	// #0
    826178c4:	52800be0 	mov	w0, #0x5f                  	// #95
    826178c8:	94001e7c 	bl	8261f2b8 <uclass_get_device>
    826178cc:	34000460 	cbz	w0, 82617958 <board_init_r+0x110>
    826178d0:	d0000060 	adrp	x0, 82625000 <hex_asc+0x7ab>
    826178d4:	911b5400 	add	x0, x0, #0x6d5
    826178d8:	94001728 	bl	8261d578 <printf>
    826178dc:	d2800702 	mov	x2, #0x38                  	// #56
    826178e0:	52800001 	mov	w1, #0x0                   	// #0
    826178e4:	90000096 	adrp	x22, 82627000 <s_bcm_sec+0x438>
    826178e8:	90000093 	adrp	x19, 82627000 <s_bcm_sec+0x438>
    826178ec:	913d82d6 	add	x22, x22, #0xf60
    826178f0:	913d8273 	add	x19, x19, #0xf60
    826178f4:	9101a3e0 	add	x0, sp, #0x68
    826178f8:	cb160273 	sub	x19, x19, x22
    826178fc:	940011ba 	bl	8261bfe4 <memset>
    82617900:	5297ddf7 	mov	w23, #0xbeef                	// #48879
    82617904:	910283e0 	add	x0, sp, #0xa0
    82617908:	72bbd5b7 	movk	w23, #0xdead, lsl #16
    8261790c:	b9008bf7 	str	w23, [sp, #136]
    82617910:	97ffffc5 	bl	82617824 <board_boot_order>
    82617914:	9343fe73 	asr	x19, x19, #3
    82617918:	b201f3e0 	mov	x0, #0xaaaaaaaaaaaaaaaa    	// #-6148914691236517206
    8261791c:	f2955560 	movk	x0, #0xaaab
    82617920:	b0000078 	adrp	x24, 82624000 <_ctype+0x15a>
    82617924:	b000007a 	adrp	x26, 82624000 <_ctype+0x15a>
    82617928:	910283f4 	add	x20, sp, #0xa0
    8261792c:	9b007e73 	mul	x19, x19, x0
    82617930:	52800300 	mov	w0, #0x18                  	// #24
    82617934:	910c4718 	add	x24, x24, #0x311
    82617938:	910be75a 	add	x26, x26, #0x2f9
    8261793c:	528000b9 	mov	w25, #0x5                   	// #5
    82617940:	9b205a73 	smaddl	x19, w19, w0, x22
    82617944:	b9400280 	ldr	w0, [x20]
    82617948:	6b17001f 	cmp	w0, w23
    8261794c:	54000480 	b.eq	826179dc <board_init_r+0x194>  // b.none
    82617950:	aa1603f5 	mov	x21, x22
    82617954:	1400001b 	b	826179c0 <board_init_r+0x178>
    82617958:	f940ca40 	ldr	x0, [x18, #400]
    8261795c:	52800782 	mov	w2, #0x3c                  	// #60
    82617960:	d0000061 	adrp	x1, 82625000 <hex_asc+0x7ab>
    82617964:	911ba021 	add	x1, x1, #0x6e8
    82617968:	f9401400 	ldr	x0, [x0, #40]
    8261796c:	94001fa7 	bl	8261f808 <ofnode_read_u32_default>
    82617970:	2a0003f3 	mov	w19, w0
    82617974:	52807d01 	mov	w1, #0x3e8                 	// #1000
    82617978:	d2800002 	mov	x2, #0x0                   	// #0
    8261797c:	1b017c01 	mul	w1, w0, w1
    82617980:	f940ca40 	ldr	x0, [x18, #400]
    82617984:	94002921 	bl	82621e08 <wdt_start>
    82617988:	f9400640 	ldr	x0, [x18, #8]
    8261798c:	2a1303e2 	mov	w2, w19
    82617990:	b0000061 	adrp	x1, 82624000 <_ctype+0x15a>
    82617994:	9115ac21 	add	x1, x1, #0x56b
    82617998:	b2700000 	orr	x0, x0, #0x10000
    8261799c:	f9000640 	str	x0, [x18, #8]
    826179a0:	d0000060 	adrp	x0, 82625000 <hex_asc+0x7ab>
    826179a4:	911bd000 	add	x0, x0, #0x6f4
    826179a8:	940016f4 	bl	8261d578 <printf>
    826179ac:	17ffffcc 	b	826178dc <board_init_r+0x94>
    826179b0:	b9400aa1 	ldr	w1, [x21, #8]
    826179b4:	6b01001f 	cmp	w0, w1
    826179b8:	540001a0 	b.eq	826179ec <board_init_r+0x1a4>  // b.none
    826179bc:	910062b5 	add	x21, x21, #0x18
    826179c0:	eb1302bf 	cmp	x21, x19
    826179c4:	54ffff61 	b.ne	826179b0 <board_init_r+0x168>  // b.any
    826179c8:	aa1803e0 	mov	x0, x24
    826179cc:	940001ec 	bl	8261817c <puts>
    826179d0:	91001294 	add	x20, x20, #0x4
    826179d4:	71000739 	subs	w25, w25, #0x1
    826179d8:	54fffb61 	b.ne	82617944 <board_init_r+0xfc>  // b.any
    826179dc:	b0000060 	adrp	x0, 82624000 <_ctype+0x15a>
    826179e0:	910cc000 	add	x0, x0, #0x330
    826179e4:	940001e6 	bl	8261817c <puts>
    826179e8:	17ffffac 	b	82617898 <board_init_r+0x50>
    826179ec:	f94002a1 	ldr	x1, [x21]
    826179f0:	aa1a03e0 	mov	x0, x26
    826179f4:	940016e1 	bl	8261d578 <printf>
    826179f8:	f90033ff 	str	xzr, [sp, #96]
    826179fc:	f9400aa2 	ldr	x2, [x21, #16]
    82617a00:	910163e1 	add	x1, sp, #0x58
    82617a04:	b9400aa0 	ldr	w0, [x21, #8]
    82617a08:	b9005be0 	str	w0, [sp, #88]
    82617a0c:	9101a3e0 	add	x0, sp, #0x68
    82617a10:	d63f0040 	blr	x2
    82617a14:	35fffde0 	cbnz	w0, 826179d0 <board_init_r+0x188>
    82617a18:	b9400280 	ldr	w0, [x20]
    82617a1c:	b9008be0 	str	w0, [sp, #136]
    82617a20:	9101a3e0 	add	x0, sp, #0x68
    82617a24:	97ffff5a 	bl	8261778c <spl_perform_fixups>
    82617a28:	97ffff5a 	bl	82617790 <spl_board_prepare_for_boot>
    82617a2c:	9101a3e0 	add	x0, sp, #0x68
    82617a30:	97ffff59 	bl	82617794 <jump_to_image_no_args>

0000000082617a34 <preloader_console_init>:
    82617a34:	a9bf7bfd 	stp	x29, x30, [sp, #-16]!
    82617a38:	52984001 	mov	w1, #0xc200                	// #49664
    82617a3c:	72a00021 	movk	w1, #0x1, lsl #16
    82617a40:	910003fd 	mov	x29, sp
    82617a44:	b9001241 	str	w1, [x18, #16]
    82617a48:	94002051 	bl	8261fb8c <serial_init>
    82617a4c:	d2800021 	mov	x1, #0x1                   	// #1
    82617a50:	f9001e41 	str	x1, [x18, #56]
    82617a54:	b0000060 	adrp	x0, 82624000 <_ctype+0x15a>
    82617a58:	91290800 	add	x0, x0, #0xa42
    82617a5c:	a8c17bfd 	ldp	x29, x30, [sp], #16
    82617a60:	140001c7 	b	8261817c <puts>

0000000082617a64 <spl_relocate_stack_gd>:
    82617a64:	d2800000 	mov	x0, #0x0                   	// #0
    82617a68:	d65f03c0 	ret

0000000082617a6c <board_init_f_alloc_reserve>:
    82617a6c:	928632e1 	mov	x1, #0xffffffffffffce68    	// #-12696
    82617a70:	8b010000 	add	x0, x0, x1
    82617a74:	927cec00 	and	x0, x0, #0xfffffffffffffff0
    82617a78:	d65f03c0 	ret

0000000082617a7c <board_init_f_init_reserve>:
    82617a7c:	a9be7bfd 	stp	x29, x30, [sp, #-32]!
    82617a80:	d2803302 	mov	x2, #0x198                 	// #408
    82617a84:	52800001 	mov	w1, #0x0                   	// #0
    82617a88:	910003fd 	mov	x29, sp
    82617a8c:	f9000bf3 	str	x19, [sp, #16]
    82617a90:	aa0003f3 	mov	x19, x0
    82617a94:	91068273 	add	x19, x19, #0x1a0
    82617a98:	94001153 	bl	8261bfe4 <memset>
    82617a9c:	f9008a53 	str	x19, [x18, #272]
    82617aa0:	f9400bf3 	ldr	x19, [sp, #16]
    82617aa4:	a8c27bfd 	ldp	x29, x30, [sp], #32
    82617aa8:	d65f03c0 	ret

0000000082617aac <of_bus_default_map>:
    82617aac:	2a0203e8 	mov	w8, w2
    82617ab0:	d2800006 	mov	x6, #0x0                   	// #0
    82617ab4:	d2800005 	mov	x5, #0x0                   	// #0
    82617ab8:	eb06011f 	cmp	x8, x6
    82617abc:	540002a1 	b.ne	82617b10 <of_bus_default_map+0x64>  // b.any
    82617ac0:	93407c84 	sxtw	x4, w4
    82617ac4:	8b22c082 	add	x2, x4, w2, sxtw
    82617ac8:	d2800004 	mov	x4, #0x0                   	// #0
    82617acc:	8b020822 	add	x2, x1, x2, lsl #2
    82617ad0:	2a0303e1 	mov	w1, w3
    82617ad4:	d2800003 	mov	x3, #0x0                   	// #0
    82617ad8:	eb04003f 	cmp	x1, x4
    82617adc:	54000241 	b.ne	82617b24 <of_bus_default_map+0x78>  // b.any
    82617ae0:	d2800002 	mov	x2, #0x0                   	// #0
    82617ae4:	d2800001 	mov	x1, #0x0                   	// #0
    82617ae8:	eb02011f 	cmp	x8, x2
    82617aec:	54000261 	b.ne	82617b38 <of_bus_default_map+0x8c>  // b.any
    82617af0:	eb05003f 	cmp	x1, x5
    82617af4:	540002c3 	b.cc	82617b4c <of_bus_default_map+0xa0>  // b.lo, b.ul, b.last
    82617af8:	8b050063 	add	x3, x3, x5
    82617afc:	cb050025 	sub	x5, x1, x5
    82617b00:	eb01007f 	cmp	x3, x1
    82617b04:	b2407fe0 	mov	x0, #0xffffffff            	// #4294967295
    82617b08:	9a8080a0 	csel	x0, x5, x0, hi  // hi = pmore
    82617b0c:	d65f03c0 	ret
    82617b10:	b8667827 	ldr	w7, [x1, x6, lsl #2]
    82617b14:	910004c6 	add	x6, x6, #0x1
    82617b18:	5ac008e7 	rev	w7, w7
    82617b1c:	aa0580e5 	orr	x5, x7, x5, lsl #32
    82617b20:	17ffffe6 	b	82617ab8 <of_bus_default_map+0xc>
    82617b24:	b8647846 	ldr	w6, [x2, x4, lsl #2]
    82617b28:	91000484 	add	x4, x4, #0x1
    82617b2c:	5ac008c6 	rev	w6, w6
    82617b30:	aa0380c3 	orr	x3, x6, x3, lsl #32
    82617b34:	17ffffe9 	b	82617ad8 <of_bus_default_map+0x2c>
    82617b38:	b8627804 	ldr	w4, [x0, x2, lsl #2]
    82617b3c:	91000442 	add	x2, x2, #0x1
    82617b40:	5ac00884 	rev	w4, w4
    82617b44:	aa018081 	orr	x1, x4, x1, lsl #32
    82617b48:	17ffffe8 	b	82617ae8 <of_bus_default_map+0x3c>
    82617b4c:	b2407fe0 	mov	x0, #0xffffffff            	// #4294967295
    82617b50:	17ffffef 	b	82617b0c <of_bus_default_map+0x60>

0000000082617b54 <of_bus_default_translate>:
    82617b54:	a9bc7bfd 	stp	x29, x30, [sp, #-64]!
    82617b58:	2a0203e2 	mov	w2, w2
    82617b5c:	910003fd 	mov	x29, sp
    82617b60:	a9025bf5 	stp	x21, x22, [sp, #32]
    82617b64:	aa0203f5 	mov	x21, x2
    82617b68:	f9001bf7 	str	x23, [sp, #48]
    82617b6c:	aa0103f7 	mov	x23, x1
    82617b70:	a90153f3 	stp	x19, x20, [sp, #16]
    82617b74:	aa0003f3 	mov	x19, x0
    82617b78:	d2800014 	mov	x20, #0x0                   	// #0
    82617b7c:	d2800000 	mov	x0, #0x0                   	// #0
    82617b80:	eb02001f 	cmp	x0, x2
    82617b84:	540003a1 	b.ne	82617bf8 <of_bus_default_translate+0xa4>  // b.any
    82617b88:	531e76b6 	lsl	w22, w21, #2
    82617b8c:	aa1303e0 	mov	x0, x19
    82617b90:	52800001 	mov	w1, #0x0                   	// #0
    82617b94:	8b170294 	add	x20, x20, x23
    82617b98:	93407ed6 	sxtw	x22, w22
    82617b9c:	aa1603e2 	mov	x2, x22
    82617ba0:	94001111 	bl	8261bfe4 <memset>
    82617ba4:	710006bf 	cmp	w21, #0x1
    82617ba8:	8b160273 	add	x19, x19, x22
    82617bac:	5400016d 	b.le	82617bd8 <of_bus_default_translate+0x84>
    82617bb0:	d360fe81 	lsr	x1, x20, #32
    82617bb4:	53185c20 	lsl	w0, w1, #8
    82617bb8:	53087c22 	lsr	w2, w1, #8
    82617bbc:	12181c42 	and	w2, w2, #0xff00
    82617bc0:	12101c00 	and	w0, w0, #0xff0000
    82617bc4:	2a020000 	orr	w0, w0, w2
    82617bc8:	53187c22 	lsr	w2, w1, #24
    82617bcc:	2a016041 	orr	w1, w2, w1, lsl #24
    82617bd0:	2a010000 	orr	w0, w0, w1
    82617bd4:	b81f8260 	stur	w0, [x19, #-8]
    82617bd8:	5ac00a94 	rev	w20, w20
    82617bdc:	b81fc274 	stur	w20, [x19, #-4]
    82617be0:	52800000 	mov	w0, #0x0                   	// #0
    82617be4:	a94153f3 	ldp	x19, x20, [sp, #16]
    82617be8:	a9425bf5 	ldp	x21, x22, [sp, #32]
    82617bec:	f9401bf7 	ldr	x23, [sp, #48]
    82617bf0:	a8c47bfd 	ldp	x29, x30, [sp], #64
    82617bf4:	d65f03c0 	ret
    82617bf8:	b8607a61 	ldr	w1, [x19, x0, lsl #2]
    82617bfc:	91000400 	add	x0, x0, #0x1
    82617c00:	5ac00821 	rev	w1, w1
    82617c04:	aa148034 	orr	x20, x1, x20, lsl #32
    82617c08:	17ffffde 	b	82617b80 <of_bus_default_translate+0x2c>

0000000082617c0c <fdt_support_default_count_cells>:
    82617c0c:	a9bd7bfd 	stp	x29, x30, [sp, #-48]!
    82617c10:	910003fd 	mov	x29, sp
    82617c14:	a90153f3 	stp	x19, x20, [sp, #16]
    82617c18:	aa0303f3 	mov	x19, x3
    82617c1c:	a9025bf5 	stp	x21, x22, [sp, #32]
    82617c20:	aa0003f5 	mov	x21, x0
    82617c24:	2a0103f6 	mov	w22, w1
    82617c28:	b4000082 	cbz	x2, 82617c38 <fdt_support_default_count_cells+0x2c>
    82617c2c:	aa0203f4 	mov	x20, x2
    82617c30:	94000b72 	bl	8261a9f8 <fdt_address_cells>
    82617c34:	b9000280 	str	w0, [x20]
    82617c38:	b4000173 	cbz	x19, 82617c64 <fdt_support_default_count_cells+0x58>
    82617c3c:	b0000062 	adrp	x2, 82624000 <_ctype+0x15a>
    82617c40:	2a1603e1 	mov	w1, w22
    82617c44:	911eb442 	add	x2, x2, #0x7ad
    82617c48:	aa1503e0 	mov	x0, x21
    82617c4c:	d2800003 	mov	x3, #0x0                   	// #0
    82617c50:	94000cd7 	bl	8261afac <fdt_getprop>
    82617c54:	b4000100 	cbz	x0, 82617c74 <fdt_support_default_count_cells+0x68>
    82617c58:	b9400000 	ldr	w0, [x0]
    82617c5c:	5ac00800 	rev	w0, w0
    82617c60:	b9000260 	str	w0, [x19]
    82617c64:	a94153f3 	ldp	x19, x20, [sp, #16]
    82617c68:	a9425bf5 	ldp	x21, x22, [sp, #32]
    82617c6c:	a8c37bfd 	ldp	x29, x30, [sp], #48
    82617c70:	d65f03c0 	ret
    82617c74:	52800020 	mov	w0, #0x1                   	// #1
    82617c78:	17fffffa 	b	82617c60 <fdt_support_default_count_cells+0x54>

0000000082617c7c <fdt_translate_address>:
    82617c7c:	a9b67bfd 	stp	x29, x30, [sp, #-160]!
    82617c80:	910003fd 	mov	x29, sp
    82617c84:	a90153f3 	stp	x19, x20, [sp, #16]
    82617c88:	aa0003f3 	mov	x19, x0
    82617c8c:	a9025bf5 	stp	x21, x22, [sp, #32]
    82617c90:	aa0203f5 	mov	x21, x2
    82617c94:	f0000062 	adrp	x2, 82626000 <spinand_chip_table+0xc96>
    82617c98:	a90363f7 	stp	x23, x24, [sp, #48]
    82617c9c:	2a0103f7 	mov	w23, w1
    82617ca0:	a9046bf9 	stp	x25, x26, [sp, #64]
    82617ca4:	a90573fb 	stp	x27, x28, [sp, #80]
    82617ca8:	f942f843 	ldr	x3, [x2, #1520]
    82617cac:	f9004fe3 	str	x3, [sp, #152]
    82617cb0:	d2800003 	mov	x3, #0x0                   	// #0
    82617cb4:	94000daf 	bl	8261b370 <fdt_parent_offset>
    82617cb8:	37f80360 	tbnz	w0, #31, 82617d24 <fdt_translate_address+0xa8>
    82617cbc:	90000096 	adrp	x22, 82627000 <s_bcm_sec+0x438>
    82617cc0:	911f02d6 	add	x22, x22, #0x7c0
    82617cc4:	2a0003e1 	mov	w1, w0
    82617cc8:	2a0003f4 	mov	w20, w0
    82617ccc:	9101e3e3 	add	x3, sp, #0x78
    82617cd0:	aa1303e0 	mov	x0, x19
    82617cd4:	f9400ec4 	ldr	x4, [x22, #24]
    82617cd8:	9101d3e2 	add	x2, sp, #0x74
    82617cdc:	d63f0080 	blr	x4
    82617ce0:	b94077e0 	ldr	w0, [sp, #116]
    82617ce4:	51000401 	sub	w1, w0, #0x1
    82617ce8:	71000c3f 	cmp	w1, #0x3
    82617cec:	54000088 	b.hi	82617cfc <fdt_translate_address+0x80>  // b.pmore
    82617cf0:	b9407be1 	ldr	w1, [sp, #120]
    82617cf4:	7100003f 	cmp	w1, #0x0
    82617cf8:	540001ac 	b.gt	82617d2c <fdt_translate_address+0xb0>
    82617cfc:	2a1703e1 	mov	w1, w23
    82617d00:	d2800002 	mov	x2, #0x0                   	// #0
    82617d04:	aa1303e0 	mov	x0, x19
    82617d08:	94000c03 	bl	8261ad14 <fdt_get_name>
    82617d0c:	90000061 	adrp	x1, 82623000 <clk_fixed_rate_ops+0x18>
    82617d10:	aa0003e2 	mov	x2, x0
    82617d14:	91355c21 	add	x1, x1, #0xd57
    82617d18:	b0000060 	adrp	x0, 82624000 <_ctype+0x15a>
    82617d1c:	911ee400 	add	x0, x0, #0x7b9
    82617d20:	94001616 	bl	8261d578 <printf>
    82617d24:	b2407fe0 	mov	x0, #0xffffffff            	// #4294967295
    82617d28:	14000014 	b	82617d78 <fdt_translate_address+0xfc>
    82617d2c:	b0000078 	adrp	x24, 82624000 <_ctype+0x15a>
    82617d30:	911f5318 	add	x24, x24, #0x7d4
    82617d34:	531e7400 	lsl	w0, w0, #2
    82617d38:	b2407ffa 	mov	x26, #0xffffffff            	// #4294967295
    82617d3c:	aa1503e1 	mov	x1, x21
    82617d40:	93407c02 	sxtw	x2, w0
    82617d44:	910223e0 	add	x0, sp, #0x88
    82617d48:	940010c2 	bl	8261c050 <memcpy>
    82617d4c:	2a1403e1 	mov	w1, w20
    82617d50:	aa1303e0 	mov	x0, x19
    82617d54:	94000d87 	bl	8261b370 <fdt_parent_offset>
    82617d58:	2a0003f7 	mov	w23, w0
    82617d5c:	36f80240 	tbz	w0, #31, 82617da4 <fdt_translate_address+0x128>
    82617d60:	b94077e1 	ldr	w1, [sp, #116]
    82617d64:	910223e3 	add	x3, sp, #0x88
    82617d68:	d2800000 	mov	x0, #0x0                   	// #0
    82617d6c:	51000421 	sub	w1, w1, #0x1
    82617d70:	3100043f 	cmn	w1, #0x1
    82617d74:	54000101 	b.ne	82617d94 <fdt_translate_address+0x118>  // b.any
    82617d78:	f0000061 	adrp	x1, 82626000 <spinand_chip_table+0xc96>
    82617d7c:	f9404fe2 	ldr	x2, [sp, #152]
    82617d80:	f942f823 	ldr	x3, [x1, #1520]
    82617d84:	eb030042 	subs	x2, x2, x3
    82617d88:	d2800003 	mov	x3, #0x0                   	// #0
    82617d8c:	54000b80 	b.eq	82617efc <fdt_translate_address+0x280>  // b.none
    82617d90:	97ffe99b 	bl	826123fc <__stack_chk_fail>
    82617d94:	b8404462 	ldr	w2, [x3], #4
    82617d98:	5ac00842 	rev	w2, w2
    82617d9c:	aa008040 	orr	x0, x2, x0, lsl #32
    82617da0:	17fffff3 	b	82617d6c <fdt_translate_address+0xf0>
    82617da4:	f9400ec4 	ldr	x4, [x22, #24]
    82617da8:	2a0003e1 	mov	w1, w0
    82617dac:	910203e3 	add	x3, sp, #0x80
    82617db0:	aa1303e0 	mov	x0, x19
    82617db4:	9101f3e2 	add	x2, sp, #0x7c
    82617db8:	d63f0080 	blr	x4
    82617dbc:	b9407ffc 	ldr	w28, [sp, #124]
    82617dc0:	51000780 	sub	w0, w28, #0x1
    82617dc4:	71000c1f 	cmp	w0, #0x3
    82617dc8:	54000088 	b.hi	82617dd8 <fdt_translate_address+0x15c>  // b.pmore
    82617dcc:	b94083e0 	ldr	w0, [sp, #128]
    82617dd0:	7100001f 	cmp	w0, #0x0
    82617dd4:	5400008c 	b.gt	82617de4 <fdt_translate_address+0x168>
    82617dd8:	2a1403e1 	mov	w1, w20
    82617ddc:	d2800002 	mov	x2, #0x0                   	// #0
    82617de0:	17ffffc9 	b	82617d04 <fdt_translate_address+0x88>
    82617de4:	2a1403e1 	mov	w1, w20
    82617de8:	910213e3 	add	x3, sp, #0x84
    82617dec:	294ee7fb 	ldp	w27, w25, [sp, #116]
    82617df0:	aa1803e2 	mov	x2, x24
    82617df4:	aa1303e0 	mov	x0, x19
    82617df8:	94000c6d 	bl	8261afac <fdt_getprop>
    82617dfc:	aa0003f4 	mov	x20, x0
    82617e00:	b4000060 	cbz	x0, 82617e0c <fdt_translate_address+0x190>
    82617e04:	b94087e0 	ldr	w0, [sp, #132]
    82617e08:	35000360 	cbnz	w0, 82617e74 <fdt_translate_address+0x1f8>
    82617e0c:	910223e1 	add	x1, sp, #0x88
    82617e10:	d2800015 	mov	x21, #0x0                   	// #0
    82617e14:	14000004 	b	82617e24 <fdt_translate_address+0x1a8>
    82617e18:	b8404420 	ldr	w0, [x1], #4
    82617e1c:	5ac00800 	rev	w0, w0
    82617e20:	aa158015 	orr	x21, x0, x21, lsl #32
    82617e24:	5100077b 	sub	w27, w27, #0x1
    82617e28:	3100077f 	cmn	w27, #0x1
    82617e2c:	54ffff61 	b.ne	82617e18 <fdt_translate_address+0x19c>  // b.any
    82617e30:	531e7782 	lsl	w2, w28, #2
    82617e34:	910223e0 	add	x0, sp, #0x88
    82617e38:	52800001 	mov	w1, #0x0                   	// #0
    82617e3c:	93407c42 	sxtw	x2, w2
    82617e40:	94001069 	bl	8261bfe4 <memset>
    82617e44:	f94016c3 	ldr	x3, [x22, #40]
    82617e48:	2a1c03e2 	mov	w2, w28
    82617e4c:	aa1503e1 	mov	x1, x21
    82617e50:	910223e0 	add	x0, sp, #0x88
    82617e54:	d63f0060 	blr	x3
    82617e58:	35fff660 	cbnz	w0, 82617d24 <fdt_translate_address+0xa8>
    82617e5c:	b9407fe0 	ldr	w0, [sp, #124]
    82617e60:	2a1703f4 	mov	w20, w23
    82617e64:	b90077e0 	str	w0, [sp, #116]
    82617e68:	b94083e0 	ldr	w0, [sp, #128]
    82617e6c:	b9007be0 	str	w0, [sp, #120]
    82617e70:	17ffffb7 	b	82617d4c <fdt_translate_address+0xd0>
    82617e74:	52800081 	mov	w1, #0x4                   	// #4
    82617e78:	0b1b0385 	add	w5, w28, w27
    82617e7c:	0b1900a5 	add	w5, w5, w25
    82617e80:	1ac10c00 	sdiv	w0, w0, w1
    82617e84:	937e7ca6 	sbfiz	x6, x5, #2, #32
    82617e88:	b90087e0 	str	w0, [sp, #132]
    82617e8c:	b94087e0 	ldr	w0, [sp, #132]
    82617e90:	6b0000bf 	cmp	w5, w0
    82617e94:	54fff48c 	b.gt	82617d24 <fdt_translate_address+0xa8>
    82617e98:	f94012c7 	ldr	x7, [x22, #32]
    82617e9c:	2a1c03e4 	mov	w4, w28
    82617ea0:	2a1903e3 	mov	w3, w25
    82617ea4:	2a1b03e2 	mov	w2, w27
    82617ea8:	aa1403e1 	mov	x1, x20
    82617eac:	910223e0 	add	x0, sp, #0x88
    82617eb0:	b90067e5 	str	w5, [sp, #100]
    82617eb4:	f90037e6 	str	x6, [sp, #104]
    82617eb8:	d63f00e0 	blr	x7
    82617ebc:	aa0003f5 	mov	x21, x0
    82617ec0:	eb1a001f 	cmp	x0, x26
    82617ec4:	54000101 	b.ne	82617ee4 <fdt_translate_address+0x268>  // b.any
    82617ec8:	f94037e6 	ldr	x6, [sp, #104]
    82617ecc:	b94087e0 	ldr	w0, [sp, #132]
    82617ed0:	b94067e5 	ldr	w5, [sp, #100]
    82617ed4:	8b060294 	add	x20, x20, x6
    82617ed8:	4b050000 	sub	w0, w0, w5
    82617edc:	b90087e0 	str	w0, [sp, #132]
    82617ee0:	17ffffeb 	b	82617e8c <fdt_translate_address+0x210>
    82617ee4:	531e7782 	lsl	w2, w28, #2
    82617ee8:	8b3bca81 	add	x1, x20, w27, sxtw #2
    82617eec:	910223e0 	add	x0, sp, #0x88
    82617ef0:	93407c42 	sxtw	x2, w2
    82617ef4:	94001057 	bl	8261c050 <memcpy>
    82617ef8:	17ffffd3 	b	82617e44 <fdt_translate_address+0x1c8>
    82617efc:	a94153f3 	ldp	x19, x20, [sp, #16]
    82617f00:	a9425bf5 	ldp	x21, x22, [sp, #32]
    82617f04:	a94363f7 	ldp	x23, x24, [sp, #48]
    82617f08:	a9446bf9 	ldp	x25, x26, [sp, #64]
    82617f0c:	a94573fb 	ldp	x27, x28, [sp, #80]
    82617f10:	a8ca7bfd 	ldp	x29, x30, [sp], #160
    82617f14:	d65f03c0 	ret

0000000082617f18 <mdelay>:
    82617f18:	d2807d01 	mov	x1, #0x3e8                 	// #1000
    82617f1c:	9b017c00 	mul	x0, x0, x1
    82617f20:	140010c4 	b	8261c230 <udelay>

0000000082617f24 <dummy>:
    82617f24:	d65f03c0 	ret

0000000082617f28 <get_version>:
    82617f28:	d2800120 	mov	x0, #0x9                   	// #9
    82617f2c:	d65f03c0 	ret

0000000082617f30 <jumptable_init>:
    82617f30:	a9be7bfd 	stp	x29, x30, [sp, #-32]!
    82617f34:	d2801f00 	mov	x0, #0xf8                  	// #248
    82617f38:	910003fd 	mov	x29, sp
    82617f3c:	f9000bf3 	str	x19, [sp, #16]
    82617f40:	aa1203f3 	mov	x19, x18
    82617f44:	940000d1 	bl	82618288 <malloc_simple>
    82617f48:	f9007260 	str	x0, [x19, #224]
    82617f4c:	90000000 	adrp	x0, 82617000 <early_abort+0x24c>
    82617f50:	913ca000 	add	x0, x0, #0xf28
    82617f54:	f9407241 	ldr	x1, [x18, #224]
    82617f58:	f9000020 	str	x0, [x1]
    82617f5c:	b0000001 	adrp	x1, 82618000 <jumptable_init+0xd0>
    82617f60:	91056021 	add	x1, x1, #0x158
    82617f64:	90000020 	adrp	x0, 8261b000 <fdt_get_phandle+0x8>
    82617f68:	f9407242 	ldr	x2, [x18, #224]
    82617f6c:	913f9000 	add	x0, x0, #0xfe4
    82617f70:	f9000441 	str	x1, [x2, #8]
    82617f74:	b0000001 	adrp	x1, 82618000 <jumptable_init+0xd0>
    82617f78:	91084021 	add	x1, x1, #0x210
    82617f7c:	f9407242 	ldr	x2, [x18, #224]
    82617f80:	f9000841 	str	x1, [x2, #16]
    82617f84:	b0000001 	adrp	x1, 82618000 <jumptable_init+0xd0>
    82617f88:	9106c021 	add	x1, x1, #0x1b0
    82617f8c:	f9407242 	ldr	x2, [x18, #224]
    82617f90:	f9000c41 	str	x1, [x2, #24]
    82617f94:	b0000001 	adrp	x1, 82618000 <jumptable_init+0xd0>
    82617f98:	9105f021 	add	x1, x1, #0x17c
    82617f9c:	f9407242 	ldr	x2, [x18, #224]
    82617fa0:	f9001041 	str	x1, [x2, #32]
    82617fa4:	d0000021 	adrp	x1, 8261d000 <vsnprintf_internal+0x5cc>
    82617fa8:	9115e021 	add	x1, x1, #0x578
    82617fac:	f9407242 	ldr	x2, [x18, #224]
    82617fb0:	f9001441 	str	x1, [x2, #40]
    82617fb4:	90000001 	adrp	x1, 82617000 <early_abort+0x24c>
    82617fb8:	913c9021 	add	x1, x1, #0xf24
    82617fbc:	f9407242 	ldr	x2, [x18, #224]
    82617fc0:	f9001841 	str	x1, [x2, #48]
    82617fc4:	f9407242 	ldr	x2, [x18, #224]
    82617fc8:	f9001c41 	str	x1, [x2, #56]
    82617fcc:	b0000002 	adrp	x2, 82618000 <jumptable_init+0xd0>
    82617fd0:	910a2042 	add	x2, x2, #0x288
    82617fd4:	f9407243 	ldr	x3, [x18, #224]
    82617fd8:	f9002062 	str	x2, [x3, #64]
    82617fdc:	b0000022 	adrp	x2, 8261c000 <memset+0x1c>
    82617fe0:	9108c042 	add	x2, x2, #0x230
    82617fe4:	f9407243 	ldr	x3, [x18, #224]
    82617fe8:	f9002462 	str	x2, [x3, #72]
    82617fec:	b0000022 	adrp	x2, 8261c000 <memset+0x1c>
    82617ff0:	91061042 	add	x2, x2, #0x184
    82617ff4:	f9407243 	ldr	x3, [x18, #224]
    82617ff8:	f9002862 	str	x2, [x3, #80]
    82617ffc:	d0000022 	adrp	x2, 8261d000 <vsnprintf_internal+0x5cc>
    82618000:	91196042 	add	x2, x2, #0x658
    82618004:	f9407243 	ldr	x3, [x18, #224]
    82618008:	f9002c62 	str	x2, [x3, #88]
    8261800c:	f9407242 	ldr	x2, [x18, #224]
    82618010:	f9003041 	str	x1, [x2, #96]
    82618014:	f9407242 	ldr	x2, [x18, #224]
    82618018:	f9003441 	str	x1, [x2, #104]
    8261801c:	f9407242 	ldr	x2, [x18, #224]
    82618020:	f9003841 	str	x1, [x2, #112]
    82618024:	b0000022 	adrp	x2, 8261d000 <vsnprintf_internal+0x5cc>
    82618028:	911b7042 	add	x2, x2, #0x6dc
    8261802c:	f9407243 	ldr	x3, [x18, #224]
    82618030:	f9003c62 	str	x2, [x3, #120]
    82618034:	b0000022 	adrp	x2, 8261d000 <vsnprintf_internal+0x5cc>
    82618038:	f9407243 	ldr	x3, [x18, #224]
    8261803c:	911f9042 	add	x2, x2, #0x7e4
    82618040:	f9004062 	str	x2, [x3, #128]
    82618044:	b0000022 	adrp	x2, 8261d000 <vsnprintf_internal+0x5cc>
    82618048:	91226042 	add	x2, x2, #0x898
    8261804c:	f9407243 	ldr	x3, [x18, #224]
    82618050:	f9004462 	str	x2, [x3, #136]
    82618054:	f0000002 	adrp	x2, 8261b000 <fdt_get_phandle+0x8>
    82618058:	913b6042 	add	x2, x2, #0xed8
    8261805c:	f9407243 	ldr	x3, [x18, #224]
    82618060:	f9004862 	str	x2, [x3, #144]
    82618064:	f9407242 	ldr	x2, [x18, #224]
    82618068:	f9004c41 	str	x1, [x2, #152]
    8261806c:	f9407242 	ldr	x2, [x18, #224]
    82618070:	f9005041 	str	x1, [x2, #160]
    82618074:	f9407242 	ldr	x2, [x18, #224]
    82618078:	f9005441 	str	x1, [x2, #168]
    8261807c:	f9407242 	ldr	x2, [x18, #224]
    82618080:	f9005841 	str	x1, [x2, #176]
    82618084:	90000041 	adrp	x1, 82620000 <bcm6345_serial_probe+0x38>
    82618088:	913f7021 	add	x1, x1, #0xfdc
    8261808c:	f9407242 	ldr	x2, [x18, #224]
    82618090:	f9005c41 	str	x1, [x2, #184]
    82618094:	90000041 	adrp	x1, 82620000 <bcm6345_serial_probe+0x38>
    82618098:	913f9021 	add	x1, x1, #0xfe4
    8261809c:	f9407242 	ldr	x2, [x18, #224]
    826180a0:	f9006041 	str	x1, [x2, #192]
    826180a4:	90000041 	adrp	x1, 82620000 <bcm6345_serial_probe+0x38>
    826180a8:	913fb021 	add	x1, x1, #0xfec
    826180ac:	f9407242 	ldr	x2, [x18, #224]
    826180b0:	f9006441 	str	x1, [x2, #200]
    826180b4:	b0000021 	adrp	x1, 8261d000 <vsnprintf_internal+0x5cc>
    826180b8:	91231021 	add	x1, x1, #0x8c4
    826180bc:	f9407242 	ldr	x2, [x18, #224]
    826180c0:	f9006841 	str	x1, [x2, #208]
    826180c4:	b0000021 	adrp	x1, 8261d000 <vsnprintf_internal+0x5cc>
    826180c8:	91255021 	add	x1, x1, #0x954
    826180cc:	f9407242 	ldr	x2, [x18, #224]
    826180d0:	f9006c41 	str	x1, [x2, #216]
    826180d4:	f0000001 	adrp	x1, 8261b000 <fdt_get_phandle+0x8>
    826180d8:	913a8021 	add	x1, x1, #0xea0
    826180dc:	f9407242 	ldr	x2, [x18, #224]
    826180e0:	f9007041 	str	x1, [x2, #224]
    826180e4:	f0ffffe1 	adrp	x1, 82617000 <early_abort+0x24c>
    826180e8:	913c6021 	add	x1, x1, #0xf18
    826180ec:	f9407242 	ldr	x2, [x18, #224]
    826180f0:	f9007441 	str	x1, [x2, #232]
    826180f4:	f9407241 	ldr	x1, [x18, #224]
    826180f8:	f9007820 	str	x0, [x1, #240]
    826180fc:	f9400bf3 	ldr	x19, [sp, #16]
    82618100:	a8c27bfd 	ldp	x29, x30, [sp], #32
    82618104:	d65f03c0 	ret

0000000082618108 <fgetc.part.0>:
    82618108:	a9be7bfd 	stp	x29, x30, [sp, #-32]!
    8261810c:	910003fd 	mov	x29, sp
    82618110:	a90153f3 	stp	x19, x20, [sp, #16]
    82618114:	90000153 	adrp	x19, 82640000 <pmc>
    82618118:	93407c14 	sxtw	x20, w0
    8261811c:	9104e273 	add	x19, x19, #0x138
    82618120:	9400274a 	bl	82621e48 <watchdog_reset>
    82618124:	f8747a60 	ldr	x0, [x19, x20, lsl #3]
    82618128:	f9402401 	ldr	x1, [x0, #72]
    8261812c:	d63f0020 	blr	x1
    82618130:	340000e0 	cbz	w0, 8261814c <fgetc.part.0+0x44>
    82618134:	f8747a60 	ldr	x0, [x19, x20, lsl #3]
    82618138:	a94153f3 	ldp	x19, x20, [sp, #16]
    8261813c:	a8c27bfd 	ldp	x29, x30, [sp], #32
    82618140:	f9402801 	ldr	x1, [x0, #80]
    82618144:	aa0103f0 	mov	x16, x1
    82618148:	d61f0200 	br	x16
    8261814c:	d2800020 	mov	x0, #0x1                   	// #1
    82618150:	94001038 	bl	8261c230 <udelay>
    82618154:	17fffff3 	b	82618120 <fgetc.part.0+0x18>

0000000082618158 <getc>:
    82618158:	f9401e41 	ldr	x1, [x18, #56]
    8261815c:	b40000c1 	cbz	x1, 82618174 <getc+0x1c>
    82618160:	f9400640 	ldr	x0, [x18, #8]
    82618164:	36080060 	tbz	w0, #1, 82618170 <getc+0x18>
    82618168:	52800000 	mov	w0, #0x0                   	// #0
    8261816c:	17ffffe7 	b	82618108 <fgetc.part.0>
    82618170:	14001f0b 	b	8261fd9c <serial_getc>
    82618174:	52800000 	mov	w0, #0x0                   	// #0
    82618178:	d65f03c0 	ret

000000008261817c <puts>:
    8261817c:	aa0003e1 	mov	x1, x0
    82618180:	b4000172 	cbz	x18, 826181ac <puts+0x30>
    82618184:	f9401e43 	ldr	x3, [x18, #56]
    82618188:	b4000123 	cbz	x3, 826181ac <puts+0x30>
    8261818c:	f9400642 	ldr	x2, [x18, #8]
    82618190:	360800c2 	tbz	w2, #1, 826181a8 <puts+0x2c>
    82618194:	90000140 	adrp	x0, 82640000 <pmc>
    82618198:	f940a000 	ldr	x0, [x0, #320]
    8261819c:	f9402002 	ldr	x2, [x0, #64]
    826181a0:	aa0203f0 	mov	x16, x2
    826181a4:	d61f0200 	br	x16
    826181a8:	14001eec 	b	8261fd58 <serial_puts>
    826181ac:	d65f03c0 	ret

00000000826181b0 <putc>:
    826181b0:	12001c01 	and	w1, w0, #0xff
    826181b4:	b4000192 	cbz	x18, 826181e4 <putc+0x34>
    826181b8:	f9401e40 	ldr	x0, [x18, #56]
    826181bc:	b4000140 	cbz	x0, 826181e4 <putc+0x34>
    826181c0:	f9400640 	ldr	x0, [x18, #8]
    826181c4:	360800c0 	tbz	w0, #1, 826181dc <putc+0x2c>
    826181c8:	90000140 	adrp	x0, 82640000 <pmc>
    826181cc:	f940a000 	ldr	x0, [x0, #320]
    826181d0:	f9401c02 	ldr	x2, [x0, #56]
    826181d4:	aa0203f0 	mov	x16, x2
    826181d8:	d61f0200 	br	x16
    826181dc:	2a0103e0 	mov	w0, w1
    826181e0:	14001ed8 	b	8261fd40 <serial_putc>
    826181e4:	d65f03c0 	ret

00000000826181e8 <ftstc>:
    826181e8:	7100081f 	cmp	w0, #0x2
    826181ec:	540000ec 	b.gt	82618208 <ftstc+0x20>
    826181f0:	90000141 	adrp	x1, 82640000 <pmc>
    826181f4:	9104e021 	add	x1, x1, #0x138
    826181f8:	f860d820 	ldr	x0, [x1, w0, sxtw #3]
    826181fc:	f9402401 	ldr	x1, [x0, #72]
    82618200:	aa0103f0 	mov	x16, x1
    82618204:	d61f0200 	br	x16
    82618208:	12800000 	mov	w0, #0xffffffff            	// #-1
    8261820c:	d65f03c0 	ret

0000000082618210 <tstc>:
    82618210:	f9401e41 	ldr	x1, [x18, #56]
    82618214:	b40000c1 	cbz	x1, 8261822c <tstc+0x1c>
    82618218:	f9400640 	ldr	x0, [x18, #8]
    8261821c:	36080060 	tbz	w0, #1, 82618228 <tstc+0x18>
    82618220:	52800000 	mov	w0, #0x0                   	// #0
    82618224:	17fffff1 	b	826181e8 <ftstc>
    82618228:	14001ef3 	b	8261fdf4 <serial_tstc>
    8261822c:	52800000 	mov	w0, #0x0                   	// #0
    82618230:	d65f03c0 	ret

0000000082618234 <alloc_simple>:
    82618234:	f9408a42 	ldr	x2, [x18, #272]
    82618238:	93407c23 	sxtw	x3, w1
    8261823c:	f9409245 	ldr	x5, [x18, #288]
    82618240:	8b050041 	add	x1, x2, x5
    82618244:	d1000462 	sub	x2, x3, #0x1
    82618248:	8b020021 	add	x1, x1, x2
    8261824c:	cb0303e3 	neg	x3, x3
    82618250:	f9408a42 	ldr	x2, [x18, #272]
    82618254:	8a030021 	and	x1, x1, x3
    82618258:	cb020000 	sub	x0, x0, x2
    8261825c:	8b010002 	add	x2, x0, x1
    82618260:	f9408e40 	ldr	x0, [x18, #280]
    82618264:	eb02001f 	cmp	x0, x2
    82618268:	540000c3 	b.cc	82618280 <alloc_simple+0x4c>  // b.lo, b.ul, b.last
    8261826c:	91001c42 	add	x2, x2, #0x7
    82618270:	aa0103e0 	mov	x0, x1
    82618274:	927df042 	and	x2, x2, #0xfffffffffffffff8
    82618278:	f9009242 	str	x2, [x18, #288]
    8261827c:	d65f03c0 	ret
    82618280:	d2800000 	mov	x0, #0x0                   	// #0
    82618284:	17fffffe 	b	8261827c <alloc_simple+0x48>

0000000082618288 <malloc_simple>:
    82618288:	52800021 	mov	w1, #0x1                   	// #1
    8261828c:	17ffffea 	b	82618234 <alloc_simple>

0000000082618290 <memalign_simple>:
    82618290:	aa0003e2 	mov	x2, x0
    82618294:	aa0103e0 	mov	x0, x1
    82618298:	2a0203e1 	mov	w1, w2
    8261829c:	17ffffe6 	b	82618234 <alloc_simple>

00000000826182a0 <calloc>:
    826182a0:	a9be7bfd 	stp	x29, x30, [sp, #-32]!
    826182a4:	9b017c04 	mul	x4, x0, x1
    826182a8:	910003fd 	mov	x29, sp
    826182ac:	aa0403e0 	mov	x0, x4
    826182b0:	f9000bf3 	str	x19, [sp, #16]
    826182b4:	97fffff5 	bl	82618288 <malloc_simple>
    826182b8:	aa0003f3 	mov	x19, x0
    826182bc:	b4000080 	cbz	x0, 826182cc <calloc+0x2c>
    826182c0:	aa0403e2 	mov	x2, x4
    826182c4:	52800001 	mov	w1, #0x0                   	// #0
    826182c8:	94000f47 	bl	8261bfe4 <memset>
    826182cc:	aa1303e0 	mov	x0, x19
    826182d0:	f9400bf3 	ldr	x19, [sp, #16]
    826182d4:	a8c27bfd 	ldp	x29, x30, [sp], #32
    826182d8:	d65f03c0 	ret

00000000826182dc <sha256_process>:
    826182dc:	a9ba7bfd 	stp	x29, x30, [sp, #-96]!
    826182e0:	529b74ae 	mov	w14, #0xdba5                	// #56229
    826182e4:	72bd36ae 	movk	w14, #0xe9b5, lsl #16
    826182e8:	910003fd 	mov	x29, sp
    826182ec:	a90153f3 	stp	x19, x20, [sp, #16]
    826182f0:	a9025bf5 	stp	x21, x22, [sp, #32]
    826182f4:	a90363f7 	stp	x23, x24, [sp, #48]
    826182f8:	a9046bf9 	stp	x25, x26, [sp, #64]
    826182fc:	a90573fb 	stp	x27, x28, [sp, #80]
    82618300:	39401035 	ldrb	w21, [x1, #4]
    82618304:	39401422 	ldrb	w2, [x1, #5]
    82618308:	3940303b 	ldrb	w27, [x1, #12]
    8261830c:	39400036 	ldrb	w22, [x1]
    82618310:	aa0222a2 	orr	x2, x21, x2, lsl #8
    82618314:	39401835 	ldrb	w21, [x1, #6]
    82618318:	39402037 	ldrb	w23, [x1, #8]
    8261831c:	39404039 	ldrb	w25, [x1, #16]
    82618320:	aa154042 	orr	x2, x2, x21, lsl #16
    82618324:	39401c35 	ldrb	w21, [x1, #7]
    82618328:	39400424 	ldrb	w4, [x1, #1]
    8261832c:	3940243c 	ldrb	w28, [x1, #9]
    82618330:	aa156055 	orr	x21, x2, x21, lsl #24
    82618334:	39403422 	ldrb	w2, [x1, #13]
    82618338:	39404438 	ldrb	w24, [x1, #17]
    8261833c:	aa0422c4 	orr	x4, x22, x4, lsl #8
    82618340:	aa1c22fc 	orr	x28, x23, x28, lsl #8
    82618344:	39400836 	ldrb	w22, [x1, #2]
    82618348:	aa022362 	orr	x2, x27, x2, lsl #8
    8261834c:	3940383b 	ldrb	w27, [x1, #14]
    82618350:	39402837 	ldrb	w23, [x1, #10]
    82618354:	aa182338 	orr	x24, x25, x24, lsl #8
    82618358:	39404839 	ldrb	w25, [x1, #18]
    8261835c:	aa164084 	orr	x4, x4, x22, lsl #16
    82618360:	aa1b4042 	orr	x2, x2, x27, lsl #16
    82618364:	39403c3b 	ldrb	w27, [x1, #15]
    82618368:	39400c36 	ldrb	w22, [x1, #3]
    8261836c:	aa17439c 	orr	x28, x28, x23, lsl #16
    82618370:	aa194318 	orr	x24, x24, x25, lsl #16
    82618374:	39402c37 	ldrb	w23, [x1, #11]
    82618378:	aa1b605b 	orr	x27, x2, x27, lsl #24
    8261837c:	39404c39 	ldrb	w25, [x1, #19]
    82618380:	39405034 	ldrb	w20, [x1, #20]
    82618384:	aa166096 	orr	x22, x4, x22, lsl #24
    82618388:	39405422 	ldrb	w2, [x1, #21]
    8261838c:	5ac00ad6 	rev	w22, w22
    82618390:	39406033 	ldrb	w19, [x1, #24]
    82618394:	aa176397 	orr	x23, x28, x23, lsl #24
    82618398:	3940703a 	ldrb	w26, [x1, #28]
    8261839c:	5ac00ab5 	rev	w21, w21
    826183a0:	aa022282 	orr	x2, x20, x2, lsl #8
    826183a4:	39405834 	ldrb	w20, [x1, #22]
    826183a8:	3940803e 	ldrb	w30, [x1, #32]
    826183ac:	5ac00af7 	rev	w23, w23
    826183b0:	39409031 	ldrb	w17, [x1, #36]
    826183b4:	5ac00b7b 	rev	w27, w27
    826183b8:	aa144042 	orr	x2, x2, x20, lsl #16
    826183bc:	39405c34 	ldrb	w20, [x1, #23]
    826183c0:	3940a030 	ldrb	w16, [x1, #40]
    826183c4:	aa196319 	orr	x25, x24, x25, lsl #24
    826183c8:	3940b02f 	ldrb	w15, [x1, #44]
    826183cc:	5ac00b39 	rev	w25, w25
    826183d0:	aa146054 	orr	x20, x2, x20, lsl #24
    826183d4:	39406422 	ldrb	w2, [x1, #25]
    826183d8:	3940c025 	ldrb	w5, [x1, #48]
    826183dc:	5ac00a94 	rev	w20, w20
    826183e0:	aa022262 	orr	x2, x19, x2, lsl #8
    826183e4:	39406833 	ldrb	w19, [x1, #26]
    826183e8:	aa134042 	orr	x2, x2, x19, lsl #16
    826183ec:	39406c33 	ldrb	w19, [x1, #27]
    826183f0:	aa136053 	orr	x19, x2, x19, lsl #24
    826183f4:	39407422 	ldrb	w2, [x1, #29]
    826183f8:	5ac00a73 	rev	w19, w19
    826183fc:	aa022342 	orr	x2, x26, x2, lsl #8
    82618400:	3940783a 	ldrb	w26, [x1, #30]
    82618404:	aa1a4042 	orr	x2, x2, x26, lsl #16
    82618408:	39407c3a 	ldrb	w26, [x1, #31]
    8261840c:	aa1a605a 	orr	x26, x2, x26, lsl #24
    82618410:	39408422 	ldrb	w2, [x1, #33]
    82618414:	5ac00b5a 	rev	w26, w26
    82618418:	aa0223c2 	orr	x2, x30, x2, lsl #8
    8261841c:	3940883e 	ldrb	w30, [x1, #34]
    82618420:	aa1e4042 	orr	x2, x2, x30, lsl #16
    82618424:	39408c3e 	ldrb	w30, [x1, #35]
    82618428:	aa1e605e 	orr	x30, x2, x30, lsl #24
    8261842c:	39409422 	ldrb	w2, [x1, #37]
    82618430:	5ac00bde 	rev	w30, w30
    82618434:	aa022222 	orr	x2, x17, x2, lsl #8
    82618438:	39409831 	ldrb	w17, [x1, #38]
    8261843c:	aa114042 	orr	x2, x2, x17, lsl #16
    82618440:	39409c31 	ldrb	w17, [x1, #39]
    82618444:	aa116051 	orr	x17, x2, x17, lsl #24
    82618448:	3940a422 	ldrb	w2, [x1, #41]
    8261844c:	5ac00a31 	rev	w17, w17
    82618450:	aa022202 	orr	x2, x16, x2, lsl #8
    82618454:	3940a830 	ldrb	w16, [x1, #42]
    82618458:	aa104042 	orr	x2, x2, x16, lsl #16
    8261845c:	3940ac30 	ldrb	w16, [x1, #43]
    82618460:	aa106050 	orr	x16, x2, x16, lsl #24
    82618464:	3940b422 	ldrb	w2, [x1, #45]
    82618468:	5ac00a10 	rev	w16, w16
    8261846c:	aa0221e2 	orr	x2, x15, x2, lsl #8
    82618470:	3940b82f 	ldrb	w15, [x1, #46]
    82618474:	aa0f4042 	orr	x2, x2, x15, lsl #16
    82618478:	3940bc2f 	ldrb	w15, [x1, #47]
    8261847c:	aa0f604f 	orr	x15, x2, x15, lsl #24
    82618480:	3940c422 	ldrb	w2, [x1, #49]
    82618484:	5ac009ef 	rev	w15, w15
    82618488:	aa0220a2 	orr	x2, x5, x2, lsl #8
    8261848c:	3940c825 	ldrb	w5, [x1, #50]
    82618490:	aa054042 	orr	x2, x2, x5, lsl #16
    82618494:	3940cc25 	ldrb	w5, [x1, #51]
    82618498:	3940d02d 	ldrb	w13, [x1, #52]
    8261849c:	3940e02c 	ldrb	w12, [x1, #56]
    826184a0:	aa056045 	orr	x5, x2, x5, lsl #24
    826184a4:	3940d422 	ldrb	w2, [x1, #53]
    826184a8:	3940f02b 	ldrb	w11, [x1, #60]
    826184ac:	5ac008a5 	rev	w5, w5
    826184b0:	b9400c03 	ldr	w3, [x0, #12]
    826184b4:	aa0221a2 	orr	x2, x13, x2, lsl #8
    826184b8:	3940d82d 	ldrb	w13, [x1, #54]
    826184bc:	b9400c04 	ldr	w4, [x0, #12]
    826184c0:	aa0d4042 	orr	x2, x2, x13, lsl #16
    826184c4:	3940dc2d 	ldrb	w13, [x1, #55]
    826184c8:	aa0d604d 	orr	x13, x2, x13, lsl #24
    826184cc:	3940e422 	ldrb	w2, [x1, #57]
    826184d0:	5ac009ad 	rev	w13, w13
    826184d4:	aa022182 	orr	x2, x12, x2, lsl #8
    826184d8:	3940e82c 	ldrb	w12, [x1, #58]
    826184dc:	aa0c4042 	orr	x2, x2, x12, lsl #16
    826184e0:	3940ec2c 	ldrb	w12, [x1, #59]
    826184e4:	aa0c604c 	orr	x12, x2, x12, lsl #24
    826184e8:	3940f422 	ldrb	w2, [x1, #61]
    826184ec:	5ac0098c 	rev	w12, w12
    826184f0:	aa022162 	orr	x2, x11, x2, lsl #8
    826184f4:	3940f82b 	ldrb	w11, [x1, #62]
    826184f8:	aa0b4042 	orr	x2, x2, x11, lsl #16
    826184fc:	3940fc2b 	ldrb	w11, [x1, #63]
    82618500:	b9401801 	ldr	w1, [x0, #24]
    82618504:	aa0b604b 	orr	x11, x2, x11, lsl #24
    82618508:	b9402002 	ldr	w2, [x0, #32]
    8261850c:	5ac0096b 	rev	w11, w11
    82618510:	13812c26 	ror	w6, w1, #11
    82618514:	4ac118c6 	eor	w6, w6, w1, ror #6
    82618518:	4ac164c6 	eor	w6, w6, w1, ror #25
    8261851c:	b9401c01 	ldr	w1, [x0, #28]
    82618520:	4a020021 	eor	w1, w1, w2
    82618524:	b9401802 	ldr	w2, [x0, #24]
    82618528:	0a020021 	and	w1, w1, w2
    8261852c:	b9402002 	ldr	w2, [x0, #32]
    82618530:	4a020021 	eor	w1, w1, w2
    82618534:	b9402402 	ldr	w2, [x0, #36]
    82618538:	0b0100c6 	add	w6, w6, w1
    8261853c:	5285f301 	mov	w1, #0x2f98                	// #12184
    82618540:	72a85141 	movk	w1, #0x428a, lsl #16
    82618544:	0b010041 	add	w1, w2, w1
    82618548:	0b0100c6 	add	w6, w6, w1
    8261854c:	b9401402 	ldr	w2, [x0, #20]
    82618550:	0b1600c1 	add	w1, w6, w22
    82618554:	0b1102d6 	add	w22, w22, w17
    82618558:	0b01005c 	add	w28, w2, w1
    8261855c:	b9400802 	ldr	w2, [x0, #8]
    82618560:	13823446 	ror	w6, w2, #13
    82618564:	4ac208c6 	eor	w6, w6, w2, ror #2
    82618568:	4ac258c6 	eor	w6, w6, w2, ror #22
    8261856c:	2a030042 	orr	w2, w2, w3
    82618570:	b9401003 	ldr	w3, [x0, #16]
    82618574:	0a030042 	and	w2, w2, w3
    82618578:	b9400803 	ldr	w3, [x0, #8]
    8261857c:	0a040063 	and	w3, w3, w4
    82618580:	2a030042 	orr	w2, w2, w3
    82618584:	b9400c03 	ldr	w3, [x0, #12]
    82618588:	0b0200c6 	add	w6, w6, w2
    8261858c:	0b0100c6 	add	w6, w6, w1
    82618590:	29430801 	ldp	w1, w2, [x0, #24]
    82618594:	4a020024 	eor	w4, w1, w2
    82618598:	52889221 	mov	w1, #0x4491                	// #17553
    8261859c:	0a1c0084 	and	w4, w4, w28
    826185a0:	72ae26e1 	movk	w1, #0x7137, lsl #16
    826185a4:	4a020084 	eor	w4, w4, w2
    826185a8:	b9402002 	ldr	w2, [x0, #32]
    826185ac:	0b150084 	add	w4, w4, w21
    826185b0:	0b010041 	add	w1, w2, w1
    826185b4:	b9401002 	ldr	w2, [x0, #16]
    826185b8:	0b010084 	add	w4, w4, w1
    826185bc:	139c2f81 	ror	w1, w28, #11
    826185c0:	4adc1821 	eor	w1, w1, w28, ror #6
    826185c4:	4adc6421 	eor	w1, w1, w28, ror #25
    826185c8:	0b010081 	add	w1, w4, w1
    826185cc:	138634c4 	ror	w4, w6, #13
    826185d0:	0b01004a 	add	w10, w2, w1
    826185d4:	b9400802 	ldr	w2, [x0, #8]
    826185d8:	4ac60884 	eor	w4, w4, w6, ror #2
    826185dc:	2a060042 	orr	w2, w2, w6
    826185e0:	4ac65884 	eor	w4, w4, w6, ror #22
    826185e4:	0a030042 	and	w2, w2, w3
    826185e8:	b9400803 	ldr	w3, [x0, #8]
    826185ec:	0a060063 	and	w3, w3, w6
    826185f0:	2a030042 	orr	w2, w2, w3
    826185f4:	0b020084 	add	w4, w4, w2
    826185f8:	0b010084 	add	w4, w4, w1
    826185fc:	29430801 	ldp	w1, w2, [x0, #24]
    82618600:	b9400808 	ldr	w8, [x0, #8]
    82618604:	4a1c0023 	eor	w3, w1, w28
    82618608:	0a0a0063 	and	w3, w3, w10
    8261860c:	4a010063 	eor	w3, w3, w1
    82618610:	529f79e1 	mov	w1, #0xfbcf                	// #64463
    82618614:	0b170063 	add	w3, w3, w23
    82618618:	72b6b801 	movk	w1, #0xb5c0, lsl #16
    8261861c:	0b010041 	add	w1, w2, w1
    82618620:	b9400c02 	ldr	w2, [x0, #12]
    82618624:	0b010063 	add	w3, w3, w1
    82618628:	138a2d41 	ror	w1, w10, #11
    8261862c:	4aca1821 	eor	w1, w1, w10, ror #6
    82618630:	4aca6421 	eor	w1, w1, w10, ror #25
    82618634:	0b010061 	add	w1, w3, w1
    82618638:	13843483 	ror	w3, w4, #13
    8261863c:	0b010047 	add	w7, w2, w1
    82618640:	2a0400c2 	orr	w2, w6, w4
    82618644:	4ac40863 	eor	w3, w3, w4, ror #2
    82618648:	0a080042 	and	w2, w2, w8
    8261864c:	0a0400c8 	and	w8, w6, w4
    82618650:	4ac45863 	eor	w3, w3, w4, ror #22
    82618654:	2a080042 	orr	w2, w2, w8
    82618658:	0b020063 	add	w3, w3, w2
    8261865c:	4a0a0382 	eor	w2, w28, w10
    82618660:	0b010063 	add	w3, w3, w1
    82618664:	0a070042 	and	w2, w2, w7
    82618668:	b9401801 	ldr	w1, [x0, #24]
    8261866c:	4a1c0042 	eor	w2, w2, w28
    82618670:	0b1b0042 	add	w2, w2, w27
    82618674:	0a030088 	and	w8, w4, w3
    82618678:	0b0e002e 	add	w14, w1, w14
    8261867c:	b9400801 	ldr	w1, [x0, #8]
    82618680:	0b0e0042 	add	w2, w2, w14
    82618684:	13872cee 	ror	w14, w7, #11
    82618688:	4ac719ce 	eor	w14, w14, w7, ror #6
    8261868c:	4ac765ce 	eor	w14, w14, w7, ror #25
    82618690:	0b0e004e 	add	w14, w2, w14
    82618694:	13833462 	ror	w2, w3, #13
    82618698:	0b0e0038 	add	w24, w1, w14
    8261869c:	2a030081 	orr	w1, w4, w3
    826186a0:	4ac30842 	eor	w2, w2, w3, ror #2
    826186a4:	0a060021 	and	w1, w1, w6
    826186a8:	2a080021 	orr	w1, w1, w8
    826186ac:	4ac35842 	eor	w2, w2, w3, ror #22
    826186b0:	0b010042 	add	w2, w2, w1
    826186b4:	4a070141 	eor	w1, w10, w7
    826186b8:	0a180021 	and	w1, w1, w24
    826186bc:	13982f08 	ror	w8, w24, #11
    826186c0:	4a0a0021 	eor	w1, w1, w10
    826186c4:	4ad81908 	eor	w8, w8, w24, ror #6
    826186c8:	0b1c003c 	add	w28, w1, w28
    826186cc:	52984b61 	mov	w1, #0xc25b                	// #49755
    826186d0:	72a72ac1 	movk	w1, #0x3956, lsl #16
    826186d4:	0b010321 	add	w1, w25, w1
    826186d8:	0b010381 	add	w1, w28, w1
    826186dc:	4ad86508 	eor	w8, w8, w24, ror #25
    826186e0:	0b0e0042 	add	w2, w2, w14
    826186e4:	0b080028 	add	w8, w1, w8
    826186e8:	0b0800ce 	add	w14, w6, w8
    826186ec:	2a020066 	orr	w6, w3, w2
    826186f0:	0a02007c 	and	w28, w3, w2
    826186f4:	0a0400c6 	and	w6, w6, w4
    826186f8:	2a1c00c6 	orr	w6, w6, w28
    826186fc:	4a1800fc 	eor	w28, w7, w24
    82618700:	0a0e039c 	and	w28, w28, w14
    82618704:	13823441 	ror	w1, w2, #13
    82618708:	4a07039c 	eor	w28, w28, w7
    8261870c:	4ac20821 	eor	w1, w1, w2, ror #2
    82618710:	0b0a038a 	add	w10, w28, w10
    82618714:	52823e3c 	mov	w28, #0x11f1                	// #4593
    82618718:	72ab3e3c 	movk	w28, #0x59f1, lsl #16
    8261871c:	0b1c029c 	add	w28, w20, w28
    82618720:	0b1c014a 	add	w10, w10, w28
    82618724:	138e2ddc 	ror	w28, w14, #11
    82618728:	4ac25821 	eor	w1, w1, w2, ror #22
    8261872c:	4ace1b9c 	eor	w28, w28, w14, ror #6
    82618730:	0b060021 	add	w1, w1, w6
    82618734:	4ace679c 	eor	w28, w28, w14, ror #25
    82618738:	0b080021 	add	w1, w1, w8
    8261873c:	0b1c015c 	add	w28, w10, w28
    82618740:	0b1c0086 	add	w6, w4, w28
    82618744:	2a010044 	orr	w4, w2, w1
    82618748:	0a010048 	and	w8, w2, w1
    8261874c:	0a030084 	and	w4, w4, w3
    82618750:	2a080084 	orr	w4, w4, w8
    82618754:	4a0e0308 	eor	w8, w24, w14
    82618758:	0a060108 	and	w8, w8, w6
    8261875c:	1381342a 	ror	w10, w1, #13
    82618760:	4a180108 	eor	w8, w8, w24
    82618764:	4ac1094a 	eor	w10, w10, w1, ror #2
    82618768:	0b070107 	add	w7, w8, w7
    8261876c:	52905488 	mov	w8, #0x82a4                	// #33444
    82618770:	72b247e8 	movk	w8, #0x923f, lsl #16
    82618774:	0b080268 	add	w8, w19, w8
    82618778:	0b0800e8 	add	w8, w7, w8
    8261877c:	4ac1594a 	eor	w10, w10, w1, ror #22
    82618780:	0b04014a 	add	w10, w10, w4
    82618784:	13862cc7 	ror	w7, w6, #11
    82618788:	4ac618e7 	eor	w7, w7, w6, ror #6
    8261878c:	0b1c014a 	add	w10, w10, w28
    82618790:	4ac664e7 	eor	w7, w7, w6, ror #25
    82618794:	0a0a003c 	and	w28, w1, w10
    82618798:	0b070107 	add	w7, w8, w7
    8261879c:	138a3548 	ror	w8, w10, #13
    826187a0:	0b070064 	add	w4, w3, w7
    826187a4:	2a0a0023 	orr	w3, w1, w10
    826187a8:	4aca0908 	eor	w8, w8, w10, ror #2
    826187ac:	0a020063 	and	w3, w3, w2
    826187b0:	2a1c0063 	orr	w3, w3, w28
    826187b4:	4aca5908 	eor	w8, w8, w10, ror #22
    826187b8:	0b030108 	add	w8, w8, w3
    826187bc:	13842c83 	ror	w3, w4, #11
    826187c0:	0b070108 	add	w8, w8, w7
    826187c4:	4a0601c7 	eor	w7, w14, w6
    826187c8:	0a0400e7 	and	w7, w7, w4
    826187cc:	4ac41863 	eor	w3, w3, w4, ror #6
    826187d0:	4a0e00e7 	eor	w7, w7, w14
    826187d4:	4ac46463 	eor	w3, w3, w4, ror #25
    826187d8:	0b1800f8 	add	w24, w7, w24
    826187dc:	528bdaa7 	mov	w7, #0x5ed5                	// #24277
    826187e0:	72b56387 	movk	w7, #0xab1c, lsl #16
    826187e4:	0b070347 	add	w7, w26, w7
    826187e8:	0b070307 	add	w7, w24, w7
    826187ec:	2a080158 	orr	w24, w10, w8
    826187f0:	0b0300e3 	add	w3, w7, w3
    826187f4:	13883507 	ror	w7, w8, #13
    826187f8:	0a08015c 	and	w28, w10, w8
    826187fc:	4ac808e7 	eor	w7, w7, w8, ror #2
    82618800:	0a010318 	and	w24, w24, w1
    82618804:	4ac858e7 	eor	w7, w7, w8, ror #22
    82618808:	2a1c0318 	orr	w24, w24, w28
    8261880c:	0b030042 	add	w2, w2, w3
    82618810:	0b1800e7 	add	w7, w7, w24
    82618814:	0b0300e7 	add	w7, w7, w3
    82618818:	4a0400c3 	eor	w3, w6, w4
    8261881c:	0a020063 	and	w3, w3, w2
    82618820:	2a070118 	orr	w24, w8, w7
    82618824:	4a060063 	eor	w3, w3, w6
    82618828:	0a07011c 	and	w28, w8, w7
    8261882c:	0b0e006e 	add	w14, w3, w14
    82618830:	52955303 	mov	w3, #0xaa98                	// #43672
    82618834:	72bb00e3 	movk	w3, #0xd807, lsl #16
    82618838:	0b0303c3 	add	w3, w30, w3
    8261883c:	0b0301ce 	add	w14, w14, w3
    82618840:	13822c43 	ror	w3, w2, #11
    82618844:	4ac21863 	eor	w3, w3, w2, ror #6
    82618848:	0a0a0318 	and	w24, w24, w10
    8261884c:	4ac26463 	eor	w3, w3, w2, ror #25
    82618850:	2a1c0318 	orr	w24, w24, w28
    82618854:	0b0301c3 	add	w3, w14, w3
    82618858:	138734ee 	ror	w14, w7, #13
    8261885c:	4ac709ce 	eor	w14, w14, w7, ror #2
    82618860:	0b030021 	add	w1, w1, w3
    82618864:	4ac759ce 	eor	w14, w14, w7, ror #22
    82618868:	0b1801ce 	add	w14, w14, w24
    8261886c:	0b0301ce 	add	w14, w14, w3
    82618870:	4a020083 	eor	w3, w4, w2
    82618874:	0a010063 	and	w3, w3, w1
    82618878:	2a0e00f8 	orr	w24, w7, w14
    8261887c:	4a040063 	eor	w3, w3, w4
    82618880:	0a0e00fc 	and	w28, w7, w14
    82618884:	0b060066 	add	w6, w3, w6
    82618888:	528b6023 	mov	w3, #0x5b01                	// #23297
    8261888c:	72a25063 	movk	w3, #0x1283, lsl #16
    82618890:	0b030223 	add	w3, w17, w3
    82618894:	0b0300c3 	add	w3, w6, w3
    82618898:	13812c26 	ror	w6, w1, #11
    8261889c:	4ac118c6 	eor	w6, w6, w1, ror #6
    826188a0:	0a080318 	and	w24, w24, w8
    826188a4:	4ac164c6 	eor	w6, w6, w1, ror #25
    826188a8:	2a1c0318 	orr	w24, w24, w28
    826188ac:	0b060066 	add	w6, w3, w6
    826188b0:	138e35c3 	ror	w3, w14, #13
    826188b4:	4ace0863 	eor	w3, w3, w14, ror #2
    826188b8:	0b06014a 	add	w10, w10, w6
    826188bc:	4ace5863 	eor	w3, w3, w14, ror #22
    826188c0:	0b180063 	add	w3, w3, w24
    826188c4:	0b060063 	add	w3, w3, w6
    826188c8:	4a010046 	eor	w6, w2, w1
    826188cc:	0a0a00c6 	and	w6, w6, w10
    826188d0:	2a0301d8 	orr	w24, w14, w3
    826188d4:	4a0200c6 	eor	w6, w6, w2
    826188d8:	0a0301dc 	and	w28, w14, w3
    826188dc:	0b0400c4 	add	w4, w6, w4
    826188e0:	5290b7c6 	mov	w6, #0x85be                	// #34238
    826188e4:	72a48626 	movk	w6, #0x2431, lsl #16
    826188e8:	0b060206 	add	w6, w16, w6
    826188ec:	0b060086 	add	w6, w4, w6
    826188f0:	138a2d44 	ror	w4, w10, #11
    826188f4:	4aca1884 	eor	w4, w4, w10, ror #6
    826188f8:	0a070318 	and	w24, w24, w7
    826188fc:	4aca6484 	eor	w4, w4, w10, ror #25
    82618900:	2a1c0318 	orr	w24, w24, w28
    82618904:	0b0400c4 	add	w4, w6, w4
    82618908:	13833466 	ror	w6, w3, #13
    8261890c:	4ac308c6 	eor	w6, w6, w3, ror #2
    82618910:	0b040108 	add	w8, w8, w4
    82618914:	4ac358c6 	eor	w6, w6, w3, ror #22
    82618918:	0b1800c6 	add	w6, w6, w24
    8261891c:	0b0400c6 	add	w6, w6, w4
    82618920:	4a0a0024 	eor	w4, w1, w10
    82618924:	0a080084 	and	w4, w4, w8
    82618928:	2a060078 	orr	w24, w3, w6
    8261892c:	4a010084 	eor	w4, w4, w1
    82618930:	0a06007c 	and	w28, w3, w6
    82618934:	0b020082 	add	w2, w4, w2
    82618938:	528fb864 	mov	w4, #0x7dc3                	// #32195
    8261893c:	72aaa184 	movk	w4, #0x550c, lsl #16
    82618940:	0b0401e4 	add	w4, w15, w4
    82618944:	0b040042 	add	w2, w2, w4
    82618948:	13882d04 	ror	w4, w8, #11
    8261894c:	4ac81884 	eor	w4, w4, w8, ror #6
    82618950:	0a0e0318 	and	w24, w24, w14
    82618954:	4ac86484 	eor	w4, w4, w8, ror #25
    82618958:	2a1c0318 	orr	w24, w24, w28
    8261895c:	0b040044 	add	w4, w2, w4
    82618960:	138634c2 	ror	w2, w6, #13
    82618964:	4ac60842 	eor	w2, w2, w6, ror #2
    82618968:	0b0400e7 	add	w7, w7, w4
    8261896c:	4ac65842 	eor	w2, w2, w6, ror #22
    82618970:	0b180042 	add	w2, w2, w24
    82618974:	0b040042 	add	w2, w2, w4
    82618978:	4a080144 	eor	w4, w10, w8
    8261897c:	0a070084 	and	w4, w4, w7
    82618980:	2a0200d8 	orr	w24, w6, w2
    82618984:	4a0a0084 	eor	w4, w4, w10
    82618988:	0a0200dc 	and	w28, w6, w2
    8261898c:	0b010081 	add	w1, w4, w1
    82618990:	528bae84 	mov	w4, #0x5d74                	// #23924
    82618994:	72ae57c4 	movk	w4, #0x72be, lsl #16
    82618998:	0b0400a4 	add	w4, w5, w4
    8261899c:	0b040021 	add	w1, w1, w4
    826189a0:	13872ce4 	ror	w4, w7, #11
    826189a4:	4ac71884 	eor	w4, w4, w7, ror #6
    826189a8:	0a030318 	and	w24, w24, w3
    826189ac:	4ac76484 	eor	w4, w4, w7, ror #25
    826189b0:	2a1c0318 	orr	w24, w24, w28
    826189b4:	0b040024 	add	w4, w1, w4
    826189b8:	13823441 	ror	w1, w2, #13
    826189bc:	4ac20821 	eor	w1, w1, w2, ror #2
    826189c0:	0b0401ce 	add	w14, w14, w4
    826189c4:	4ac25821 	eor	w1, w1, w2, ror #22
    826189c8:	0b180021 	add	w1, w1, w24
    826189cc:	0b040021 	add	w1, w1, w4
    826189d0:	4a070104 	eor	w4, w8, w7
    826189d4:	0a0e0084 	and	w4, w4, w14
    826189d8:	2a010058 	orr	w24, w2, w1
    826189dc:	4a080084 	eor	w4, w4, w8
    826189e0:	0a01005c 	and	w28, w2, w1
    826189e4:	0b0a008a 	add	w10, w4, w10
    826189e8:	52963fc4 	mov	w4, #0xb1fe                	// #45566
    826189ec:	72b01bc4 	movk	w4, #0x80de, lsl #16
    826189f0:	0b0401a4 	add	w4, w13, w4
    826189f4:	0b04014a 	add	w10, w10, w4
    826189f8:	138e2dc4 	ror	w4, w14, #11
    826189fc:	4ace1884 	eor	w4, w4, w14, ror #6
    82618a00:	0a060318 	and	w24, w24, w6
    82618a04:	4ace6484 	eor	w4, w4, w14, ror #25
    82618a08:	2a1c0318 	orr	w24, w24, w28
    82618a0c:	0b040144 	add	w4, w10, w4
    82618a10:	1381342a 	ror	w10, w1, #13
    82618a14:	4ac1094a 	eor	w10, w10, w1, ror #2
    82618a18:	0b040063 	add	w3, w3, w4
    82618a1c:	4ac1594a 	eor	w10, w10, w1, ror #22
    82618a20:	0b18014a 	add	w10, w10, w24
    82618a24:	0b04014a 	add	w10, w10, w4
    82618a28:	4a0e00e4 	eor	w4, w7, w14
    82618a2c:	0a030084 	and	w4, w4, w3
    82618a30:	2a0a0038 	orr	w24, w1, w10
    82618a34:	4a070084 	eor	w4, w4, w7
    82618a38:	0a0a003c 	and	w28, w1, w10
    82618a3c:	0b080088 	add	w8, w4, w8
    82618a40:	5280d4e4 	mov	w4, #0x6a7                 	// #1703
    82618a44:	72b37b84 	movk	w4, #0x9bdc, lsl #16
    82618a48:	0b040184 	add	w4, w12, w4
    82618a4c:	0b040108 	add	w8, w8, w4
    82618a50:	13832c64 	ror	w4, w3, #11
    82618a54:	4ac31884 	eor	w4, w4, w3, ror #6
    82618a58:	0a020318 	and	w24, w24, w2
    82618a5c:	4ac36484 	eor	w4, w4, w3, ror #25
    82618a60:	2a1c0318 	orr	w24, w24, w28
    82618a64:	0b040104 	add	w4, w8, w4
    82618a68:	138a3548 	ror	w8, w10, #13
    82618a6c:	4aca0908 	eor	w8, w8, w10, ror #2
    82618a70:	0b0400c6 	add	w6, w6, w4
    82618a74:	4aca5908 	eor	w8, w8, w10, ror #22
    82618a78:	0b180108 	add	w8, w8, w24
    82618a7c:	0b040108 	add	w8, w8, w4
    82618a80:	4a0301c4 	eor	w4, w14, w3
    82618a84:	0a060084 	and	w4, w4, w6
    82618a88:	2a080158 	orr	w24, w10, w8
    82618a8c:	4a0e0084 	eor	w4, w4, w14
    82618a90:	0a08015c 	and	w28, w10, w8
    82618a94:	0b070087 	add	w7, w4, w7
    82618a98:	529e2e84 	mov	w4, #0xf174                	// #61812
    82618a9c:	72b83364 	movk	w4, #0xc19b, lsl #16
    82618aa0:	0b040164 	add	w4, w11, w4
    82618aa4:	0b0400e7 	add	w7, w7, w4
    82618aa8:	13862cc4 	ror	w4, w6, #11
    82618aac:	4ac61884 	eor	w4, w4, w6, ror #6
    82618ab0:	0a010318 	and	w24, w24, w1
    82618ab4:	4ac66484 	eor	w4, w4, w6, ror #25
    82618ab8:	2a1c0318 	orr	w24, w24, w28
    82618abc:	0b0400e4 	add	w4, w7, w4
    82618ac0:	13883507 	ror	w7, w8, #13
    82618ac4:	4ac808e7 	eor	w7, w7, w8, ror #2
    82618ac8:	0b040042 	add	w2, w2, w4
    82618acc:	4ac858e7 	eor	w7, w7, w8, ror #22
    82618ad0:	0b1800e7 	add	w7, w7, w24
    82618ad4:	138c4d98 	ror	w24, w12, #19
    82618ad8:	0b0400e7 	add	w7, w7, w4
    82618adc:	13954aa4 	ror	w4, w21, #18
    82618ae0:	4acc4718 	eor	w24, w24, w12, ror #17
    82618ae4:	4ad51c84 	eor	w4, w4, w21, ror #7
    82618ae8:	4a4c2b18 	eor	w24, w24, w12, lsr #10
    82618aec:	4a550c84 	eor	w4, w4, w21, lsr #3
    82618af0:	0b040304 	add	w4, w24, w4
    82618af4:	2a070118 	orr	w24, w8, w7
    82618af8:	0b160084 	add	w4, w4, w22
    82618afc:	4a060076 	eor	w22, w3, w6
    82618b00:	0a0202d6 	and	w22, w22, w2
    82618b04:	0a07011c 	and	w28, w8, w7
    82618b08:	4a0302d6 	eor	w22, w22, w3
    82618b0c:	0a0a0318 	and	w24, w24, w10
    82618b10:	0b0e02ce 	add	w14, w22, w14
    82618b14:	528d3836 	mov	w22, #0x69c1                	// #27073
    82618b18:	72bc9376 	movk	w22, #0xe49b, lsl #16
    82618b1c:	0b160096 	add	w22, w4, w22
    82618b20:	0b1601ce 	add	w14, w14, w22
    82618b24:	13822c56 	ror	w22, w2, #11
    82618b28:	4ac21ad6 	eor	w22, w22, w2, ror #6
    82618b2c:	2a1c0318 	orr	w24, w24, w28
    82618b30:	4ac266d6 	eor	w22, w22, w2, ror #25
    82618b34:	0b1002b5 	add	w21, w21, w16
    82618b38:	0b1601d6 	add	w22, w14, w22
    82618b3c:	138734ee 	ror	w14, w7, #13
    82618b40:	4ac709ce 	eor	w14, w14, w7, ror #2
    82618b44:	0b160021 	add	w1, w1, w22
    82618b48:	4ac759ce 	eor	w14, w14, w7, ror #22
    82618b4c:	0b1801ce 	add	w14, w14, w24
    82618b50:	138b4d78 	ror	w24, w11, #19
    82618b54:	0b1601ce 	add	w14, w14, w22
    82618b58:	13974af6 	ror	w22, w23, #18
    82618b5c:	4acb4718 	eor	w24, w24, w11, ror #17
    82618b60:	4ad71ed6 	eor	w22, w22, w23, ror #7
    82618b64:	4a4b2b18 	eor	w24, w24, w11, lsr #10
    82618b68:	4a570ed6 	eor	w22, w22, w23, lsr #3
    82618b6c:	0b160316 	add	w22, w24, w22
    82618b70:	2a0e00f8 	orr	w24, w7, w14
    82618b74:	0b1502d6 	add	w22, w22, w21
    82618b78:	4a0200d5 	eor	w21, w6, w2
    82618b7c:	0a0102b5 	and	w21, w21, w1
    82618b80:	0a0e00fc 	and	w28, w7, w14
    82618b84:	4a0602b5 	eor	w21, w21, w6
    82618b88:	0a080318 	and	w24, w24, w8
    82618b8c:	0b0302a3 	add	w3, w21, w3
    82618b90:	5288f0d5 	mov	w21, #0x4786                	// #18310
    82618b94:	72bdf7d5 	movk	w21, #0xefbe, lsl #16
    82618b98:	0b1502d5 	add	w21, w22, w21
    82618b9c:	0b150063 	add	w3, w3, w21
    82618ba0:	13812c35 	ror	w21, w1, #11
    82618ba4:	4ac11ab5 	eor	w21, w21, w1, ror #6
    82618ba8:	2a1c0318 	orr	w24, w24, w28
    82618bac:	4ac166b5 	eor	w21, w21, w1, ror #25
    82618bb0:	139b4b7c 	ror	w28, w27, #18
    82618bb4:	0b150075 	add	w21, w3, w21
    82618bb8:	138e35c3 	ror	w3, w14, #13
    82618bbc:	4ace0863 	eor	w3, w3, w14, ror #2
    82618bc0:	0b15014a 	add	w10, w10, w21
    82618bc4:	4ace5863 	eor	w3, w3, w14, ror #22
    82618bc8:	4adb1f9c 	eor	w28, w28, w27, ror #7
    82618bcc:	0b180063 	add	w3, w3, w24
    82618bd0:	4a5b0f9c 	eor	w28, w28, w27, lsr #3
    82618bd4:	0b150063 	add	w3, w3, w21
    82618bd8:	13844c95 	ror	w21, w4, #19
    82618bdc:	4ac446b5 	eor	w21, w21, w4, ror #17
    82618be0:	0b0f02f7 	add	w23, w23, w15
    82618be4:	4a442ab5 	eor	w21, w21, w4, lsr #10
    82618be8:	0a0301d8 	and	w24, w14, w3
    82618bec:	0b1c02bc 	add	w28, w21, w28
    82618bf0:	4a010055 	eor	w21, w2, w1
    82618bf4:	0a0a02b5 	and	w21, w21, w10
    82618bf8:	0b17039c 	add	w28, w28, w23
    82618bfc:	4a0202b5 	eor	w21, w21, w2
    82618c00:	2a0301d7 	orr	w23, w14, w3
    82618c04:	0b0602a6 	add	w6, w21, w6
    82618c08:	5293b8d5 	mov	w21, #0x9dc6                	// #40390
    82618c0c:	72a1f835 	movk	w21, #0xfc1, lsl #16
    82618c10:	0b150395 	add	w21, w28, w21
    82618c14:	0b1500c6 	add	w6, w6, w21
    82618c18:	138a2d55 	ror	w21, w10, #11
    82618c1c:	4aca1ab5 	eor	w21, w21, w10, ror #6
    82618c20:	0a0702f7 	and	w23, w23, w7
    82618c24:	4aca66b5 	eor	w21, w21, w10, ror #25
    82618c28:	2a1802f7 	orr	w23, w23, w24
    82618c2c:	0b1500d5 	add	w21, w6, w21
    82618c30:	13833466 	ror	w6, w3, #13
    82618c34:	4ac308c6 	eor	w6, w6, w3, ror #2
    82618c38:	0b150108 	add	w8, w8, w21
    82618c3c:	4ac358c6 	eor	w6, w6, w3, ror #22
    82618c40:	0b05037b 	add	w27, w27, w5
    82618c44:	0b1700c6 	add	w6, w6, w23
    82618c48:	13994b37 	ror	w23, w25, #18
    82618c4c:	0b1500c6 	add	w6, w6, w21
    82618c50:	13964ed5 	ror	w21, w22, #19
    82618c54:	4ad646b5 	eor	w21, w21, w22, ror #17
    82618c58:	4ad91ef7 	eor	w23, w23, w25, ror #7
    82618c5c:	4a562ab5 	eor	w21, w21, w22, lsr #10
    82618c60:	4a590ef7 	eor	w23, w23, w25, lsr #3
    82618c64:	0b1702b7 	add	w23, w21, w23
    82618c68:	4a0a0035 	eor	w21, w1, w10
    82618c6c:	0a0802b5 	and	w21, w21, w8
    82618c70:	0b1b02f7 	add	w23, w23, w27
    82618c74:	4a0102b5 	eor	w21, w21, w1
    82618c78:	2a060078 	orr	w24, w3, w6
    82618c7c:	0b0202a2 	add	w2, w21, w2
    82618c80:	52943995 	mov	w21, #0xa1cc                	// #41420
    82618c84:	72a48195 	movk	w21, #0x240c, lsl #16
    82618c88:	0b1502f5 	add	w21, w23, w21
    82618c8c:	0b150042 	add	w2, w2, w21
    82618c90:	13882d15 	ror	w21, w8, #11
    82618c94:	4ac81ab5 	eor	w21, w21, w8, ror #6
    82618c98:	0a06007b 	and	w27, w3, w6
    82618c9c:	4ac866b5 	eor	w21, w21, w8, ror #25
    82618ca0:	0a0e0318 	and	w24, w24, w14
    82618ca4:	0b150055 	add	w21, w2, w21
    82618ca8:	138634c2 	ror	w2, w6, #13
    82618cac:	4ac60842 	eor	w2, w2, w6, ror #2
    82618cb0:	2a1b0318 	orr	w24, w24, w27
    82618cb4:	4ac65842 	eor	w2, w2, w6, ror #22
    82618cb8:	0b1500e7 	add	w7, w7, w21
    82618cbc:	0b180042 	add	w2, w2, w24
    82618cc0:	13944a98 	ror	w24, w20, #18
    82618cc4:	0b150042 	add	w2, w2, w21
    82618cc8:	139c4f95 	ror	w21, w28, #19
    82618ccc:	4adc46b5 	eor	w21, w21, w28, ror #17
    82618cd0:	4ad41f18 	eor	w24, w24, w20, ror #7
    82618cd4:	4a5c2ab5 	eor	w21, w21, w28, lsr #10
    82618cd8:	4a540f18 	eor	w24, w24, w20, lsr #3
    82618cdc:	0b1802b8 	add	w24, w21, w24
    82618ce0:	4a080155 	eor	w21, w10, w8
    82618ce4:	0a0702b5 	and	w21, w21, w7
    82618ce8:	0b0d0339 	add	w25, w25, w13
    82618cec:	4a0a02b5 	eor	w21, w21, w10
    82618cf0:	0b190318 	add	w24, w24, w25
    82618cf4:	0b0102a1 	add	w1, w21, w1
    82618cf8:	52858df5 	mov	w21, #0x2c6f                	// #11375
    82618cfc:	72a5bd35 	movk	w21, #0x2de9, lsl #16
    82618d00:	0b150315 	add	w21, w24, w21
    82618d04:	0b150021 	add	w1, w1, w21
    82618d08:	13872cf5 	ror	w21, w7, #11
    82618d0c:	4ac71ab5 	eor	w21, w21, w7, ror #6
    82618d10:	2a0200d9 	orr	w25, w6, w2
    82618d14:	4ac766b5 	eor	w21, w21, w7, ror #25
    82618d18:	0a0200db 	and	w27, w6, w2
    82618d1c:	0b150035 	add	w21, w1, w21
    82618d20:	13823441 	ror	w1, w2, #13
    82618d24:	4ac20821 	eor	w1, w1, w2, ror #2
    82618d28:	0a030339 	and	w25, w25, w3
    82618d2c:	2a1b0339 	orr	w25, w25, w27
    82618d30:	4ac25821 	eor	w1, w1, w2, ror #22
    82618d34:	0b190021 	add	w1, w1, w25
    82618d38:	0b1501ce 	add	w14, w14, w21
    82618d3c:	0b150021 	add	w1, w1, w21
    82618d40:	13934a79 	ror	w25, w19, #18
    82618d44:	4ad31f39 	eor	w25, w25, w19, ror #7
    82618d48:	13974ef5 	ror	w21, w23, #19
    82618d4c:	4ad746b5 	eor	w21, w21, w23, ror #17
    82618d50:	4a530f39 	eor	w25, w25, w19, lsr #3
    82618d54:	4a572ab5 	eor	w21, w21, w23, lsr #10
    82618d58:	0b0c0294 	add	w20, w20, w12
    82618d5c:	0b1902b9 	add	w25, w21, w25
    82618d60:	2a010055 	orr	w21, w2, w1
    82618d64:	0b140339 	add	w25, w25, w20
    82618d68:	4a070114 	eor	w20, w8, w7
    82618d6c:	0a0e0294 	and	w20, w20, w14
    82618d70:	0a01005b 	and	w27, w2, w1
    82618d74:	4a080294 	eor	w20, w20, w8
    82618d78:	0a0602b5 	and	w21, w21, w6
    82618d7c:	0b0a028a 	add	w10, w20, w10
    82618d80:	52909554 	mov	w20, #0x84aa                	// #33962
    82618d84:	72a94e94 	movk	w20, #0x4a74, lsl #16
    82618d88:	0b140334 	add	w20, w25, w20
    82618d8c:	0b14014a 	add	w10, w10, w20
    82618d90:	138e2dd4 	ror	w20, w14, #11
    82618d94:	4ace1a94 	eor	w20, w20, w14, ror #6
    82618d98:	2a1b02b5 	orr	w21, w21, w27
    82618d9c:	4ace6694 	eor	w20, w20, w14, ror #25
    82618da0:	0b0b0273 	add	w19, w19, w11
    82618da4:	0b140154 	add	w20, w10, w20
    82618da8:	1381342a 	ror	w10, w1, #13
    82618dac:	4ac1094a 	eor	w10, w10, w1, ror #2
    82618db0:	0b140063 	add	w3, w3, w20
    82618db4:	4ac1594a 	eor	w10, w10, w1, ror #22
    82618db8:	0b15014a 	add	w10, w10, w21
    82618dbc:	13984f15 	ror	w21, w24, #19
    82618dc0:	0b14014a 	add	w10, w10, w20
    82618dc4:	139a4b54 	ror	w20, w26, #18
    82618dc8:	4ad846b5 	eor	w21, w21, w24, ror #17
    82618dcc:	4ada1e94 	eor	w20, w20, w26, ror #7
    82618dd0:	4a582ab5 	eor	w21, w21, w24, lsr #10
    82618dd4:	4a5a0e94 	eor	w20, w20, w26, lsr #3
    82618dd8:	0b1402b4 	add	w20, w21, w20
    82618ddc:	2a0a0035 	orr	w21, w1, w10
    82618de0:	0b130294 	add	w20, w20, w19
    82618de4:	4a0e00f3 	eor	w19, w7, w14
    82618de8:	0a030273 	and	w19, w19, w3
    82618dec:	0a0a003b 	and	w27, w1, w10
    82618df0:	4a070273 	eor	w19, w19, w7
    82618df4:	0a0202b5 	and	w21, w21, w2
    82618df8:	0b080268 	add	w8, w19, w8
    82618dfc:	52953b93 	mov	w19, #0xa9dc                	// #43484
    82618e00:	72ab9613 	movk	w19, #0x5cb0, lsl #16
    82618e04:	0b130293 	add	w19, w20, w19
    82618e08:	0b130108 	add	w8, w8, w19
    82618e0c:	13832c73 	ror	w19, w3, #11
    82618e10:	4ac31a73 	eor	w19, w19, w3, ror #6
    82618e14:	2a1b02b5 	orr	w21, w21, w27
    82618e18:	4ac36673 	eor	w19, w19, w3, ror #25
    82618e1c:	0b130113 	add	w19, w8, w19
    82618e20:	138a3548 	ror	w8, w10, #13
    82618e24:	4aca0908 	eor	w8, w8, w10, ror #2
    82618e28:	0b1300c6 	add	w6, w6, w19
    82618e2c:	4aca5908 	eor	w8, w8, w10, ror #22
    82618e30:	0b150108 	add	w8, w8, w21
    82618e34:	139e4bd5 	ror	w21, w30, #18
    82618e38:	0b130108 	add	w8, w8, w19
    82618e3c:	13994f33 	ror	w19, w25, #19
    82618e40:	4ad94673 	eor	w19, w19, w25, ror #17
    82618e44:	4ade1eb5 	eor	w21, w21, w30, ror #7
    82618e48:	4a592a73 	eor	w19, w19, w25, lsr #10
    82618e4c:	4a5e0eb5 	eor	w21, w21, w30, lsr #3
    82618e50:	0b1a02b5 	add	w21, w21, w26
    82618e54:	0b040273 	add	w19, w19, w4
    82618e58:	0b150273 	add	w19, w19, w21
    82618e5c:	4a0301d5 	eor	w21, w14, w3
    82618e60:	0a0602b5 	and	w21, w21, w6
    82618e64:	2a08015a 	orr	w26, w10, w8
    82618e68:	4a0e02b5 	eor	w21, w21, w14
    82618e6c:	0a08015b 	and	w27, w10, w8
    82618e70:	0b0702a7 	add	w7, w21, w7
    82618e74:	52911b55 	mov	w21, #0x88da                	// #35034
    82618e78:	72aedf35 	movk	w21, #0x76f9, lsl #16
    82618e7c:	0b150275 	add	w21, w19, w21
    82618e80:	0b1500e7 	add	w7, w7, w21
    82618e84:	13862cd5 	ror	w21, w6, #11
    82618e88:	4ac61ab5 	eor	w21, w21, w6, ror #6
    82618e8c:	0a01035a 	and	w26, w26, w1
    82618e90:	4ac666b5 	eor	w21, w21, w6, ror #25
    82618e94:	2a1b035a 	orr	w26, w26, w27
    82618e98:	0b1500f5 	add	w21, w7, w21
    82618e9c:	13883507 	ror	w7, w8, #13
    82618ea0:	4ac808e7 	eor	w7, w7, w8, ror #2
    82618ea4:	0b150042 	add	w2, w2, w21
    82618ea8:	4ac858e7 	eor	w7, w7, w8, ror #22
    82618eac:	0b1a00e7 	add	w7, w7, w26
    82618eb0:	0b1500e7 	add	w7, w7, w21
    82618eb4:	13914a35 	ror	w21, w17, #18
    82618eb8:	4ad11eb5 	eor	w21, w21, w17, ror #7
    82618ebc:	2a07011a 	orr	w26, w8, w7
    82618ec0:	4a510eb5 	eor	w21, w21, w17, lsr #3
    82618ec4:	0a07011b 	and	w27, w8, w7
    82618ec8:	0b1e02be 	add	w30, w21, w30
    82618ecc:	13944e95 	ror	w21, w20, #19
    82618ed0:	4ad446b5 	eor	w21, w21, w20, ror #17
    82618ed4:	0a0a035a 	and	w26, w26, w10
    82618ed8:	4a542ab5 	eor	w21, w21, w20, lsr #10
    82618edc:	2a1b035a 	orr	w26, w26, w27
    82618ee0:	0b1602b5 	add	w21, w21, w22
    82618ee4:	0b1503de 	add	w30, w30, w21
    82618ee8:	4a060075 	eor	w21, w3, w6
    82618eec:	0a0202b5 	and	w21, w21, w2
    82618ef0:	4a0302b5 	eor	w21, w21, w3
    82618ef4:	0b0e02ae 	add	w14, w21, w14
    82618ef8:	528a2a55 	mov	w21, #0x5152                	// #20818
    82618efc:	72b307d5 	movk	w21, #0x983e, lsl #16
    82618f00:	0b1503d5 	add	w21, w30, w21
    82618f04:	0b1501ce 	add	w14, w14, w21
    82618f08:	13822c55 	ror	w21, w2, #11
    82618f0c:	4ac21ab5 	eor	w21, w21, w2, ror #6
    82618f10:	4ac266b5 	eor	w21, w21, w2, ror #25
    82618f14:	0b1501d5 	add	w21, w14, w21
    82618f18:	138734ee 	ror	w14, w7, #13
    82618f1c:	4ac709ce 	eor	w14, w14, w7, ror #2
    82618f20:	0b150021 	add	w1, w1, w21
    82618f24:	4ac759ce 	eor	w14, w14, w7, ror #22
    82618f28:	0b1a01ce 	add	w14, w14, w26
    82618f2c:	0b1501ce 	add	w14, w14, w21
    82618f30:	13904a15 	ror	w21, w16, #18
    82618f34:	4ad01eb5 	eor	w21, w21, w16, ror #7
    82618f38:	2a0e00fa 	orr	w26, w7, w14
    82618f3c:	4a500eb5 	eor	w21, w21, w16, lsr #3
    82618f40:	0a0e00fb 	and	w27, w7, w14
    82618f44:	0b1102b1 	add	w17, w21, w17
    82618f48:	13934e75 	ror	w21, w19, #19
    82618f4c:	4ad346b5 	eor	w21, w21, w19, ror #17
    82618f50:	0a08035a 	and	w26, w26, w8
    82618f54:	4a532ab5 	eor	w21, w21, w19, lsr #10
    82618f58:	2a1b035a 	orr	w26, w26, w27
    82618f5c:	0b1c02b5 	add	w21, w21, w28
    82618f60:	0b150231 	add	w17, w17, w21
    82618f64:	4a0200d5 	eor	w21, w6, w2
    82618f68:	0a0102b5 	and	w21, w21, w1
    82618f6c:	4a0602b5 	eor	w21, w21, w6
    82618f70:	0b0302a3 	add	w3, w21, w3
    82618f74:	5298cdb5 	mov	w21, #0xc66d                	// #50797
    82618f78:	72b50635 	movk	w21, #0xa831, lsl #16
    82618f7c:	0b150235 	add	w21, w17, w21
    82618f80:	0b150063 	add	w3, w3, w21
    82618f84:	13812c35 	ror	w21, w1, #11
    82618f88:	4ac11ab5 	eor	w21, w21, w1, ror #6
    82618f8c:	4ac166b5 	eor	w21, w21, w1, ror #25
    82618f90:	0b150075 	add	w21, w3, w21
    82618f94:	138e35c3 	ror	w3, w14, #13
    82618f98:	4ace0863 	eor	w3, w3, w14, ror #2
    82618f9c:	0b15014a 	add	w10, w10, w21
    82618fa0:	4ace5863 	eor	w3, w3, w14, ror #22
    82618fa4:	0b1a0063 	add	w3, w3, w26
    82618fa8:	0b150063 	add	w3, w3, w21
    82618fac:	138f49f5 	ror	w21, w15, #18
    82618fb0:	4acf1eb5 	eor	w21, w21, w15, ror #7
    82618fb4:	2a0301da 	orr	w26, w14, w3
    82618fb8:	4a4f0eb5 	eor	w21, w21, w15, lsr #3
    82618fbc:	0a0301db 	and	w27, w14, w3
    82618fc0:	0b1002b0 	add	w16, w21, w16
    82618fc4:	139e4fd5 	ror	w21, w30, #19
    82618fc8:	4ade46b5 	eor	w21, w21, w30, ror #17
    82618fcc:	0a07035a 	and	w26, w26, w7
    82618fd0:	4a5e2ab5 	eor	w21, w21, w30, lsr #10
    82618fd4:	2a1b035a 	orr	w26, w26, w27
    82618fd8:	0b1702b5 	add	w21, w21, w23
    82618fdc:	0b150210 	add	w16, w16, w21
    82618fe0:	4a010055 	eor	w21, w2, w1
    82618fe4:	0a0a02b5 	and	w21, w21, w10
    82618fe8:	4a0202b5 	eor	w21, w21, w2
    82618fec:	0b0602a6 	add	w6, w21, w6
    82618ff0:	5284f915 	mov	w21, #0x27c8                	// #10184
    82618ff4:	72b60075 	movk	w21, #0xb003, lsl #16
    82618ff8:	0b150215 	add	w21, w16, w21
    82618ffc:	0b1500c6 	add	w6, w6, w21
    82619000:	138a2d55 	ror	w21, w10, #11
    82619004:	4aca1ab5 	eor	w21, w21, w10, ror #6
    82619008:	4aca66b5 	eor	w21, w21, w10, ror #25
    8261900c:	0b1500d5 	add	w21, w6, w21
    82619010:	13833466 	ror	w6, w3, #13
    82619014:	4ac308c6 	eor	w6, w6, w3, ror #2
    82619018:	0b150108 	add	w8, w8, w21
    8261901c:	4ac358c6 	eor	w6, w6, w3, ror #22
    82619020:	0b1a00c6 	add	w6, w6, w26
    82619024:	0b1500c6 	add	w6, w6, w21
    82619028:	138548b5 	ror	w21, w5, #18
    8261902c:	4ac51eb5 	eor	w21, w21, w5, ror #7
    82619030:	2a06007a 	orr	w26, w3, w6
    82619034:	4a450eb5 	eor	w21, w21, w5, lsr #3
    82619038:	0a06007b 	and	w27, w3, w6
    8261903c:	0b0f02af 	add	w15, w21, w15
    82619040:	13914e35 	ror	w21, w17, #19
    82619044:	4ad146b5 	eor	w21, w21, w17, ror #17
    82619048:	0a0e035a 	and	w26, w26, w14
    8261904c:	4a512ab5 	eor	w21, w21, w17, lsr #10
    82619050:	2a1b035a 	orr	w26, w26, w27
    82619054:	0b1802b5 	add	w21, w21, w24
    82619058:	0b1501ef 	add	w15, w15, w21
    8261905c:	4a0a0035 	eor	w21, w1, w10
    82619060:	0a0802b5 	and	w21, w21, w8
    82619064:	4a0102b5 	eor	w21, w21, w1
    82619068:	0b0202a2 	add	w2, w21, w2
    8261906c:	528ff8f5 	mov	w21, #0x7fc7                	// #32711
    82619070:	72b7eb35 	movk	w21, #0xbf59, lsl #16
    82619074:	0b1501f5 	add	w21, w15, w21
    82619078:	0b150042 	add	w2, w2, w21
    8261907c:	13882d15 	ror	w21, w8, #11
    82619080:	4ac81ab5 	eor	w21, w21, w8, ror #6
    82619084:	4ac866b5 	eor	w21, w21, w8, ror #25
    82619088:	0b150055 	add	w21, w2, w21
    8261908c:	138634c2 	ror	w2, w6, #13
    82619090:	4ac60842 	eor	w2, w2, w6, ror #2
    82619094:	0b1500e7 	add	w7, w7, w21
    82619098:	4ac65842 	eor	w2, w2, w6, ror #22
    8261909c:	0b1a0042 	add	w2, w2, w26
    826190a0:	0b150042 	add	w2, w2, w21
    826190a4:	138d49b5 	ror	w21, w13, #18
    826190a8:	4acd1eb5 	eor	w21, w21, w13, ror #7
    826190ac:	2a0200da 	orr	w26, w6, w2
    826190b0:	4a4d0eb5 	eor	w21, w21, w13, lsr #3
    826190b4:	0a0200db 	and	w27, w6, w2
    826190b8:	0b0502a5 	add	w5, w21, w5
    826190bc:	13904e15 	ror	w21, w16, #19
    826190c0:	4ad046b5 	eor	w21, w21, w16, ror #17
    826190c4:	0a03035a 	and	w26, w26, w3
    826190c8:	4a502ab5 	eor	w21, w21, w16, lsr #10
    826190cc:	2a1b035a 	orr	w26, w26, w27
    826190d0:	0b1902b5 	add	w21, w21, w25
    826190d4:	0b1500a5 	add	w5, w5, w21
    826190d8:	4a080155 	eor	w21, w10, w8
    826190dc:	0a0702b5 	and	w21, w21, w7
    826190e0:	4a0a02b5 	eor	w21, w21, w10
    826190e4:	0b0102a1 	add	w1, w21, w1
    826190e8:	52817e75 	mov	w21, #0xbf3                 	// #3059
    826190ec:	72b8dc15 	movk	w21, #0xc6e0, lsl #16
    826190f0:	0b1500b5 	add	w21, w5, w21
    826190f4:	0b150021 	add	w1, w1, w21
    826190f8:	13872cf5 	ror	w21, w7, #11
    826190fc:	4ac71ab5 	eor	w21, w21, w7, ror #6
    82619100:	4ac766b5 	eor	w21, w21, w7, ror #25
    82619104:	0b150035 	add	w21, w1, w21
    82619108:	13823441 	ror	w1, w2, #13
    8261910c:	4ac20821 	eor	w1, w1, w2, ror #2
    82619110:	0b1501ce 	add	w14, w14, w21
    82619114:	4ac25821 	eor	w1, w1, w2, ror #22
    82619118:	0b1a0021 	add	w1, w1, w26
    8261911c:	0b150021 	add	w1, w1, w21
    82619120:	138c4995 	ror	w21, w12, #18
    82619124:	4acc1eb5 	eor	w21, w21, w12, ror #7
    82619128:	2a01005a 	orr	w26, w2, w1
    8261912c:	4a4c0eb5 	eor	w21, w21, w12, lsr #3
    82619130:	0a01005b 	and	w27, w2, w1
    82619134:	0b0d02ad 	add	w13, w21, w13
    82619138:	138f4df5 	ror	w21, w15, #19
    8261913c:	4acf46b5 	eor	w21, w21, w15, ror #17
    82619140:	0a06035a 	and	w26, w26, w6
    82619144:	4a4f2ab5 	eor	w21, w21, w15, lsr #10
    82619148:	2a1b035a 	orr	w26, w26, w27
    8261914c:	0b1402b5 	add	w21, w21, w20
    82619150:	0b1501ad 	add	w13, w13, w21
    82619154:	4a070115 	eor	w21, w8, w7
    82619158:	0a0e02b5 	and	w21, w21, w14
    8261915c:	4a0802b5 	eor	w21, w21, w8
    82619160:	0b0a02aa 	add	w10, w21, w10
    82619164:	529228f5 	mov	w21, #0x9147                	// #37191
    82619168:	72bab4f5 	movk	w21, #0xd5a7, lsl #16
    8261916c:	0b1501b5 	add	w21, w13, w21
    82619170:	0b15014a 	add	w10, w10, w21
    82619174:	138e2dd5 	ror	w21, w14, #11
    82619178:	4ace1ab5 	eor	w21, w21, w14, ror #6
    8261917c:	4ace66b5 	eor	w21, w21, w14, ror #25
    82619180:	0b150155 	add	w21, w10, w21
    82619184:	1381342a 	ror	w10, w1, #13
    82619188:	4ac1094a 	eor	w10, w10, w1, ror #2
    8261918c:	0b150063 	add	w3, w3, w21
    82619190:	4ac1594a 	eor	w10, w10, w1, ror #22
    82619194:	0b1a014a 	add	w10, w10, w26
    82619198:	0b15014a 	add	w10, w10, w21
    8261919c:	138b4975 	ror	w21, w11, #18
    826191a0:	4acb1eb5 	eor	w21, w21, w11, ror #7
    826191a4:	2a0a003a 	orr	w26, w1, w10
    826191a8:	4a4b0eb5 	eor	w21, w21, w11, lsr #3
    826191ac:	0a0a003b 	and	w27, w1, w10
    826191b0:	0b0c02ac 	add	w12, w21, w12
    826191b4:	13854cb5 	ror	w21, w5, #19
    826191b8:	4ac546b5 	eor	w21, w21, w5, ror #17
    826191bc:	0a02035a 	and	w26, w26, w2
    826191c0:	4a452ab5 	eor	w21, w21, w5, lsr #10
    826191c4:	2a1b035a 	orr	w26, w26, w27
    826191c8:	0b1302b5 	add	w21, w21, w19
    826191cc:	0b15018c 	add	w12, w12, w21
    826191d0:	4a0e00f5 	eor	w21, w7, w14
    826191d4:	0a0302b5 	and	w21, w21, w3
    826191d8:	4a0702b5 	eor	w21, w21, w7
    826191dc:	0b0802a8 	add	w8, w21, w8
    826191e0:	528c6a35 	mov	w21, #0x6351                	// #25425
    826191e4:	72a0d955 	movk	w21, #0x6ca, lsl #16
    826191e8:	0b150195 	add	w21, w12, w21
    826191ec:	0b150108 	add	w8, w8, w21
    826191f0:	13832c75 	ror	w21, w3, #11
    826191f4:	4ac31ab5 	eor	w21, w21, w3, ror #6
    826191f8:	4ac366b5 	eor	w21, w21, w3, ror #25
    826191fc:	0b150115 	add	w21, w8, w21
    82619200:	138a3548 	ror	w8, w10, #13
    82619204:	4aca0908 	eor	w8, w8, w10, ror #2
    82619208:	0b1500c6 	add	w6, w6, w21
    8261920c:	4aca5908 	eor	w8, w8, w10, ror #22
    82619210:	0b1a0108 	add	w8, w8, w26
    82619214:	0b150108 	add	w8, w8, w21
    82619218:	13844895 	ror	w21, w4, #18
    8261921c:	4ac41eb5 	eor	w21, w21, w4, ror #7
    82619220:	2a08015a 	orr	w26, w10, w8
    82619224:	4a440eb5 	eor	w21, w21, w4, lsr #3
    82619228:	0a08015b 	and	w27, w10, w8
    8261922c:	0b0b02ab 	add	w11, w21, w11
    82619230:	138d4db5 	ror	w21, w13, #19
    82619234:	4acd46b5 	eor	w21, w21, w13, ror #17
    82619238:	0a01035a 	and	w26, w26, w1
    8261923c:	4a4d2ab5 	eor	w21, w21, w13, lsr #10
    82619240:	2a1b035a 	orr	w26, w26, w27
    82619244:	0b1e02b5 	add	w21, w21, w30
    82619248:	0b15016b 	add	w11, w11, w21
    8261924c:	4a0301d5 	eor	w21, w14, w3
    82619250:	0a0602b5 	and	w21, w21, w6
    82619254:	4a0e02b5 	eor	w21, w21, w14
    82619258:	0b0702a7 	add	w7, w21, w7
    8261925c:	52852cf5 	mov	w21, #0x2967                	// #10599
    82619260:	72a28535 	movk	w21, #0x1429, lsl #16
    82619264:	0b150175 	add	w21, w11, w21
    82619268:	0b1500e7 	add	w7, w7, w21
    8261926c:	13862cd5 	ror	w21, w6, #11
    82619270:	4ac61ab5 	eor	w21, w21, w6, ror #6
    82619274:	4ac666b5 	eor	w21, w21, w6, ror #25
    82619278:	0b1500f5 	add	w21, w7, w21
    8261927c:	13883507 	ror	w7, w8, #13
    82619280:	4ac808e7 	eor	w7, w7, w8, ror #2
    82619284:	0b150042 	add	w2, w2, w21
    82619288:	4ac858e7 	eor	w7, w7, w8, ror #22
    8261928c:	0b1a00e7 	add	w7, w7, w26
    82619290:	0b1500e7 	add	w7, w7, w21
    82619294:	13964ad5 	ror	w21, w22, #18
    82619298:	4ad61eb5 	eor	w21, w21, w22, ror #7
    8261929c:	2a07011a 	orr	w26, w8, w7
    826192a0:	4a560eb5 	eor	w21, w21, w22, lsr #3
    826192a4:	0a07011b 	and	w27, w8, w7
    826192a8:	0b0402a4 	add	w4, w21, w4
    826192ac:	138c4d95 	ror	w21, w12, #19
    826192b0:	4acc46b5 	eor	w21, w21, w12, ror #17
    826192b4:	0a0a035a 	and	w26, w26, w10
    826192b8:	4a4c2ab5 	eor	w21, w21, w12, lsr #10
    826192bc:	2a1b035a 	orr	w26, w26, w27
    826192c0:	0b1102b5 	add	w21, w21, w17
    826192c4:	0b150084 	add	w4, w4, w21
    826192c8:	4a060075 	eor	w21, w3, w6
    826192cc:	0a0202b5 	and	w21, w21, w2
    826192d0:	4a0302b5 	eor	w21, w21, w3
    826192d4:	0b0e02ae 	add	w14, w21, w14
    826192d8:	528150b5 	mov	w21, #0xa85                 	// #2693
    826192dc:	72a4f6f5 	movk	w21, #0x27b7, lsl #16
    826192e0:	0b150095 	add	w21, w4, w21
    826192e4:	0b1501ce 	add	w14, w14, w21
    826192e8:	13822c55 	ror	w21, w2, #11
    826192ec:	4ac21ab5 	eor	w21, w21, w2, ror #6
    826192f0:	4ac266b5 	eor	w21, w21, w2, ror #25
    826192f4:	0b1501d5 	add	w21, w14, w21
    826192f8:	138734ee 	ror	w14, w7, #13
    826192fc:	4ac709ce 	eor	w14, w14, w7, ror #2
    82619300:	0b150021 	add	w1, w1, w21
    82619304:	4ac759ce 	eor	w14, w14, w7, ror #22
    82619308:	0b1a01ce 	add	w14, w14, w26
    8261930c:	0b1501ce 	add	w14, w14, w21
    82619310:	139c4b95 	ror	w21, w28, #18
    82619314:	4adc1eb5 	eor	w21, w21, w28, ror #7
    82619318:	0a0e00fb 	and	w27, w7, w14
    8261931c:	4a5c0eb5 	eor	w21, w21, w28, lsr #3
    82619320:	0b1602b6 	add	w22, w21, w22
    82619324:	138b4d75 	ror	w21, w11, #19
    82619328:	4acb46b5 	eor	w21, w21, w11, ror #17
    8261932c:	4a4b2ab5 	eor	w21, w21, w11, lsr #10
    82619330:	0b1002ba 	add	w26, w21, w16
    82619334:	0b1a02d5 	add	w21, w22, w26
    82619338:	4a0200d6 	eor	w22, w6, w2
    8261933c:	0a0102d6 	and	w22, w22, w1
    82619340:	2a0e00fa 	orr	w26, w7, w14
    82619344:	4a0602d6 	eor	w22, w22, w6
    82619348:	0a08035a 	and	w26, w26, w8
    8261934c:	0b0302c3 	add	w3, w22, w3
    82619350:	52842716 	mov	w22, #0x2138                	// #8504
    82619354:	72a5c376 	movk	w22, #0x2e1b, lsl #16
    82619358:	0b1602b6 	add	w22, w21, w22
    8261935c:	0b160063 	add	w3, w3, w22
    82619360:	13812c36 	ror	w22, w1, #11
    82619364:	4ac11ad6 	eor	w22, w22, w1, ror #6
    82619368:	2a1b035a 	orr	w26, w26, w27
    8261936c:	4ac166d6 	eor	w22, w22, w1, ror #25
    82619370:	0b160076 	add	w22, w3, w22
    82619374:	138e35c3 	ror	w3, w14, #13
    82619378:	4ace0863 	eor	w3, w3, w14, ror #2
    8261937c:	0b16014a 	add	w10, w10, w22
    82619380:	4ace5863 	eor	w3, w3, w14, ror #22
    82619384:	0b1a0063 	add	w3, w3, w26
    82619388:	0b160063 	add	w3, w3, w22
    8261938c:	13974af6 	ror	w22, w23, #18
    82619390:	4ad71ed6 	eor	w22, w22, w23, ror #7
    82619394:	2a0301da 	orr	w26, w14, w3
    82619398:	4a570ed6 	eor	w22, w22, w23, lsr #3
    8261939c:	0a0301db 	and	w27, w14, w3
    826193a0:	0b1c02dc 	add	w28, w22, w28
    826193a4:	13844c96 	ror	w22, w4, #19
    826193a8:	4ac446d6 	eor	w22, w22, w4, ror #17
    826193ac:	0a07035a 	and	w26, w26, w7
    826193b0:	4a442ad6 	eor	w22, w22, w4, lsr #10
    826193b4:	2a1b035a 	orr	w26, w26, w27
    826193b8:	0b0f02d6 	add	w22, w22, w15
    826193bc:	13984b1b 	ror	w27, w24, #18
    826193c0:	0b16039c 	add	w28, w28, w22
    826193c4:	4a010056 	eor	w22, w2, w1
    826193c8:	0a0a02d6 	and	w22, w22, w10
    826193cc:	4ad81f7b 	eor	w27, w27, w24, ror #7
    826193d0:	4a0202d6 	eor	w22, w22, w2
    826193d4:	4a580f7b 	eor	w27, w27, w24, lsr #3
    826193d8:	0b0602c6 	add	w6, w22, w6
    826193dc:	528dbf96 	mov	w22, #0x6dfc                	// #28156
    826193e0:	72a9a596 	movk	w22, #0x4d2c, lsl #16
    826193e4:	0b160396 	add	w22, w28, w22
    826193e8:	0b1600c6 	add	w6, w6, w22
    826193ec:	138a2d56 	ror	w22, w10, #11
    826193f0:	4aca1ad6 	eor	w22, w22, w10, ror #6
    826193f4:	0b170377 	add	w23, w27, w23
    826193f8:	4aca66d6 	eor	w22, w22, w10, ror #25
    826193fc:	13954ebb 	ror	w27, w21, #19
    82619400:	0b1600d6 	add	w22, w6, w22
    82619404:	13833466 	ror	w6, w3, #13
    82619408:	4ac308c6 	eor	w6, w6, w3, ror #2
    8261940c:	4ad5477b 	eor	w27, w27, w21, ror #17
    82619410:	4ac358c6 	eor	w6, w6, w3, ror #22
    82619414:	4a552b7b 	eor	w27, w27, w21, lsr #10
    82619418:	0b1a00c6 	add	w6, w6, w26
    8261941c:	0b160108 	add	w8, w8, w22
    82619420:	0b1600c6 	add	w6, w6, w22
    82619424:	0b050376 	add	w22, w27, w5
    82619428:	0b1602fb 	add	w27, w23, w22
    8261942c:	4a0a0036 	eor	w22, w1, w10
    82619430:	0a0802d6 	and	w22, w22, w8
    82619434:	2a060077 	orr	w23, w3, w6
    82619438:	4a0102d6 	eor	w22, w22, w1
    8261943c:	0a06007a 	and	w26, w3, w6
    82619440:	0b0202c2 	add	w2, w22, w2
    82619444:	5281a276 	mov	w22, #0xd13                 	// #3347
    82619448:	72aa6716 	movk	w22, #0x5338, lsl #16
    8261944c:	0b160376 	add	w22, w27, w22
    82619450:	0b160042 	add	w2, w2, w22
    82619454:	13882d16 	ror	w22, w8, #11
    82619458:	4ac81ad6 	eor	w22, w22, w8, ror #6
    8261945c:	0a0e02f7 	and	w23, w23, w14
    82619460:	4ac866d6 	eor	w22, w22, w8, ror #25
    82619464:	2a1a02f7 	orr	w23, w23, w26
    82619468:	0b160056 	add	w22, w2, w22
    8261946c:	138634c2 	ror	w2, w6, #13
    82619470:	4ac60842 	eor	w2, w2, w6, ror #2
    82619474:	0b1600e7 	add	w7, w7, w22
    82619478:	4ac65842 	eor	w2, w2, w6, ror #22
    8261947c:	139c4f9a 	ror	w26, w28, #19
    82619480:	0b170042 	add	w2, w2, w23
    82619484:	4adc475a 	eor	w26, w26, w28, ror #17
    82619488:	0b160042 	add	w2, w2, w22
    8261948c:	13994b36 	ror	w22, w25, #18
    82619490:	4ad91ed6 	eor	w22, w22, w25, ror #7
    82619494:	4a5c2b5a 	eor	w26, w26, w28, lsr #10
    82619498:	4a590ed6 	eor	w22, w22, w25, lsr #3
    8261949c:	0b0d035a 	add	w26, w26, w13
    826194a0:	0b1802d8 	add	w24, w22, w24
    826194a4:	4a080156 	eor	w22, w10, w8
    826194a8:	0a0702d6 	and	w22, w22, w7
    826194ac:	0b18035a 	add	w26, w26, w24
    826194b0:	4a0a02d6 	eor	w22, w22, w10
    826194b4:	2a0200d7 	orr	w23, w6, w2
    826194b8:	0b0102c1 	add	w1, w22, w1
    826194bc:	528e6a96 	mov	w22, #0x7354                	// #29524
    826194c0:	72aca156 	movk	w22, #0x650a, lsl #16
    826194c4:	0b160356 	add	w22, w26, w22
    826194c8:	0b160021 	add	w1, w1, w22
    826194cc:	13872cf6 	ror	w22, w7, #11
    826194d0:	4ac71ad6 	eor	w22, w22, w7, ror #6
    826194d4:	0a0200d8 	and	w24, w6, w2
    826194d8:	4ac766d6 	eor	w22, w22, w7, ror #25
    826194dc:	0a0302f7 	and	w23, w23, w3
    826194e0:	0b160036 	add	w22, w1, w22
    826194e4:	13823441 	ror	w1, w2, #13
    826194e8:	4ac20821 	eor	w1, w1, w2, ror #2
    826194ec:	2a1802f7 	orr	w23, w23, w24
    826194f0:	4ac25821 	eor	w1, w1, w2, ror #22
    826194f4:	0b1601ce 	add	w14, w14, w22
    826194f8:	0b170021 	add	w1, w1, w23
    826194fc:	0b160021 	add	w1, w1, w22
    82619500:	13944a96 	ror	w22, w20, #18
    82619504:	4ad41ed6 	eor	w22, w22, w20, ror #7
    82619508:	2a010057 	orr	w23, w2, w1
    8261950c:	4a540ed6 	eor	w22, w22, w20, lsr #3
    82619510:	0a010058 	and	w24, w2, w1
    82619514:	0b1902d9 	add	w25, w22, w25
    82619518:	139b4f76 	ror	w22, w27, #19
    8261951c:	4adb46d6 	eor	w22, w22, w27, ror #17
    82619520:	0a0602f7 	and	w23, w23, w6
    82619524:	4a5b2ad6 	eor	w22, w22, w27, lsr #10
    82619528:	2a1802f7 	orr	w23, w23, w24
    8261952c:	0b0c02d6 	add	w22, w22, w12
    82619530:	0b160339 	add	w25, w25, w22
    82619534:	4a070116 	eor	w22, w8, w7
    82619538:	0a0e02d6 	and	w22, w22, w14
    8261953c:	4a0802d6 	eor	w22, w22, w8
    82619540:	0b0a02ca 	add	w10, w22, w10
    82619544:	52815776 	mov	w22, #0xabb                 	// #2747
    82619548:	72aecd56 	movk	w22, #0x766a, lsl #16
    8261954c:	0b160336 	add	w22, w25, w22
    82619550:	0b16014a 	add	w10, w10, w22
    82619554:	138e2dd6 	ror	w22, w14, #11
    82619558:	4ace1ad6 	eor	w22, w22, w14, ror #6
    8261955c:	4ace66d6 	eor	w22, w22, w14, ror #25
    82619560:	0b160156 	add	w22, w10, w22
    82619564:	1381342a 	ror	w10, w1, #13
    82619568:	4ac1094a 	eor	w10, w10, w1, ror #2
    8261956c:	0b160063 	add	w3, w3, w22
    82619570:	4ac1594a 	eor	w10, w10, w1, ror #22
    82619574:	0b17014a 	add	w10, w10, w23
    82619578:	0b16014a 	add	w10, w10, w22
    8261957c:	13934a76 	ror	w22, w19, #18
    82619580:	4ad31ed6 	eor	w22, w22, w19, ror #7
    82619584:	2a0a0037 	orr	w23, w1, w10
    82619588:	4a530ed6 	eor	w22, w22, w19, lsr #3
    8261958c:	0a0a0038 	and	w24, w1, w10
    82619590:	0b1402d4 	add	w20, w22, w20
    82619594:	139a4f56 	ror	w22, w26, #19
    82619598:	4ada46d6 	eor	w22, w22, w26, ror #17
    8261959c:	0a0202f7 	and	w23, w23, w2
    826195a0:	4a5a2ad6 	eor	w22, w22, w26, lsr #10
    826195a4:	2a1802f7 	orr	w23, w23, w24
    826195a8:	0b0b02d6 	add	w22, w22, w11
    826195ac:	0b160294 	add	w20, w20, w22
    826195b0:	4a0e00f6 	eor	w22, w7, w14
    826195b4:	0a0302d6 	and	w22, w22, w3
    826195b8:	4a0702d6 	eor	w22, w22, w7
    826195bc:	0b0802c8 	add	w8, w22, w8
    826195c0:	529925d6 	mov	w22, #0xc92e                	// #51502
    826195c4:	72b03856 	movk	w22, #0x81c2, lsl #16
    826195c8:	0b160296 	add	w22, w20, w22
    826195cc:	0b160108 	add	w8, w8, w22
    826195d0:	13832c76 	ror	w22, w3, #11
    826195d4:	4ac31ad6 	eor	w22, w22, w3, ror #6
    826195d8:	4ac366d6 	eor	w22, w22, w3, ror #25
    826195dc:	0b160116 	add	w22, w8, w22
    826195e0:	138a3548 	ror	w8, w10, #13
    826195e4:	4aca0908 	eor	w8, w8, w10, ror #2
    826195e8:	0b1600c6 	add	w6, w6, w22
    826195ec:	4aca5908 	eor	w8, w8, w10, ror #22
    826195f0:	0b170108 	add	w8, w8, w23
    826195f4:	0b160108 	add	w8, w8, w22
    826195f8:	139e4bd6 	ror	w22, w30, #18
    826195fc:	4ade1ed6 	eor	w22, w22, w30, ror #7
    82619600:	2a080157 	orr	w23, w10, w8
    82619604:	4a5e0ed6 	eor	w22, w22, w30, lsr #3
    82619608:	0a080158 	and	w24, w10, w8
    8261960c:	0b1302d3 	add	w19, w22, w19
    82619610:	13994f36 	ror	w22, w25, #19
    82619614:	4ad946d6 	eor	w22, w22, w25, ror #17
    82619618:	0a0102f7 	and	w23, w23, w1
    8261961c:	4a592ad6 	eor	w22, w22, w25, lsr #10
    82619620:	2a1802f7 	orr	w23, w23, w24
    82619624:	0b0402d6 	add	w22, w22, w4
    82619628:	4a060078 	eor	w24, w3, w6
    8261962c:	0b160273 	add	w19, w19, w22
    82619630:	4a0301d6 	eor	w22, w14, w3
    82619634:	0a0602d6 	and	w22, w22, w6
    82619638:	4a0e02d6 	eor	w22, w22, w14
    8261963c:	0b0702c7 	add	w7, w22, w7
    82619640:	528590b6 	mov	w22, #0x2c85                	// #11397
    82619644:	72b24e56 	movk	w22, #0x9272, lsl #16
    82619648:	0b160276 	add	w22, w19, w22
    8261964c:	0b1600e7 	add	w7, w7, w22
    82619650:	13862cd6 	ror	w22, w6, #11
    82619654:	4ac61ad6 	eor	w22, w22, w6, ror #6
    82619658:	4ac666d6 	eor	w22, w22, w6, ror #25
    8261965c:	0b1600f6 	add	w22, w7, w22
    82619660:	13883507 	ror	w7, w8, #13
    82619664:	4ac808e7 	eor	w7, w7, w8, ror #2
    82619668:	0b160042 	add	w2, w2, w22
    8261966c:	4ac858e7 	eor	w7, w7, w8, ror #22
    82619670:	0a020318 	and	w24, w24, w2
    82619674:	0b1700e7 	add	w7, w7, w23
    82619678:	4a030318 	eor	w24, w24, w3
    8261967c:	0b1600e7 	add	w7, w7, w22
    82619680:	13914a36 	ror	w22, w17, #18
    82619684:	4ad11ed6 	eor	w22, w22, w17, ror #7
    82619688:	0b0e030e 	add	w14, w24, w14
    8261968c:	4a510ed6 	eor	w22, w22, w17, lsr #3
    82619690:	529d1438 	mov	w24, #0xe8a1                	// #59553
    82619694:	0b1e02de 	add	w30, w22, w30
    82619698:	13944e96 	ror	w22, w20, #19
    8261969c:	4ad446d6 	eor	w22, w22, w20, ror #17
    826196a0:	72b457f8 	movk	w24, #0xa2bf, lsl #16
    826196a4:	4a542ad6 	eor	w22, w22, w20, lsr #10
    826196a8:	0a070117 	and	w23, w8, w7
    826196ac:	0b1502d6 	add	w22, w22, w21
    826196b0:	0b1603de 	add	w30, w30, w22
    826196b4:	2a070116 	orr	w22, w8, w7
    826196b8:	0b1803d8 	add	w24, w30, w24
    826196bc:	0a0a02d6 	and	w22, w22, w10
    826196c0:	0b1801d8 	add	w24, w14, w24
    826196c4:	13822c4e 	ror	w14, w2, #11
    826196c8:	4ac219ce 	eor	w14, w14, w2, ror #6
    826196cc:	2a1702d6 	orr	w22, w22, w23
    826196d0:	4ac265ce 	eor	w14, w14, w2, ror #25
    826196d4:	0b0e030e 	add	w14, w24, w14
    826196d8:	138734f8 	ror	w24, w7, #13
    826196dc:	4ac70b18 	eor	w24, w24, w7, ror #2
    826196e0:	0b0e0021 	add	w1, w1, w14
    826196e4:	4ac75b18 	eor	w24, w24, w7, ror #22
    826196e8:	0b160318 	add	w24, w24, w22
    826196ec:	0b0e0318 	add	w24, w24, w14
    826196f0:	13904a0e 	ror	w14, w16, #18
    826196f4:	4ad01dce 	eor	w14, w14, w16, ror #7
    826196f8:	2a1800f6 	orr	w22, w7, w24
    826196fc:	4a500dce 	eor	w14, w14, w16, lsr #3
    82619700:	0a1800f7 	and	w23, w7, w24
    82619704:	0b1101d1 	add	w17, w14, w17
    82619708:	13934e6e 	ror	w14, w19, #19
    8261970c:	4ad345ce 	eor	w14, w14, w19, ror #17
    82619710:	0a0802d6 	and	w22, w22, w8
    82619714:	4a5329ce 	eor	w14, w14, w19, lsr #10
    82619718:	2a1702d6 	orr	w22, w22, w23
    8261971c:	0b1c01ce 	add	w14, w14, w28
    82619720:	0b0e0231 	add	w17, w17, w14
    82619724:	4a0200ce 	eor	w14, w6, w2
    82619728:	0a0101ce 	and	w14, w14, w1
    8261972c:	4a0601ce 	eor	w14, w14, w6
    82619730:	0b0301c3 	add	w3, w14, w3
    82619734:	528cc96e 	mov	w14, #0x664b                	// #26187
    82619738:	72b5034e 	movk	w14, #0xa81a, lsl #16
    8261973c:	0b0e022e 	add	w14, w17, w14
    82619740:	0b0e0063 	add	w3, w3, w14
    82619744:	13812c2e 	ror	w14, w1, #11
    82619748:	4ac119ce 	eor	w14, w14, w1, ror #6
    8261974c:	4ac165ce 	eor	w14, w14, w1, ror #25
    82619750:	0b0e006e 	add	w14, w3, w14
    82619754:	13983703 	ror	w3, w24, #13
    82619758:	4ad80863 	eor	w3, w3, w24, ror #2
    8261975c:	0b0e014a 	add	w10, w10, w14
    82619760:	4ad85863 	eor	w3, w3, w24, ror #22
    82619764:	0b160063 	add	w3, w3, w22
    82619768:	0b0e0063 	add	w3, w3, w14
    8261976c:	138f49ee 	ror	w14, w15, #18
    82619770:	4acf1dce 	eor	w14, w14, w15, ror #7
    82619774:	2a030316 	orr	w22, w24, w3
    82619778:	4a4f0dce 	eor	w14, w14, w15, lsr #3
    8261977c:	0a030317 	and	w23, w24, w3
    82619780:	0b1001d0 	add	w16, w14, w16
    82619784:	139e4fce 	ror	w14, w30, #19
    82619788:	4ade45ce 	eor	w14, w14, w30, ror #17
    8261978c:	0a0702d6 	and	w22, w22, w7
    82619790:	4a5e29ce 	eor	w14, w14, w30, lsr #10
    82619794:	2a1702d6 	orr	w22, w22, w23
    82619798:	0b1b01ce 	add	w14, w14, w27
    8261979c:	0b0e0210 	add	w16, w16, w14
    826197a0:	4a01004e 	eor	w14, w2, w1
    826197a4:	0a0a01ce 	and	w14, w14, w10
    826197a8:	4a0201ce 	eor	w14, w14, w2
    826197ac:	0b0601c6 	add	w6, w14, w6
    826197b0:	52916e0e 	mov	w14, #0x8b70                	// #35696
    826197b4:	72b8496e 	movk	w14, #0xc24b, lsl #16
    826197b8:	0b0e020e 	add	w14, w16, w14
    826197bc:	0b0e00c6 	add	w6, w6, w14
    826197c0:	138a2d4e 	ror	w14, w10, #11
    826197c4:	4aca19ce 	eor	w14, w14, w10, ror #6
    826197c8:	4aca65ce 	eor	w14, w14, w10, ror #25
    826197cc:	0b0e00ce 	add	w14, w6, w14
    826197d0:	13833466 	ror	w6, w3, #13
    826197d4:	4ac308c6 	eor	w6, w6, w3, ror #2
    826197d8:	0b0e0108 	add	w8, w8, w14
    826197dc:	4ac358c6 	eor	w6, w6, w3, ror #22
    826197e0:	0b1600c6 	add	w6, w6, w22
    826197e4:	0b0e00c6 	add	w6, w6, w14
    826197e8:	138548ae 	ror	w14, w5, #18
    826197ec:	4ac51dce 	eor	w14, w14, w5, ror #7
    826197f0:	2a060076 	orr	w22, w3, w6
    826197f4:	4a450dce 	eor	w14, w14, w5, lsr #3
    826197f8:	0a060077 	and	w23, w3, w6
    826197fc:	0b0f01cf 	add	w15, w14, w15
    82619800:	13914e2e 	ror	w14, w17, #19
    82619804:	4ad145ce 	eor	w14, w14, w17, ror #17
    82619808:	0a1802d6 	and	w22, w22, w24
    8261980c:	4a5129ce 	eor	w14, w14, w17, lsr #10
    82619810:	2a1702d6 	orr	w22, w22, w23
    82619814:	0b1a01ce 	add	w14, w14, w26
    82619818:	0b0e01ef 	add	w15, w15, w14
    8261981c:	4a0a002e 	eor	w14, w1, w10
    82619820:	0a0801ce 	and	w14, w14, w8
    82619824:	4a0101ce 	eor	w14, w14, w1
    82619828:	0b0201c2 	add	w2, w14, w2
    8261982c:	528a346e 	mov	w14, #0x51a3                	// #20899
    82619830:	72b8ed8e 	movk	w14, #0xc76c, lsl #16
    82619834:	0b0e01ee 	add	w14, w15, w14
    82619838:	0b0e0042 	add	w2, w2, w14
    8261983c:	13882d0e 	ror	w14, w8, #11
    82619840:	4ac819ce 	eor	w14, w14, w8, ror #6
    82619844:	4ac865ce 	eor	w14, w14, w8, ror #25
    82619848:	0b0e004e 	add	w14, w2, w14
    8261984c:	138634c2 	ror	w2, w6, #13
    82619850:	4ac60842 	eor	w2, w2, w6, ror #2
    82619854:	0b0e00e7 	add	w7, w7, w14
    82619858:	4ac65842 	eor	w2, w2, w6, ror #22
    8261985c:	0b160042 	add	w2, w2, w22
    82619860:	0b0e0042 	add	w2, w2, w14
    82619864:	138d49ae 	ror	w14, w13, #18
    82619868:	4acd1dce 	eor	w14, w14, w13, ror #7
    8261986c:	0a0200d7 	and	w23, w6, w2
    82619870:	4a4d0dce 	eor	w14, w14, w13, lsr #3
    82619874:	0b0501c5 	add	w5, w14, w5
    82619878:	13904e0e 	ror	w14, w16, #19
    8261987c:	4ad045ce 	eor	w14, w14, w16, ror #17
    82619880:	4a5029ce 	eor	w14, w14, w16, lsr #10
    82619884:	0b1901d6 	add	w22, w14, w25
    82619888:	0b1600ae 	add	w14, w5, w22
    8261988c:	4a080145 	eor	w5, w10, w8
    82619890:	0a0700a5 	and	w5, w5, w7
    82619894:	2a0200d6 	orr	w22, w6, w2
    82619898:	4a0a00a5 	eor	w5, w5, w10
    8261989c:	0a0302d6 	and	w22, w22, w3
    826198a0:	0b0100a1 	add	w1, w5, w1
    826198a4:	529d0325 	mov	w5, #0xe819                	// #59417
    826198a8:	72ba3245 	movk	w5, #0xd192, lsl #16
    826198ac:	0b0501c5 	add	w5, w14, w5
    826198b0:	0b050025 	add	w5, w1, w5
    826198b4:	13872ce1 	ror	w1, w7, #11
    826198b8:	4ac71821 	eor	w1, w1, w7, ror #6
    826198bc:	2a1702d6 	orr	w22, w22, w23
    826198c0:	4ac76421 	eor	w1, w1, w7, ror #25
    826198c4:	0b0100a1 	add	w1, w5, w1
    826198c8:	13823445 	ror	w5, w2, #13
    826198cc:	4ac208a5 	eor	w5, w5, w2, ror #2
    826198d0:	0b010318 	add	w24, w24, w1
    826198d4:	4ac258a5 	eor	w5, w5, w2, ror #22
    826198d8:	0b1600a5 	add	w5, w5, w22
    826198dc:	0b0100a5 	add	w5, w5, w1
    826198e0:	138c4981 	ror	w1, w12, #18
    826198e4:	4acc1c21 	eor	w1, w1, w12, ror #7
    826198e8:	2a050056 	orr	w22, w2, w5
    826198ec:	4a4c0c21 	eor	w1, w1, w12, lsr #3
    826198f0:	0a050057 	and	w23, w2, w5
    826198f4:	0b0d002d 	add	w13, w1, w13
    826198f8:	138f4de1 	ror	w1, w15, #19
    826198fc:	4acf4421 	eor	w1, w1, w15, ror #17
    82619900:	0a0602d6 	and	w22, w22, w6
    82619904:	4a4f2821 	eor	w1, w1, w15, lsr #10
    82619908:	2a1702d6 	orr	w22, w22, w23
    8261990c:	0b140021 	add	w1, w1, w20
    82619910:	0b0101ad 	add	w13, w13, w1
    82619914:	4a070101 	eor	w1, w8, w7
    82619918:	0a180021 	and	w1, w1, w24
    8261991c:	4a080021 	eor	w1, w1, w8
    82619920:	0b0a002a 	add	w10, w1, w10
    82619924:	5280c481 	mov	w1, #0x624                 	// #1572
    82619928:	72bad321 	movk	w1, #0xd699, lsl #16
    8261992c:	0b0101a1 	add	w1, w13, w1
    82619930:	0b01014a 	add	w10, w10, w1
    82619934:	13982f01 	ror	w1, w24, #11
    82619938:	4ad81821 	eor	w1, w1, w24, ror #6
    8261993c:	4ad86421 	eor	w1, w1, w24, ror #25
    82619940:	0b010141 	add	w1, w10, w1
    82619944:	138534aa 	ror	w10, w5, #13
    82619948:	4ac5094a 	eor	w10, w10, w5, ror #2
    8261994c:	0b010063 	add	w3, w3, w1
    82619950:	4ac5594a 	eor	w10, w10, w5, ror #22
    82619954:	0b16014a 	add	w10, w10, w22
    82619958:	0b01014a 	add	w10, w10, w1
    8261995c:	138b4961 	ror	w1, w11, #18
    82619960:	4acb1c21 	eor	w1, w1, w11, ror #7
    82619964:	2a0a00b6 	orr	w22, w5, w10
    82619968:	4a4b0c21 	eor	w1, w1, w11, lsr #3
    8261996c:	0a0a00b7 	and	w23, w5, w10
    82619970:	0b0c002c 	add	w12, w1, w12
    82619974:	138e4dc1 	ror	w1, w14, #19
    82619978:	4ace4421 	eor	w1, w1, w14, ror #17
    8261997c:	0a0202d6 	and	w22, w22, w2
    82619980:	4a4e2821 	eor	w1, w1, w14, lsr #10
    82619984:	2a1702d6 	orr	w22, w22, w23
    82619988:	0b130021 	add	w1, w1, w19
    8261998c:	0b01018c 	add	w12, w12, w1
    82619990:	4a1800e1 	eor	w1, w7, w24
    82619994:	0a030021 	and	w1, w1, w3
    82619998:	4a070021 	eor	w1, w1, w7
    8261999c:	0b080028 	add	w8, w1, w8
    826199a0:	5286b0a1 	mov	w1, #0x3585                	// #13701
    826199a4:	72be81c1 	movk	w1, #0xf40e, lsl #16
    826199a8:	0b010181 	add	w1, w12, w1
    826199ac:	0b010108 	add	w8, w8, w1
    826199b0:	13832c61 	ror	w1, w3, #11
    826199b4:	4ac31821 	eor	w1, w1, w3, ror #6
    826199b8:	4ac36421 	eor	w1, w1, w3, ror #25
    826199bc:	0b010101 	add	w1, w8, w1
    826199c0:	138a3548 	ror	w8, w10, #13
    826199c4:	4aca0908 	eor	w8, w8, w10, ror #2
    826199c8:	0b0100c6 	add	w6, w6, w1
    826199cc:	4aca5908 	eor	w8, w8, w10, ror #22
    826199d0:	0b160108 	add	w8, w8, w22
    826199d4:	0b010108 	add	w8, w8, w1
    826199d8:	13844881 	ror	w1, w4, #18
    826199dc:	4ac41c21 	eor	w1, w1, w4, ror #7
    826199e0:	2a080156 	orr	w22, w10, w8
    826199e4:	4a440c21 	eor	w1, w1, w4, lsr #3
    826199e8:	0a080157 	and	w23, w10, w8
    826199ec:	0b0b002b 	add	w11, w1, w11
    826199f0:	138d4da1 	ror	w1, w13, #19
    826199f4:	4acd4421 	eor	w1, w1, w13, ror #17
    826199f8:	0a0502d6 	and	w22, w22, w5
    826199fc:	4a4d2821 	eor	w1, w1, w13, lsr #10
    82619a00:	2a1702d6 	orr	w22, w22, w23
    82619a04:	0b1e0021 	add	w1, w1, w30
    82619a08:	0b01016b 	add	w11, w11, w1
    82619a0c:	4a030301 	eor	w1, w24, w3
    82619a10:	0a060021 	and	w1, w1, w6
    82619a14:	4a180021 	eor	w1, w1, w24
    82619a18:	0b070027 	add	w7, w1, w7
    82619a1c:	52940e01 	mov	w1, #0xa070                	// #41072
    82619a20:	72a20d41 	movk	w1, #0x106a, lsl #16
    82619a24:	0b010161 	add	w1, w11, w1
    82619a28:	0b0100e7 	add	w7, w7, w1
    82619a2c:	13862cc1 	ror	w1, w6, #11
    82619a30:	4ac61821 	eor	w1, w1, w6, ror #6
    82619a34:	4ac66421 	eor	w1, w1, w6, ror #25
    82619a38:	0b0100e1 	add	w1, w7, w1
    82619a3c:	13883507 	ror	w7, w8, #13
    82619a40:	4ac808e7 	eor	w7, w7, w8, ror #2
    82619a44:	0b010042 	add	w2, w2, w1
    82619a48:	4ac858e7 	eor	w7, w7, w8, ror #22
    82619a4c:	0b1600e7 	add	w7, w7, w22
    82619a50:	0b0100e7 	add	w7, w7, w1
    82619a54:	13954aa1 	ror	w1, w21, #18
    82619a58:	4ad51c21 	eor	w1, w1, w21, ror #7
    82619a5c:	0a070117 	and	w23, w8, w7
    82619a60:	4a550c21 	eor	w1, w1, w21, lsr #3
    82619a64:	0b040024 	add	w4, w1, w4
    82619a68:	138c4d81 	ror	w1, w12, #19
    82619a6c:	4acc4421 	eor	w1, w1, w12, ror #17
    82619a70:	4a4c2821 	eor	w1, w1, w12, lsr #10
    82619a74:	0b110036 	add	w22, w1, w17
    82619a78:	0b160081 	add	w1, w4, w22
    82619a7c:	4a060064 	eor	w4, w3, w6
    82619a80:	0a020084 	and	w4, w4, w2
    82619a84:	2a070116 	orr	w22, w8, w7
    82619a88:	4a030084 	eor	w4, w4, w3
    82619a8c:	0a0a02d6 	and	w22, w22, w10
    82619a90:	0b180098 	add	w24, w4, w24
    82619a94:	529822c4 	mov	w4, #0xc116                	// #49430
    82619a98:	72a33484 	movk	w4, #0x19a4, lsl #16
    82619a9c:	0b040024 	add	w4, w1, w4
    82619aa0:	0b040304 	add	w4, w24, w4
    82619aa4:	13822c58 	ror	w24, w2, #11
    82619aa8:	4ac21b18 	eor	w24, w24, w2, ror #6
    82619aac:	2a1702d6 	orr	w22, w22, w23
    82619ab0:	4ac26718 	eor	w24, w24, w2, ror #25
    82619ab4:	139c4b97 	ror	w23, w28, #18
    82619ab8:	0b180098 	add	w24, w4, w24
    82619abc:	138734e4 	ror	w4, w7, #13
    82619ac0:	4ac70884 	eor	w4, w4, w7, ror #2
    82619ac4:	4adc1ef7 	eor	w23, w23, w28, ror #7
    82619ac8:	4ac75884 	eor	w4, w4, w7, ror #22
    82619acc:	4a5c0ef7 	eor	w23, w23, w28, lsr #3
    82619ad0:	0b160084 	add	w4, w4, w22
    82619ad4:	138b4d76 	ror	w22, w11, #19
    82619ad8:	4acb46d6 	eor	w22, w22, w11, ror #17
    82619adc:	0b1502f5 	add	w21, w23, w21
    82619ae0:	4a4b2ad6 	eor	w22, w22, w11, lsr #10
    82619ae4:	0b1800a5 	add	w5, w5, w24
    82619ae8:	0b1002d6 	add	w22, w22, w16
    82619aec:	0b180084 	add	w4, w4, w24
    82619af0:	0b1502d6 	add	w22, w22, w21
    82619af4:	4a0200d5 	eor	w21, w6, w2
    82619af8:	0a0502b5 	and	w21, w21, w5
    82619afc:	2a0400f7 	orr	w23, w7, w4
    82619b00:	4a0602b5 	eor	w21, w21, w6
    82619b04:	0a0400f8 	and	w24, w7, w4
    82619b08:	0b0302a3 	add	w3, w21, w3
    82619b0c:	528d8115 	mov	w21, #0x6c08                	// #27656
    82619b10:	72a3c6f5 	movk	w21, #0x1e37, lsl #16
    82619b14:	0b1502d5 	add	w21, w22, w21
    82619b18:	0b150063 	add	w3, w3, w21
    82619b1c:	13852cb5 	ror	w21, w5, #11
    82619b20:	4ac51ab5 	eor	w21, w21, w5, ror #6
    82619b24:	0a0802f7 	and	w23, w23, w8
    82619b28:	4ac566b5 	eor	w21, w21, w5, ror #25
    82619b2c:	2a1802f7 	orr	w23, w23, w24
    82619b30:	0b150075 	add	w21, w3, w21
    82619b34:	13843483 	ror	w3, w4, #13
    82619b38:	4ac40863 	eor	w3, w3, w4, ror #2
    82619b3c:	0b15014a 	add	w10, w10, w21
    82619b40:	4ac45863 	eor	w3, w3, w4, ror #22
    82619b44:	0b170063 	add	w3, w3, w23
    82619b48:	0b150063 	add	w3, w3, w21
    82619b4c:	139b4b75 	ror	w21, w27, #18
    82619b50:	4adb1eb5 	eor	w21, w21, w27, ror #7
    82619b54:	2a030098 	orr	w24, w4, w3
    82619b58:	4a5b0eb5 	eor	w21, w21, w27, lsr #3
    82619b5c:	0a070318 	and	w24, w24, w7
    82619b60:	0b1c02bc 	add	w28, w21, w28
    82619b64:	13814c35 	ror	w21, w1, #19
    82619b68:	4ac146b5 	eor	w21, w21, w1, ror #17
    82619b6c:	4a412ab5 	eor	w21, w21, w1, lsr #10
    82619b70:	0b0f02b7 	add	w23, w21, w15
    82619b74:	0b170395 	add	w21, w28, w23
    82619b78:	4a050057 	eor	w23, w2, w5
    82619b7c:	0a0a02f7 	and	w23, w23, w10
    82619b80:	0a03009c 	and	w28, w4, w3
    82619b84:	4a0202f7 	eor	w23, w23, w2
    82619b88:	2a1c0318 	orr	w24, w24, w28
    82619b8c:	0b0602e6 	add	w6, w23, w6
    82619b90:	528ee997 	mov	w23, #0x774c                	// #30540
    82619b94:	72a4e917 	movk	w23, #0x2748, lsl #16
    82619b98:	0b1702b7 	add	w23, w21, w23
    82619b9c:	0b1700c6 	add	w6, w6, w23
    82619ba0:	138a2d57 	ror	w23, w10, #11
    82619ba4:	4aca1af7 	eor	w23, w23, w10, ror #6
    82619ba8:	4aca66f7 	eor	w23, w23, w10, ror #25
    82619bac:	0b1700d7 	add	w23, w6, w23
    82619bb0:	13833466 	ror	w6, w3, #13
    82619bb4:	4ac308c6 	eor	w6, w6, w3, ror #2
    82619bb8:	0b170108 	add	w8, w8, w23
    82619bbc:	4ac358c6 	eor	w6, w6, w3, ror #22
    82619bc0:	0b1800c6 	add	w6, w6, w24
    82619bc4:	0b1700c6 	add	w6, w6, w23
    82619bc8:	139a4b57 	ror	w23, w26, #18
    82619bcc:	4ada1ef7 	eor	w23, w23, w26, ror #7
    82619bd0:	0a06007c 	and	w28, w3, w6
    82619bd4:	4a5a0ef7 	eor	w23, w23, w26, lsr #3
    82619bd8:	0b1b02fb 	add	w27, w23, w27
    82619bdc:	13964ed7 	ror	w23, w22, #19
    82619be0:	4ad646f7 	eor	w23, w23, w22, ror #17
    82619be4:	4a562af7 	eor	w23, w23, w22, lsr #10
    82619be8:	0b0e02f8 	add	w24, w23, w14
    82619bec:	0b180377 	add	w23, w27, w24
    82619bf0:	4a0a00b8 	eor	w24, w5, w10
    82619bf4:	0a080318 	and	w24, w24, w8
    82619bf8:	2a06007b 	orr	w27, w3, w6
    82619bfc:	4a050318 	eor	w24, w24, w5
    82619c00:	0a04037b 	and	w27, w27, w4
    82619c04:	0b020302 	add	w2, w24, w2
    82619c08:	529796b8 	mov	w24, #0xbcb5                	// #48309
    82619c0c:	72a69618 	movk	w24, #0x34b0, lsl #16
    82619c10:	0b1802f8 	add	w24, w23, w24
    82619c14:	0b180042 	add	w2, w2, w24
    82619c18:	13882d18 	ror	w24, w8, #11
    82619c1c:	4ac81b18 	eor	w24, w24, w8, ror #6
    82619c20:	2a1c037b 	orr	w27, w27, w28
    82619c24:	4ac86718 	eor	w24, w24, w8, ror #25
    82619c28:	0b180058 	add	w24, w2, w24
    82619c2c:	138634c2 	ror	w2, w6, #13
    82619c30:	4ac60842 	eor	w2, w2, w6, ror #2
    82619c34:	0b1800e7 	add	w7, w7, w24
    82619c38:	4ac65842 	eor	w2, w2, w6, ror #22
    82619c3c:	0b1b0042 	add	w2, w2, w27
    82619c40:	0b180042 	add	w2, w2, w24
    82619c44:	13994b38 	ror	w24, w25, #18
    82619c48:	4ad91f18 	eor	w24, w24, w25, ror #7
    82619c4c:	0a0200dc 	and	w28, w6, w2
    82619c50:	4a590f18 	eor	w24, w24, w25, lsr #3
    82619c54:	0b1a031a 	add	w26, w24, w26
    82619c58:	13954eb8 	ror	w24, w21, #19
    82619c5c:	4ad54718 	eor	w24, w24, w21, ror #17
    82619c60:	4a552b18 	eor	w24, w24, w21, lsr #10
    82619c64:	0b0d031b 	add	w27, w24, w13
    82619c68:	0b1b0358 	add	w24, w26, w27
    82619c6c:	4a08015b 	eor	w27, w10, w8
    82619c70:	0a07037b 	and	w27, w27, w7
    82619c74:	4a0a037b 	eor	w27, w27, w10
    82619c78:	0b050365 	add	w5, w27, w5
    82619c7c:	5281967b 	mov	w27, #0xcb3                 	// #3251
    82619c80:	72a7239b 	movk	w27, #0x391c, lsl #16
    82619c84:	0b1b031b 	add	w27, w24, w27
    82619c88:	0b1b00a5 	add	w5, w5, w27
    82619c8c:	13872cfb 	ror	w27, w7, #11
    82619c90:	4ac71b7b 	eor	w27, w27, w7, ror #6
    82619c94:	4ac7677b 	eor	w27, w27, w7, ror #25
    82619c98:	0b1b00bb 	add	w27, w5, w27
    82619c9c:	13823445 	ror	w5, w2, #13
    82619ca0:	0b1b009a 	add	w26, w4, w27
    82619ca4:	2a0200c4 	orr	w4, w6, w2
    82619ca8:	4ac208a5 	eor	w5, w5, w2, ror #2
    82619cac:	0a030084 	and	w4, w4, w3
    82619cb0:	2a1c0084 	orr	w4, w4, w28
    82619cb4:	4ac258a5 	eor	w5, w5, w2, ror #22
    82619cb8:	0b0400a5 	add	w5, w5, w4
    82619cbc:	13944a84 	ror	w4, w20, #18
    82619cc0:	4ad41c84 	eor	w4, w4, w20, ror #7
    82619cc4:	0b1b00a5 	add	w5, w5, w27
    82619cc8:	4a540c84 	eor	w4, w4, w20, lsr #3
    82619ccc:	0a05005c 	and	w28, w2, w5
    82619cd0:	0b190099 	add	w25, w4, w25
    82619cd4:	13974ee4 	ror	w4, w23, #19
    82619cd8:	4ad74484 	eor	w4, w4, w23, ror #17
    82619cdc:	4a572884 	eor	w4, w4, w23, lsr #10
    82619ce0:	0b0c0084 	add	w4, w4, w12
    82619ce4:	0b040339 	add	w25, w25, w4
    82619ce8:	4a070104 	eor	w4, w8, w7
    82619cec:	0a1a0084 	and	w4, w4, w26
    82619cf0:	4a080084 	eor	w4, w4, w8
    82619cf4:	0b0a008a 	add	w10, w4, w10
    82619cf8:	52954944 	mov	w4, #0xaa4a                	// #43594
    82619cfc:	72a9db04 	movk	w4, #0x4ed8, lsl #16
    82619d00:	0b040324 	add	w4, w25, w4
    82619d04:	0b040144 	add	w4, w10, w4
    82619d08:	139a2f4a 	ror	w10, w26, #11
    82619d0c:	4ada194a 	eor	w10, w10, w26, ror #6
    82619d10:	4ada654a 	eor	w10, w10, w26, ror #25
    82619d14:	0b0a008a 	add	w10, w4, w10
    82619d18:	138534a4 	ror	w4, w5, #13
    82619d1c:	0b0a007b 	add	w27, w3, w10
    82619d20:	2a050043 	orr	w3, w2, w5
    82619d24:	4ac50884 	eor	w4, w4, w5, ror #2
    82619d28:	0a060063 	and	w3, w3, w6
    82619d2c:	2a1c0063 	orr	w3, w3, w28
    82619d30:	4ac55884 	eor	w4, w4, w5, ror #22
    82619d34:	0b030084 	add	w4, w4, w3
    82619d38:	13934a63 	ror	w3, w19, #18
    82619d3c:	4ad31c63 	eor	w3, w3, w19, ror #7
    82619d40:	0b0a0084 	add	w4, w4, w10
    82619d44:	4a530c63 	eor	w3, w3, w19, lsr #3
    82619d48:	2a0400aa 	orr	w10, w5, w4
    82619d4c:	0b140074 	add	w20, w3, w20
    82619d50:	13984f03 	ror	w3, w24, #19
    82619d54:	4ad84463 	eor	w3, w3, w24, ror #17
    82619d58:	0a0400bc 	and	w28, w5, w4
    82619d5c:	4a582863 	eor	w3, w3, w24, lsr #10
    82619d60:	0a02014a 	and	w10, w10, w2
    82619d64:	0b0b0063 	add	w3, w3, w11
    82619d68:	2a1c014a 	orr	w10, w10, w28
    82619d6c:	0b030294 	add	w20, w20, w3
    82619d70:	4a1a00e3 	eor	w3, w7, w26
    82619d74:	0a1b0063 	and	w3, w3, w27
    82619d78:	4a070063 	eor	w3, w3, w7
    82619d7c:	0b080068 	add	w8, w3, w8
    82619d80:	529949e3 	mov	w3, #0xca4f                	// #51791
    82619d84:	72ab7383 	movk	w3, #0x5b9c, lsl #16
    82619d88:	0b030283 	add	w3, w20, w3
    82619d8c:	0b030103 	add	w3, w8, w3
    82619d90:	139b2f68 	ror	w8, w27, #11
    82619d94:	4adb1908 	eor	w8, w8, w27, ror #6
    82619d98:	4adb6508 	eor	w8, w8, w27, ror #25
    82619d9c:	0b080068 	add	w8, w3, w8
    82619da0:	13843483 	ror	w3, w4, #13
    82619da4:	4ac40863 	eor	w3, w3, w4, ror #2
    82619da8:	0b0800c6 	add	w6, w6, w8
    82619dac:	4ac45863 	eor	w3, w3, w4, ror #22
    82619db0:	0b0a0063 	add	w3, w3, w10
    82619db4:	0b080063 	add	w3, w3, w8
    82619db8:	139e4bc8 	ror	w8, w30, #18
    82619dbc:	4ade1d08 	eor	w8, w8, w30, ror #7
    82619dc0:	2a03008a 	orr	w10, w4, w3
    82619dc4:	4a5e0d08 	eor	w8, w8, w30, lsr #3
    82619dc8:	0a05014a 	and	w10, w10, w5
    82619dcc:	0b130113 	add	w19, w8, w19
    82619dd0:	13994f28 	ror	w8, w25, #19
    82619dd4:	4ad94508 	eor	w8, w8, w25, ror #17
    82619dd8:	0a03009c 	and	w28, w4, w3
    82619ddc:	4a592908 	eor	w8, w8, w25, lsr #10
    82619de0:	2a1c015c 	orr	w28, w10, w28
    82619de4:	0b010108 	add	w8, w8, w1
    82619de8:	0b080273 	add	w19, w19, w8
    82619dec:	4a1b0348 	eor	w8, w26, w27
    82619df0:	0a060108 	and	w8, w8, w6
    82619df4:	4a1a0108 	eor	w8, w8, w26
    82619df8:	0b070107 	add	w7, w8, w7
    82619dfc:	528dfe68 	mov	w8, #0x6ff3                	// #28659
    82619e00:	72ad05c8 	movk	w8, #0x682e, lsl #16
    82619e04:	0b080268 	add	w8, w19, w8
    82619e08:	0b0800e7 	add	w7, w7, w8
    82619e0c:	13862cc8 	ror	w8, w6, #11
    82619e10:	4ac61908 	eor	w8, w8, w6, ror #6
    82619e14:	4ac66508 	eor	w8, w8, w6, ror #25
    82619e18:	0b0800e7 	add	w7, w7, w8
    82619e1c:	0b070048 	add	w8, w2, w7
    82619e20:	13833462 	ror	w2, w3, #13
    82619e24:	4ac30842 	eor	w2, w2, w3, ror #2
    82619e28:	4ac35842 	eor	w2, w2, w3, ror #22
    82619e2c:	0b1c005c 	add	w28, w2, w28
    82619e30:	13914a22 	ror	w2, w17, #18
    82619e34:	4ad11c42 	eor	w2, w2, w17, ror #7
    82619e38:	0b070387 	add	w7, w28, w7
    82619e3c:	4a510c42 	eor	w2, w2, w17, lsr #3
    82619e40:	0a07007c 	and	w28, w3, w7
    82619e44:	0b1e005e 	add	w30, w2, w30
    82619e48:	13944e82 	ror	w2, w20, #19
    82619e4c:	4ad44442 	eor	w2, w2, w20, ror #17
    82619e50:	138734ea 	ror	w10, w7, #13
    82619e54:	4a542842 	eor	w2, w2, w20, lsr #10
    82619e58:	4ac7094a 	eor	w10, w10, w7, ror #2
    82619e5c:	0b160056 	add	w22, w2, w22
    82619e60:	4a060362 	eor	w2, w27, w6
    82619e64:	0a080042 	and	w2, w2, w8
    82619e68:	0b1603d6 	add	w22, w30, w22
    82619e6c:	4a1b0042 	eor	w2, w2, w27
    82619e70:	4ac7594a 	eor	w10, w10, w7, ror #22
    82619e74:	0b1a005a 	add	w26, w2, w26
    82619e78:	52905dc2 	mov	w2, #0x82ee                	// #33518
    82619e7c:	72ae91e2 	movk	w2, #0x748f, lsl #16
    82619e80:	0b0202c2 	add	w2, w22, w2
    82619e84:	0b02035a 	add	w26, w26, w2
    82619e88:	13882d02 	ror	w2, w8, #11
    82619e8c:	4ac81842 	eor	w2, w2, w8, ror #6
    82619e90:	4ac86442 	eor	w2, w2, w8, ror #25
    82619e94:	0b02035a 	add	w26, w26, w2
    82619e98:	2a070062 	orr	w2, w3, w7
    82619e9c:	0a040042 	and	w2, w2, w4
    82619ea0:	0b1a00a5 	add	w5, w5, w26
    82619ea4:	2a1c005c 	orr	w28, w2, w28
    82619ea8:	13904a02 	ror	w2, w16, #18
    82619eac:	4ad01c42 	eor	w2, w2, w16, ror #7
    82619eb0:	0b1c015c 	add	w28, w10, w28
    82619eb4:	4a500c42 	eor	w2, w2, w16, lsr #3
    82619eb8:	0b1a039a 	add	w26, w28, w26
    82619ebc:	0b110051 	add	w17, w2, w17
    82619ec0:	13934e62 	ror	w2, w19, #19
    82619ec4:	4ad34442 	eor	w2, w2, w19, ror #17
    82619ec8:	0a1a00ea 	and	w10, w7, w26
    82619ecc:	4a532842 	eor	w2, w2, w19, lsr #10
    82619ed0:	139a375e 	ror	w30, w26, #13
    82619ed4:	0b150055 	add	w21, w2, w21
    82619ed8:	4a0800c2 	eor	w2, w6, w8
    82619edc:	0a050042 	and	w2, w2, w5
    82619ee0:	0b150231 	add	w17, w17, w21
    82619ee4:	4a060042 	eor	w2, w2, w6
    82619ee8:	4ada0bde 	eor	w30, w30, w26, ror #2
    82619eec:	0b1b005b 	add	w27, w2, w27
    82619ef0:	528c6de2 	mov	w2, #0x636f                	// #25455
    82619ef4:	72af14a2 	movk	w2, #0x78a5, lsl #16
    82619ef8:	0b020222 	add	w2, w17, w2
    82619efc:	0b02037b 	add	w27, w27, w2
    82619f00:	13852ca2 	ror	w2, w5, #11
    82619f04:	4ac51842 	eor	w2, w2, w5, ror #6
    82619f08:	4ada5bde 	eor	w30, w30, w26, ror #22
    82619f0c:	4ac56442 	eor	w2, w2, w5, ror #25
    82619f10:	0b02037b 	add	w27, w27, w2
    82619f14:	2a1a00e2 	orr	w2, w7, w26
    82619f18:	0a030042 	and	w2, w2, w3
    82619f1c:	0b1b0084 	add	w4, w4, w27
    82619f20:	2a0a004a 	orr	w10, w2, w10
    82619f24:	138f49e2 	ror	w2, w15, #18
    82619f28:	4acf1c42 	eor	w2, w2, w15, ror #7
    82619f2c:	0b0a03ca 	add	w10, w30, w10
    82619f30:	4a4f0c42 	eor	w2, w2, w15, lsr #3
    82619f34:	0b1b015b 	add	w27, w10, w27
    82619f38:	0b100050 	add	w16, w2, w16
    82619f3c:	13964ec2 	ror	w2, w22, #19
    82619f40:	4ad64442 	eor	w2, w2, w22, ror #17
    82619f44:	139b3775 	ror	w21, w27, #13
    82619f48:	4a562842 	eor	w2, w2, w22, lsr #10
    82619f4c:	0a1b034a 	and	w10, w26, w27
    82619f50:	0b170057 	add	w23, w2, w23
    82619f54:	4a050102 	eor	w2, w8, w5
    82619f58:	0a040042 	and	w2, w2, w4
    82619f5c:	0b170210 	add	w16, w16, w23
    82619f60:	4a080042 	eor	w2, w2, w8
    82619f64:	4adb0ab5 	eor	w21, w21, w27, ror #2
    82619f68:	0b060046 	add	w6, w2, w6
    82619f6c:	528f0282 	mov	w2, #0x7814                	// #30740
    82619f70:	72b09902 	movk	w2, #0x84c8, lsl #16
    82619f74:	0b020202 	add	w2, w16, w2
    82619f78:	0b0200c6 	add	w6, w6, w2
    82619f7c:	13842c82 	ror	w2, w4, #11
    82619f80:	4ac41842 	eor	w2, w2, w4, ror #6
    82619f84:	4adb5ab5 	eor	w21, w21, w27, ror #22
    82619f88:	4ac46442 	eor	w2, w2, w4, ror #25
    82619f8c:	13904e17 	ror	w23, w16, #19
    82619f90:	0b0200c6 	add	w6, w6, w2
    82619f94:	2a1b0342 	orr	w2, w26, w27
    82619f98:	0a070042 	and	w2, w2, w7
    82619f9c:	0b060063 	add	w3, w3, w6
    82619fa0:	2a0a0042 	orr	w2, w2, w10
    82619fa4:	4ad046f7 	eor	w23, w23, w16, ror #17
    82619fa8:	0b0202a2 	add	w2, w21, w2
    82619fac:	13914e35 	ror	w21, w17, #19
    82619fb0:	0b060046 	add	w6, w2, w6
    82619fb4:	138e49c2 	ror	w2, w14, #18
    82619fb8:	4ace1c42 	eor	w2, w2, w14, ror #7
    82619fbc:	4ad146b5 	eor	w21, w21, w17, ror #17
    82619fc0:	4a4e0c42 	eor	w2, w2, w14, lsr #3
    82619fc4:	4a512ab1 	eor	w17, w21, w17, lsr #10
    82619fc8:	0b0f004f 	add	w15, w2, w15
    82619fcc:	4a0400a2 	eor	w2, w5, w4
    82619fd0:	0a030042 	and	w2, w2, w3
    82619fd4:	0b180231 	add	w17, w17, w24
    82619fd8:	4a050042 	eor	w2, w2, w5
    82619fdc:	0b1101ef 	add	w15, w15, w17
    82619fe0:	0b080042 	add	w2, w2, w8
    82619fe4:	52804108 	mov	w8, #0x208                 	// #520
    82619fe8:	72b198e8 	movk	w8, #0x8cc7, lsl #16
    82619fec:	0b0801e8 	add	w8, w15, w8
    82619ff0:	0b080042 	add	w2, w2, w8
    82619ff4:	13832c68 	ror	w8, w3, #11
    82619ff8:	4ac31908 	eor	w8, w8, w3, ror #6
    82619ffc:	138634ca 	ror	w10, w6, #13
    8261a000:	4ac36508 	eor	w8, w8, w3, ror #25
    8261a004:	0a060371 	and	w17, w27, w6
    8261a008:	0b080042 	add	w2, w2, w8
    8261a00c:	2a060368 	orr	w8, w27, w6
    8261a010:	4ac6094a 	eor	w10, w10, w6, ror #2
    8261a014:	0a1a0108 	and	w8, w8, w26
    8261a018:	4ac6594a 	eor	w10, w10, w6, ror #22
    8261a01c:	2a110108 	orr	w8, w8, w17
    8261a020:	0b080148 	add	w8, w10, w8
    8261a024:	0b0200e7 	add	w7, w7, w2
    8261a028:	0b020102 	add	w2, w8, w2
    8261a02c:	138d49a8 	ror	w8, w13, #18
    8261a030:	4acd1d08 	eor	w8, w8, w13, ror #7
    8261a034:	4a502af0 	eor	w16, w23, w16, lsr #10
    8261a038:	4a4d0d08 	eor	w8, w8, w13, lsr #3
    8261a03c:	0b190219 	add	w25, w16, w25
    8261a040:	0b0e010e 	add	w14, w8, w14
    8261a044:	4a030088 	eor	w8, w4, w3
    8261a048:	0a070108 	and	w8, w8, w7
    8261a04c:	0b1901d9 	add	w25, w14, w25
    8261a050:	4a040108 	eor	w8, w8, w4
    8261a054:	2a0200ca 	orr	w10, w6, w2
    8261a058:	0b050105 	add	w5, w8, w5
    8261a05c:	529fff48 	mov	w8, #0xfffa                	// #65530
    8261a060:	72b217c8 	movk	w8, #0x90be, lsl #16
    8261a064:	0b080328 	add	w8, w25, w8
    8261a068:	0b0800a5 	add	w5, w5, w8
    8261a06c:	13872ce8 	ror	w8, w7, #11
    8261a070:	4ac71908 	eor	w8, w8, w7, ror #6
    8261a074:	0a1b014a 	and	w10, w10, w27
    8261a078:	4ac76508 	eor	w8, w8, w7, ror #25
    8261a07c:	0a0200ce 	and	w14, w6, w2
    8261a080:	0b0800a5 	add	w5, w5, w8
    8261a084:	13823448 	ror	w8, w2, #13
    8261a088:	4ac20908 	eor	w8, w8, w2, ror #2
    8261a08c:	2a0e014e 	orr	w14, w10, w14
    8261a090:	4ac25908 	eor	w8, w8, w2, ror #22
    8261a094:	0b05035a 	add	w26, w26, w5
    8261a098:	0b0e0108 	add	w8, w8, w14
    8261a09c:	138f4df8 	ror	w24, w15, #19
    8261a0a0:	0b050105 	add	w5, w8, w5
    8261a0a4:	138c4988 	ror	w8, w12, #18
    8261a0a8:	4acc1d08 	eor	w8, w8, w12, ror #7
    8261a0ac:	4acf4718 	eor	w24, w24, w15, ror #17
    8261a0b0:	4a4c0d08 	eor	w8, w8, w12, lsr #3
    8261a0b4:	4a4f2b0f 	eor	w15, w24, w15, lsr #10
    8261a0b8:	0b0d010d 	add	w13, w8, w13
    8261a0bc:	4a070068 	eor	w8, w3, w7
    8261a0c0:	0a1a0108 	and	w8, w8, w26
    8261a0c4:	0b1401f4 	add	w20, w15, w20
    8261a0c8:	4a030108 	eor	w8, w8, w3
    8261a0cc:	0b1401b4 	add	w20, w13, w20
    8261a0d0:	0b040104 	add	w4, w8, w4
    8261a0d4:	528d9d68 	mov	w8, #0x6ceb                	// #27883
    8261a0d8:	72b48a08 	movk	w8, #0xa450, lsl #16
    8261a0dc:	0b080288 	add	w8, w20, w8
    8261a0e0:	0b080084 	add	w4, w4, w8
    8261a0e4:	139a2f48 	ror	w8, w26, #11
    8261a0e8:	4ada1908 	eor	w8, w8, w26, ror #6
    8261a0ec:	0a05004d 	and	w13, w2, w5
    8261a0f0:	4ada6508 	eor	w8, w8, w26, ror #25
    8261a0f4:	13994f2e 	ror	w14, w25, #19
    8261a0f8:	0b080088 	add	w8, w4, w8
    8261a0fc:	138534a4 	ror	w4, w5, #13
    8261a100:	4ac50884 	eor	w4, w4, w5, ror #2
    8261a104:	0b08037b 	add	w27, w27, w8
    8261a108:	4ac5588a 	eor	w10, w4, w5, ror #22
    8261a10c:	2a050044 	orr	w4, w2, w5
    8261a110:	0a060084 	and	w4, w4, w6
    8261a114:	4ad945ce 	eor	w14, w14, w25, ror #17
    8261a118:	2a0d0084 	orr	w4, w4, w13
    8261a11c:	4a5929d9 	eor	w25, w14, w25, lsr #10
    8261a120:	0b040144 	add	w4, w10, w4
    8261a124:	0b030323 	add	w3, w25, w3
    8261a128:	0b080084 	add	w4, w4, w8
    8261a12c:	138b4968 	ror	w8, w11, #18
    8261a130:	4acb1d08 	eor	w8, w8, w11, ror #7
    8261a134:	1381483e 	ror	w30, w1, #18
    8261a138:	4a4b0d08 	eor	w8, w8, w11, lsr #3
    8261a13c:	4ac11fde 	eor	w30, w30, w1, ror #7
    8261a140:	0b130113 	add	w19, w8, w19
    8261a144:	52947ee8 	mov	w8, #0xa3f7                	// #41975
    8261a148:	72b7df28 	movk	w8, #0xbef9, lsl #16
    8261a14c:	0b08018c 	add	w12, w12, w8
    8261a150:	0b0c026c 	add	w12, w19, w12
    8261a154:	4a1a00e8 	eor	w8, w7, w26
    8261a158:	0b030183 	add	w3, w12, w3
    8261a15c:	139b2f6c 	ror	w12, w27, #11
    8261a160:	4adb198c 	eor	w12, w12, w27, ror #6
    8261a164:	0a1b0108 	and	w8, w8, w27
    8261a168:	4a070108 	eor	w8, w8, w7
    8261a16c:	4adb658c 	eor	w12, w12, w27, ror #25
    8261a170:	0b08018c 	add	w12, w12, w8
    8261a174:	4a410fc1 	eor	w1, w30, w1, lsr #3
    8261a178:	0b0c006c 	add	w12, w3, w12
    8261a17c:	2a0400a8 	orr	w8, w5, w4
    8261a180:	0b0c00c6 	add	w6, w6, w12
    8261a184:	13843483 	ror	w3, w4, #13
    8261a188:	0a0400aa 	and	w10, w5, w4
    8261a18c:	4ac40863 	eor	w3, w3, w4, ror #2
    8261a190:	0a020108 	and	w8, w8, w2
    8261a194:	0b160036 	add	w22, w1, w22
    8261a198:	528f1e41 	mov	w1, #0x78f2                	// #30962
    8261a19c:	2a0a0108 	orr	w8, w8, w10
    8261a1a0:	4ac45863 	eor	w3, w3, w4, ror #22
    8261a1a4:	72b8ce21 	movk	w1, #0xc671, lsl #16
    8261a1a8:	0b01016b 	add	w11, w11, w1
    8261a1ac:	0b080063 	add	w3, w3, w8
    8261a1b0:	0b0b02d6 	add	w22, w22, w11
    8261a1b4:	4a1b0341 	eor	w1, w26, w27
    8261a1b8:	0b0c0063 	add	w3, w3, w12
    8261a1bc:	13862ccb 	ror	w11, w6, #11
    8261a1c0:	4ac6196b 	eor	w11, w11, w6, ror #6
    8261a1c4:	0a060021 	and	w1, w1, w6
    8261a1c8:	4a1a0021 	eor	w1, w1, w26
    8261a1cc:	13944e8d 	ror	w13, w20, #19
    8261a1d0:	4ac6656b 	eor	w11, w11, w6, ror #25
    8261a1d4:	2a030088 	orr	w8, w4, w3
    8261a1d8:	0b01016b 	add	w11, w11, w1
    8261a1dc:	4ad445ad 	eor	w13, w13, w20, ror #17
    8261a1e0:	0a03008a 	and	w10, w4, w3
    8261a1e4:	13833461 	ror	w1, w3, #13
    8261a1e8:	4a5429b4 	eor	w20, w13, w20, lsr #10
    8261a1ec:	4ac30821 	eor	w1, w1, w3, ror #2
    8261a1f0:	0a050108 	and	w8, w8, w5
    8261a1f4:	4ac35821 	eor	w1, w1, w3, ror #22
    8261a1f8:	0b070287 	add	w7, w20, w7
    8261a1fc:	2a0a0108 	orr	w8, w8, w10
    8261a200:	0b080028 	add	w8, w1, w8
    8261a204:	0b0702c7 	add	w7, w22, w7
    8261a208:	b9400801 	ldr	w1, [x0, #8]
    8261a20c:	0b0b00e7 	add	w7, w7, w11
    8261a210:	a94153f3 	ldp	x19, x20, [sp, #16]
    8261a214:	0b070021 	add	w1, w1, w7
    8261a218:	0b010101 	add	w1, w8, w1
    8261a21c:	b9000801 	str	w1, [x0, #8]
    8261a220:	b9400c01 	ldr	w1, [x0, #12]
    8261a224:	a9425bf5 	ldp	x21, x22, [sp, #32]
    8261a228:	0b030023 	add	w3, w1, w3
    8261a22c:	b9401001 	ldr	w1, [x0, #16]
    8261a230:	a94363f7 	ldp	x23, x24, [sp, #48]
    8261a234:	0b040024 	add	w4, w1, w4
    8261a238:	b9401401 	ldr	w1, [x0, #20]
    8261a23c:	29019003 	stp	w3, w4, [x0, #12]
    8261a240:	0b050025 	add	w5, w1, w5
    8261a244:	b9401801 	ldr	w1, [x0, #24]
    8261a248:	0b020022 	add	w2, w1, w2
    8261a24c:	b9401c01 	ldr	w1, [x0, #28]
    8261a250:	0b070047 	add	w7, w2, w7
    8261a254:	29029c05 	stp	w5, w7, [x0, #20]
    8261a258:	0b060026 	add	w6, w1, w6
    8261a25c:	b9402001 	ldr	w1, [x0, #32]
    8261a260:	0b1b003b 	add	w27, w1, w27
    8261a264:	b9402401 	ldr	w1, [x0, #36]
    8261a268:	2903ec06 	stp	w6, w27, [x0, #28]
    8261a26c:	0b1a003a 	add	w26, w1, w26
    8261a270:	b900241a 	str	w26, [x0, #36]
    8261a274:	a9446bf9 	ldp	x25, x26, [sp, #64]
    8261a278:	a94573fb 	ldp	x27, x28, [sp, #80]
    8261a27c:	a8c67bfd 	ldp	x29, x30, [sp], #96
    8261a280:	d65f03c0 	ret

000000008261a284 <sha256_update.part.0>:
    8261a284:	a9bc7bfd 	stp	x29, x30, [sp, #-64]!
    8261a288:	910003fd 	mov	x29, sp
    8261a28c:	a90153f3 	stp	x19, x20, [sp, #16]
    8261a290:	aa0003f4 	mov	x20, x0
    8261a294:	2a0203f3 	mov	w19, w2
    8261a298:	a9025bf5 	stp	x21, x22, [sp, #32]
    8261a29c:	aa0103f5 	mov	x21, x1
    8261a2a0:	a90363f7 	stp	x23, x24, [sp, #48]
    8261a2a4:	52800817 	mov	w23, #0x40                  	// #64
    8261a2a8:	b9400000 	ldr	w0, [x0]
    8261a2ac:	12001416 	and	w22, w0, #0x3f
    8261a2b0:	2b020000 	adds	w0, w0, w2
    8261a2b4:	b9000280 	str	w0, [x20]
    8261a2b8:	4b1602f7 	sub	w23, w23, w22
    8261a2bc:	54000083 	b.cc	8261a2cc <sha256_update.part.0+0x48>  // b.lo, b.ul, b.last
    8261a2c0:	b9400680 	ldr	w0, [x20, #4]
    8261a2c4:	11000400 	add	w0, w0, #0x1
    8261a2c8:	b9000680 	str	w0, [x20, #4]
    8261a2cc:	710002df 	cmp	w22, #0x0
    8261a2d0:	7a5312e2 	ccmp	w23, w19, #0x2, ne  // ne = any
    8261a2d4:	540001c8 	b.hi	8261a30c <sha256_update.part.0+0x88>  // b.pmore
    8261a2d8:	aa1503e1 	mov	x1, x21
    8261a2dc:	aa1703e2 	mov	x2, x23
    8261a2e0:	51010273 	sub	w19, w19, #0x40
    8261a2e4:	8b1702b5 	add	x21, x21, x23
    8261a2e8:	9100a298 	add	x24, x20, #0x28
    8261a2ec:	2a1603e0 	mov	w0, w22
    8261a2f0:	0b1302d3 	add	w19, w22, w19
    8261a2f4:	52800016 	mov	w22, #0x0                   	// #0
    8261a2f8:	8b000300 	add	x0, x24, x0
    8261a2fc:	94000755 	bl	8261c050 <memcpy>
    8261a300:	aa1803e1 	mov	x1, x24
    8261a304:	aa1403e0 	mov	x0, x20
    8261a308:	97fff7f5 	bl	826182dc <sha256_process>
    8261a30c:	aa1503f7 	mov	x23, x21
    8261a310:	0b150278 	add	w24, w19, w21
    8261a314:	14000005 	b	8261a328 <sha256_update.part.0+0xa4>
    8261a318:	aa1703e1 	mov	x1, x23
    8261a31c:	910102f7 	add	x23, x23, #0x40
    8261a320:	aa1403e0 	mov	x0, x20
    8261a324:	97fff7ee 	bl	826182dc <sha256_process>
    8261a328:	4b170300 	sub	w0, w24, w23
    8261a32c:	7100fc1f 	cmp	w0, #0x3f
    8261a330:	54ffff48 	b.hi	8261a318 <sha256_update.part.0+0x94>  // b.pmore
    8261a334:	53067e62 	lsr	w2, w19, #6
    8261a338:	128007e0 	mov	w0, #0xffffffc0            	// #-64
    8261a33c:	927a6661 	and	x1, x19, #0xffffffc0
    8261a340:	8b0102a1 	add	x1, x21, x1
    8261a344:	1b004c42 	madd	w2, w2, w0, w19
    8261a348:	34000122 	cbz	w2, 8261a36c <sha256_update.part.0+0xe8>
    8261a34c:	9100a294 	add	x20, x20, #0x28
    8261a350:	2a1603e0 	mov	w0, w22
    8261a354:	8b000280 	add	x0, x20, x0
    8261a358:	a94153f3 	ldp	x19, x20, [sp, #16]
    8261a35c:	a9425bf5 	ldp	x21, x22, [sp, #32]
    8261a360:	a94363f7 	ldp	x23, x24, [sp, #48]
    8261a364:	a8c47bfd 	ldp	x29, x30, [sp], #64
    8261a368:	1400073a 	b	8261c050 <memcpy>
    8261a36c:	a94153f3 	ldp	x19, x20, [sp, #16]
    8261a370:	a9425bf5 	ldp	x21, x22, [sp, #32]
    8261a374:	a94363f7 	ldp	x23, x24, [sp, #48]
    8261a378:	a8c47bfd 	ldp	x29, x30, [sp], #64
    8261a37c:	d65f03c0 	ret

000000008261a380 <sha256_starts>:
    8261a380:	529ccce1 	mov	w1, #0xe667                	// #58983
    8261a384:	29007c1f 	stp	wzr, wzr, [x0]
    8261a388:	72ad4121 	movk	w1, #0x6a09, lsl #16
    8261a38c:	b9000801 	str	w1, [x0, #8]
    8261a390:	5295d0a1 	mov	w1, #0xae85                	// #44677
    8261a394:	72b76ce1 	movk	w1, #0xbb67, lsl #16
    8261a398:	b9000c01 	str	w1, [x0, #12]
    8261a39c:	529e6e41 	mov	w1, #0xf372                	// #62322
    8261a3a0:	72a78dc1 	movk	w1, #0x3c6e, lsl #16
    8261a3a4:	b9001001 	str	w1, [x0, #16]
    8261a3a8:	529ea741 	mov	w1, #0xf53a                	// #62778
    8261a3ac:	72b4a9e1 	movk	w1, #0xa54f, lsl #16
    8261a3b0:	b9001401 	str	w1, [x0, #20]
    8261a3b4:	528a4fe1 	mov	w1, #0x527f                	// #21119
    8261a3b8:	72aa21c1 	movk	w1, #0x510e, lsl #16
    8261a3bc:	b9001801 	str	w1, [x0, #24]
    8261a3c0:	528d1181 	mov	w1, #0x688c                	// #26764
    8261a3c4:	72b360a1 	movk	w1, #0x9b05, lsl #16
    8261a3c8:	b9001c01 	str	w1, [x0, #28]
    8261a3cc:	529b3561 	mov	w1, #0xd9ab                	// #55723
    8261a3d0:	72a3f061 	movk	w1, #0x1f83, lsl #16
    8261a3d4:	b9002001 	str	w1, [x0, #32]
    8261a3d8:	5299a321 	mov	w1, #0xcd19                	// #52505
    8261a3dc:	72ab7c01 	movk	w1, #0x5be0, lsl #16
    8261a3e0:	b9002401 	str	w1, [x0, #36]
    8261a3e4:	d65f03c0 	ret

000000008261a3e8 <sha256_update>:
    8261a3e8:	34000042 	cbz	w2, 8261a3f0 <sha256_update+0x8>
    8261a3ec:	17ffffa6 	b	8261a284 <sha256_update.part.0>
    8261a3f0:	d65f03c0 	ret

000000008261a3f4 <sha256_finish>:
    8261a3f4:	a9bd7bfd 	stp	x29, x30, [sp, #-48]!
    8261a3f8:	910003fd 	mov	x29, sp
    8261a3fc:	a90153f3 	stp	x19, x20, [sp, #16]
    8261a400:	aa0103f4 	mov	x20, x1
    8261a404:	90000061 	adrp	x1, 82626000 <spinand_chip_table+0xc96>
    8261a408:	f942f822 	ldr	x2, [x1, #1520]
    8261a40c:	f90017e2 	str	x2, [sp, #40]
    8261a410:	d2800002 	mov	x2, #0x0                   	// #0
    8261a414:	aa0003f3 	mov	x19, x0
    8261a418:	29400801 	ldp	w1, w2, [x0]
    8261a41c:	d3557045 	ubfx	x5, x2, #21, #8
    8261a420:	13817444 	extr	w4, w2, w1, #29
    8261a424:	390083e5 	strb	w5, [sp, #32]
    8261a428:	d34d7045 	ubfx	x5, x2, #13, #16
    8261a42c:	d3457042 	ubfx	x2, x2, #5, #24
    8261a430:	39008be2 	strb	w2, [sp, #34]
    8261a434:	d3557022 	ubfx	x2, x1, #21, #8
    8261a438:	390093e2 	strb	w2, [sp, #36]
    8261a43c:	d34d7022 	ubfx	x2, x1, #13, #16
    8261a440:	531d7023 	lsl	w3, w1, #3
    8261a444:	390097e2 	strb	w2, [sp, #37]
    8261a448:	d3457022 	ubfx	x2, x1, #5, #24
    8261a44c:	12001421 	and	w1, w1, #0x3f
    8261a450:	39009fe3 	strb	w3, [sp, #39]
    8261a454:	7100dc3f 	cmp	w1, #0x37
    8261a458:	52800703 	mov	w3, #0x38                  	// #56
    8261a45c:	4b010063 	sub	w3, w3, w1
    8261a460:	39009be2 	strb	w2, [sp, #38]
    8261a464:	52800f02 	mov	w2, #0x78                  	// #120
    8261a468:	4b010042 	sub	w2, w2, w1
    8261a46c:	1a838042 	csel	w2, w2, w3, hi  // hi = pmore
    8261a470:	b0000061 	adrp	x1, 82627000 <s_bcm_sec+0x438>
    8261a474:	911fc021 	add	x1, x1, #0x7f0
    8261a478:	390087e5 	strb	w5, [sp, #33]
    8261a47c:	39008fe4 	strb	w4, [sp, #35]
    8261a480:	97ffffda 	bl	8261a3e8 <sha256_update>
    8261a484:	910083e1 	add	x1, sp, #0x20
    8261a488:	aa1303e0 	mov	x0, x19
    8261a48c:	52800102 	mov	w2, #0x8                   	// #8
    8261a490:	97ffff7d 	bl	8261a284 <sha256_update.part.0>
    8261a494:	39402e60 	ldrb	w0, [x19, #11]
    8261a498:	39000280 	strb	w0, [x20]
    8261a49c:	79401660 	ldrh	w0, [x19, #10]
    8261a4a0:	39000680 	strb	w0, [x20, #1]
    8261a4a4:	b9400a60 	ldr	w0, [x19, #8]
    8261a4a8:	53087c00 	lsr	w0, w0, #8
    8261a4ac:	39000a80 	strb	w0, [x20, #2]
    8261a4b0:	b9400a60 	ldr	w0, [x19, #8]
    8261a4b4:	39000e80 	strb	w0, [x20, #3]
    8261a4b8:	39403e60 	ldrb	w0, [x19, #15]
    8261a4bc:	39001280 	strb	w0, [x20, #4]
    8261a4c0:	79401e60 	ldrh	w0, [x19, #14]
    8261a4c4:	39001680 	strb	w0, [x20, #5]
    8261a4c8:	b9400e60 	ldr	w0, [x19, #12]
    8261a4cc:	53087c00 	lsr	w0, w0, #8
    8261a4d0:	39001a80 	strb	w0, [x20, #6]
    8261a4d4:	b9400e60 	ldr	w0, [x19, #12]
    8261a4d8:	39001e80 	strb	w0, [x20, #7]
    8261a4dc:	39404e60 	ldrb	w0, [x19, #19]
    8261a4e0:	39002280 	strb	w0, [x20, #8]
    8261a4e4:	79402660 	ldrh	w0, [x19, #18]
    8261a4e8:	39002680 	strb	w0, [x20, #9]
    8261a4ec:	b9401260 	ldr	w0, [x19, #16]
    8261a4f0:	53087c00 	lsr	w0, w0, #8
    8261a4f4:	39002a80 	strb	w0, [x20, #10]
    8261a4f8:	b9401260 	ldr	w0, [x19, #16]
    8261a4fc:	39002e80 	strb	w0, [x20, #11]
    8261a500:	39405e60 	ldrb	w0, [x19, #23]
    8261a504:	39003280 	strb	w0, [x20, #12]
    8261a508:	79402e60 	ldrh	w0, [x19, #22]
    8261a50c:	39003680 	strb	w0, [x20, #13]
    8261a510:	b9401660 	ldr	w0, [x19, #20]
    8261a514:	53087c00 	lsr	w0, w0, #8
    8261a518:	39003a80 	strb	w0, [x20, #14]
    8261a51c:	b9401660 	ldr	w0, [x19, #20]
    8261a520:	39003e80 	strb	w0, [x20, #15]
    8261a524:	39406e60 	ldrb	w0, [x19, #27]
    8261a528:	39004280 	strb	w0, [x20, #16]
    8261a52c:	79403660 	ldrh	w0, [x19, #26]
    8261a530:	39004680 	strb	w0, [x20, #17]
    8261a534:	b9401a60 	ldr	w0, [x19, #24]
    8261a538:	53087c00 	lsr	w0, w0, #8
    8261a53c:	39004a80 	strb	w0, [x20, #18]
    8261a540:	b9401a60 	ldr	w0, [x19, #24]
    8261a544:	39004e80 	strb	w0, [x20, #19]
    8261a548:	39407e60 	ldrb	w0, [x19, #31]
    8261a54c:	39005280 	strb	w0, [x20, #20]
    8261a550:	79403e60 	ldrh	w0, [x19, #30]
    8261a554:	39005680 	strb	w0, [x20, #21]
    8261a558:	b9401e60 	ldr	w0, [x19, #28]
    8261a55c:	53087c00 	lsr	w0, w0, #8
    8261a560:	39005a80 	strb	w0, [x20, #22]
    8261a564:	b9401e60 	ldr	w0, [x19, #28]
    8261a568:	39005e80 	strb	w0, [x20, #23]
    8261a56c:	39408e60 	ldrb	w0, [x19, #35]
    8261a570:	39006280 	strb	w0, [x20, #24]
    8261a574:	79404660 	ldrh	w0, [x19, #34]
    8261a578:	39006680 	strb	w0, [x20, #25]
    8261a57c:	b9402260 	ldr	w0, [x19, #32]
    8261a580:	53087c00 	lsr	w0, w0, #8
    8261a584:	39006a80 	strb	w0, [x20, #26]
    8261a588:	b9402260 	ldr	w0, [x19, #32]
    8261a58c:	39006e80 	strb	w0, [x20, #27]
    8261a590:	39409e60 	ldrb	w0, [x19, #39]
    8261a594:	39007280 	strb	w0, [x20, #28]
    8261a598:	79404e60 	ldrh	w0, [x19, #38]
    8261a59c:	39007680 	strb	w0, [x20, #29]
    8261a5a0:	b9402660 	ldr	w0, [x19, #36]
    8261a5a4:	53087c00 	lsr	w0, w0, #8
    8261a5a8:	39007a80 	strb	w0, [x20, #30]
    8261a5ac:	b9402660 	ldr	w0, [x19, #36]
    8261a5b0:	39007e80 	strb	w0, [x20, #31]
    8261a5b4:	90000060 	adrp	x0, 82626000 <spinand_chip_table+0xc96>
    8261a5b8:	f94017e1 	ldr	x1, [sp, #40]
    8261a5bc:	f942f802 	ldr	x2, [x0, #1520]
    8261a5c0:	eb020021 	subs	x1, x1, x2
    8261a5c4:	d2800002 	mov	x2, #0x0                   	// #0
    8261a5c8:	54000040 	b.eq	8261a5d0 <sha256_finish+0x1dc>  // b.none
    8261a5cc:	97ffdf8c 	bl	826123fc <__stack_chk_fail>
    8261a5d0:	a94153f3 	ldp	x19, x20, [sp, #16]
    8261a5d4:	a8c37bfd 	ldp	x29, x30, [sp], #48
    8261a5d8:	d65f03c0 	ret

000000008261a5dc <fdt_check_header>:
    8261a5dc:	b9400001 	ldr	w1, [x0]
    8261a5e0:	529fdda2 	mov	w2, #0xfeed                	// #65261
    8261a5e4:	72ba01a2 	movk	w2, #0xd00d, lsl #16
    8261a5e8:	5ac00821 	rev	w1, w1
    8261a5ec:	6b02003f 	cmp	w1, w2
    8261a5f0:	54000161 	b.ne	8261a61c <fdt_check_header+0x40>  // b.any
    8261a5f4:	b9401401 	ldr	w1, [x0, #20]
    8261a5f8:	5ac00821 	rev	w1, w1
    8261a5fc:	7100043f 	cmp	w1, #0x1
    8261a600:	54000209 	b.ls	8261a640 <fdt_check_header+0x64>  // b.plast
    8261a604:	b9401800 	ldr	w0, [x0, #24]
    8261a608:	5ac00800 	rev	w0, w0
    8261a60c:	7100481f 	cmp	w0, #0x12
    8261a610:	12800120 	mov	w0, #0xfffffff6            	// #-10
    8261a614:	1a8033e0 	csel	w0, wzr, w0, cc  // cc = lo, ul, last
    8261a618:	d65f03c0 	ret
    8261a61c:	52802242 	mov	w2, #0x112                 	// #274
    8261a620:	72a5fe42 	movk	w2, #0x2ff2, lsl #16
    8261a624:	6b02003f 	cmp	w1, w2
    8261a628:	54000101 	b.ne	8261a648 <fdt_check_header+0x6c>  // b.any
    8261a62c:	b9402400 	ldr	w0, [x0, #36]
    8261a630:	7100001f 	cmp	w0, #0x0
    8261a634:	128000c0 	mov	w0, #0xfffffff9            	// #-7
    8261a638:	1a8013e0 	csel	w0, wzr, w0, ne  // ne = any
    8261a63c:	17fffff7 	b	8261a618 <fdt_check_header+0x3c>
    8261a640:	12800120 	mov	w0, #0xfffffff6            	// #-10
    8261a644:	17fffff5 	b	8261a618 <fdt_check_header+0x3c>
    8261a648:	12800100 	mov	w0, #0xfffffff7            	// #-9
    8261a64c:	17fffff3 	b	8261a618 <fdt_check_header+0x3c>

000000008261a650 <fdt_offset_ptr>:
    8261a650:	b9400803 	ldr	w3, [x0, #8]
    8261a654:	5ac00863 	rev	w3, w3
    8261a658:	2b030024 	adds	w4, w1, w3
    8261a65c:	54000062 	b.cs	8261a668 <fdt_offset_ptr+0x18>  // b.hs, b.nlast
    8261a660:	2b020084 	adds	w4, w4, w2
    8261a664:	54000063 	b.cc	8261a670 <fdt_offset_ptr+0x20>  // b.lo, b.ul, b.last
    8261a668:	d2800000 	mov	x0, #0x0                   	// #0
    8261a66c:	14000012 	b	8261a6b4 <fdt_offset_ptr+0x64>
    8261a670:	b9400405 	ldr	w5, [x0, #4]
    8261a674:	5ac008a5 	rev	w5, w5
    8261a678:	6b05009f 	cmp	w4, w5
    8261a67c:	54ffff68 	b.hi	8261a668 <fdt_offset_ptr+0x18>  // b.pmore
    8261a680:	b9401404 	ldr	w4, [x0, #20]
    8261a684:	5ac00884 	rev	w4, w4
    8261a688:	7100409f 	cmp	w4, #0x10
    8261a68c:	540000e9 	b.ls	8261a6a8 <fdt_offset_ptr+0x58>  // b.plast
    8261a690:	2b020022 	adds	w2, w1, w2
    8261a694:	54fffea2 	b.cs	8261a668 <fdt_offset_ptr+0x18>  // b.hs, b.nlast
    8261a698:	b9402404 	ldr	w4, [x0, #36]
    8261a69c:	5ac00884 	rev	w4, w4
    8261a6a0:	6b04005f 	cmp	w2, w4
    8261a6a4:	54fffe28 	b.hi	8261a668 <fdt_offset_ptr+0x18>  // b.pmore
    8261a6a8:	93407c21 	sxtw	x1, w1
    8261a6ac:	8b234021 	add	x1, x1, w3, uxtw
    8261a6b0:	8b010000 	add	x0, x0, x1
    8261a6b4:	d65f03c0 	ret

000000008261a6b8 <fdt_next_tag>:
    8261a6b8:	a9bf7bfd 	stp	x29, x30, [sp, #-16]!
    8261a6bc:	aa0203eb 	mov	x11, x2
    8261a6c0:	128000e2 	mov	w2, #0xfffffff8            	// #-8
    8261a6c4:	910003fd 	mov	x29, sp
    8261a6c8:	b9000162 	str	w2, [x11]
    8261a6cc:	aa0003e8 	mov	x8, x0
    8261a6d0:	2a0103ea 	mov	w10, w1
    8261a6d4:	52800082 	mov	w2, #0x4                   	// #4
    8261a6d8:	97ffffde 	bl	8261a650 <fdt_offset_ptr>
    8261a6dc:	b5000060 	cbnz	x0, 8261a6e8 <fdt_next_tag+0x30>
    8261a6e0:	52800127 	mov	w7, #0x9                   	// #9
    8261a6e4:	1400001f 	b	8261a760 <fdt_next_tag+0xa8>
    8261a6e8:	b9400007 	ldr	w7, [x0]
    8261a6ec:	12800140 	mov	w0, #0xfffffff5            	// #-11
    8261a6f0:	b9000160 	str	w0, [x11]
    8261a6f4:	11001146 	add	w6, w10, #0x4
    8261a6f8:	5ac008e7 	rev	w7, w7
    8261a6fc:	510004e1 	sub	w1, w7, #0x1
    8261a700:	7100203f 	cmp	w1, #0x8
    8261a704:	54fffee8 	b.hi	8261a6e0 <fdt_next_tag+0x28>  // b.pmore
    8261a708:	b0000040 	adrp	x0, 82623000 <clk_fixed_rate_ops+0x18>
    8261a70c:	91132000 	add	x0, x0, #0x4c8
    8261a710:	38614800 	ldrb	w0, [x0, w1, uxtw]
    8261a714:	10000061 	adr	x1, 8261a720 <fdt_next_tag+0x68>
    8261a718:	8b208820 	add	x0, x1, w0, sxtb #2
    8261a71c:	d61f0000 	br	x0
    8261a720:	2a0603e1 	mov	w1, w6
    8261a724:	52800022 	mov	w2, #0x1                   	// #1
    8261a728:	aa0803e0 	mov	x0, x8
    8261a72c:	0b0200c6 	add	w6, w6, w2
    8261a730:	97ffffc8 	bl	8261a650 <fdt_offset_ptr>
    8261a734:	b4fffd60 	cbz	x0, 8261a6e0 <fdt_next_tag+0x28>
    8261a738:	39400000 	ldrb	w0, [x0]
    8261a73c:	35ffff20 	cbnz	w0, 8261a720 <fdt_next_tag+0x68>
    8261a740:	4b0a00c2 	sub	w2, w6, w10
    8261a744:	2a0a03e1 	mov	w1, w10
    8261a748:	aa0803e0 	mov	x0, x8
    8261a74c:	97ffffc1 	bl	8261a650 <fdt_offset_ptr>
    8261a750:	b4fffc80 	cbz	x0, 8261a6e0 <fdt_next_tag+0x28>
    8261a754:	11000cc6 	add	w6, w6, #0x3
    8261a758:	121e74c6 	and	w6, w6, #0xfffffffc
    8261a75c:	b9000166 	str	w6, [x11]
    8261a760:	2a0703e0 	mov	w0, w7
    8261a764:	a8c17bfd 	ldp	x29, x30, [sp], #16
    8261a768:	d65f03c0 	ret
    8261a76c:	2a0603e1 	mov	w1, w6
    8261a770:	aa0803e0 	mov	x0, x8
    8261a774:	52800082 	mov	w2, #0x4                   	// #4
    8261a778:	97ffffb6 	bl	8261a650 <fdt_offset_ptr>
    8261a77c:	b4fffb20 	cbz	x0, 8261a6e0 <fdt_next_tag+0x28>
    8261a780:	b9400000 	ldr	w0, [x0]
    8261a784:	11003142 	add	w2, w10, #0xc
    8261a788:	b9401501 	ldr	w1, [x8, #20]
    8261a78c:	5ac00800 	rev	w0, w0
    8261a790:	5ac00821 	rev	w1, w1
    8261a794:	0b020006 	add	w6, w0, w2
    8261a798:	71003c3f 	cmp	w1, #0xf
    8261a79c:	54fffd28 	b.hi	8261a740 <fdt_next_tag+0x88>  // b.pmore
    8261a7a0:	71001c1f 	cmp	w0, #0x7
    8261a7a4:	54fffce9 	b.ls	8261a740 <fdt_next_tag+0x88>  // b.plast
    8261a7a8:	f240085f 	tst	x2, #0x7
    8261a7ac:	54fffca0 	b.eq	8261a740 <fdt_next_tag+0x88>  // b.none
    8261a7b0:	110010c6 	add	w6, w6, #0x4
    8261a7b4:	17ffffe3 	b	8261a740 <fdt_next_tag+0x88>

000000008261a7b8 <fdt_check_node_offset_>:
    8261a7b8:	a9be7bfd 	stp	x29, x30, [sp, #-32]!
    8261a7bc:	910003fd 	mov	x29, sp
    8261a7c0:	b9001fe1 	str	w1, [sp, #28]
    8261a7c4:	36f80081 	tbz	w1, #31, 8261a7d4 <fdt_check_node_offset_+0x1c>
    8261a7c8:	12800060 	mov	w0, #0xfffffffc            	// #-4
    8261a7cc:	a8c27bfd 	ldp	x29, x30, [sp], #32
    8261a7d0:	d65f03c0 	ret
    8261a7d4:	2a0103e2 	mov	w2, w1
    8261a7d8:	f240045f 	tst	x2, #0x3
    8261a7dc:	54ffff61 	b.ne	8261a7c8 <fdt_check_node_offset_+0x10>  // b.any
    8261a7e0:	910073e2 	add	x2, sp, #0x1c
    8261a7e4:	97ffffb5 	bl	8261a6b8 <fdt_next_tag>
    8261a7e8:	7100041f 	cmp	w0, #0x1
    8261a7ec:	54fffee1 	b.ne	8261a7c8 <fdt_check_node_offset_+0x10>  // b.any
    8261a7f0:	b9401fe0 	ldr	w0, [sp, #28]
    8261a7f4:	17fffff6 	b	8261a7cc <fdt_check_node_offset_+0x14>

000000008261a7f8 <fdt_check_prop_offset_>:
    8261a7f8:	a9be7bfd 	stp	x29, x30, [sp, #-32]!
    8261a7fc:	910003fd 	mov	x29, sp
    8261a800:	b9001fe1 	str	w1, [sp, #28]
    8261a804:	36f80081 	tbz	w1, #31, 8261a814 <fdt_check_prop_offset_+0x1c>
    8261a808:	12800060 	mov	w0, #0xfffffffc            	// #-4
    8261a80c:	a8c27bfd 	ldp	x29, x30, [sp], #32
    8261a810:	d65f03c0 	ret
    8261a814:	2a0103e2 	mov	w2, w1
    8261a818:	f240045f 	tst	x2, #0x3
    8261a81c:	54ffff61 	b.ne	8261a808 <fdt_check_prop_offset_+0x10>  // b.any
    8261a820:	910073e2 	add	x2, sp, #0x1c
    8261a824:	97ffffa5 	bl	8261a6b8 <fdt_next_tag>
    8261a828:	71000c1f 	cmp	w0, #0x3
    8261a82c:	54fffee1 	b.ne	8261a808 <fdt_check_prop_offset_+0x10>  // b.any
    8261a830:	b9401fe0 	ldr	w0, [sp, #28]
    8261a834:	17fffff6 	b	8261a80c <fdt_check_prop_offset_+0x14>

000000008261a838 <fdt_next_node>:
    8261a838:	a9be7bfd 	stp	x29, x30, [sp, #-32]!
    8261a83c:	aa0203ed 	mov	x13, x2
    8261a840:	90000062 	adrp	x2, 82626000 <spinand_chip_table+0xc96>
    8261a844:	910003fd 	mov	x29, sp
    8261a848:	f942f843 	ldr	x3, [x2, #1520]
    8261a84c:	f9000fe3 	str	x3, [sp, #24]
    8261a850:	d2800003 	mov	x3, #0x0                   	// #0
    8261a854:	b90017ff 	str	wzr, [sp, #20]
    8261a858:	aa0003ee 	mov	x14, x0
    8261a85c:	37f800a1 	tbnz	w1, #31, 8261a870 <fdt_next_node+0x38>
    8261a860:	97ffffd6 	bl	8261a7b8 <fdt_check_node_offset_>
    8261a864:	b90017e0 	str	w0, [sp, #20]
    8261a868:	2a0003ec 	mov	w12, w0
    8261a86c:	37f80200 	tbnz	w0, #31, 8261a8ac <fdt_next_node+0x74>
    8261a870:	b94017ec 	ldr	w12, [sp, #20]
    8261a874:	910053e2 	add	x2, sp, #0x14
    8261a878:	aa0e03e0 	mov	x0, x14
    8261a87c:	2a0c03e1 	mov	w1, w12
    8261a880:	97ffff8e 	bl	8261a6b8 <fdt_next_tag>
    8261a884:	7100081f 	cmp	w0, #0x2
    8261a888:	54000200 	b.eq	8261a8c8 <fdt_next_node+0x90>  // b.none
    8261a88c:	7100241f 	cmp	w0, #0x9
    8261a890:	540002a0 	b.eq	8261a8e4 <fdt_next_node+0xac>  // b.none
    8261a894:	7100041f 	cmp	w0, #0x1
    8261a898:	54fffec1 	b.ne	8261a870 <fdt_next_node+0x38>  // b.any
    8261a89c:	b400008d 	cbz	x13, 8261a8ac <fdt_next_node+0x74>
    8261a8a0:	b94001a0 	ldr	w0, [x13]
    8261a8a4:	11000400 	add	w0, w0, #0x1
    8261a8a8:	b90001a0 	str	w0, [x13]
    8261a8ac:	90000060 	adrp	x0, 82626000 <spinand_chip_table+0xc96>
    8261a8b0:	f9400fe1 	ldr	x1, [sp, #24]
    8261a8b4:	f942f802 	ldr	x2, [x0, #1520]
    8261a8b8:	eb020021 	subs	x1, x1, x2
    8261a8bc:	d2800002 	mov	x2, #0x0                   	// #0
    8261a8c0:	54000240 	b.eq	8261a908 <fdt_next_node+0xd0>  // b.none
    8261a8c4:	97ffdece 	bl	826123fc <__stack_chk_fail>
    8261a8c8:	b4fffd4d 	cbz	x13, 8261a870 <fdt_next_node+0x38>
    8261a8cc:	b94001a1 	ldr	w1, [x13]
    8261a8d0:	51000421 	sub	w1, w1, #0x1
    8261a8d4:	b90001a1 	str	w1, [x13]
    8261a8d8:	36fffcc1 	tbz	w1, #31, 8261a870 <fdt_next_node+0x38>
    8261a8dc:	b94017ec 	ldr	w12, [sp, #20]
    8261a8e0:	17fffff3 	b	8261a8ac <fdt_next_node+0x74>
    8261a8e4:	b94017ec 	ldr	w12, [sp, #20]
    8261a8e8:	36f800cc 	tbz	w12, #31, 8261a900 <fdt_next_node+0xc8>
    8261a8ec:	3100219f 	cmn	w12, #0x8
    8261a8f0:	54fffde1 	b.ne	8261a8ac <fdt_next_node+0x74>  // b.any
    8261a8f4:	f10001bf 	cmp	x13, #0x0
    8261a8f8:	5a9f118c 	csinv	w12, w12, wzr, ne  // ne = any
    8261a8fc:	17ffffec 	b	8261a8ac <fdt_next_node+0x74>
    8261a900:	1280000c 	mov	w12, #0xffffffff            	// #-1
    8261a904:	17ffffea 	b	8261a8ac <fdt_next_node+0x74>
    8261a908:	2a0c03e0 	mov	w0, w12
    8261a90c:	a8c27bfd 	ldp	x29, x30, [sp], #32
    8261a910:	d65f03c0 	ret

000000008261a914 <fdt_first_subnode>:
    8261a914:	a9be7bfd 	stp	x29, x30, [sp, #-32]!
    8261a918:	90000062 	adrp	x2, 82626000 <spinand_chip_table+0xc96>
    8261a91c:	910003fd 	mov	x29, sp
    8261a920:	f942f843 	ldr	x3, [x2, #1520]
    8261a924:	f9000fe3 	str	x3, [sp, #24]
    8261a928:	d2800003 	mov	x3, #0x0                   	// #0
    8261a92c:	910053e2 	add	x2, sp, #0x14
    8261a930:	b90017ff 	str	wzr, [sp, #20]
    8261a934:	97ffffc1 	bl	8261a838 <fdt_next_node>
    8261a938:	37f80160 	tbnz	w0, #31, 8261a964 <fdt_first_subnode+0x50>
    8261a93c:	b94017e1 	ldr	w1, [sp, #20]
    8261a940:	7100043f 	cmp	w1, #0x1
    8261a944:	5a9f0000 	csinv	w0, w0, wzr, eq  // eq = none
    8261a948:	90000061 	adrp	x1, 82626000 <spinand_chip_table+0xc96>
    8261a94c:	f9400fe2 	ldr	x2, [sp, #24]
    8261a950:	f942f823 	ldr	x3, [x1, #1520]
    8261a954:	eb030042 	subs	x2, x2, x3
    8261a958:	d2800003 	mov	x3, #0x0                   	// #0
    8261a95c:	54000080 	b.eq	8261a96c <fdt_first_subnode+0x58>  // b.none
    8261a960:	97ffdea7 	bl	826123fc <__stack_chk_fail>
    8261a964:	12800000 	mov	w0, #0xffffffff            	// #-1
    8261a968:	17fffff8 	b	8261a948 <fdt_first_subnode+0x34>
    8261a96c:	a8c27bfd 	ldp	x29, x30, [sp], #32
    8261a970:	d65f03c0 	ret

000000008261a974 <fdt_next_subnode>:
    8261a974:	a9bd7bfd 	stp	x29, x30, [sp, #-48]!
    8261a978:	910003fd 	mov	x29, sp
    8261a97c:	f9000bf3 	str	x19, [sp, #16]
    8261a980:	aa0003f3 	mov	x19, x0
    8261a984:	90000060 	adrp	x0, 82626000 <spinand_chip_table+0xc96>
    8261a988:	f942f802 	ldr	x2, [x0, #1520]
    8261a98c:	f90017e2 	str	x2, [sp, #40]
    8261a990:	d2800002 	mov	x2, #0x0                   	// #0
    8261a994:	52800020 	mov	w0, #0x1                   	// #1
    8261a998:	b90027e0 	str	w0, [sp, #36]
    8261a99c:	910093e2 	add	x2, sp, #0x24
    8261a9a0:	aa1303e0 	mov	x0, x19
    8261a9a4:	97ffffa5 	bl	8261a838 <fdt_next_node>
    8261a9a8:	2a0003e1 	mov	w1, w0
    8261a9ac:	37f801a0 	tbnz	w0, #31, 8261a9e0 <fdt_next_subnode+0x6c>
    8261a9b0:	b94027e0 	ldr	w0, [sp, #36]
    8261a9b4:	7100001f 	cmp	w0, #0x0
    8261a9b8:	5400014d 	b.le	8261a9e0 <fdt_next_subnode+0x6c>
    8261a9bc:	7100041f 	cmp	w0, #0x1
    8261a9c0:	54fffee1 	b.ne	8261a99c <fdt_next_subnode+0x28>  // b.any
    8261a9c4:	90000060 	adrp	x0, 82626000 <spinand_chip_table+0xc96>
    8261a9c8:	f94017e2 	ldr	x2, [sp, #40]
    8261a9cc:	f942f803 	ldr	x3, [x0, #1520]
    8261a9d0:	eb030042 	subs	x2, x2, x3
    8261a9d4:	d2800003 	mov	x3, #0x0                   	// #0
    8261a9d8:	54000080 	b.eq	8261a9e8 <fdt_next_subnode+0x74>  // b.none
    8261a9dc:	97ffde88 	bl	826123fc <__stack_chk_fail>
    8261a9e0:	12800001 	mov	w1, #0xffffffff            	// #-1
    8261a9e4:	17fffff8 	b	8261a9c4 <fdt_next_subnode+0x50>
    8261a9e8:	2a0103e0 	mov	w0, w1
    8261a9ec:	f9400bf3 	ldr	x19, [sp, #16]
    8261a9f0:	a8c37bfd 	ldp	x29, x30, [sp], #48
    8261a9f4:	d65f03c0 	ret

000000008261a9f8 <fdt_address_cells>:
    8261a9f8:	a9be7bfd 	stp	x29, x30, [sp, #-32]!
    8261a9fc:	90000062 	adrp	x2, 82626000 <spinand_chip_table+0xc96>
    8261aa00:	910003fd 	mov	x29, sp
    8261aa04:	f942f843 	ldr	x3, [x2, #1520]
    8261aa08:	f9000fe3 	str	x3, [sp, #24]
    8261aa0c:	d2800003 	mov	x3, #0x0                   	// #0
    8261aa10:	d0000042 	adrp	x2, 82624000 <_ctype+0x15a>
    8261aa14:	910053e3 	add	x3, sp, #0x14
    8261aa18:	911ba042 	add	x2, x2, #0x6e8
    8261aa1c:	94000164 	bl	8261afac <fdt_getprop>
    8261aa20:	b4000220 	cbz	x0, 8261aa64 <fdt_address_cells+0x6c>
    8261aa24:	b94017e1 	ldr	w1, [sp, #20]
    8261aa28:	7100103f 	cmp	w1, #0x4
    8261aa2c:	54000201 	b.ne	8261aa6c <fdt_address_cells+0x74>  // b.any
    8261aa30:	b9400000 	ldr	w0, [x0]
    8261aa34:	5ac00800 	rev	w0, w0
    8261aa38:	51000401 	sub	w1, w0, #0x1
    8261aa3c:	7100103f 	cmp	w1, #0x4
    8261aa40:	128001a1 	mov	w1, #0xfffffff2            	// #-14
    8261aa44:	1a813000 	csel	w0, w0, w1, cc  // cc = lo, ul, last
    8261aa48:	90000061 	adrp	x1, 82626000 <spinand_chip_table+0xc96>
    8261aa4c:	f9400fe2 	ldr	x2, [sp, #24]
    8261aa50:	f942f823 	ldr	x3, [x1, #1520]
    8261aa54:	eb030042 	subs	x2, x2, x3
    8261aa58:	d2800003 	mov	x3, #0x0                   	// #0
    8261aa5c:	540000c0 	b.eq	8261aa74 <fdt_address_cells+0x7c>  // b.none
    8261aa60:	97ffde67 	bl	826123fc <__stack_chk_fail>
    8261aa64:	52800040 	mov	w0, #0x2                   	// #2
    8261aa68:	17fffff8 	b	8261aa48 <fdt_address_cells+0x50>
    8261aa6c:	128001a0 	mov	w0, #0xfffffff2            	// #-14
    8261aa70:	17fffff6 	b	8261aa48 <fdt_address_cells+0x50>
    8261aa74:	a8c27bfd 	ldp	x29, x30, [sp], #32
    8261aa78:	d65f03c0 	ret

000000008261aa7c <fdt_size_cells>:
    8261aa7c:	a9be7bfd 	stp	x29, x30, [sp, #-32]!
    8261aa80:	90000062 	adrp	x2, 82626000 <spinand_chip_table+0xc96>
    8261aa84:	910003fd 	mov	x29, sp
    8261aa88:	f942f843 	ldr	x3, [x2, #1520]
    8261aa8c:	f9000fe3 	str	x3, [sp, #24]
    8261aa90:	d2800003 	mov	x3, #0x0                   	// #0
    8261aa94:	d0000042 	adrp	x2, 82624000 <_ctype+0x15a>
    8261aa98:	910053e3 	add	x3, sp, #0x14
    8261aa9c:	911eb442 	add	x2, x2, #0x7ad
    8261aaa0:	94000143 	bl	8261afac <fdt_getprop>
    8261aaa4:	b4000200 	cbz	x0, 8261aae4 <fdt_size_cells+0x68>
    8261aaa8:	b94017e1 	ldr	w1, [sp, #20]
    8261aaac:	7100103f 	cmp	w1, #0x4
    8261aab0:	540001e1 	b.ne	8261aaec <fdt_size_cells+0x70>  // b.any
    8261aab4:	b9400000 	ldr	w0, [x0]
    8261aab8:	128001a1 	mov	w1, #0xfffffff2            	// #-14
    8261aabc:	5ac00800 	rev	w0, w0
    8261aac0:	7100141f 	cmp	w0, #0x5
    8261aac4:	1a813000 	csel	w0, w0, w1, cc  // cc = lo, ul, last
    8261aac8:	90000061 	adrp	x1, 82626000 <spinand_chip_table+0xc96>
    8261aacc:	f9400fe2 	ldr	x2, [sp, #24]
    8261aad0:	f942f823 	ldr	x3, [x1, #1520]
    8261aad4:	eb030042 	subs	x2, x2, x3
    8261aad8:	d2800003 	mov	x3, #0x0                   	// #0
    8261aadc:	540000c0 	b.eq	8261aaf4 <fdt_size_cells+0x78>  // b.none
    8261aae0:	97ffde47 	bl	826123fc <__stack_chk_fail>
    8261aae4:	52800040 	mov	w0, #0x2                   	// #2
    8261aae8:	17fffff8 	b	8261aac8 <fdt_size_cells+0x4c>
    8261aaec:	128001a0 	mov	w0, #0xfffffff2            	// #-14
    8261aaf0:	17fffff6 	b	8261aac8 <fdt_size_cells+0x4c>
    8261aaf4:	a8c27bfd 	ldp	x29, x30, [sp], #32
    8261aaf8:	d65f03c0 	ret

000000008261aafc <fdt_path_next_separator>:
    8261aafc:	a9bd7bfd 	stp	x29, x30, [sp, #-48]!
    8261ab00:	910003fd 	mov	x29, sp
    8261ab04:	a90153f3 	stp	x19, x20, [sp, #16]
    8261ab08:	93407c34 	sxtw	x20, w1
    8261ab0c:	aa1403e2 	mov	x2, x20
    8261ab10:	528005e1 	mov	w1, #0x2f                  	// #47
    8261ab14:	f90013f5 	str	x21, [sp, #32]
    8261ab18:	aa0003f5 	mov	x21, x0
    8261ab1c:	9400058c 	bl	8261c14c <memchr>
    8261ab20:	aa1403e2 	mov	x2, x20
    8261ab24:	aa0003f3 	mov	x19, x0
    8261ab28:	52800741 	mov	w1, #0x3a                  	// #58
    8261ab2c:	aa1503e0 	mov	x0, x21
    8261ab30:	94000587 	bl	8261c14c <memchr>
    8261ab34:	f100027f 	cmp	x19, #0x0
    8261ab38:	fa401804 	ccmp	x0, #0x0, #0x4, ne  // ne = any
    8261ab3c:	540000e0 	b.eq	8261ab58 <fdt_path_next_separator+0x5c>  // b.none
    8261ab40:	eb13001f 	cmp	x0, x19
    8261ab44:	9a939000 	csel	x0, x0, x19, ls  // ls = plast
    8261ab48:	a94153f3 	ldp	x19, x20, [sp, #16]
    8261ab4c:	f94013f5 	ldr	x21, [sp, #32]
    8261ab50:	a8c37bfd 	ldp	x29, x30, [sp], #48
    8261ab54:	d65f03c0 	ret
    8261ab58:	f100027f 	cmp	x19, #0x0
    8261ab5c:	9a930000 	csel	x0, x0, x19, eq  // eq = none
    8261ab60:	17fffffa 	b	8261ab48 <fdt_path_next_separator+0x4c>

000000008261ab64 <_nextprop>:
    8261ab64:	a9bd7bfd 	stp	x29, x30, [sp, #-48]!
    8261ab68:	910003fd 	mov	x29, sp
    8261ab6c:	a90153f3 	stp	x19, x20, [sp, #16]
    8261ab70:	aa0003f4 	mov	x20, x0
    8261ab74:	2a0103f3 	mov	w19, w1
    8261ab78:	90000060 	adrp	x0, 82626000 <spinand_chip_table+0xc96>
    8261ab7c:	f942f802 	ldr	x2, [x0, #1520]
    8261ab80:	f90017e2 	str	x2, [sp, #40]
    8261ab84:	d2800002 	mov	x2, #0x0                   	// #0
    8261ab88:	910093e2 	add	x2, sp, #0x24
    8261ab8c:	2a1303e1 	mov	w1, w19
    8261ab90:	aa1403e0 	mov	x0, x20
    8261ab94:	97fffec9 	bl	8261a6b8 <fdt_next_tag>
    8261ab98:	71000c1f 	cmp	w0, #0x3
    8261ab9c:	540000e0 	b.eq	8261abb8 <_nextprop+0x54>  // b.none
    8261aba0:	b94027f3 	ldr	w19, [sp, #36]
    8261aba4:	7100241f 	cmp	w0, #0x9
    8261aba8:	54000161 	b.ne	8261abd4 <_nextprop+0x70>  // b.any
    8261abac:	7100027f 	cmp	w19, #0x0
    8261abb0:	12800141 	mov	w1, #0xfffffff5            	// #-11
    8261abb4:	1a81b273 	csel	w19, w19, w1, lt  // lt = tstop
    8261abb8:	90000060 	adrp	x0, 82626000 <spinand_chip_table+0xc96>
    8261abbc:	f94017e1 	ldr	x1, [sp, #40]
    8261abc0:	f942f802 	ldr	x2, [x0, #1520]
    8261abc4:	eb020021 	subs	x1, x1, x2
    8261abc8:	d2800002 	mov	x2, #0x0                   	// #0
    8261abcc:	540000c0 	b.eq	8261abe4 <_nextprop+0x80>  // b.none
    8261abd0:	97ffde0b 	bl	826123fc <__stack_chk_fail>
    8261abd4:	7100101f 	cmp	w0, #0x4
    8261abd8:	54fffd80 	b.eq	8261ab88 <_nextprop+0x24>  // b.none
    8261abdc:	12800013 	mov	w19, #0xffffffff            	// #-1
    8261abe0:	17fffff6 	b	8261abb8 <_nextprop+0x54>
    8261abe4:	2a1303e0 	mov	w0, w19
    8261abe8:	a94153f3 	ldp	x19, x20, [sp, #16]
    8261abec:	a8c37bfd 	ldp	x29, x30, [sp], #48
    8261abf0:	d65f03c0 	ret

000000008261abf4 <fdt_string>:
    8261abf4:	b9400c02 	ldr	w2, [x0, #12]
    8261abf8:	5ac00842 	rev	w2, w2
    8261abfc:	8b21c041 	add	x1, x2, w1, sxtw
    8261ac00:	8b010000 	add	x0, x0, x1
    8261ac04:	d65f03c0 	ret

000000008261ac08 <fdt_subnode_offset_namelen>:
    8261ac08:	a9bb7bfd 	stp	x29, x30, [sp, #-80]!
    8261ac0c:	910003fd 	mov	x29, sp
    8261ac10:	a90153f3 	stp	x19, x20, [sp, #16]
    8261ac14:	93407c74 	sxtw	x20, w3
    8261ac18:	a9025bf5 	stp	x21, x22, [sp, #32]
    8261ac1c:	2a0103f5 	mov	w21, w1
    8261ac20:	90000061 	adrp	x1, 82626000 <spinand_chip_table+0xc96>
    8261ac24:	a90363f7 	stp	x23, x24, [sp, #48]
    8261ac28:	aa0203f7 	mov	x23, x2
    8261ac2c:	aa0003f6 	mov	x22, x0
    8261ac30:	f942f822 	ldr	x2, [x1, #1520]
    8261ac34:	f90027e2 	str	x2, [sp, #72]
    8261ac38:	d2800002 	mov	x2, #0x0                   	// #0
    8261ac3c:	97fffe68 	bl	8261a5dc <fdt_check_header>
    8261ac40:	2a0003f3 	mov	w19, w0
    8261ac44:	350004e0 	cbnz	w0, 8261ace0 <fdt_subnode_offset_namelen+0xd8>
    8261ac48:	2a1503f3 	mov	w19, w21
    8261ac4c:	11000698 	add	w24, w20, #0x1
    8261ac50:	b90047ff 	str	wzr, [sp, #68]
    8261ac54:	b94047e0 	ldr	w0, [sp, #68]
    8261ac58:	7100027f 	cmp	w19, #0x0
    8261ac5c:	7a40a801 	ccmp	w0, #0x0, #0x1, ge  // ge = tcont
    8261ac60:	5400008a 	b.ge	8261ac70 <fdt_subnode_offset_namelen+0x68>  // b.tcont
    8261ac64:	7100001f 	cmp	w0, #0x0
    8261ac68:	5a9fa273 	csinv	w19, w19, wzr, ge  // ge = tcont
    8261ac6c:	1400001d 	b	8261ace0 <fdt_subnode_offset_namelen+0xd8>
    8261ac70:	7100041f 	cmp	w0, #0x1
    8261ac74:	540000e0 	b.eq	8261ac90 <fdt_subnode_offset_namelen+0x88>  // b.none
    8261ac78:	2a1303e1 	mov	w1, w19
    8261ac7c:	910113e2 	add	x2, sp, #0x44
    8261ac80:	aa1603e0 	mov	x0, x22
    8261ac84:	97fffeed 	bl	8261a838 <fdt_next_node>
    8261ac88:	2a0003f3 	mov	w19, w0
    8261ac8c:	17fffff2 	b	8261ac54 <fdt_subnode_offset_namelen+0x4c>
    8261ac90:	2a1803e2 	mov	w2, w24
    8261ac94:	11001261 	add	w1, w19, #0x4
    8261ac98:	aa1603e0 	mov	x0, x22
    8261ac9c:	97fffe6d 	bl	8261a650 <fdt_offset_ptr>
    8261aca0:	aa0003f5 	mov	x21, x0
    8261aca4:	b4fffea0 	cbz	x0, 8261ac78 <fdt_subnode_offset_namelen+0x70>
    8261aca8:	aa1403e2 	mov	x2, x20
    8261acac:	aa1703e1 	mov	x1, x23
    8261acb0:	94000502 	bl	8261c0b8 <memcmp>
    8261acb4:	35fffe20 	cbnz	w0, 8261ac78 <fdt_subnode_offset_namelen+0x70>
    8261acb8:	38746aa0 	ldrb	w0, [x21, x20]
    8261acbc:	34000120 	cbz	w0, 8261ace0 <fdt_subnode_offset_namelen+0xd8>
    8261acc0:	aa1403e2 	mov	x2, x20
    8261acc4:	aa1703e0 	mov	x0, x23
    8261acc8:	52800801 	mov	w1, #0x40                  	// #64
    8261accc:	94000520 	bl	8261c14c <memchr>
    8261acd0:	b5fffd40 	cbnz	x0, 8261ac78 <fdt_subnode_offset_namelen+0x70>
    8261acd4:	38746aa0 	ldrb	w0, [x21, x20]
    8261acd8:	7101001f 	cmp	w0, #0x40
    8261acdc:	54fffce1 	b.ne	8261ac78 <fdt_subnode_offset_namelen+0x70>  // b.any
    8261ace0:	90000060 	adrp	x0, 82626000 <spinand_chip_table+0xc96>
    8261ace4:	f94027e1 	ldr	x1, [sp, #72]
    8261ace8:	f942f802 	ldr	x2, [x0, #1520]
    8261acec:	eb020021 	subs	x1, x1, x2
    8261acf0:	d2800002 	mov	x2, #0x0                   	// #0
    8261acf4:	54000040 	b.eq	8261acfc <fdt_subnode_offset_namelen+0xf4>  // b.none
    8261acf8:	97ffddc1 	bl	826123fc <__stack_chk_fail>
    8261acfc:	2a1303e0 	mov	w0, w19
    8261ad00:	a94153f3 	ldp	x19, x20, [sp, #16]
    8261ad04:	a9425bf5 	ldp	x21, x22, [sp, #32]
    8261ad08:	a94363f7 	ldp	x23, x24, [sp, #48]
    8261ad0c:	a8c57bfd 	ldp	x29, x30, [sp], #80
    8261ad10:	d65f03c0 	ret

000000008261ad14 <fdt_get_name>:
    8261ad14:	a9bd7bfd 	stp	x29, x30, [sp, #-48]!
    8261ad18:	910003fd 	mov	x29, sp
    8261ad1c:	a90153f3 	stp	x19, x20, [sp, #16]
    8261ad20:	aa0003f3 	mov	x19, x0
    8261ad24:	aa0203f4 	mov	x20, x2
    8261ad28:	a9025bf5 	stp	x21, x22, [sp, #32]
    8261ad2c:	2a0103f5 	mov	w21, w1
    8261ad30:	b9400816 	ldr	w22, [x0, #8]
    8261ad34:	97fffe2a 	bl	8261a5dc <fdt_check_header>
    8261ad38:	350000a0 	cbnz	w0, 8261ad4c <fdt_get_name+0x38>
    8261ad3c:	2a1503e1 	mov	w1, w21
    8261ad40:	aa1303e0 	mov	x0, x19
    8261ad44:	97fffe9d 	bl	8261a7b8 <fdt_check_node_offset_>
    8261ad48:	36f800e0 	tbz	w0, #31, 8261ad64 <fdt_get_name+0x50>
    8261ad4c:	b5000214 	cbnz	x20, 8261ad8c <fdt_get_name+0x78>
    8261ad50:	aa1403e0 	mov	x0, x20
    8261ad54:	a94153f3 	ldp	x19, x20, [sp, #16]
    8261ad58:	a9425bf5 	ldp	x21, x22, [sp, #32]
    8261ad5c:	a8c37bfd 	ldp	x29, x30, [sp], #48
    8261ad60:	d65f03c0 	ret
    8261ad64:	5ac00ad6 	rev	w22, w22
    8261ad68:	8b35c2d5 	add	x21, x22, w21, sxtw
    8261ad6c:	8b150273 	add	x19, x19, x21
    8261ad70:	91001273 	add	x19, x19, #0x4
    8261ad74:	b4000094 	cbz	x20, 8261ad84 <fdt_get_name+0x70>
    8261ad78:	aa1303e0 	mov	x0, x19
    8261ad7c:	94000479 	bl	8261bf60 <strlen>
    8261ad80:	b9000280 	str	w0, [x20]
    8261ad84:	aa1303f4 	mov	x20, x19
    8261ad88:	17fffff2 	b	8261ad50 <fdt_get_name+0x3c>
    8261ad8c:	b9000280 	str	w0, [x20]
    8261ad90:	d2800014 	mov	x20, #0x0                   	// #0
    8261ad94:	17ffffef 	b	8261ad50 <fdt_get_name+0x3c>

000000008261ad98 <fdt_first_property_offset>:
    8261ad98:	a9be7bfd 	stp	x29, x30, [sp, #-32]!
    8261ad9c:	910003fd 	mov	x29, sp
    8261ada0:	f9000bf3 	str	x19, [sp, #16]
    8261ada4:	aa0003f3 	mov	x19, x0
    8261ada8:	97fffe84 	bl	8261a7b8 <fdt_check_node_offset_>
    8261adac:	37f800c0 	tbnz	w0, #31, 8261adc4 <fdt_first_property_offset+0x2c>
    8261adb0:	2a0003e1 	mov	w1, w0
    8261adb4:	aa1303e0 	mov	x0, x19
    8261adb8:	f9400bf3 	ldr	x19, [sp, #16]
    8261adbc:	a8c27bfd 	ldp	x29, x30, [sp], #32
    8261adc0:	17ffff69 	b	8261ab64 <_nextprop>
    8261adc4:	f9400bf3 	ldr	x19, [sp, #16]
    8261adc8:	a8c27bfd 	ldp	x29, x30, [sp], #32
    8261adcc:	d65f03c0 	ret

000000008261add0 <fdt_next_property_offset>:
    8261add0:	a9be7bfd 	stp	x29, x30, [sp, #-32]!
    8261add4:	910003fd 	mov	x29, sp
    8261add8:	f9000bf3 	str	x19, [sp, #16]
    8261addc:	aa0003f3 	mov	x19, x0
    8261ade0:	97fffe86 	bl	8261a7f8 <fdt_check_prop_offset_>
    8261ade4:	37f800c0 	tbnz	w0, #31, 8261adfc <fdt_next_property_offset+0x2c>
    8261ade8:	2a0003e1 	mov	w1, w0
    8261adec:	aa1303e0 	mov	x0, x19
    8261adf0:	f9400bf3 	ldr	x19, [sp, #16]
    8261adf4:	a8c27bfd 	ldp	x29, x30, [sp], #32
    8261adf8:	17ffff5b 	b	8261ab64 <_nextprop>
    8261adfc:	f9400bf3 	ldr	x19, [sp, #16]
    8261ae00:	a8c27bfd 	ldp	x29, x30, [sp], #32
    8261ae04:	d65f03c0 	ret

000000008261ae08 <fdt_get_property_by_offset>:
    8261ae08:	a9bd7bfd 	stp	x29, x30, [sp, #-48]!
    8261ae0c:	910003fd 	mov	x29, sp
    8261ae10:	a90153f3 	stp	x19, x20, [sp, #16]
    8261ae14:	aa0003f3 	mov	x19, x0
    8261ae18:	aa0203f4 	mov	x20, x2
    8261ae1c:	f90013f5 	str	x21, [sp, #32]
    8261ae20:	2a0103f5 	mov	w21, w1
    8261ae24:	97fffe75 	bl	8261a7f8 <fdt_check_prop_offset_>
    8261ae28:	36f800a0 	tbz	w0, #31, 8261ae3c <fdt_get_property_by_offset+0x34>
    8261ae2c:	b4000054 	cbz	x20, 8261ae34 <fdt_get_property_by_offset+0x2c>
    8261ae30:	b9000280 	str	w0, [x20]
    8261ae34:	d2800000 	mov	x0, #0x0                   	// #0
    8261ae38:	14000009 	b	8261ae5c <fdt_get_property_by_offset+0x54>
    8261ae3c:	b9400a60 	ldr	w0, [x19, #8]
    8261ae40:	5ac00800 	rev	w0, w0
    8261ae44:	8b35c000 	add	x0, x0, w21, sxtw
    8261ae48:	8b000260 	add	x0, x19, x0
    8261ae4c:	b4000094 	cbz	x20, 8261ae5c <fdt_get_property_by_offset+0x54>
    8261ae50:	b9400401 	ldr	w1, [x0, #4]
    8261ae54:	5ac00821 	rev	w1, w1
    8261ae58:	b9000281 	str	w1, [x20]
    8261ae5c:	a94153f3 	ldp	x19, x20, [sp, #16]
    8261ae60:	f94013f5 	ldr	x21, [sp, #32]
    8261ae64:	a8c37bfd 	ldp	x29, x30, [sp], #48
    8261ae68:	d65f03c0 	ret

000000008261ae6c <fdt_get_property_namelen>:
    8261ae6c:	a9bb7bfd 	stp	x29, x30, [sp, #-80]!
    8261ae70:	910003fd 	mov	x29, sp
    8261ae74:	a9025bf5 	stp	x21, x22, [sp, #32]
    8261ae78:	93407c75 	sxtw	x21, w3
    8261ae7c:	aa0003f6 	mov	x22, x0
    8261ae80:	a9046bf9 	stp	x25, x26, [sp, #64]
    8261ae84:	110006b9 	add	w25, w21, #0x1
    8261ae88:	93407f39 	sxtw	x25, w25
    8261ae8c:	a90153f3 	stp	x19, x20, [sp, #16]
    8261ae90:	a90363f7 	stp	x23, x24, [sp, #48]
    8261ae94:	aa0203f7 	mov	x23, x2
    8261ae98:	aa0403f8 	mov	x24, x4
    8261ae9c:	97ffffbf 	bl	8261ad98 <fdt_first_property_offset>
    8261aea0:	2a0003f3 	mov	w19, w0
    8261aea4:	36f800b3 	tbz	w19, #31, 8261aeb8 <fdt_get_property_namelen+0x4c>
    8261aea8:	b4000058 	cbz	x24, 8261aeb0 <fdt_get_property_namelen+0x44>
    8261aeac:	b9000313 	str	w19, [x24]
    8261aeb0:	d2800014 	mov	x20, #0x0                   	// #0
    8261aeb4:	1400001a 	b	8261af1c <fdt_get_property_namelen+0xb0>
    8261aeb8:	aa1803e2 	mov	x2, x24
    8261aebc:	2a1303e1 	mov	w1, w19
    8261aec0:	aa1603e0 	mov	x0, x22
    8261aec4:	97ffffd1 	bl	8261ae08 <fdt_get_property_by_offset>
    8261aec8:	aa0003f4 	mov	x20, x0
    8261aecc:	b4000360 	cbz	x0, 8261af38 <fdt_get_property_namelen+0xcc>
    8261aed0:	b9400a81 	ldr	w1, [x20, #8]
    8261aed4:	aa1603e0 	mov	x0, x22
    8261aed8:	5ac00821 	rev	w1, w1
    8261aedc:	97ffff46 	bl	8261abf4 <fdt_string>
    8261aee0:	aa1903e1 	mov	x1, x25
    8261aee4:	aa0003fa 	mov	x26, x0
    8261aee8:	94000435 	bl	8261bfbc <strnlen>
    8261aeec:	eb15001f 	cmp	x0, x21
    8261aef0:	540000c0 	b.eq	8261af08 <fdt_get_property_namelen+0x9c>  // b.none
    8261aef4:	2a1303e1 	mov	w1, w19
    8261aef8:	aa1603e0 	mov	x0, x22
    8261aefc:	97ffffb5 	bl	8261add0 <fdt_next_property_offset>
    8261af00:	2a0003f3 	mov	w19, w0
    8261af04:	17ffffe8 	b	8261aea4 <fdt_get_property_namelen+0x38>
    8261af08:	aa1503e2 	mov	x2, x21
    8261af0c:	aa1703e1 	mov	x1, x23
    8261af10:	aa1a03e0 	mov	x0, x26
    8261af14:	94000469 	bl	8261c0b8 <memcmp>
    8261af18:	35fffee0 	cbnz	w0, 8261aef4 <fdt_get_property_namelen+0x88>
    8261af1c:	aa1403e0 	mov	x0, x20
    8261af20:	a94153f3 	ldp	x19, x20, [sp, #16]
    8261af24:	a9425bf5 	ldp	x21, x22, [sp, #32]
    8261af28:	a94363f7 	ldp	x23, x24, [sp, #48]
    8261af2c:	a9446bf9 	ldp	x25, x26, [sp, #64]
    8261af30:	a8c57bfd 	ldp	x29, x30, [sp], #80
    8261af34:	d65f03c0 	ret
    8261af38:	12800193 	mov	w19, #0xfffffff3            	// #-13
    8261af3c:	17ffffdb 	b	8261aea8 <fdt_get_property_namelen+0x3c>

000000008261af40 <fdt_getprop_namelen>:
    8261af40:	a9bf7bfd 	stp	x29, x30, [sp, #-16]!
    8261af44:	910003fd 	mov	x29, sp
    8261af48:	97ffffc9 	bl	8261ae6c <fdt_get_property_namelen>
    8261af4c:	b4000040 	cbz	x0, 8261af54 <fdt_getprop_namelen+0x14>
    8261af50:	91003000 	add	x0, x0, #0xc
    8261af54:	a8c17bfd 	ldp	x29, x30, [sp], #16
    8261af58:	d65f03c0 	ret

000000008261af5c <fdt_getprop_by_offset>:
    8261af5c:	a9be7bfd 	stp	x29, x30, [sp, #-32]!
    8261af60:	910003fd 	mov	x29, sp
    8261af64:	a90153f3 	stp	x19, x20, [sp, #16]
    8261af68:	aa0003f4 	mov	x20, x0
    8261af6c:	aa0203f3 	mov	x19, x2
    8261af70:	aa0303e2 	mov	x2, x3
    8261af74:	97ffffa5 	bl	8261ae08 <fdt_get_property_by_offset>
    8261af78:	aa0003e3 	mov	x3, x0
    8261af7c:	b4000100 	cbz	x0, 8261af9c <fdt_getprop_by_offset+0x40>
    8261af80:	b40000d3 	cbz	x19, 8261af98 <fdt_getprop_by_offset+0x3c>
    8261af84:	b9400861 	ldr	w1, [x3, #8]
    8261af88:	aa1403e0 	mov	x0, x20
    8261af8c:	5ac00821 	rev	w1, w1
    8261af90:	97ffff19 	bl	8261abf4 <fdt_string>
    8261af94:	f9000260 	str	x0, [x19]
    8261af98:	91003063 	add	x3, x3, #0xc
    8261af9c:	aa0303e0 	mov	x0, x3
    8261afa0:	a94153f3 	ldp	x19, x20, [sp, #16]
    8261afa4:	a8c27bfd 	ldp	x29, x30, [sp], #32
    8261afa8:	d65f03c0 	ret

000000008261afac <fdt_getprop>:
    8261afac:	a9bd7bfd 	stp	x29, x30, [sp, #-48]!
    8261afb0:	910003fd 	mov	x29, sp
    8261afb4:	a90153f3 	stp	x19, x20, [sp, #16]
    8261afb8:	aa0003f4 	mov	x20, x0
    8261afbc:	aa0203f3 	mov	x19, x2
    8261afc0:	aa0203e0 	mov	x0, x2
    8261afc4:	a9025bf5 	stp	x21, x22, [sp, #32]
    8261afc8:	aa0303f6 	mov	x22, x3
    8261afcc:	2a0103f5 	mov	w21, w1
    8261afd0:	940003e4 	bl	8261bf60 <strlen>
    8261afd4:	aa1603e4 	mov	x4, x22
    8261afd8:	2a0003e3 	mov	w3, w0
    8261afdc:	aa1303e2 	mov	x2, x19
    8261afe0:	2a1503e1 	mov	w1, w21
    8261afe4:	aa1403e0 	mov	x0, x20
    8261afe8:	a94153f3 	ldp	x19, x20, [sp, #16]
    8261afec:	a9425bf5 	ldp	x21, x22, [sp, #32]
    8261aff0:	a8c37bfd 	ldp	x29, x30, [sp], #48
    8261aff4:	17ffffd3 	b	8261af40 <fdt_getprop_namelen>

000000008261aff8 <fdt_get_phandle>:
    8261aff8:	a9bd7bfd 	stp	x29, x30, [sp, #-48]!
    8261affc:	90000062 	adrp	x2, 82626000 <spinand_chip_table+0xc96>
    8261b000:	910003fd 	mov	x29, sp
    8261b004:	a90153f3 	stp	x19, x20, [sp, #16]
    8261b008:	aa0003f3 	mov	x19, x0
    8261b00c:	2a0103f4 	mov	w20, w1
    8261b010:	f942f843 	ldr	x3, [x2, #1520]
    8261b014:	f90017e3 	str	x3, [sp, #40]
    8261b018:	d2800003 	mov	x3, #0x0                   	// #0
    8261b01c:	b0000042 	adrp	x2, 82624000 <_ctype+0x15a>
    8261b020:	910093e3 	add	x3, sp, #0x24
    8261b024:	911e6842 	add	x2, x2, #0x79a
    8261b028:	97ffffe1 	bl	8261afac <fdt_getprop>
    8261b02c:	b4000080 	cbz	x0, 8261b03c <fdt_get_phandle+0x44>
    8261b030:	b94027e1 	ldr	w1, [sp, #36]
    8261b034:	7100103f 	cmp	w1, #0x4
    8261b038:	54000160 	b.eq	8261b064 <fdt_get_phandle+0x6c>  // b.none
    8261b03c:	b0000042 	adrp	x2, 82624000 <_ctype+0x15a>
    8261b040:	910093e3 	add	x3, sp, #0x24
    8261b044:	911e5042 	add	x2, x2, #0x794
    8261b048:	2a1403e1 	mov	w1, w20
    8261b04c:	aa1303e0 	mov	x0, x19
    8261b050:	97ffffd7 	bl	8261afac <fdt_getprop>
    8261b054:	b40001a0 	cbz	x0, 8261b088 <fdt_get_phandle+0x90>
    8261b058:	b94027e1 	ldr	w1, [sp, #36]
    8261b05c:	7100103f 	cmp	w1, #0x4
    8261b060:	54000141 	b.ne	8261b088 <fdt_get_phandle+0x90>  // b.any
    8261b064:	b9400000 	ldr	w0, [x0]
    8261b068:	5ac00800 	rev	w0, w0
    8261b06c:	f0000041 	adrp	x1, 82626000 <spinand_chip_table+0xc96>
    8261b070:	f94017e2 	ldr	x2, [sp, #40]
    8261b074:	f942f823 	ldr	x3, [x1, #1520]
    8261b078:	eb030042 	subs	x2, x2, x3
    8261b07c:	d2800003 	mov	x3, #0x0                   	// #0
    8261b080:	54000080 	b.eq	8261b090 <fdt_get_phandle+0x98>  // b.none
    8261b084:	97ffdcde 	bl	826123fc <__stack_chk_fail>
    8261b088:	52800000 	mov	w0, #0x0                   	// #0
    8261b08c:	17fffff8 	b	8261b06c <fdt_get_phandle+0x74>
    8261b090:	a94153f3 	ldp	x19, x20, [sp, #16]
    8261b094:	a8c37bfd 	ldp	x29, x30, [sp], #48
    8261b098:	d65f03c0 	ret

000000008261b09c <fdt_get_alias_namelen>:
    8261b09c:	a9bd7bfd 	stp	x29, x30, [sp, #-48]!
    8261b0a0:	910003fd 	mov	x29, sp
    8261b0a4:	a90153f3 	stp	x19, x20, [sp, #16]
    8261b0a8:	aa0103f4 	mov	x20, x1
    8261b0ac:	aa0003f3 	mov	x19, x0
    8261b0b0:	b0000041 	adrp	x1, 82624000 <_ctype+0x15a>
    8261b0b4:	911e2c21 	add	x1, x1, #0x78b
    8261b0b8:	f90013f5 	str	x21, [sp, #32]
    8261b0bc:	2a0203f5 	mov	w21, w2
    8261b0c0:	9400004f 	bl	8261b1fc <fdt_path_offset>
    8261b0c4:	37f80140 	tbnz	w0, #31, 8261b0ec <fdt_get_alias_namelen+0x50>
    8261b0c8:	2a0003e1 	mov	w1, w0
    8261b0cc:	2a1503e3 	mov	w3, w21
    8261b0d0:	aa1403e2 	mov	x2, x20
    8261b0d4:	aa1303e0 	mov	x0, x19
    8261b0d8:	a94153f3 	ldp	x19, x20, [sp, #16]
    8261b0dc:	d2800004 	mov	x4, #0x0                   	// #0
    8261b0e0:	f94013f5 	ldr	x21, [sp, #32]
    8261b0e4:	a8c37bfd 	ldp	x29, x30, [sp], #48
    8261b0e8:	17ffff96 	b	8261af40 <fdt_getprop_namelen>
    8261b0ec:	d2800000 	mov	x0, #0x0                   	// #0
    8261b0f0:	a94153f3 	ldp	x19, x20, [sp, #16]
    8261b0f4:	f94013f5 	ldr	x21, [sp, #32]
    8261b0f8:	a8c37bfd 	ldp	x29, x30, [sp], #48
    8261b0fc:	d65f03c0 	ret

000000008261b100 <fdt_path_offset_namelen>:
    8261b100:	a9bc7bfd 	stp	x29, x30, [sp, #-64]!
    8261b104:	910003fd 	mov	x29, sp
    8261b108:	a90153f3 	stp	x19, x20, [sp, #16]
    8261b10c:	aa0103f3 	mov	x19, x1
    8261b110:	a9025bf5 	stp	x21, x22, [sp, #32]
    8261b114:	aa0003f6 	mov	x22, x0
    8261b118:	2a0203f5 	mov	w21, w2
    8261b11c:	f9001bf7 	str	x23, [sp, #48]
    8261b120:	97fffd2f 	bl	8261a5dc <fdt_check_header>
    8261b124:	2a0003f4 	mov	w20, w0
    8261b128:	350005a0 	cbnz	w0, 8261b1dc <fdt_path_offset_namelen+0xdc>
    8261b12c:	39400260 	ldrb	w0, [x19]
    8261b130:	8b35c277 	add	x23, x19, w21, sxtw
    8261b134:	7100bc1f 	cmp	w0, #0x2f
    8261b138:	54000200 	b.eq	8261b178 <fdt_path_offset_namelen+0x78>  // b.none
    8261b13c:	2a1503e1 	mov	w1, w21
    8261b140:	aa1303e0 	mov	x0, x19
    8261b144:	97fffe6e 	bl	8261aafc <fdt_path_next_separator>
    8261b148:	f100001f 	cmp	x0, #0x0
    8261b14c:	9a971015 	csel	x21, x0, x23, ne  // ne = any
    8261b150:	aa1303e1 	mov	x1, x19
    8261b154:	4b1302a2 	sub	w2, w21, w19
    8261b158:	aa1603e0 	mov	x0, x22
    8261b15c:	97ffffd0 	bl	8261b09c <fdt_get_alias_namelen>
    8261b160:	aa0003e1 	mov	x1, x0
    8261b164:	b4000480 	cbz	x0, 8261b1f4 <fdt_path_offset_namelen+0xf4>
    8261b168:	aa1603e0 	mov	x0, x22
    8261b16c:	aa1503f3 	mov	x19, x21
    8261b170:	94000023 	bl	8261b1fc <fdt_path_offset>
    8261b174:	2a0003f4 	mov	w20, w0
    8261b178:	39400260 	ldrb	w0, [x19]
    8261b17c:	34000300 	cbz	w0, 8261b1dc <fdt_path_offset_namelen+0xdc>
    8261b180:	eb17027f 	cmp	x19, x23
    8261b184:	540002c2 	b.cs	8261b1dc <fdt_path_offset_namelen+0xdc>  // b.hs, b.nlast
    8261b188:	aa1303f5 	mov	x21, x19
    8261b18c:	14000002 	b	8261b194 <fdt_path_offset_namelen+0x94>
    8261b190:	910006b5 	add	x21, x21, #0x1
    8261b194:	394002a0 	ldrb	w0, [x21]
    8261b198:	7100bc1f 	cmp	w0, #0x2f
    8261b19c:	54ffffa0 	b.eq	8261b190 <fdt_path_offset_namelen+0x90>  // b.none
    8261b1a0:	7100e81f 	cmp	w0, #0x3a
    8261b1a4:	7a401804 	ccmp	w0, #0x0, #0x4, ne  // ne = any
    8261b1a8:	540001a0 	b.eq	8261b1dc <fdt_path_offset_namelen+0xdc>  // b.none
    8261b1ac:	4b1502e1 	sub	w1, w23, w21
    8261b1b0:	aa1503e0 	mov	x0, x21
    8261b1b4:	97fffe52 	bl	8261aafc <fdt_path_next_separator>
    8261b1b8:	f100001f 	cmp	x0, #0x0
    8261b1bc:	9a971013 	csel	x19, x0, x23, ne  // ne = any
    8261b1c0:	2a1403e1 	mov	w1, w20
    8261b1c4:	4b150263 	sub	w3, w19, w21
    8261b1c8:	aa1503e2 	mov	x2, x21
    8261b1cc:	aa1603e0 	mov	x0, x22
    8261b1d0:	97fffe8e 	bl	8261ac08 <fdt_subnode_offset_namelen>
    8261b1d4:	2a0003f4 	mov	w20, w0
    8261b1d8:	36fffd00 	tbz	w0, #31, 8261b178 <fdt_path_offset_namelen+0x78>
    8261b1dc:	2a1403e0 	mov	w0, w20
    8261b1e0:	a94153f3 	ldp	x19, x20, [sp, #16]
    8261b1e4:	a9425bf5 	ldp	x21, x22, [sp, #32]
    8261b1e8:	f9401bf7 	ldr	x23, [sp, #48]
    8261b1ec:	a8c47bfd 	ldp	x29, x30, [sp], #64
    8261b1f0:	d65f03c0 	ret
    8261b1f4:	12800094 	mov	w20, #0xfffffffb            	// #-5
    8261b1f8:	17fffff9 	b	8261b1dc <fdt_path_offset_namelen+0xdc>

000000008261b1fc <fdt_path_offset>:
    8261b1fc:	a9be7bfd 	stp	x29, x30, [sp, #-32]!
    8261b200:	910003fd 	mov	x29, sp
    8261b204:	a90153f3 	stp	x19, x20, [sp, #16]
    8261b208:	aa0003f4 	mov	x20, x0
    8261b20c:	aa0103f3 	mov	x19, x1
    8261b210:	aa0103e0 	mov	x0, x1
    8261b214:	94000353 	bl	8261bf60 <strlen>
    8261b218:	aa1303e1 	mov	x1, x19
    8261b21c:	2a0003e2 	mov	w2, w0
    8261b220:	aa1403e0 	mov	x0, x20
    8261b224:	a94153f3 	ldp	x19, x20, [sp, #16]
    8261b228:	a8c27bfd 	ldp	x29, x30, [sp], #32
    8261b22c:	17ffffb5 	b	8261b100 <fdt_path_offset_namelen>

000000008261b230 <fdt_supernode_atdepth_offset>:
    8261b230:	a9bb7bfd 	stp	x29, x30, [sp, #-80]!
    8261b234:	910003fd 	mov	x29, sp
    8261b238:	a90153f3 	stp	x19, x20, [sp, #16]
    8261b23c:	2a0103f4 	mov	w20, w1
    8261b240:	2a0203f3 	mov	w19, w2
    8261b244:	a9025bf5 	stp	x21, x22, [sp, #32]
    8261b248:	f0000041 	adrp	x1, 82626000 <spinand_chip_table+0xc96>
    8261b24c:	aa0303f5 	mov	x21, x3
    8261b250:	f9001bf7 	str	x23, [sp, #48]
    8261b254:	aa0003f7 	mov	x23, x0
    8261b258:	f942f822 	ldr	x2, [x1, #1520]
    8261b25c:	f90027e2 	str	x2, [sp, #72]
    8261b260:	d2800002 	mov	x2, #0x0                   	// #0
    8261b264:	97fffcde 	bl	8261a5dc <fdt_check_header>
    8261b268:	350002c0 	cbnz	w0, 8261b2c0 <fdt_supernode_atdepth_offset+0x90>
    8261b26c:	37f80473 	tbnz	w19, #31, 8261b2f8 <fdt_supernode_atdepth_offset+0xc8>
    8261b270:	12800196 	mov	w22, #0xfffffff3            	// #-13
    8261b274:	b90047ff 	str	wzr, [sp, #68]
    8261b278:	7100001f 	cmp	w0, #0x0
    8261b27c:	7a40a281 	ccmp	w20, w0, #0x1, ge  // ge = tcont
    8261b280:	540000ea 	b.ge	8261b29c <fdt_supernode_atdepth_offset+0x6c>  // b.tcont
    8261b284:	3100041f 	cmn	w0, #0x1
    8261b288:	5400034a 	b.ge	8261b2f0 <fdt_supernode_atdepth_offset+0xc0>  // b.tcont
    8261b28c:	3100101f 	cmn	w0, #0x4
    8261b290:	54000181 	b.ne	8261b2c0 <fdt_supernode_atdepth_offset+0x90>  // b.any
    8261b294:	12800140 	mov	w0, #0xfffffff5            	// #-11
    8261b298:	1400000a 	b	8261b2c0 <fdt_supernode_atdepth_offset+0x90>
    8261b29c:	b94047e1 	ldr	w1, [sp, #68]
    8261b2a0:	6b01027f 	cmp	w19, w1
    8261b2a4:	1a8012d6 	csel	w22, w22, w0, ne  // ne = any
    8261b2a8:	6b00029f 	cmp	w20, w0
    8261b2ac:	54000181 	b.ne	8261b2dc <fdt_supernode_atdepth_offset+0xac>  // b.any
    8261b2b0:	b4000055 	cbz	x21, 8261b2b8 <fdt_supernode_atdepth_offset+0x88>
    8261b2b4:	b90002a1 	str	w1, [x21]
    8261b2b8:	6b01027f 	cmp	w19, w1
    8261b2bc:	5a9fd2c0 	csinv	w0, w22, wzr, le
    8261b2c0:	f0000041 	adrp	x1, 82626000 <spinand_chip_table+0xc96>
    8261b2c4:	f94027e2 	ldr	x2, [sp, #72]
    8261b2c8:	f942f823 	ldr	x3, [x1, #1520]
    8261b2cc:	eb030042 	subs	x2, x2, x3
    8261b2d0:	d2800003 	mov	x3, #0x0                   	// #0
    8261b2d4:	54000160 	b.eq	8261b300 <fdt_supernode_atdepth_offset+0xd0>  // b.none
    8261b2d8:	97ffdc49 	bl	826123fc <__stack_chk_fail>
    8261b2dc:	2a0003e1 	mov	w1, w0
    8261b2e0:	910113e2 	add	x2, sp, #0x44
    8261b2e4:	aa1703e0 	mov	x0, x23
    8261b2e8:	97fffd54 	bl	8261a838 <fdt_next_node>
    8261b2ec:	17ffffe3 	b	8261b278 <fdt_supernode_atdepth_offset+0x48>
    8261b2f0:	12800060 	mov	w0, #0xfffffffc            	// #-4
    8261b2f4:	17fffff3 	b	8261b2c0 <fdt_supernode_atdepth_offset+0x90>
    8261b2f8:	12800000 	mov	w0, #0xffffffff            	// #-1
    8261b2fc:	17fffff1 	b	8261b2c0 <fdt_supernode_atdepth_offset+0x90>
    8261b300:	a94153f3 	ldp	x19, x20, [sp, #16]
    8261b304:	a9425bf5 	ldp	x21, x22, [sp, #32]
    8261b308:	f9401bf7 	ldr	x23, [sp, #48]
    8261b30c:	a8c57bfd 	ldp	x29, x30, [sp], #80
    8261b310:	d65f03c0 	ret

000000008261b314 <fdt_node_depth>:
    8261b314:	a9be7bfd 	stp	x29, x30, [sp, #-32]!
    8261b318:	f0000042 	adrp	x2, 82626000 <spinand_chip_table+0xc96>
    8261b31c:	910003fd 	mov	x29, sp
    8261b320:	f942f843 	ldr	x3, [x2, #1520]
    8261b324:	f9000fe3 	str	x3, [sp, #24]
    8261b328:	d2800003 	mov	x3, #0x0                   	// #0
    8261b32c:	52800002 	mov	w2, #0x0                   	// #0
    8261b330:	910053e3 	add	x3, sp, #0x14
    8261b334:	97ffffbf 	bl	8261b230 <fdt_supernode_atdepth_offset>
    8261b338:	12800181 	mov	w1, #0xfffffff3            	// #-13
    8261b33c:	7100001f 	cmp	w0, #0x0
    8261b340:	1a80a020 	csel	w0, w1, w0, ge  // ge = tcont
    8261b344:	b94017e1 	ldr	w1, [sp, #20]
    8261b348:	1a811000 	csel	w0, w0, w1, ne  // ne = any
    8261b34c:	f0000041 	adrp	x1, 82626000 <spinand_chip_table+0xc96>
    8261b350:	f9400fe2 	ldr	x2, [sp, #24]
    8261b354:	f942f823 	ldr	x3, [x1, #1520]
    8261b358:	eb030042 	subs	x2, x2, x3
    8261b35c:	d2800003 	mov	x3, #0x0                   	// #0
    8261b360:	54000040 	b.eq	8261b368 <fdt_node_depth+0x54>  // b.none
    8261b364:	97ffdc26 	bl	826123fc <__stack_chk_fail>
    8261b368:	a8c27bfd 	ldp	x29, x30, [sp], #32
    8261b36c:	d65f03c0 	ret

000000008261b370 <fdt_parent_offset>:
    8261b370:	a9be7bfd 	stp	x29, x30, [sp, #-32]!
    8261b374:	910003fd 	mov	x29, sp
    8261b378:	a90153f3 	stp	x19, x20, [sp, #16]
    8261b37c:	aa0003f3 	mov	x19, x0
    8261b380:	2a0103f4 	mov	w20, w1
    8261b384:	97ffffe4 	bl	8261b314 <fdt_node_depth>
    8261b388:	37f80100 	tbnz	w0, #31, 8261b3a8 <fdt_parent_offset+0x38>
    8261b38c:	51000402 	sub	w2, w0, #0x1
    8261b390:	2a1403e1 	mov	w1, w20
    8261b394:	aa1303e0 	mov	x0, x19
    8261b398:	d2800003 	mov	x3, #0x0                   	// #0
    8261b39c:	a94153f3 	ldp	x19, x20, [sp, #16]
    8261b3a0:	a8c27bfd 	ldp	x29, x30, [sp], #32
    8261b3a4:	17ffffa3 	b	8261b230 <fdt_supernode_atdepth_offset>
    8261b3a8:	a94153f3 	ldp	x19, x20, [sp, #16]
    8261b3ac:	a8c27bfd 	ldp	x29, x30, [sp], #32
    8261b3b0:	d65f03c0 	ret

000000008261b3b4 <fdt_node_offset_by_phandle>:
    8261b3b4:	a9bd7bfd 	stp	x29, x30, [sp, #-48]!
    8261b3b8:	910003fd 	mov	x29, sp
    8261b3bc:	a90153f3 	stp	x19, x20, [sp, #16]
    8261b3c0:	f90013f5 	str	x21, [sp, #32]
    8261b3c4:	2a0103f5 	mov	w21, w1
    8261b3c8:	51000421 	sub	w1, w1, #0x1
    8261b3cc:	31000c3f 	cmn	w1, #0x3
    8261b3d0:	54000308 	b.hi	8261b430 <fdt_node_offset_by_phandle+0x7c>  // b.pmore
    8261b3d4:	aa0003f4 	mov	x20, x0
    8261b3d8:	97fffc81 	bl	8261a5dc <fdt_check_header>
    8261b3dc:	2a0003f3 	mov	w19, w0
    8261b3e0:	350000e0 	cbnz	w0, 8261b3fc <fdt_node_offset_by_phandle+0x48>
    8261b3e4:	d2800002 	mov	x2, #0x0                   	// #0
    8261b3e8:	12800001 	mov	w1, #0xffffffff            	// #-1
    8261b3ec:	aa1403e0 	mov	x0, x20
    8261b3f0:	97fffd12 	bl	8261a838 <fdt_next_node>
    8261b3f4:	2a0003f3 	mov	w19, w0
    8261b3f8:	36f800c0 	tbz	w0, #31, 8261b410 <fdt_node_offset_by_phandle+0x5c>
    8261b3fc:	2a1303e0 	mov	w0, w19
    8261b400:	a94153f3 	ldp	x19, x20, [sp, #16]
    8261b404:	f94013f5 	ldr	x21, [sp, #32]
    8261b408:	a8c37bfd 	ldp	x29, x30, [sp], #48
    8261b40c:	d65f03c0 	ret
    8261b410:	2a1303e1 	mov	w1, w19
    8261b414:	aa1403e0 	mov	x0, x20
    8261b418:	97fffef8 	bl	8261aff8 <fdt_get_phandle>
    8261b41c:	6b15001f 	cmp	w0, w21
    8261b420:	54fffee0 	b.eq	8261b3fc <fdt_node_offset_by_phandle+0x48>  // b.none
    8261b424:	2a1303e1 	mov	w1, w19
    8261b428:	d2800002 	mov	x2, #0x0                   	// #0
    8261b42c:	17fffff0 	b	8261b3ec <fdt_node_offset_by_phandle+0x38>
    8261b430:	128000b3 	mov	w19, #0xfffffffa            	// #-6
    8261b434:	17fffff2 	b	8261b3fc <fdt_node_offset_by_phandle+0x48>

000000008261b438 <fdt_stringlist_contains>:
    8261b438:	a9bc7bfd 	stp	x29, x30, [sp, #-64]!
    8261b43c:	910003fd 	mov	x29, sp
    8261b440:	a90153f3 	stp	x19, x20, [sp, #16]
    8261b444:	aa0003f4 	mov	x20, x0
    8261b448:	2a0103f3 	mov	w19, w1
    8261b44c:	aa0203e0 	mov	x0, x2
    8261b450:	a9025bf5 	stp	x21, x22, [sp, #32]
    8261b454:	f9001bf7 	str	x23, [sp, #48]
    8261b458:	aa0203f7 	mov	x23, x2
    8261b45c:	940002c1 	bl	8261bf60 <strlen>
    8261b460:	11000415 	add	w21, w0, #0x1
    8261b464:	2a0003f6 	mov	w22, w0
    8261b468:	93407eb5 	sxtw	x21, w21
    8261b46c:	6b16027f 	cmp	w19, w22
    8261b470:	5400016b 	b.lt	8261b49c <fdt_stringlist_contains+0x64>  // b.tstop
    8261b474:	aa1503e2 	mov	x2, x21
    8261b478:	aa1403e1 	mov	x1, x20
    8261b47c:	aa1703e0 	mov	x0, x23
    8261b480:	9400030e 	bl	8261c0b8 <memcmp>
    8261b484:	34000220 	cbz	w0, 8261b4c8 <fdt_stringlist_contains+0x90>
    8261b488:	93407e62 	sxtw	x2, w19
    8261b48c:	aa1403e0 	mov	x0, x20
    8261b490:	52800001 	mov	w1, #0x0                   	// #0
    8261b494:	9400032e 	bl	8261c14c <memchr>
    8261b498:	b50000e0 	cbnz	x0, 8261b4b4 <fdt_stringlist_contains+0x7c>
    8261b49c:	52800000 	mov	w0, #0x0                   	// #0
    8261b4a0:	a94153f3 	ldp	x19, x20, [sp, #16]
    8261b4a4:	a9425bf5 	ldp	x21, x22, [sp, #32]
    8261b4a8:	f9401bf7 	ldr	x23, [sp, #48]
    8261b4ac:	a8c47bfd 	ldp	x29, x30, [sp], #64
    8261b4b0:	d65f03c0 	ret
    8261b4b4:	cb140014 	sub	x20, x0, x20
    8261b4b8:	51000673 	sub	w19, w19, #0x1
    8261b4bc:	4b140273 	sub	w19, w19, w20
    8261b4c0:	91000414 	add	x20, x0, #0x1
    8261b4c4:	17ffffea 	b	8261b46c <fdt_stringlist_contains+0x34>
    8261b4c8:	52800020 	mov	w0, #0x1                   	// #1
    8261b4cc:	17fffff5 	b	8261b4a0 <fdt_stringlist_contains+0x68>

000000008261b4d0 <fdt_stringlist_search>:
    8261b4d0:	a9bb7bfd 	stp	x29, x30, [sp, #-80]!
    8261b4d4:	910003fd 	mov	x29, sp
    8261b4d8:	a90153f3 	stp	x19, x20, [sp, #16]
    8261b4dc:	a9025bf5 	stp	x21, x22, [sp, #32]
    8261b4e0:	aa0303f6 	mov	x22, x3
    8261b4e4:	f0000043 	adrp	x3, 82626000 <spinand_chip_table+0xc96>
    8261b4e8:	f9001bf7 	str	x23, [sp, #48]
    8261b4ec:	f942f864 	ldr	x4, [x3, #1520]
    8261b4f0:	f90027e4 	str	x4, [sp, #72]
    8261b4f4:	d2800004 	mov	x4, #0x0                   	// #0
    8261b4f8:	910113e3 	add	x3, sp, #0x44
    8261b4fc:	97fffeac 	bl	8261afac <fdt_getprop>
    8261b500:	b5000120 	cbnz	x0, 8261b524 <fdt_stringlist_search+0x54>
    8261b504:	b94047f4 	ldr	w20, [sp, #68]
    8261b508:	f0000040 	adrp	x0, 82626000 <spinand_chip_table+0xc96>
    8261b50c:	f94027e1 	ldr	x1, [sp, #72]
    8261b510:	f942f802 	ldr	x2, [x0, #1520]
    8261b514:	eb020021 	subs	x1, x1, x2
    8261b518:	d2800002 	mov	x2, #0x0                   	// #0
    8261b51c:	54000460 	b.eq	8261b5a8 <fdt_stringlist_search+0xd8>  // b.none
    8261b520:	97ffdbb7 	bl	826123fc <__stack_chk_fail>
    8261b524:	aa0003f3 	mov	x19, x0
    8261b528:	aa1603e0 	mov	x0, x22
    8261b52c:	9400028d 	bl	8261bf60 <strlen>
    8261b530:	b98047f5 	ldrsw	x21, [sp, #68]
    8261b534:	11000417 	add	w23, w0, #0x1
    8261b538:	52800014 	mov	w20, #0x0                   	// #0
    8261b53c:	8b150275 	add	x21, x19, x21
    8261b540:	eb15027f 	cmp	x19, x21
    8261b544:	54000063 	b.cc	8261b550 <fdt_stringlist_search+0x80>  // b.lo, b.ul, b.last
    8261b548:	12800014 	mov	w20, #0xffffffff            	// #-1
    8261b54c:	17ffffef 	b	8261b508 <fdt_stringlist_search+0x38>
    8261b550:	cb1302a1 	sub	x1, x21, x19
    8261b554:	aa1303e0 	mov	x0, x19
    8261b558:	94000299 	bl	8261bfbc <strnlen>
    8261b55c:	11000400 	add	w0, w0, #0x1
    8261b560:	b90047e0 	str	w0, [sp, #68]
    8261b564:	8b20c261 	add	x1, x19, w0, sxtw
    8261b568:	93407c02 	sxtw	x2, w0
    8261b56c:	eb0102bf 	cmp	x21, x1
    8261b570:	54000183 	b.cc	8261b5a0 <fdt_stringlist_search+0xd0>  // b.lo, b.ul, b.last
    8261b574:	6b17001f 	cmp	w0, w23
    8261b578:	540000a0 	b.eq	8261b58c <fdt_stringlist_search+0xbc>  // b.none
    8261b57c:	b98047e0 	ldrsw	x0, [sp, #68]
    8261b580:	11000694 	add	w20, w20, #0x1
    8261b584:	8b000273 	add	x19, x19, x0
    8261b588:	17ffffee 	b	8261b540 <fdt_stringlist_search+0x70>
    8261b58c:	aa1603e1 	mov	x1, x22
    8261b590:	aa1303e0 	mov	x0, x19
    8261b594:	940002c9 	bl	8261c0b8 <memcmp>
    8261b598:	35ffff20 	cbnz	w0, 8261b57c <fdt_stringlist_search+0xac>
    8261b59c:	17ffffdb 	b	8261b508 <fdt_stringlist_search+0x38>
    8261b5a0:	128001d4 	mov	w20, #0xfffffff1            	// #-15
    8261b5a4:	17ffffd9 	b	8261b508 <fdt_stringlist_search+0x38>
    8261b5a8:	2a1403e0 	mov	w0, w20
    8261b5ac:	a94153f3 	ldp	x19, x20, [sp, #16]
    8261b5b0:	a9425bf5 	ldp	x21, x22, [sp, #32]
    8261b5b4:	f9401bf7 	ldr	x23, [sp, #48]
    8261b5b8:	a8c57bfd 	ldp	x29, x30, [sp], #80
    8261b5bc:	d65f03c0 	ret

000000008261b5c0 <fdt_node_check_compatible>:
    8261b5c0:	a9bd7bfd 	stp	x29, x30, [sp, #-48]!
    8261b5c4:	910003fd 	mov	x29, sp
    8261b5c8:	f9000bf3 	str	x19, [sp, #16]
    8261b5cc:	aa0203f3 	mov	x19, x2
    8261b5d0:	f0000042 	adrp	x2, 82626000 <spinand_chip_table+0xc96>
    8261b5d4:	f942f843 	ldr	x3, [x2, #1520]
    8261b5d8:	f90017e3 	str	x3, [sp, #40]
    8261b5dc:	d2800003 	mov	x3, #0x0                   	// #0
    8261b5e0:	b0000042 	adrp	x2, 82624000 <_ctype+0x15a>
    8261b5e4:	910093e3 	add	x3, sp, #0x24
    8261b5e8:	911e8842 	add	x2, x2, #0x7a2
    8261b5ec:	97fffe70 	bl	8261afac <fdt_getprop>
    8261b5f0:	b5000120 	cbnz	x0, 8261b614 <fdt_node_check_compatible+0x54>
    8261b5f4:	b94027e0 	ldr	w0, [sp, #36]
    8261b5f8:	f0000041 	adrp	x1, 82626000 <spinand_chip_table+0xc96>
    8261b5fc:	f94017e2 	ldr	x2, [sp, #40]
    8261b600:	f942f823 	ldr	x3, [x1, #1520]
    8261b604:	eb030042 	subs	x2, x2, x3
    8261b608:	d2800003 	mov	x3, #0x0                   	// #0
    8261b60c:	54000100 	b.eq	8261b62c <fdt_node_check_compatible+0x6c>  // b.none
    8261b610:	97ffdb7b 	bl	826123fc <__stack_chk_fail>
    8261b614:	b94027e1 	ldr	w1, [sp, #36]
    8261b618:	aa1303e2 	mov	x2, x19
    8261b61c:	97ffff87 	bl	8261b438 <fdt_stringlist_contains>
    8261b620:	7100001f 	cmp	w0, #0x0
    8261b624:	1a9f17e0 	cset	w0, eq  // eq = none
    8261b628:	17fffff4 	b	8261b5f8 <fdt_node_check_compatible+0x38>
    8261b62c:	f9400bf3 	ldr	x19, [sp, #16]
    8261b630:	a8c37bfd 	ldp	x29, x30, [sp], #48
    8261b634:	d65f03c0 	ret

000000008261b638 <fdt_node_offset_by_compatible>:
    8261b638:	a9bd7bfd 	stp	x29, x30, [sp, #-48]!
    8261b63c:	910003fd 	mov	x29, sp
    8261b640:	a90153f3 	stp	x19, x20, [sp, #16]
    8261b644:	aa0003f4 	mov	x20, x0
    8261b648:	a9025bf5 	stp	x21, x22, [sp, #32]
    8261b64c:	2a0103f6 	mov	w22, w1
    8261b650:	aa0203f5 	mov	x21, x2
    8261b654:	97fffbe2 	bl	8261a5dc <fdt_check_header>
    8261b658:	2a0003f3 	mov	w19, w0
    8261b65c:	350000e0 	cbnz	w0, 8261b678 <fdt_node_offset_by_compatible+0x40>
    8261b660:	2a1603e1 	mov	w1, w22
    8261b664:	d2800002 	mov	x2, #0x0                   	// #0
    8261b668:	aa1403e0 	mov	x0, x20
    8261b66c:	97fffc73 	bl	8261a838 <fdt_next_node>
    8261b670:	2a0003f3 	mov	w19, w0
    8261b674:	36f800c0 	tbz	w0, #31, 8261b68c <fdt_node_offset_by_compatible+0x54>
    8261b678:	2a1303e0 	mov	w0, w19
    8261b67c:	a94153f3 	ldp	x19, x20, [sp, #16]
    8261b680:	a9425bf5 	ldp	x21, x22, [sp, #32]
    8261b684:	a8c37bfd 	ldp	x29, x30, [sp], #48
    8261b688:	d65f03c0 	ret
    8261b68c:	aa1503e2 	mov	x2, x21
    8261b690:	2a1303e1 	mov	w1, w19
    8261b694:	aa1403e0 	mov	x0, x20
    8261b698:	97ffffca 	bl	8261b5c0 <fdt_node_check_compatible>
    8261b69c:	3100041f 	cmn	w0, #0x1
    8261b6a0:	540000ab 	b.lt	8261b6b4 <fdt_node_offset_by_compatible+0x7c>  // b.tstop
    8261b6a4:	34fffea0 	cbz	w0, 8261b678 <fdt_node_offset_by_compatible+0x40>
    8261b6a8:	2a1303e1 	mov	w1, w19
    8261b6ac:	d2800002 	mov	x2, #0x0                   	// #0
    8261b6b0:	17ffffee 	b	8261b668 <fdt_node_offset_by_compatible+0x30>
    8261b6b4:	2a0003f3 	mov	w19, w0
    8261b6b8:	17fffff0 	b	8261b678 <fdt_node_offset_by_compatible+0x40>

000000008261b6bc <fdtdec_get_int>:
    8261b6bc:	a9bd7bfd 	stp	x29, x30, [sp, #-48]!
    8261b6c0:	910003fd 	mov	x29, sp
    8261b6c4:	f9000bf3 	str	x19, [sp, #16]
    8261b6c8:	2a0303f3 	mov	w19, w3
    8261b6cc:	f0000043 	adrp	x3, 82626000 <spinand_chip_table+0xc96>
    8261b6d0:	f942f864 	ldr	x4, [x3, #1520]
    8261b6d4:	f90017e4 	str	x4, [sp, #40]
    8261b6d8:	d2800004 	mov	x4, #0x0                   	// #0
    8261b6dc:	910093e3 	add	x3, sp, #0x24
    8261b6e0:	97fffe33 	bl	8261afac <fdt_getprop>
    8261b6e4:	b40000c0 	cbz	x0, 8261b6fc <fdtdec_get_int+0x40>
    8261b6e8:	b94027e1 	ldr	w1, [sp, #36]
    8261b6ec:	71000c3f 	cmp	w1, #0x3
    8261b6f0:	54000069 	b.ls	8261b6fc <fdtdec_get_int+0x40>  // b.plast
    8261b6f4:	b9400013 	ldr	w19, [x0]
    8261b6f8:	5ac00a73 	rev	w19, w19
    8261b6fc:	f0000040 	adrp	x0, 82626000 <spinand_chip_table+0xc96>
    8261b700:	f94017e1 	ldr	x1, [sp, #40]
    8261b704:	f942f802 	ldr	x2, [x0, #1520]
    8261b708:	eb020021 	subs	x1, x1, x2
    8261b70c:	d2800002 	mov	x2, #0x0                   	// #0
    8261b710:	54000040 	b.eq	8261b718 <fdtdec_get_int+0x5c>  // b.none
    8261b714:	97ffdb3a 	bl	826123fc <__stack_chk_fail>
    8261b718:	2a1303e0 	mov	w0, w19
    8261b71c:	f9400bf3 	ldr	x19, [sp, #16]
    8261b720:	a8c37bfd 	ldp	x29, x30, [sp], #48
    8261b724:	d65f03c0 	ret

000000008261b728 <get_prop_check_min_len>:
    8261b728:	a9bd7bfd 	stp	x29, x30, [sp, #-48]!
    8261b72c:	910003fd 	mov	x29, sp
    8261b730:	a90153f3 	stp	x19, x20, [sp, #16]
    8261b734:	2a0303f4 	mov	w20, w3
    8261b738:	aa0403f3 	mov	x19, x4
    8261b73c:	f0000043 	adrp	x3, 82626000 <spinand_chip_table+0xc96>
    8261b740:	f942f864 	ldr	x4, [x3, #1520]
    8261b744:	f90017e4 	str	x4, [sp, #40]
    8261b748:	d2800004 	mov	x4, #0x0                   	// #0
    8261b74c:	910093e3 	add	x3, sp, #0x24
    8261b750:	97fffe17 	bl	8261afac <fdt_getprop>
    8261b754:	b5000140 	cbnz	x0, 8261b77c <get_prop_check_min_len+0x54>
    8261b758:	12800001 	mov	w1, #0xffffffff            	// #-1
    8261b75c:	b9000261 	str	w1, [x19]
    8261b760:	f0000041 	adrp	x1, 82626000 <spinand_chip_table+0xc96>
    8261b764:	f94017e2 	ldr	x2, [sp, #40]
    8261b768:	f942f823 	ldr	x3, [x1, #1520]
    8261b76c:	eb030042 	subs	x2, x2, x3
    8261b770:	d2800003 	mov	x3, #0x0                   	// #0
    8261b774:	540000e0 	b.eq	8261b790 <get_prop_check_min_len+0x68>  // b.none
    8261b778:	97ffdb21 	bl	826123fc <__stack_chk_fail>
    8261b77c:	b94027e1 	ldr	w1, [sp, #36]
    8261b780:	6b14003f 	cmp	w1, w20
    8261b784:	12800161 	mov	w1, #0xfffffff4            	// #-12
    8261b788:	1a9fb021 	csel	w1, w1, wzr, lt  // lt = tstop
    8261b78c:	17fffff4 	b	8261b75c <get_prop_check_min_len+0x34>
    8261b790:	a94153f3 	ldp	x19, x20, [sp, #16]
    8261b794:	a8c37bfd 	ldp	x29, x30, [sp], #48
    8261b798:	d65f03c0 	ret

000000008261b79c <fdtdec_get_is_enabled>:
    8261b79c:	a9bf7bfd 	stp	x29, x30, [sp, #-16]!
    8261b7a0:	d0000042 	adrp	x2, 82625000 <hex_asc+0x7ab>
    8261b7a4:	d2800003 	mov	x3, #0x0                   	// #0
    8261b7a8:	910003fd 	mov	x29, sp
    8261b7ac:	9127d442 	add	x2, x2, #0x9f5
    8261b7b0:	97fffdff 	bl	8261afac <fdt_getprop>
    8261b7b4:	b4000100 	cbz	x0, 8261b7d4 <fdtdec_get_is_enabled+0x38>
    8261b7b8:	b0000041 	adrp	x1, 82624000 <_ctype+0x15a>
    8261b7bc:	911f8c21 	add	x1, x1, #0x7e3
    8261b7c0:	940001c6 	bl	8261bed8 <strcmp>
    8261b7c4:	7100001f 	cmp	w0, #0x0
    8261b7c8:	1a9f17e0 	cset	w0, eq  // eq = none
    8261b7cc:	a8c17bfd 	ldp	x29, x30, [sp], #16
    8261b7d0:	d65f03c0 	ret
    8261b7d4:	52800020 	mov	w0, #0x1                   	// #1
    8261b7d8:	17fffffd 	b	8261b7cc <fdtdec_get_is_enabled+0x30>

000000008261b7dc <fdtdec_get_alias_seq>:
    8261b7dc:	a9b97bfd 	stp	x29, x30, [sp, #-112]!
    8261b7e0:	910003fd 	mov	x29, sp
    8261b7e4:	a90153f3 	stp	x19, x20, [sp, #16]
    8261b7e8:	aa0003f4 	mov	x20, x0
    8261b7ec:	f0000040 	adrp	x0, 82626000 <spinand_chip_table+0xc96>
    8261b7f0:	a9025bf5 	stp	x21, x22, [sp, #32]
    8261b7f4:	2a0203f3 	mov	w19, w2
    8261b7f8:	a90363f7 	stp	x23, x24, [sp, #48]
    8261b7fc:	aa0103f7 	mov	x23, x1
    8261b800:	a9046bf9 	stp	x25, x26, [sp, #64]
    8261b804:	aa0303f9 	mov	x25, x3
    8261b808:	f942f801 	ldr	x1, [x0, #1520]
    8261b80c:	f90037e1 	str	x1, [sp, #104]
    8261b810:	d2800001 	mov	x1, #0x0                   	// #0
    8261b814:	aa1703e0 	mov	x0, x23
    8261b818:	940001d2 	bl	8261bf60 <strlen>
    8261b81c:	93407c16 	sxtw	x22, w0
    8261b820:	910163e2 	add	x2, sp, #0x58
    8261b824:	2a1303e1 	mov	w1, w19
    8261b828:	aa1403e0 	mov	x0, x20
    8261b82c:	97fffd3a 	bl	8261ad14 <fdt_get_name>
    8261b830:	b0000041 	adrp	x1, 82624000 <_ctype+0x15a>
    8261b834:	aa0003f8 	mov	x24, x0
    8261b838:	911e2c21 	add	x1, x1, #0x78b
    8261b83c:	aa1403e0 	mov	x0, x20
    8261b840:	97fffe6f 	bl	8261b1fc <fdt_path_offset>
    8261b844:	2a0003e1 	mov	w1, w0
    8261b848:	aa1403e0 	mov	x0, x20
    8261b84c:	97fffd53 	bl	8261ad98 <fdt_first_property_offset>
    8261b850:	2a0003f3 	mov	w19, w0
    8261b854:	7100001f 	cmp	w0, #0x0
    8261b858:	5400006c 	b.gt	8261b864 <fdtdec_get_alias_seq+0x88>
    8261b85c:	12800035 	mov	w21, #0xfffffffe            	// #-2
    8261b860:	14000022 	b	8261b8e8 <fdtdec_get_alias_seq+0x10c>
    8261b864:	2a1303e1 	mov	w1, w19
    8261b868:	910173e3 	add	x3, sp, #0x5c
    8261b86c:	910183e2 	add	x2, sp, #0x60
    8261b870:	aa1403e0 	mov	x0, x20
    8261b874:	97fffdba 	bl	8261af5c <fdt_getprop_by_offset>
    8261b878:	aa0003f5 	mov	x21, x0
    8261b87c:	294b03e1 	ldp	w1, w0, [sp, #88]
    8261b880:	6b01001f 	cmp	w0, w1
    8261b884:	5400040b 	b.lt	8261b904 <fdtdec_get_alias_seq+0x128>  // b.tstop
    8261b888:	394002ba 	ldrb	w26, [x21]
    8261b88c:	7100bf5f 	cmp	w26, #0x2f
    8261b890:	540003a1 	b.ne	8261b904 <fdtdec_get_alias_seq+0x128>  // b.any
    8261b894:	8b20c2a0 	add	x0, x21, w0, sxtw
    8261b898:	385ff000 	ldurb	w0, [x0, #-1]
    8261b89c:	35000340 	cbnz	w0, 8261b904 <fdtdec_get_alias_seq+0x128>
    8261b8a0:	f94033e0 	ldr	x0, [sp, #96]
    8261b8a4:	aa1603e2 	mov	x2, x22
    8261b8a8:	aa1703e1 	mov	x1, x23
    8261b8ac:	94000195 	bl	8261bf00 <strncmp>
    8261b8b0:	350002a0 	cbnz	w0, 8261b904 <fdtdec_get_alias_seq+0x128>
    8261b8b4:	2a1a03e1 	mov	w1, w26
    8261b8b8:	aa1503e0 	mov	x0, x21
    8261b8bc:	940001b0 	bl	8261bf7c <strrchr>
    8261b8c0:	91000400 	add	x0, x0, #0x1
    8261b8c4:	aa1803e1 	mov	x1, x24
    8261b8c8:	94000184 	bl	8261bed8 <strcmp>
    8261b8cc:	2a0003f5 	mov	w21, w0
    8261b8d0:	350001a0 	cbnz	w0, 8261b904 <fdtdec_get_alias_seq+0x128>
    8261b8d4:	f94033e0 	ldr	x0, [sp, #96]
    8261b8d8:	9400083e 	bl	8261d9d0 <trailing_strtol>
    8261b8dc:	3100041f 	cmn	w0, #0x1
    8261b8e0:	54000120 	b.eq	8261b904 <fdtdec_get_alias_seq+0x128>  // b.none
    8261b8e4:	b9000320 	str	w0, [x25]
    8261b8e8:	f0000040 	adrp	x0, 82626000 <spinand_chip_table+0xc96>
    8261b8ec:	f94037e1 	ldr	x1, [sp, #104]
    8261b8f0:	f942f802 	ldr	x2, [x0, #1520]
    8261b8f4:	eb020021 	subs	x1, x1, x2
    8261b8f8:	d2800002 	mov	x2, #0x0                   	// #0
    8261b8fc:	540000c0 	b.eq	8261b914 <fdtdec_get_alias_seq+0x138>  // b.none
    8261b900:	97ffdabf 	bl	826123fc <__stack_chk_fail>
    8261b904:	2a1303e1 	mov	w1, w19
    8261b908:	aa1403e0 	mov	x0, x20
    8261b90c:	97fffd31 	bl	8261add0 <fdt_next_property_offset>
    8261b910:	17ffffd0 	b	8261b850 <fdtdec_get_alias_seq+0x74>
    8261b914:	2a1503e0 	mov	w0, w21
    8261b918:	a94153f3 	ldp	x19, x20, [sp, #16]
    8261b91c:	a9425bf5 	ldp	x21, x22, [sp, #32]
    8261b920:	a94363f7 	ldp	x23, x24, [sp, #48]
    8261b924:	a9446bf9 	ldp	x25, x26, [sp, #64]
    8261b928:	a8c77bfd 	ldp	x29, x30, [sp], #112
    8261b92c:	d65f03c0 	ret

000000008261b930 <fdtdec_get_chosen_prop>:
    8261b930:	b4000200 	cbz	x0, 8261b970 <fdtdec_get_chosen_prop+0x40>
    8261b934:	a9be7bfd 	stp	x29, x30, [sp, #-32]!
    8261b938:	910003fd 	mov	x29, sp
    8261b93c:	a90153f3 	stp	x19, x20, [sp, #16]
    8261b940:	aa0003f3 	mov	x19, x0
    8261b944:	aa0103f4 	mov	x20, x1
    8261b948:	b0000041 	adrp	x1, 82624000 <_ctype+0x15a>
    8261b94c:	911f6c21 	add	x1, x1, #0x7db
    8261b950:	97fffe2b 	bl	8261b1fc <fdt_path_offset>
    8261b954:	2a0003e1 	mov	w1, w0
    8261b958:	aa1403e2 	mov	x2, x20
    8261b95c:	aa1303e0 	mov	x0, x19
    8261b960:	a94153f3 	ldp	x19, x20, [sp, #16]
    8261b964:	d2800003 	mov	x3, #0x0                   	// #0
    8261b968:	a8c27bfd 	ldp	x29, x30, [sp], #32
    8261b96c:	17fffd90 	b	8261afac <fdt_getprop>
    8261b970:	d65f03c0 	ret

000000008261b974 <fdtdec_get_chosen_node>:
    8261b974:	a9be7bfd 	stp	x29, x30, [sp, #-32]!
    8261b978:	910003fd 	mov	x29, sp
    8261b97c:	f9000bf3 	str	x19, [sp, #16]
    8261b980:	aa0003f3 	mov	x19, x0
    8261b984:	97ffffeb 	bl	8261b930 <fdtdec_get_chosen_prop>
    8261b988:	b40000c0 	cbz	x0, 8261b9a0 <fdtdec_get_chosen_node+0x2c>
    8261b98c:	aa0003e1 	mov	x1, x0
    8261b990:	aa1303e0 	mov	x0, x19
    8261b994:	f9400bf3 	ldr	x19, [sp, #16]
    8261b998:	a8c27bfd 	ldp	x29, x30, [sp], #32
    8261b99c:	17fffe18 	b	8261b1fc <fdt_path_offset>
    8261b9a0:	12800000 	mov	w0, #0xffffffff            	// #-1
    8261b9a4:	f9400bf3 	ldr	x19, [sp, #16]
    8261b9a8:	a8c27bfd 	ldp	x29, x30, [sp], #32
    8261b9ac:	d65f03c0 	ret

000000008261b9b0 <fdtdec_prepare_fdt>:
    8261b9b0:	a9bf7bfd 	stp	x29, x30, [sp, #-16]!
    8261b9b4:	910003fd 	mov	x29, sp
    8261b9b8:	f9406641 	ldr	x1, [x18, #200]
    8261b9bc:	b50000e1 	cbnz	x1, 8261b9d8 <fdtdec_prepare_fdt+0x28>
    8261b9c0:	b0000040 	adrp	x0, 82624000 <_ctype+0x15a>
    8261b9c4:	911fa000 	add	x0, x0, #0x7e8
    8261b9c8:	97fff1ed 	bl	8261817c <puts>
    8261b9cc:	12800000 	mov	w0, #0xffffffff            	// #-1
    8261b9d0:	a8c17bfd 	ldp	x29, x30, [sp], #16
    8261b9d4:	d65f03c0 	ret
    8261b9d8:	f9406641 	ldr	x1, [x18, #200]
    8261b9dc:	f240043f 	tst	x1, #0x3
    8261b9e0:	54ffff01 	b.ne	8261b9c0 <fdtdec_prepare_fdt+0x10>  // b.any
    8261b9e4:	f9406640 	ldr	x0, [x18, #200]
    8261b9e8:	97fffafd 	bl	8261a5dc <fdt_check_header>
    8261b9ec:	34ffff20 	cbz	w0, 8261b9d0 <fdtdec_prepare_fdt+0x20>
    8261b9f0:	17fffff4 	b	8261b9c0 <fdtdec_prepare_fdt+0x10>

000000008261b9f4 <fdtdec_get_int_array>:
    8261b9f4:	a9bd7bfd 	stp	x29, x30, [sp, #-48]!
    8261b9f8:	910003fd 	mov	x29, sp
    8261b9fc:	a90153f3 	stp	x19, x20, [sp, #16]
    8261ba00:	2a0403f3 	mov	w19, w4
    8261ba04:	aa0303f4 	mov	x20, x3
    8261ba08:	f0000043 	adrp	x3, 82626000 <spinand_chip_table+0xc96>
    8261ba0c:	f942f864 	ldr	x4, [x3, #1520]
    8261ba10:	f90017e4 	str	x4, [sp, #40]
    8261ba14:	d2800004 	mov	x4, #0x0                   	// #0
    8261ba18:	910093e4 	add	x4, sp, #0x24
    8261ba1c:	531e7663 	lsl	w3, w19, #2
    8261ba20:	b90027ff 	str	wzr, [sp, #36]
    8261ba24:	97ffff41 	bl	8261b728 <get_prop_check_min_len>
    8261ba28:	aa0003e2 	mov	x2, x0
    8261ba2c:	b94027e0 	ldr	w0, [sp, #36]
    8261ba30:	340001e0 	cbz	w0, 8261ba6c <fdtdec_get_int_array+0x78>
    8261ba34:	f0000041 	adrp	x1, 82626000 <spinand_chip_table+0xc96>
    8261ba38:	f94017e2 	ldr	x2, [sp, #40]
    8261ba3c:	f942f823 	ldr	x3, [x1, #1520]
    8261ba40:	eb030042 	subs	x2, x2, x3
    8261ba44:	d2800003 	mov	x3, #0x0                   	// #0
    8261ba48:	54000160 	b.eq	8261ba74 <fdtdec_get_int_array+0x80>  // b.none
    8261ba4c:	97ffda6c 	bl	826123fc <__stack_chk_fail>
    8261ba50:	b8617843 	ldr	w3, [x2, x1, lsl #2]
    8261ba54:	5ac00863 	rev	w3, w3
    8261ba58:	b8217a83 	str	w3, [x20, x1, lsl #2]
    8261ba5c:	91000421 	add	x1, x1, #0x1
    8261ba60:	6b01027f 	cmp	w19, w1
    8261ba64:	54ffff6c 	b.gt	8261ba50 <fdtdec_get_int_array+0x5c>
    8261ba68:	17fffff3 	b	8261ba34 <fdtdec_get_int_array+0x40>
    8261ba6c:	d2800001 	mov	x1, #0x0                   	// #0
    8261ba70:	17fffffc 	b	8261ba60 <fdtdec_get_int_array+0x6c>
    8261ba74:	a94153f3 	ldp	x19, x20, [sp, #16]
    8261ba78:	a8c37bfd 	ldp	x29, x30, [sp], #48
    8261ba7c:	d65f03c0 	ret

000000008261ba80 <fdtdec_parse_phandle_with_args>:
    8261ba80:	a9b97bfd 	stp	x29, x30, [sp, #-112]!
    8261ba84:	910003fd 	mov	x29, sp
    8261ba88:	a90153f3 	stp	x19, x20, [sp, #16]
    8261ba8c:	aa0603f4 	mov	x20, x6
    8261ba90:	a9025bf5 	stp	x21, x22, [sp, #32]
    8261ba94:	aa0303f6 	mov	x22, x3
    8261ba98:	f0000043 	adrp	x3, 82626000 <spinand_chip_table+0xc96>
    8261ba9c:	a90363f7 	stp	x23, x24, [sp, #48]
    8261baa0:	2a0403f8 	mov	w24, w4
    8261baa4:	aa0003f7 	mov	x23, x0
    8261baa8:	a9046bf9 	stp	x25, x26, [sp, #64]
    8261baac:	2a0503f5 	mov	w21, w5
    8261bab0:	a90573fb 	stp	x27, x28, [sp, #80]
    8261bab4:	f942f864 	ldr	x4, [x3, #1520]
    8261bab8:	f90037e4 	str	x4, [sp, #104]
    8261babc:	d2800004 	mov	x4, #0x0                   	// #0
    8261bac0:	910193e3 	add	x3, sp, #0x64
    8261bac4:	97fffd3a 	bl	8261afac <fdt_getprop>
    8261bac8:	b4000120 	cbz	x0, 8261baec <fdtdec_parse_phandle_with_args+0x6c>
    8261bacc:	b98067f9 	ldrsw	x25, [sp, #100]
    8261bad0:	aa0003f3 	mov	x19, x0
    8261bad4:	5280001b 	mov	w27, #0x0                   	// #0
    8261bad8:	927ef739 	and	x25, x25, #0xfffffffffffffffc
    8261badc:	8b190019 	add	x25, x0, x25
    8261bae0:	eb19027f 	cmp	x19, x25
    8261bae4:	54000083 	b.cc	8261baf4 <fdtdec_parse_phandle_with_args+0x74>  // b.lo, b.ul, b.last
    8261bae8:	37f801f5 	tbnz	w21, #31, 8261bb24 <fdtdec_parse_phandle_with_args+0xa4>
    8261baec:	1280003b 	mov	w27, #0xfffffffe            	// #-2
    8261baf0:	1400000d 	b	8261bb24 <fdtdec_parse_phandle_with_args+0xa4>
    8261baf4:	b8404660 	ldr	w0, [x19], #4
    8261baf8:	5ac0081a 	rev	w26, w0
    8261bafc:	340004a0 	cbz	w0, 8261bb90 <fdtdec_parse_phandle_with_args+0x110>
    8261bb00:	f10002df 	cmp	x22, #0x0
    8261bb04:	7a550364 	ccmp	w27, w21, #0x4, eq  // eq = none
    8261bb08:	540003e1 	b.ne	8261bb84 <fdtdec_parse_phandle_with_args+0x104>  // b.any
    8261bb0c:	2a1a03e1 	mov	w1, w26
    8261bb10:	aa1703e0 	mov	x0, x23
    8261bb14:	97fffe28 	bl	8261b3b4 <fdt_node_offset_by_phandle>
    8261bb18:	2a0003fc 	mov	w28, w0
    8261bb1c:	35000120 	cbnz	w0, 8261bb40 <fdtdec_parse_phandle_with_args+0xc0>
    8261bb20:	128002bb 	mov	w27, #0xffffffea            	// #-22
    8261bb24:	f0000040 	adrp	x0, 82626000 <spinand_chip_table+0xc96>
    8261bb28:	f94037e1 	ldr	x1, [sp, #104]
    8261bb2c:	f942f802 	ldr	x2, [x0, #1520]
    8261bb30:	eb020021 	subs	x1, x1, x2
    8261bb34:	d2800002 	mov	x2, #0x0                   	// #0
    8261bb38:	54000520 	b.eq	8261bbdc <fdtdec_parse_phandle_with_args+0x15c>  // b.none
    8261bb3c:	97ffda30 	bl	826123fc <__stack_chk_fail>
    8261bb40:	b4000256 	cbz	x22, 8261bb88 <fdtdec_parse_phandle_with_args+0x108>
    8261bb44:	2a0003e1 	mov	w1, w0
    8261bb48:	aa1603e2 	mov	x2, x22
    8261bb4c:	aa1703e0 	mov	x0, x23
    8261bb50:	12800003 	mov	w3, #0xffffffff            	// #-1
    8261bb54:	97fffeda 	bl	8261b6bc <fdtdec_get_int>
    8261bb58:	3100041f 	cmn	w0, #0x1
    8261bb5c:	54fffe20 	b.eq	8261bb20 <fdtdec_parse_phandle_with_args+0xa0>  // b.none
    8261bb60:	8b204a61 	add	x1, x19, w0, uxtw #2
    8261bb64:	eb01033f 	cmp	x25, x1
    8261bb68:	54fffdc3 	b.cc	8261bb20 <fdtdec_parse_phandle_with_args+0xa0>  // b.lo, b.ul, b.last
    8261bb6c:	6b15037f 	cmp	w27, w21
    8261bb70:	54000301 	b.ne	8261bbd0 <fdtdec_parse_phandle_with_args+0x150>  // b.any
    8261bb74:	34fffbda 	cbz	w26, 8261baec <fdtdec_parse_phandle_with_args+0x6c>
    8261bb78:	b5000134 	cbnz	x20, 8261bb9c <fdtdec_parse_phandle_with_args+0x11c>
    8261bb7c:	5280001b 	mov	w27, #0x0                   	// #0
    8261bb80:	17ffffe9 	b	8261bb24 <fdtdec_parse_phandle_with_args+0xa4>
    8261bb84:	1280001c 	mov	w28, #0xffffffff            	// #-1
    8261bb88:	2a1803e0 	mov	w0, w24
    8261bb8c:	17fffff5 	b	8261bb60 <fdtdec_parse_phandle_with_args+0xe0>
    8261bb90:	1280001c 	mov	w28, #0xffffffff            	// #-1
    8261bb94:	52800000 	mov	w0, #0x0                   	// #0
    8261bb98:	17fffff5 	b	8261bb6c <fdtdec_parse_phandle_with_args+0xec>
    8261bb9c:	7100401f 	cmp	w0, #0x10
    8261bba0:	52800202 	mov	w2, #0x10                  	// #16
    8261bba4:	1a829002 	csel	w2, w0, w2, ls  // ls = plast
    8261bba8:	29000a9c 	stp	w28, w2, [x20]
    8261bbac:	91002294 	add	x20, x20, #0x8
    8261bbb0:	d2800000 	mov	x0, #0x0                   	// #0
    8261bbb4:	6b00005f 	cmp	w2, w0
    8261bbb8:	54fffe29 	b.ls	8261bb7c <fdtdec_parse_phandle_with_args+0xfc>  // b.plast
    8261bbbc:	b8607a61 	ldr	w1, [x19, x0, lsl #2]
    8261bbc0:	5ac00821 	rev	w1, w1
    8261bbc4:	b8207a81 	str	w1, [x20, x0, lsl #2]
    8261bbc8:	91000400 	add	x0, x0, #0x1
    8261bbcc:	17fffffa 	b	8261bbb4 <fdtdec_parse_phandle_with_args+0x134>
    8261bbd0:	8b204a73 	add	x19, x19, w0, uxtw #2
    8261bbd4:	1100077b 	add	w27, w27, #0x1
    8261bbd8:	17ffffc2 	b	8261bae0 <fdtdec_parse_phandle_with_args+0x60>
    8261bbdc:	2a1b03e0 	mov	w0, w27
    8261bbe0:	a94153f3 	ldp	x19, x20, [sp, #16]
    8261bbe4:	a9425bf5 	ldp	x21, x22, [sp, #32]
    8261bbe8:	a94363f7 	ldp	x23, x24, [sp, #48]
    8261bbec:	a9446bf9 	ldp	x25, x26, [sp, #64]
    8261bbf0:	a94573fb 	ldp	x27, x28, [sp, #80]
    8261bbf4:	a8c77bfd 	ldp	x29, x30, [sp], #112
    8261bbf8:	d65f03c0 	ret

000000008261bbfc <fdtdec_get_number>:
    8261bbfc:	2a0103e1 	mov	w1, w1
    8261bc00:	aa0003e3 	mov	x3, x0
    8261bc04:	d2800002 	mov	x2, #0x0                   	// #0
    8261bc08:	d2800000 	mov	x0, #0x0                   	// #0
    8261bc0c:	eb01005f 	cmp	x2, x1
    8261bc10:	54000041 	b.ne	8261bc18 <fdtdec_get_number+0x1c>  // b.any
    8261bc14:	d65f03c0 	ret
    8261bc18:	b8627864 	ldr	w4, [x3, x2, lsl #2]
    8261bc1c:	91000442 	add	x2, x2, #0x1
    8261bc20:	5ac00884 	rev	w4, w4
    8261bc24:	aa008080 	orr	x0, x4, x0, lsl #32
    8261bc28:	17fffff9 	b	8261bc0c <fdtdec_get_number+0x10>

000000008261bc2c <fdt_get_resource>:
    8261bc2c:	a9ba7bfd 	stp	x29, x30, [sp, #-96]!
    8261bc30:	910003fd 	mov	x29, sp
    8261bc34:	a90153f3 	stp	x19, x20, [sp, #16]
    8261bc38:	a9025bf5 	stp	x21, x22, [sp, #32]
    8261bc3c:	2a0103f6 	mov	w22, w1
    8261bc40:	aa0403f5 	mov	x21, x4
    8261bc44:	a90363f7 	stp	x23, x24, [sp, #48]
    8261bc48:	2a0303f7 	mov	w23, w3
    8261bc4c:	a9046bf9 	stp	x25, x26, [sp, #64]
    8261bc50:	aa0203fa 	mov	x26, x2
    8261bc54:	f0000042 	adrp	x2, 82626000 <spinand_chip_table+0xc96>
    8261bc58:	f942f843 	ldr	x3, [x2, #1520]
    8261bc5c:	f9002fe3 	str	x3, [sp, #88]
    8261bc60:	d2800003 	mov	x3, #0x0                   	// #0
    8261bc64:	aa0003f9 	mov	x25, x0
    8261bc68:	97fffdc2 	bl	8261b370 <fdt_parent_offset>
    8261bc6c:	2a0003f3 	mov	w19, w0
    8261bc70:	37f80220 	tbnz	w0, #31, 8261bcb4 <fdt_get_resource+0x88>
    8261bc74:	2a0003e1 	mov	w1, w0
    8261bc78:	aa1903e0 	mov	x0, x25
    8261bc7c:	97fffb5f 	bl	8261a9f8 <fdt_address_cells>
    8261bc80:	2a0003f4 	mov	w20, w0
    8261bc84:	2a1303e1 	mov	w1, w19
    8261bc88:	aa1903e0 	mov	x0, x25
    8261bc8c:	97fffb7c 	bl	8261aa7c <fdt_size_cells>
    8261bc90:	2a0003f8 	mov	w24, w0
    8261bc94:	910153e3 	add	x3, sp, #0x54
    8261bc98:	aa1a03e2 	mov	x2, x26
    8261bc9c:	2a1603e1 	mov	w1, w22
    8261bca0:	aa1903e0 	mov	x0, x25
    8261bca4:	97fffcc2 	bl	8261afac <fdt_getprop>
    8261bca8:	aa0003f3 	mov	x19, x0
    8261bcac:	b5000120 	cbnz	x0, 8261bcd0 <fdt_get_resource+0xa4>
    8261bcb0:	b94057f3 	ldr	w19, [sp, #84]
    8261bcb4:	f0000040 	adrp	x0, 82626000 <spinand_chip_table+0xc96>
    8261bcb8:	f9402fe1 	ldr	x1, [sp, #88]
    8261bcbc:	f942f802 	ldr	x2, [x0, #1520]
    8261bcc0:	eb020021 	subs	x1, x1, x2
    8261bcc4:	d2800002 	mov	x2, #0x0                   	// #0
    8261bcc8:	54000440 	b.eq	8261bd50 <fdt_get_resource+0x124>  // b.none
    8261bccc:	97ffd9cc 	bl	826123fc <__stack_chk_fail>
    8261bcd0:	93407f00 	sxtw	x0, w24
    8261bcd4:	b98057e1 	ldrsw	x1, [sp, #84]
    8261bcd8:	93407e9a 	sxtw	x26, w20
    8261bcdc:	8b34c014 	add	x20, x0, w20, sxtw
    8261bce0:	927ef421 	and	x1, x1, #0xfffffffffffffffc
    8261bce4:	52800000 	mov	w0, #0x0                   	// #0
    8261bce8:	d37ef694 	lsl	x20, x20, #2
    8261bcec:	8b010261 	add	x1, x19, x1
    8261bcf0:	8b140262 	add	x2, x19, x20
    8261bcf4:	eb01005f 	cmp	x2, x1
    8261bcf8:	54000069 	b.ls	8261bd04 <fdt_get_resource+0xd8>  // b.plast
    8261bcfc:	12800013 	mov	w19, #0xffffffff            	// #-1
    8261bd00:	17ffffed 	b	8261bcb4 <fdt_get_resource+0x88>
    8261bd04:	6b17001f 	cmp	w0, w23
    8261bd08:	540001e1 	b.ne	8261bd44 <fdt_get_resource+0x118>  // b.any
    8261bd0c:	aa1303e2 	mov	x2, x19
    8261bd10:	2a1603e1 	mov	w1, w22
    8261bd14:	aa1903e0 	mov	x0, x25
    8261bd18:	97ffefd9 	bl	82617c7c <fdt_translate_address>
    8261bd1c:	aa0003e5 	mov	x5, x0
    8261bd20:	a90016a5 	stp	x5, x5, [x21]
    8261bd24:	8b1a0a60 	add	x0, x19, x26, lsl #2
    8261bd28:	2a1803e1 	mov	w1, w24
    8261bd2c:	97ffffb4 	bl	8261bbfc <fdtdec_get_number>
    8261bd30:	8b0000a5 	add	x5, x5, x0
    8261bd34:	52800013 	mov	w19, #0x0                   	// #0
    8261bd38:	d10004a5 	sub	x5, x5, #0x1
    8261bd3c:	f90006a5 	str	x5, [x21, #8]
    8261bd40:	17ffffdd 	b	8261bcb4 <fdt_get_resource+0x88>
    8261bd44:	11000400 	add	w0, w0, #0x1
    8261bd48:	aa0203f3 	mov	x19, x2
    8261bd4c:	17ffffe9 	b	8261bcf0 <fdt_get_resource+0xc4>
    8261bd50:	2a1303e0 	mov	w0, w19
    8261bd54:	a94153f3 	ldp	x19, x20, [sp, #16]
    8261bd58:	a9425bf5 	ldp	x21, x22, [sp, #32]
    8261bd5c:	a94363f7 	ldp	x23, x24, [sp, #48]
    8261bd60:	a9446bf9 	ldp	x25, x26, [sp, #64]
    8261bd64:	a8c67bfd 	ldp	x29, x30, [sp], #96
    8261bd68:	d65f03c0 	ret

000000008261bd6c <fdtdec_setup>:
    8261bd6c:	a9be7bfd 	stp	x29, x30, [sp, #-32]!
    8261bd70:	910003fd 	mov	x29, sp
    8261bd74:	f9000bf3 	str	x19, [sp, #16]
    8261bd78:	aa1203f3 	mov	x19, x18
    8261bd7c:	97ffe558 	bl	826152dc <board_fdt_blob_setup>
    8261bd80:	f9006660 	str	x0, [x19, #200]
    8261bd84:	f9400bf3 	ldr	x19, [sp, #16]
    8261bd88:	a8c27bfd 	ldp	x29, x30, [sp], #32
    8261bd8c:	17ffff09 	b	8261b9b0 <fdtdec_prepare_fdt>

000000008261bd90 <crc32_no_comp>:
    8261bd90:	f240043f 	tst	x1, #0x3
    8261bd94:	540001a0 	b.eq	8261bdc8 <crc32_no_comp+0x38>  // b.none
    8261bd98:	34000182 	cbz	w2, 8261bdc8 <crc32_no_comp+0x38>
    8261bd9c:	90000044 	adrp	x4, 82623000 <clk_fixed_rate_ops+0x18>
    8261bda0:	91032084 	add	x4, x4, #0xc8
    8261bda4:	38401423 	ldrb	w3, [x1], #1
    8261bda8:	71000442 	subs	w2, w2, #0x1
    8261bdac:	4a000063 	eor	w3, w3, w0
    8261bdb0:	d37e1c63 	ubfiz	x3, x3, #2, #8
    8261bdb4:	b8636883 	ldr	w3, [x4, x3]
    8261bdb8:	4a402060 	eor	w0, w3, w0, lsr #8
    8261bdbc:	54000060 	b.eq	8261bdc8 <crc32_no_comp+0x38>  // b.none
    8261bdc0:	f240043f 	tst	x1, #0x3
    8261bdc4:	54ffff01 	b.ne	8261bda4 <crc32_no_comp+0x14>  // b.any
    8261bdc8:	12000444 	and	w4, w2, #0x3
    8261bdcc:	53027c46 	lsr	w6, w2, #2
    8261bdd0:	90000043 	adrp	x3, 82623000 <clk_fixed_rate_ops+0x18>
    8261bdd4:	53027c42 	lsr	w2, w2, #2
    8261bdd8:	91032063 	add	x3, x3, #0xc8
    8261bddc:	d2800005 	mov	x5, #0x0                   	// #0
    8261bde0:	eb05005f 	cmp	x2, x5
    8261bde4:	54000201 	b.ne	8261be24 <crc32_no_comp+0x94>  // b.any
    8261bde8:	92800062 	mov	x2, #0xfffffffffffffffc    	// #-4
    8261bdec:	8b264842 	add	x2, x2, w6, uxtw #2
    8261bdf0:	8b020021 	add	x1, x1, x2
    8261bdf4:	34000164 	cbz	w4, 8261be20 <crc32_no_comp+0x90>
    8261bdf8:	90000043 	adrp	x3, 82623000 <clk_fixed_rate_ops+0x18>
    8261bdfc:	91000c21 	add	x1, x1, #0x3
    8261be00:	91032063 	add	x3, x3, #0xc8
    8261be04:	38401c22 	ldrb	w2, [x1, #1]!
    8261be08:	71000484 	subs	w4, w4, #0x1
    8261be0c:	4a000042 	eor	w2, w2, w0
    8261be10:	d37e1c42 	ubfiz	x2, x2, #2, #8
    8261be14:	b8626862 	ldr	w2, [x3, x2]
    8261be18:	4a402040 	eor	w0, w2, w0, lsr #8
    8261be1c:	54ffff41 	b.ne	8261be04 <crc32_no_comp+0x74>  // b.any
    8261be20:	d65f03c0 	ret
    8261be24:	b8657827 	ldr	w7, [x1, x5, lsl #2]
    8261be28:	910004a5 	add	x5, x5, #0x1
    8261be2c:	4a070000 	eor	w0, w0, w7
    8261be30:	d37e1c07 	ubfiz	x7, x0, #2, #8
    8261be34:	b8676867 	ldr	w7, [x3, x7]
    8261be38:	4a4020e0 	eor	w0, w7, w0, lsr #8
    8261be3c:	d37e1c07 	ubfiz	x7, x0, #2, #8
    8261be40:	b8676867 	ldr	w7, [x3, x7]
    8261be44:	4a4020e0 	eor	w0, w7, w0, lsr #8
    8261be48:	d37e1c07 	ubfiz	x7, x0, #2, #8
    8261be4c:	b8676867 	ldr	w7, [x3, x7]
    8261be50:	4a4020e0 	eor	w0, w7, w0, lsr #8
    8261be54:	d37e1c07 	ubfiz	x7, x0, #2, #8
    8261be58:	b8676867 	ldr	w7, [x3, x7]
    8261be5c:	4a4020e0 	eor	w0, w7, w0, lsr #8
    8261be60:	17ffffe0 	b	8261bde0 <crc32_no_comp+0x50>

000000008261be64 <crc32>:
    8261be64:	a9bf7bfd 	stp	x29, x30, [sp, #-16]!
    8261be68:	2a2003e0 	mvn	w0, w0
    8261be6c:	910003fd 	mov	x29, sp
    8261be70:	97ffffc8 	bl	8261bd90 <crc32_no_comp>
    8261be74:	2a2003e0 	mvn	w0, w0
    8261be78:	a8c17bfd 	ldp	x29, x30, [sp], #16
    8261be7c:	d65f03c0 	ret

000000008261be80 <hang>:
    8261be80:	a9bf7bfd 	stp	x29, x30, [sp, #-16]!
    8261be84:	b0000040 	adrp	x0, 82624000 <_ctype+0x15a>
    8261be88:	9120ac00 	add	x0, x0, #0x82b
    8261be8c:	910003fd 	mov	x29, sp
    8261be90:	97fff0bb 	bl	8261817c <puts>
    8261be94:	128003a0 	mov	w0, #0xffffffe2            	// #-30
    8261be98:	97ffee2e 	bl	82617750 <show_boot_progress>
    8261be9c:	14000000 	b	8261be9c <hang+0x1c>

000000008261bea0 <strcpy>:
    8261bea0:	d2800002 	mov	x2, #0x0                   	// #0
    8261bea4:	38626823 	ldrb	w3, [x1, x2]
    8261bea8:	38226803 	strb	w3, [x0, x2]
    8261beac:	91000442 	add	x2, x2, #0x1
    8261beb0:	35ffffa3 	cbnz	w3, 8261bea4 <strcpy+0x4>
    8261beb4:	d65f03c0 	ret

000000008261beb8 <strncpy>:
    8261beb8:	d2800003 	mov	x3, #0x0                   	// #0
    8261bebc:	eb02007f 	cmp	x3, x2
    8261bec0:	540000a0 	b.eq	8261bed4 <strncpy+0x1c>  // b.none
    8261bec4:	38636824 	ldrb	w4, [x1, x3]
    8261bec8:	38236804 	strb	w4, [x0, x3]
    8261becc:	91000463 	add	x3, x3, #0x1
    8261bed0:	35ffff64 	cbnz	w4, 8261bebc <strncpy+0x4>
    8261bed4:	d65f03c0 	ret

000000008261bed8 <strcmp>:
    8261bed8:	aa0003e4 	mov	x4, x0
    8261bedc:	d2800003 	mov	x3, #0x0                   	// #0
    8261bee0:	38636885 	ldrb	w5, [x4, x3]
    8261bee4:	38636822 	ldrb	w2, [x1, x3]
    8261bee8:	4b0200a2 	sub	w2, w5, w2
    8261beec:	13001c40 	sxtb	w0, w2
    8261bef0:	35000060 	cbnz	w0, 8261befc <strcmp+0x24>
    8261bef4:	91000463 	add	x3, x3, #0x1
    8261bef8:	35ffff45 	cbnz	w5, 8261bee0 <strcmp+0x8>
    8261befc:	d65f03c0 	ret

000000008261bf00 <strncmp>:
    8261bf00:	aa0003e5 	mov	x5, x0
    8261bf04:	d2800004 	mov	x4, #0x0                   	// #0
    8261bf08:	eb04005f 	cmp	x2, x4
    8261bf0c:	54000061 	b.ne	8261bf18 <strncmp+0x18>  // b.any
    8261bf10:	52800000 	mov	w0, #0x0                   	// #0
    8261bf14:	14000008 	b	8261bf34 <strncmp+0x34>
    8261bf18:	386468a6 	ldrb	w6, [x5, x4]
    8261bf1c:	38646823 	ldrb	w3, [x1, x4]
    8261bf20:	4b0300c3 	sub	w3, w6, w3
    8261bf24:	13001c60 	sxtb	w0, w3
    8261bf28:	35000060 	cbnz	w0, 8261bf34 <strncmp+0x34>
    8261bf2c:	91000484 	add	x4, x4, #0x1
    8261bf30:	35fffec6 	cbnz	w6, 8261bf08 <strncmp+0x8>
    8261bf34:	d65f03c0 	ret

000000008261bf38 <strchr>:
    8261bf38:	12001c21 	and	w1, w1, #0xff
    8261bf3c:	39400002 	ldrb	w2, [x0]
    8261bf40:	6b01005f 	cmp	w2, w1
    8261bf44:	54000041 	b.ne	8261bf4c <strchr+0x14>  // b.any
    8261bf48:	d65f03c0 	ret
    8261bf4c:	34000062 	cbz	w2, 8261bf58 <strchr+0x20>
    8261bf50:	91000400 	add	x0, x0, #0x1
    8261bf54:	17fffffa 	b	8261bf3c <strchr+0x4>
    8261bf58:	d2800000 	mov	x0, #0x0                   	// #0
    8261bf5c:	17fffffb 	b	8261bf48 <strchr+0x10>

000000008261bf60 <strlen>:
    8261bf60:	aa0003e1 	mov	x1, x0
    8261bf64:	39400022 	ldrb	w2, [x1]
    8261bf68:	35000062 	cbnz	w2, 8261bf74 <strlen+0x14>
    8261bf6c:	cb000020 	sub	x0, x1, x0
    8261bf70:	d65f03c0 	ret
    8261bf74:	91000421 	add	x1, x1, #0x1
    8261bf78:	17fffffb 	b	8261bf64 <strlen+0x4>

000000008261bf7c <strrchr>:
    8261bf7c:	a9bf7bfd 	stp	x29, x30, [sp, #-16]!
    8261bf80:	aa0003e4 	mov	x4, x0
    8261bf84:	2a0103e3 	mov	w3, w1
    8261bf88:	910003fd 	mov	x29, sp
    8261bf8c:	12001c63 	and	w3, w3, #0xff
    8261bf90:	97fffff4 	bl	8261bf60 <strlen>
    8261bf94:	8b000080 	add	x0, x4, x0
    8261bf98:	39400001 	ldrb	w1, [x0]
    8261bf9c:	6b03003f 	cmp	w1, w3
    8261bfa0:	540000a0 	b.eq	8261bfb4 <strrchr+0x38>  // b.none
    8261bfa4:	d1000400 	sub	x0, x0, #0x1
    8261bfa8:	eb00009f 	cmp	x4, x0
    8261bfac:	54ffff69 	b.ls	8261bf98 <strrchr+0x1c>  // b.plast
    8261bfb0:	d2800000 	mov	x0, #0x0                   	// #0
    8261bfb4:	a8c17bfd 	ldp	x29, x30, [sp], #16
    8261bfb8:	d65f03c0 	ret

000000008261bfbc <strnlen>:
    8261bfbc:	8b010001 	add	x1, x0, x1
    8261bfc0:	aa0003e2 	mov	x2, x0
    8261bfc4:	eb01005f 	cmp	x2, x1
    8261bfc8:	54000060 	b.eq	8261bfd4 <strnlen+0x18>  // b.none
    8261bfcc:	39400043 	ldrb	w3, [x2]
    8261bfd0:	35000063 	cbnz	w3, 8261bfdc <strnlen+0x20>
    8261bfd4:	cb000040 	sub	x0, x2, x0
    8261bfd8:	d65f03c0 	ret
    8261bfdc:	91000442 	add	x2, x2, #0x1
    8261bfe0:	17fffff9 	b	8261bfc4 <strnlen+0x8>

000000008261bfe4 <memset>:
    8261bfe4:	f2400803 	ands	x3, x0, #0x7
    8261bfe8:	540002a1 	b.ne	8261c03c <memset+0x58>  // b.any
    8261bfec:	92401c26 	and	x6, x1, #0xff
    8261bff0:	d2800004 	mov	x4, #0x0                   	// #0
    8261bff4:	52800105 	mov	w5, #0x8                   	// #8
    8261bff8:	aa0420c4 	orr	x4, x6, x4, lsl #8
    8261bffc:	710004a5 	subs	w5, w5, #0x1
    8261c000:	54ffffc1 	b.ne	8261bff8 <memset+0x14>  // b.any
    8261c004:	cb030045 	sub	x5, x2, x3
    8261c008:	f1001cbf 	cmp	x5, #0x7
    8261c00c:	54000128 	b.hi	8261c030 <memset+0x4c>  // b.pmore
    8261c010:	d343fc43 	lsr	x3, x2, #3
    8261c014:	928000e4 	mov	x4, #0xfffffffffffffff8    	// #-8
    8261c018:	9b040862 	madd	x2, x3, x4, x2
    8261c01c:	8b030c03 	add	x3, x0, x3, lsl #3
    8261c020:	d2800004 	mov	x4, #0x0                   	// #0
    8261c024:	eb04005f 	cmp	x2, x4
    8261c028:	540000e1 	b.ne	8261c044 <memset+0x60>  // b.any
    8261c02c:	d65f03c0 	ret
    8261c030:	f8236804 	str	x4, [x0, x3]
    8261c034:	91002063 	add	x3, x3, #0x8
    8261c038:	17fffff3 	b	8261c004 <memset+0x20>
    8261c03c:	aa0003e3 	mov	x3, x0
    8261c040:	17fffff8 	b	8261c020 <memset+0x3c>
    8261c044:	38246861 	strb	w1, [x3, x4]
    8261c048:	91000484 	add	x4, x4, #0x1
    8261c04c:	17fffff6 	b	8261c024 <memset+0x40>

000000008261c050 <memcpy>:
    8261c050:	eb01001f 	cmp	x0, x1
    8261c054:	54000100 	b.eq	8261c074 <memcpy+0x24>  // b.none
    8261c058:	aa010003 	orr	x3, x0, x1
    8261c05c:	f2400863 	ands	x3, x3, #0x7
    8261c060:	54000120 	b.eq	8261c084 <memcpy+0x34>  // b.none
    8261c064:	aa0003e4 	mov	x4, x0
    8261c068:	d2800003 	mov	x3, #0x0                   	// #0
    8261c06c:	eb03005f 	cmp	x2, x3
    8261c070:	540001c1 	b.ne	8261c0a8 <memcpy+0x58>  // b.any
    8261c074:	d65f03c0 	ret
    8261c078:	f8636824 	ldr	x4, [x1, x3]
    8261c07c:	f8236804 	str	x4, [x0, x3]
    8261c080:	91002063 	add	x3, x3, #0x8
    8261c084:	cb030044 	sub	x4, x2, x3
    8261c088:	f1001c9f 	cmp	x4, #0x7
    8261c08c:	54ffff68 	b.hi	8261c078 <memcpy+0x28>  // b.pmore
    8261c090:	d343fc43 	lsr	x3, x2, #3
    8261c094:	928000e4 	mov	x4, #0xfffffffffffffff8    	// #-8
    8261c098:	8b030c21 	add	x1, x1, x3, lsl #3
    8261c09c:	9b040862 	madd	x2, x3, x4, x2
    8261c0a0:	8b030c04 	add	x4, x0, x3, lsl #3
    8261c0a4:	17fffff1 	b	8261c068 <memcpy+0x18>
    8261c0a8:	38636825 	ldrb	w5, [x1, x3]
    8261c0ac:	38236885 	strb	w5, [x4, x3]
    8261c0b0:	91000463 	add	x3, x3, #0x1
    8261c0b4:	17ffffee 	b	8261c06c <memcpy+0x1c>

000000008261c0b8 <memcmp>:
    8261c0b8:	aa0003e5 	mov	x5, x0
    8261c0bc:	d2800004 	mov	x4, #0x0                   	// #0
    8261c0c0:	eb02009f 	cmp	x4, x2
    8261c0c4:	54000061 	b.ne	8261c0d0 <memcmp+0x18>  // b.any
    8261c0c8:	52800000 	mov	w0, #0x0                   	// #0
    8261c0cc:	14000006 	b	8261c0e4 <memcmp+0x2c>
    8261c0d0:	386468a3 	ldrb	w3, [x5, x4]
    8261c0d4:	38646820 	ldrb	w0, [x1, x4]
    8261c0d8:	91000484 	add	x4, x4, #0x1
    8261c0dc:	6b000060 	subs	w0, w3, w0
    8261c0e0:	54ffff00 	b.eq	8261c0c0 <memcmp+0x8>  // b.none
    8261c0e4:	d65f03c0 	ret

000000008261c0e8 <strstr>:
    8261c0e8:	a9bf7bfd 	stp	x29, x30, [sp, #-16]!
    8261c0ec:	aa0003e6 	mov	x6, x0
    8261c0f0:	aa0103e7 	mov	x7, x1
    8261c0f4:	910003fd 	mov	x29, sp
    8261c0f8:	aa0103e0 	mov	x0, x1
    8261c0fc:	97ffff99 	bl	8261bf60 <strlen>
    8261c100:	34000140 	cbz	w0, 8261c128 <strstr+0x40>
    8261c104:	2a0003ea 	mov	w10, w0
    8261c108:	aa0603e0 	mov	x0, x6
    8261c10c:	97ffff95 	bl	8261bf60 <strlen>
    8261c110:	0b060008 	add	w8, w0, w6
    8261c114:	93407d42 	sxtw	x2, w10
    8261c118:	4b060100 	sub	w0, w8, w6
    8261c11c:	6b0a001f 	cmp	w0, w10
    8261c120:	540000aa 	b.ge	8261c134 <strstr+0x4c>  // b.tcont
    8261c124:	d2800006 	mov	x6, #0x0                   	// #0
    8261c128:	aa0603e0 	mov	x0, x6
    8261c12c:	a8c17bfd 	ldp	x29, x30, [sp], #16
    8261c130:	d65f03c0 	ret
    8261c134:	aa0703e1 	mov	x1, x7
    8261c138:	aa0603e0 	mov	x0, x6
    8261c13c:	97ffffdf 	bl	8261c0b8 <memcmp>
    8261c140:	34ffff40 	cbz	w0, 8261c128 <strstr+0x40>
    8261c144:	910004c6 	add	x6, x6, #0x1
    8261c148:	17fffff4 	b	8261c118 <strstr+0x30>

000000008261c14c <memchr>:
    8261c14c:	8b020002 	add	x2, x0, x2
    8261c150:	12001c21 	and	w1, w1, #0xff
    8261c154:	eb02001f 	cmp	x0, x2
    8261c158:	54000061 	b.ne	8261c164 <memchr+0x18>  // b.any
    8261c15c:	d2800000 	mov	x0, #0x0                   	// #0
    8261c160:	d65f03c0 	ret
    8261c164:	aa0003e3 	mov	x3, x0
    8261c168:	38401464 	ldrb	w4, [x3], #1
    8261c16c:	6b01009f 	cmp	w4, w1
    8261c170:	54ffff80 	b.eq	8261c160 <memchr+0x14>  // b.none
    8261c174:	aa0303e0 	mov	x0, x3
    8261c178:	17fffff7 	b	8261c154 <memchr+0x8>

000000008261c17c <timer_init>:
    8261c17c:	52800000 	mov	w0, #0x0                   	// #0
    8261c180:	d65f03c0 	ret

000000008261c184 <get_timer>:
    8261c184:	a9be7bfd 	stp	x29, x30, [sp, #-32]!
    8261c188:	910003fd 	mov	x29, sp
    8261c18c:	a90153f3 	stp	x19, x20, [sp, #16]
    8261c190:	aa0003f4 	mov	x20, x0
    8261c194:	97ffe5d6 	bl	826158ec <get_ticks>
    8261c198:	aa0003f3 	mov	x19, x0
    8261c19c:	97ffe5d2 	bl	826158e4 <get_tbclk>
    8261c1a0:	d2807d01 	mov	x1, #0x3e8                 	// #1000
    8261c1a4:	2a0003e0 	mov	w0, w0
    8261c1a8:	9b017e73 	mul	x19, x19, x1
    8261c1ac:	9ac00a60 	udiv	x0, x19, x0
    8261c1b0:	cb140000 	sub	x0, x0, x20
    8261c1b4:	a94153f3 	ldp	x19, x20, [sp, #16]
    8261c1b8:	a8c27bfd 	ldp	x29, x30, [sp], #32
    8261c1bc:	d65f03c0 	ret

000000008261c1c0 <usec_to_tick>:
    8261c1c0:	a9be7bfd 	stp	x29, x30, [sp, #-32]!
    8261c1c4:	910003fd 	mov	x29, sp
    8261c1c8:	f9000bf3 	str	x19, [sp, #16]
    8261c1cc:	aa0003f3 	mov	x19, x0
    8261c1d0:	97ffe5c5 	bl	826158e4 <get_tbclk>
    8261c1d4:	d2884801 	mov	x1, #0x4240                	// #16960
    8261c1d8:	9b007e60 	mul	x0, x19, x0
    8261c1dc:	f2a001e1 	movk	x1, #0xf, lsl #16
    8261c1e0:	f9400bf3 	ldr	x19, [sp, #16]
    8261c1e4:	a8c27bfd 	ldp	x29, x30, [sp], #32
    8261c1e8:	9ac10800 	udiv	x0, x0, x1
    8261c1ec:	d65f03c0 	ret

000000008261c1f0 <__udelay>:
    8261c1f0:	a9be7bfd 	stp	x29, x30, [sp, #-32]!
    8261c1f4:	910003fd 	mov	x29, sp
    8261c1f8:	a90153f3 	stp	x19, x20, [sp, #16]
    8261c1fc:	aa0003f4 	mov	x20, x0
    8261c200:	97ffe5bb 	bl	826158ec <get_ticks>
    8261c204:	aa0003f3 	mov	x19, x0
    8261c208:	aa1403e0 	mov	x0, x20
    8261c20c:	97ffffed 	bl	8261c1c0 <usec_to_tick>
    8261c210:	8b000273 	add	x19, x19, x0
    8261c214:	91000673 	add	x19, x19, #0x1
    8261c218:	97ffe5b5 	bl	826158ec <get_ticks>
    8261c21c:	eb13001f 	cmp	x0, x19
    8261c220:	54ffffc3 	b.cc	8261c218 <__udelay+0x28>  // b.lo, b.ul, b.last
    8261c224:	a94153f3 	ldp	x19, x20, [sp, #16]
    8261c228:	a8c27bfd 	ldp	x29, x30, [sp], #32
    8261c22c:	d65f03c0 	ret

000000008261c230 <udelay>:
    8261c230:	a9bd7bfd 	stp	x29, x30, [sp, #-48]!
    8261c234:	910003fd 	mov	x29, sp
    8261c238:	a90153f3 	stp	x19, x20, [sp, #16]
    8261c23c:	aa0003f3 	mov	x19, x0
    8261c240:	f90013f5 	str	x21, [sp, #32]
    8261c244:	d292d015 	mov	x21, #0x9680                	// #38528
    8261c248:	f2a01315 	movk	x21, #0x98, lsl #16
    8261c24c:	940016ff 	bl	82621e48 <watchdog_reset>
    8261c250:	eb15027f 	cmp	x19, x21
    8261c254:	9a959274 	csel	x20, x19, x21, ls  // ls = plast
    8261c258:	aa1403e0 	mov	x0, x20
    8261c25c:	97ffffe5 	bl	8261c1f0 <__udelay>
    8261c260:	eb140273 	subs	x19, x19, x20
    8261c264:	54ffff41 	b.ne	8261c24c <udelay+0x1c>  // b.any
    8261c268:	a94153f3 	ldp	x19, x20, [sp, #16]
    8261c26c:	f94013f5 	ldr	x21, [sp, #32]
    8261c270:	a8c37bfd 	ldp	x29, x30, [sp], #48
    8261c274:	d65f03c0 	ret

000000008261c278 <uuid_bin_to_str>:
    8261c278:	a9b87bfd 	stp	x29, x30, [sp, #-128]!
    8261c27c:	f240005f 	tst	x2, #0x1
    8261c280:	910003fd 	mov	x29, sp
    8261c284:	a90153f3 	stp	x19, x20, [sp, #16]
    8261c288:	aa0103f3 	mov	x19, x1
    8261c28c:	d2800014 	mov	x20, #0x0                   	// #0
    8261c290:	a9025bf5 	stp	x21, x22, [sp, #32]
    8261c294:	9101a3f6 	add	x22, sp, #0x68
    8261c298:	d0000055 	adrp	x21, 82626000 <spinand_chip_table+0xc96>
    8261c29c:	a90363f7 	stp	x23, x24, [sp, #48]
    8261c2a0:	aa0003f7 	mov	x23, x0
    8261c2a4:	d0000040 	adrp	x0, 82626000 <spinand_chip_table+0xc96>
    8261c2a8:	f90023f9 	str	x25, [sp, #64]
    8261c2ac:	91125ab5 	add	x21, x21, #0x496
    8261c2b0:	f0000038 	adrp	x24, 82623000 <clk_fixed_rate_ops+0x18>
    8261c2b4:	91341318 	add	x24, x24, #0xd04
    8261c2b8:	f942f801 	ldr	x1, [x0, #1520]
    8261c2bc:	f9003fe1 	str	x1, [sp, #120]
    8261c2c0:	d2800001 	mov	x1, #0x0                   	// #0
    8261c2c4:	d2802000 	mov	x0, #0x100                 	// #256
    8261c2c8:	f2a06040 	movk	x0, #0x302, lsl #16
    8261c2cc:	d2804061 	mov	x1, #0x203                 	// #515
    8261c2d0:	f2c0a080 	movk	x0, #0x504, lsl #32
    8261c2d4:	f2a00021 	movk	x1, #0x1, lsl #16
    8261c2d8:	f2e0e0c0 	movk	x0, #0x706, lsl #48
    8261c2dc:	f9002fe0 	str	x0, [sp, #88]
    8261c2e0:	d2812100 	mov	x0, #0x908                 	// #2312
    8261c2e4:	f2c080a1 	movk	x1, #0x405, lsl #32
    8261c2e8:	f2a16140 	movk	x0, #0xb0a, lsl #16
    8261c2ec:	f2e0c0e1 	movk	x1, #0x607, lsl #48
    8261c2f0:	f2c1a180 	movk	x0, #0xd0c, lsl #32
    8261c2f4:	f90037e1 	str	x1, [sp, #104]
    8261c2f8:	f2e1e1c0 	movk	x0, #0xf0e, lsl #48
    8261c2fc:	f90033e0 	str	x0, [sp, #96]
    8261c300:	f9003be0 	str	x0, [sp, #112]
    8261c304:	910163e0 	add	x0, sp, #0x58
    8261c308:	9a8012d6 	csel	x22, x22, x0, ne  // ne = any
    8261c30c:	d0000041 	adrp	x1, 82626000 <spinand_chip_table+0xc96>
    8261c310:	f27f005f 	tst	x2, #0x2
    8261c314:	91126c21 	add	x1, x1, #0x49b
    8261c318:	9a8112b5 	csel	x21, x21, x1, ne  // ne = any
    8261c31c:	528005b9 	mov	w25, #0x2d                  	// #45
    8261c320:	38746ac0 	ldrb	w0, [x22, x20]
    8261c324:	aa1503e1 	mov	x1, x21
    8261c328:	38606ae2 	ldrb	w2, [x23, x0]
    8261c32c:	aa1303e0 	mov	x0, x19
    8261c330:	94000464 	bl	8261d4c0 <sprintf>
    8261c334:	51000e80 	sub	w0, w20, #0x3
    8261c338:	7100181f 	cmp	w0, #0x6
    8261c33c:	540000a8 	b.hi	8261c350 <uuid_bin_to_str+0xd8>  // b.pmore
    8261c340:	38604b00 	ldrb	w0, [x24, w0, uxtw]
    8261c344:	10000061 	adr	x1, 8261c350 <uuid_bin_to_str+0xd8>
    8261c348:	8b208820 	add	x0, x1, w0, sxtb #2
    8261c34c:	d61f0000 	br	x0
    8261c350:	91000a73 	add	x19, x19, #0x2
    8261c354:	91000694 	add	x20, x20, #0x1
    8261c358:	f100429f 	cmp	x20, #0x10
    8261c35c:	54fffe21 	b.ne	8261c320 <uuid_bin_to_str+0xa8>  // b.any
    8261c360:	d0000040 	adrp	x0, 82626000 <spinand_chip_table+0xc96>
    8261c364:	f9403fe1 	ldr	x1, [sp, #120]
    8261c368:	f942f802 	ldr	x2, [x0, #1520]
    8261c36c:	eb020021 	subs	x1, x1, x2
    8261c370:	d2800002 	mov	x2, #0x0                   	// #0
    8261c374:	540000a0 	b.eq	8261c388 <uuid_bin_to_str+0x110>  // b.none
    8261c378:	97ffd821 	bl	826123fc <__stack_chk_fail>
    8261c37c:	91000e73 	add	x19, x19, #0x3
    8261c380:	381ff279 	sturb	w25, [x19, #-1]
    8261c384:	17fffff4 	b	8261c354 <uuid_bin_to_str+0xdc>
    8261c388:	a94153f3 	ldp	x19, x20, [sp, #16]
    8261c38c:	a9425bf5 	ldp	x21, x22, [sp, #32]
    8261c390:	a94363f7 	ldp	x23, x24, [sp, #48]
    8261c394:	f94023f9 	ldr	x25, [sp, #64]
    8261c398:	a8c87bfd 	ldp	x29, x30, [sp], #128
    8261c39c:	d65f03c0 	ret

000000008261c3a0 <panic_str>:
    8261c3a0:	a9bf7bfd 	stp	x29, x30, [sp, #-16]!
    8261c3a4:	910003fd 	mov	x29, sp
    8261c3a8:	97ffef75 	bl	8261817c <puts>
    8261c3ac:	52800140 	mov	w0, #0xa                   	// #10
    8261c3b0:	97ffef80 	bl	826181b0 <putc>
    8261c3b4:	97fffeb3 	bl	8261be80 <hang>

000000008261c3b8 <panic>:
    8261c3b8:	a9ad7bfd 	stp	x29, x30, [sp, #-304]!
    8261c3bc:	910003fd 	mov	x29, sp
    8261c3c0:	f9000bf3 	str	x19, [sp, #16]
    8261c3c4:	aa0003f3 	mov	x19, x0
    8261c3c8:	3d801fe0 	str	q0, [sp, #112]
    8261c3cc:	d0000040 	adrp	x0, 82626000 <spinand_chip_table+0xc96>
    8261c3d0:	3d8023e1 	str	q1, [sp, #128]
    8261c3d4:	3d8027e2 	str	q2, [sp, #144]
    8261c3d8:	3d802be3 	str	q3, [sp, #160]
    8261c3dc:	3d802fe4 	str	q4, [sp, #176]
    8261c3e0:	3d8033e5 	str	q5, [sp, #192]
    8261c3e4:	3d8037e6 	str	q6, [sp, #208]
    8261c3e8:	3d803be7 	str	q7, [sp, #224]
    8261c3ec:	a90f8be1 	stp	x1, x2, [sp, #248]
    8261c3f0:	d2800402 	mov	x2, #0x20                  	// #32
    8261c3f4:	a91093e3 	stp	x3, x4, [sp, #264]
    8261c3f8:	a9119be5 	stp	x5, x6, [sp, #280]
    8261c3fc:	f90097e7 	str	x7, [sp, #296]
    8261c400:	f942f801 	ldr	x1, [x0, #1520]
    8261c404:	f90037e1 	str	x1, [sp, #104]
    8261c408:	d2800001 	mov	x1, #0x0                   	// #0
    8261c40c:	9104c3e0 	add	x0, sp, #0x130
    8261c410:	a90483e0 	stp	x0, x0, [sp, #72]
    8261c414:	9103c3e0 	add	x0, sp, #0xf0
    8261c418:	910123e1 	add	x1, sp, #0x48
    8261c41c:	f9002fe0 	str	x0, [sp, #88]
    8261c420:	128006e0 	mov	w0, #0xffffffc8            	// #-56
    8261c424:	b90063e0 	str	w0, [sp, #96]
    8261c428:	12800fe0 	mov	w0, #0xffffff80            	// #-128
    8261c42c:	b90067e0 	str	w0, [sp, #100]
    8261c430:	8b2263e0 	add	x0, sp, x2
    8261c434:	97ffff07 	bl	8261c050 <memcpy>
    8261c438:	910083e1 	add	x1, sp, #0x20
    8261c43c:	aa1303e0 	mov	x0, x19
    8261c440:	94000486 	bl	8261d658 <vprintf>
    8261c444:	52800140 	mov	w0, #0xa                   	// #10
    8261c448:	97ffef5a 	bl	826181b0 <putc>
    8261c44c:	97fffe8d 	bl	8261be80 <hang>

000000008261c450 <put_dec_trunc>:
    8261c450:	d3441c28 	ubfx	x8, x1, #4, #4
    8261c454:	aa0003e2 	mov	x2, x0
    8261c458:	d3482c20 	ubfx	x0, x1, #8, #4
    8261c45c:	530c7c26 	lsr	w6, w1, #12
    8261c460:	0b000104 	add	w4, w8, w0
    8261c464:	528000c3 	mov	w3, #0x6                   	// #6
    8261c468:	0b413084 	add	w4, w4, w1, lsr #12
    8261c46c:	12000c21 	and	w1, w1, #0xf
    8261c470:	52800145 	mov	w5, #0xa                   	// #10
    8261c474:	1b030484 	madd	w4, w4, w3, w1
    8261c478:	528019a1 	mov	w1, #0xcd                  	// #205
    8261c47c:	1b017c83 	mul	w3, w4, w1
    8261c480:	530b7c67 	lsr	w7, w3, #11
    8261c484:	0b000803 	add	w3, w0, w0, lsl #2
    8261c488:	0b070063 	add	w3, w3, w7
    8261c48c:	1b0590e4 	msub	w4, w7, w5, w4
    8261c490:	1100c084 	add	w4, w4, #0x30
    8261c494:	39000044 	strb	w4, [x2]
    8261c498:	0b060cc4 	add	w4, w6, w6, lsl #3
    8261c49c:	0b080084 	add	w4, w4, w8
    8261c4a0:	2b040063 	adds	w3, w3, w4
    8261c4a4:	54000061 	b.ne	8261c4b0 <put_dec_trunc+0x60>  // b.any
    8261c4a8:	91000440 	add	x0, x2, #0x1
    8261c4ac:	d65f03c0 	ret
    8261c4b0:	1b017c64 	mul	w4, w3, w1
    8261c4b4:	530b7c84 	lsr	w4, w4, #11
    8261c4b8:	0b000480 	add	w0, w4, w0, lsl #1
    8261c4bc:	1b058c83 	msub	w3, w4, w5, w3
    8261c4c0:	1100c063 	add	w3, w3, #0x30
    8261c4c4:	39000443 	strb	w3, [x2, #1]
    8261c4c8:	2a0000c3 	orr	w3, w6, w0
    8261c4cc:	35000063 	cbnz	w3, 8261c4d8 <put_dec_trunc+0x88>
    8261c4d0:	91000840 	add	x0, x2, #0x2
    8261c4d4:	17fffff6 	b	8261c4ac <put_dec_trunc+0x5c>
    8261c4d8:	528001a3 	mov	w3, #0xd                   	// #13
    8261c4dc:	1b037c03 	mul	w3, w0, w3
    8261c4e0:	53077c63 	lsr	w3, w3, #7
    8261c4e4:	2b060866 	adds	w6, w3, w6, lsl #2
    8261c4e8:	1b058060 	msub	w0, w3, w5, w0
    8261c4ec:	1100c000 	add	w0, w0, #0x30
    8261c4f0:	39000840 	strb	w0, [x2, #2]
    8261c4f4:	54000061 	b.ne	8261c500 <put_dec_trunc+0xb0>  // b.any
    8261c4f8:	91000c40 	add	x0, x2, #0x3
    8261c4fc:	17ffffec 	b	8261c4ac <put_dec_trunc+0x5c>
    8261c500:	1b017cc1 	mul	w1, w6, w1
    8261c504:	530b7c21 	lsr	w1, w1, #11
    8261c508:	1b059825 	msub	w5, w1, w5, w6
    8261c50c:	1100c0a5 	add	w5, w5, #0x30
    8261c510:	39000c45 	strb	w5, [x2, #3]
    8261c514:	35000061 	cbnz	w1, 8261c520 <put_dec_trunc+0xd0>
    8261c518:	91001040 	add	x0, x2, #0x4
    8261c51c:	17ffffe4 	b	8261c4ac <put_dec_trunc+0x5c>
    8261c520:	1100c021 	add	w1, w1, #0x30
    8261c524:	91001440 	add	x0, x2, #0x5
    8261c528:	39001041 	strb	w1, [x2, #4]
    8261c52c:	17ffffe0 	b	8261c4ac <put_dec_trunc+0x5c>

000000008261c530 <put_dec>:
    8261c530:	d290d3ed 	mov	x13, #0x869f                	// #34463
    8261c534:	d290d40a 	mov	x10, #0x86a0                	// #34464
    8261c538:	f2a0002d 	movk	x13, #0x1, lsl #16
    8261c53c:	f2a0002a 	movk	x10, #0x1, lsl #16
    8261c540:	528000cc 	mov	w12, #0x6                   	// #6
    8261c544:	528019a8 	mov	w8, #0xcd                  	// #205
    8261c548:	52800147 	mov	w7, #0xa                   	// #10
    8261c54c:	528001ab 	mov	w11, #0xd                   	// #13
    8261c550:	eb0d003f 	cmp	x1, x13
    8261c554:	54000048 	b.hi	8261c55c <put_dec+0x2c>  // b.pmore
    8261c558:	17ffffbe 	b	8261c450 <put_dec_trunc>
    8261c55c:	9aca0822 	udiv	x2, x1, x10
    8261c560:	91001400 	add	x0, x0, #0x5
    8261c564:	9b0a8446 	msub	x6, x2, x10, x1
    8261c568:	aa0203e1 	mov	x1, x2
    8261c56c:	53041cce 	ubfx	w14, w6, #4, #4
    8261c570:	53082cc2 	ubfx	w2, w6, #8, #4
    8261c574:	0b0201c5 	add	w5, w14, w2
    8261c578:	530c7cc3 	lsr	w3, w6, #12
    8261c57c:	0b4630a5 	add	w5, w5, w6, lsr #12
    8261c580:	12000cc6 	and	w6, w6, #0xf
    8261c584:	1b0c18a5 	madd	w5, w5, w12, w6
    8261c588:	1b087ca4 	mul	w4, w5, w8
    8261c58c:	530b7c86 	lsr	w6, w4, #11
    8261c590:	0b030c64 	add	w4, w3, w3, lsl #3
    8261c594:	1b0794c5 	msub	w5, w6, w7, w5
    8261c598:	1100c0a5 	add	w5, w5, #0x30
    8261c59c:	381fb005 	sturb	w5, [x0, #-5]
    8261c5a0:	0b0e0085 	add	w5, w4, w14
    8261c5a4:	0b020844 	add	w4, w2, w2, lsl #2
    8261c5a8:	0b060084 	add	w4, w4, w6
    8261c5ac:	0b050084 	add	w4, w4, w5
    8261c5b0:	1b087c85 	mul	w5, w4, w8
    8261c5b4:	530b7ca5 	lsr	w5, w5, #11
    8261c5b8:	0b0204a2 	add	w2, w5, w2, lsl #1
    8261c5bc:	1b0790a4 	msub	w4, w5, w7, w4
    8261c5c0:	1100c084 	add	w4, w4, #0x30
    8261c5c4:	381fc004 	sturb	w4, [x0, #-4]
    8261c5c8:	1b0b7c44 	mul	w4, w2, w11
    8261c5cc:	53077c84 	lsr	w4, w4, #7
    8261c5d0:	0b030883 	add	w3, w4, w3, lsl #2
    8261c5d4:	1b078882 	msub	w2, w4, w7, w2
    8261c5d8:	1100c042 	add	w2, w2, #0x30
    8261c5dc:	381fd002 	sturb	w2, [x0, #-3]
    8261c5e0:	1b087c62 	mul	w2, w3, w8
    8261c5e4:	530b7c42 	lsr	w2, w2, #11
    8261c5e8:	1b078c43 	msub	w3, w2, w7, w3
    8261c5ec:	1100c042 	add	w2, w2, #0x30
    8261c5f0:	1100c063 	add	w3, w3, #0x30
    8261c5f4:	381fe003 	sturb	w3, [x0, #-2]
    8261c5f8:	381ff002 	sturb	w2, [x0, #-1]
    8261c5fc:	17ffffd5 	b	8261c550 <put_dec+0x20>

000000008261c600 <number>:
    8261c600:	a9b57bfd 	stp	x29, x30, [sp, #-176]!
    8261c604:	2a0603ef 	mov	w15, w6
    8261c608:	910003fd 	mov	x29, sp
    8261c60c:	a90153f3 	stp	x19, x20, [sp, #16]
    8261c610:	aa0003f4 	mov	x20, x0
    8261c614:	d0000040 	adrp	x0, 82626000 <spinand_chip_table+0xc96>
    8261c618:	a9025bf5 	stp	x21, x22, [sp, #32]
    8261c61c:	aa0103f5 	mov	x21, x1
    8261c620:	aa0203e1 	mov	x1, x2
    8261c624:	a90363f7 	stp	x23, x24, [sp, #48]
    8261c628:	2a0403f3 	mov	w19, w4
    8261c62c:	2a0303f7 	mov	w23, w3
    8261c630:	a9046bf9 	stp	x25, x26, [sp, #64]
    8261c634:	2a0503f6 	mov	w22, w5
    8261c638:	a90573fb 	stp	x27, x28, [sp, #80]
    8261c63c:	f942f802 	ldr	x2, [x0, #1520]
    8261c640:	f90057e2 	str	x2, [sp, #168]
    8261c644:	d2800002 	mov	x2, #0x0                   	// #0
    8261c648:	3630028f 	tbz	w15, #6, 8261c698 <number+0x98>
    8261c64c:	7100287f 	cmp	w3, #0xa
    8261c650:	1a9f07fa 	cset	w26, ne  // ne = any
    8261c654:	121b01f9 	and	w25, w15, #0x20
    8261c658:	121c01fb 	and	w27, w15, #0x10
    8261c65c:	3620004f 	tbz	w15, #4, 8261c664 <number+0x64>
    8261c660:	121f79ef 	and	w15, w15, #0xfffffffe
    8261c664:	3608092f 	tbz	w15, #1, 8261c788 <number+0x188>
    8261c668:	b6f801c1 	tbz	x1, #63, 8261c6a0 <number+0xa0>
    8261c66c:	cb0103e1 	neg	x1, x1
    8261c670:	51000673 	sub	w19, w19, #0x1
    8261c674:	528005b8 	mov	w24, #0x2d                  	// #45
    8261c678:	350001da 	cbnz	w26, 8261c6b0 <number+0xb0>
    8261c67c:	71002aff 	cmp	w23, #0xa
    8261c680:	540008c1 	b.ne	8261c798 <number+0x198>  // b.any
    8261c684:	910183fc 	add	x28, sp, #0x60
    8261c688:	aa1c03e0 	mov	x0, x28
    8261c68c:	97ffffa9 	bl	8261c530 <put_dec>
    8261c690:	4b1c0000 	sub	w0, w0, w28
    8261c694:	1400000e 	b	8261c6cc <number+0xcc>
    8261c698:	121a00da 	and	w26, w6, #0x40
    8261c69c:	17ffffee 	b	8261c654 <number+0x54>
    8261c6a0:	361006cf 	tbz	w15, #2, 8261c778 <number+0x178>
    8261c6a4:	51000673 	sub	w19, w19, #0x1
    8261c6a8:	52800578 	mov	w24, #0x2b                  	// #43
    8261c6ac:	3400009a 	cbz	w26, 8261c6bc <number+0xbc>
    8261c6b0:	710042ff 	cmp	w23, #0x10
    8261c6b4:	540006e0 	b.eq	8261c790 <number+0x190>  // b.none
    8261c6b8:	51000673 	sub	w19, w19, #0x1
    8261c6bc:	b5fffe01 	cbnz	x1, 8261c67c <number+0x7c>
    8261c6c0:	52800600 	mov	w0, #0x30                  	// #48
    8261c6c4:	390183e0 	strb	w0, [sp, #96]
    8261c6c8:	52800020 	mov	w0, #0x1                   	// #1
    8261c6cc:	6b16001f 	cmp	w0, w22
    8261c6d0:	52800221 	mov	w1, #0x11                  	// #17
    8261c6d4:	1a96a005 	csel	w5, w0, w22, ge  // ge = tcont
    8261c6d8:	4b050264 	sub	w4, w19, w5
    8261c6dc:	6a0101ff 	tst	w15, w1
    8261c6e0:	54000980 	b.eq	8261c810 <number+0x210>  // b.none
    8261c6e4:	340000b8 	cbz	w24, 8261c6f8 <number+0xf8>
    8261c6e8:	eb15029f 	cmp	x20, x21
    8261c6ec:	54000042 	b.cs	8261c6f4 <number+0xf4>  // b.hs, b.nlast
    8261c6f0:	39000298 	strb	w24, [x20]
    8261c6f4:	91000694 	add	x20, x20, #0x1
    8261c6f8:	340001da 	cbz	w26, 8261c730 <number+0x130>
    8261c6fc:	eb15029f 	cmp	x20, x21
    8261c700:	54000062 	b.cs	8261c70c <number+0x10c>  // b.hs, b.nlast
    8261c704:	52800601 	mov	w1, #0x30                  	// #48
    8261c708:	39000281 	strb	w1, [x20]
    8261c70c:	91000681 	add	x1, x20, #0x1
    8261c710:	710042ff 	cmp	w23, #0x10
    8261c714:	54000861 	b.ne	8261c820 <number+0x220>  // b.any
    8261c718:	eb0102bf 	cmp	x21, x1
    8261c71c:	54000089 	b.ls	8261c72c <number+0x12c>  // b.plast
    8261c720:	52800b01 	mov	w1, #0x58                  	// #88
    8261c724:	2a010321 	orr	w1, w25, w1
    8261c728:	39000681 	strb	w1, [x20, #1]
    8261c72c:	91000a94 	add	x20, x20, #0x2
    8261c730:	350001db 	cbnz	w27, 8261c768 <number+0x168>
    8261c734:	52800401 	mov	w1, #0x20                  	// #32
    8261c738:	f24001ff 	tst	x15, #0x1
    8261c73c:	52800603 	mov	w3, #0x30                  	// #48
    8261c740:	2a0403e2 	mov	w2, w4
    8261c744:	1a811063 	csel	w3, w3, w1, ne  // ne = any
    8261c748:	aa1403e1 	mov	x1, x20
    8261c74c:	71000442 	subs	w2, w2, #0x1
    8261c750:	540006c5 	b.pl	8261c828 <number+0x228>  // b.nfrst
    8261c754:	7100009f 	cmp	w4, #0x0
    8261c758:	1a9fa081 	csel	w1, w4, wzr, ge  // ge = tcont
    8261c75c:	51000484 	sub	w4, w4, #0x1
    8261c760:	4b010084 	sub	w4, w4, w1
    8261c764:	8b21c294 	add	x20, x20, w1, sxtw
    8261c768:	2a0503e2 	mov	w2, w5
    8261c76c:	aa1403e1 	mov	x1, x20
    8261c770:	52800603 	mov	w3, #0x30                  	// #48
    8261c774:	14000036 	b	8261c84c <number+0x24c>
    8261c778:	3618008f 	tbz	w15, #3, 8261c788 <number+0x188>
    8261c77c:	51000673 	sub	w19, w19, #0x1
    8261c780:	52800418 	mov	w24, #0x20                  	// #32
    8261c784:	17ffffca 	b	8261c6ac <number+0xac>
    8261c788:	52800018 	mov	w24, #0x0                   	// #0
    8261c78c:	17ffffc8 	b	8261c6ac <number+0xac>
    8261c790:	51000a73 	sub	w19, w19, #0x2
    8261c794:	b4fff961 	cbz	x1, 8261c6c0 <number+0xc0>
    8261c798:	710042ff 	cmp	w23, #0x10
    8261c79c:	90000045 	adrp	x5, 82624000 <_ctype+0x15a>
    8261c7a0:	1a9f17e3 	cset	w3, eq  // eq = none
    8261c7a4:	510006e7 	sub	w7, w23, #0x1
    8261c7a8:	11000c63 	add	w3, w3, #0x3
    8261c7ac:	910183e6 	add	x6, sp, #0x60
    8261c7b0:	9112e8a5 	add	x5, x5, #0x4ba
    8261c7b4:	d2800002 	mov	x2, #0x0                   	// #0
    8261c7b8:	8a070024 	and	x4, x1, x7
    8261c7bc:	11000440 	add	w0, w2, #0x1
    8261c7c0:	92401c84 	and	x4, x4, #0xff
    8261c7c4:	9ac32421 	lsr	x1, x1, x3
    8261c7c8:	386468a4 	ldrb	w4, [x5, x4]
    8261c7cc:	2a040324 	orr	w4, w25, w4
    8261c7d0:	38266844 	strb	w4, [x2, x6]
    8261c7d4:	91000442 	add	x2, x2, #0x1
    8261c7d8:	b5ffff01 	cbnz	x1, 8261c7b8 <number+0x1b8>
    8261c7dc:	17ffffbc 	b	8261c6cc <number+0xcc>
    8261c7e0:	eb15003f 	cmp	x1, x21
    8261c7e4:	54000042 	b.cs	8261c7ec <number+0x1ec>  // b.hs, b.nlast
    8261c7e8:	39000023 	strb	w3, [x1]
    8261c7ec:	91000421 	add	x1, x1, #0x1
    8261c7f0:	71000442 	subs	w2, w2, #0x1
    8261c7f4:	54ffff65 	b.pl	8261c7e0 <number+0x1e0>  // b.nfrst
    8261c7f8:	7100009f 	cmp	w4, #0x0
    8261c7fc:	1a9fa081 	csel	w1, w4, wzr, ge  // ge = tcont
    8261c800:	51000484 	sub	w4, w4, #0x1
    8261c804:	4b010084 	sub	w4, w4, w1
    8261c808:	8b21c294 	add	x20, x20, w1, sxtw
    8261c80c:	17ffffb6 	b	8261c6e4 <number+0xe4>
    8261c810:	2a0403e2 	mov	w2, w4
    8261c814:	aa1403e1 	mov	x1, x20
    8261c818:	52800403 	mov	w3, #0x20                  	// #32
    8261c81c:	17fffff5 	b	8261c7f0 <number+0x1f0>
    8261c820:	aa0103f4 	mov	x20, x1
    8261c824:	17ffffc3 	b	8261c730 <number+0x130>
    8261c828:	eb15003f 	cmp	x1, x21
    8261c82c:	54000042 	b.cs	8261c834 <number+0x234>  // b.hs, b.nlast
    8261c830:	39000023 	strb	w3, [x1]
    8261c834:	91000421 	add	x1, x1, #0x1
    8261c838:	17ffffc5 	b	8261c74c <number+0x14c>
    8261c83c:	eb15003f 	cmp	x1, x21
    8261c840:	54000042 	b.cs	8261c848 <number+0x248>  // b.hs, b.nlast
    8261c844:	39000023 	strb	w3, [x1]
    8261c848:	91000421 	add	x1, x1, #0x1
    8261c84c:	51000442 	sub	w2, w2, #0x1
    8261c850:	6b02001f 	cmp	w0, w2
    8261c854:	54ffff4d 	b.le	8261c83c <number+0x23c>
    8261c858:	4b0000a2 	sub	w2, w5, w0
    8261c85c:	6b05001f 	cmp	w0, w5
    8261c860:	9a9fd042 	csel	x2, x2, xzr, le
    8261c864:	51000401 	sub	w1, w0, #0x1
    8261c868:	8b020282 	add	x2, x20, x2
    8261c86c:	910183e5 	add	x5, sp, #0x60
    8261c870:	93407c21 	sxtw	x1, w1
    8261c874:	aa0203e3 	mov	x3, x2
    8261c878:	36f80261 	tbz	w1, #31, 8261c8c4 <number+0x2c4>
    8261c87c:	7100001f 	cmp	w0, #0x0
    8261c880:	52800403 	mov	w3, #0x20                  	// #32
    8261c884:	1a9fa000 	csel	w0, w0, wzr, ge  // ge = tcont
    8261c888:	8b20c040 	add	x0, x2, w0, sxtw
    8261c88c:	2a0403e2 	mov	w2, w4
    8261c890:	aa0003e1 	mov	x1, x0
    8261c894:	71000442 	subs	w2, w2, #0x1
    8261c898:	54000245 	b.pl	8261c8e0 <number+0x2e0>  // b.nfrst
    8261c89c:	7100009f 	cmp	w4, #0x0
    8261c8a0:	d0000041 	adrp	x1, 82626000 <spinand_chip_table+0xc96>
    8261c8a4:	1a9fa084 	csel	w4, w4, wzr, ge  // ge = tcont
    8261c8a8:	f94057e2 	ldr	x2, [sp, #168]
    8261c8ac:	f942f823 	ldr	x3, [x1, #1520]
    8261c8b0:	eb030042 	subs	x2, x2, x3
    8261c8b4:	d2800003 	mov	x3, #0x0                   	// #0
    8261c8b8:	8b24c000 	add	x0, x0, w4, sxtw
    8261c8bc:	540001c0 	b.eq	8261c8f4 <number+0x2f4>  // b.none
    8261c8c0:	97ffd6cf 	bl	826123fc <__stack_chk_fail>
    8261c8c4:	eb15007f 	cmp	x3, x21
    8261c8c8:	54000062 	b.cs	8261c8d4 <number+0x2d4>  // b.hs, b.nlast
    8261c8cc:	38656826 	ldrb	w6, [x1, x5]
    8261c8d0:	39000066 	strb	w6, [x3]
    8261c8d4:	91000463 	add	x3, x3, #0x1
    8261c8d8:	d1000421 	sub	x1, x1, #0x1
    8261c8dc:	17ffffe7 	b	8261c878 <number+0x278>
    8261c8e0:	eb15003f 	cmp	x1, x21
    8261c8e4:	54000042 	b.cs	8261c8ec <number+0x2ec>  // b.hs, b.nlast
    8261c8e8:	39000023 	strb	w3, [x1]
    8261c8ec:	91000421 	add	x1, x1, #0x1
    8261c8f0:	17ffffe9 	b	8261c894 <number+0x294>
    8261c8f4:	a94153f3 	ldp	x19, x20, [sp, #16]
    8261c8f8:	a9425bf5 	ldp	x21, x22, [sp, #32]
    8261c8fc:	a94363f7 	ldp	x23, x24, [sp, #48]
    8261c900:	a9446bf9 	ldp	x25, x26, [sp, #64]
    8261c904:	a94573fb 	ldp	x27, x28, [sp, #80]
    8261c908:	a8cb7bfd 	ldp	x29, x30, [sp], #176
    8261c90c:	d65f03c0 	ret

000000008261c910 <string>:
    8261c910:	a9bc7bfd 	stp	x29, x30, [sp, #-64]!
    8261c914:	910003fd 	mov	x29, sp
    8261c918:	a90153f3 	stp	x19, x20, [sp, #16]
    8261c91c:	aa0003f4 	mov	x20, x0
    8261c920:	2a0303f3 	mov	w19, w3
    8261c924:	a9025bf5 	stp	x21, x22, [sp, #32]
    8261c928:	aa0103f6 	mov	x22, x1
    8261c92c:	f9001bf7 	str	x23, [sp, #48]
    8261c930:	2a0503f7 	mov	w23, w5
    8261c934:	b50003c2 	cbnz	x2, 8261c9ac <string+0x9c>
    8261c938:	d0000055 	adrp	x21, 82626000 <spinand_chip_table+0xc96>
    8261c93c:	911166b5 	add	x21, x21, #0x459
    8261c940:	93407c81 	sxtw	x1, w4
    8261c944:	aa1503e0 	mov	x0, x21
    8261c948:	97fffd9d 	bl	8261bfbc <strnlen>
    8261c94c:	2a0003e4 	mov	w4, w0
    8261c950:	36200537 	tbz	w23, #4, 8261c9f4 <string+0xe4>
    8261c954:	d2800003 	mov	x3, #0x0                   	// #0
    8261c958:	6b03009f 	cmp	w4, w3
    8261c95c:	5400054c 	b.gt	8261ca04 <string+0xf4>
    8261c960:	92407c02 	and	x2, x0, #0xffffffff
    8261c964:	7100001f 	cmp	w0, #0x0
    8261c968:	9a9fa042 	csel	x2, x2, xzr, ge  // ge = tcont
    8261c96c:	52800405 	mov	w5, #0x20                  	// #32
    8261c970:	8b020294 	add	x20, x20, x2
    8261c974:	aa1403e2 	mov	x2, x20
    8261c978:	0b140263 	add	w3, w19, w20
    8261c97c:	4b020061 	sub	w1, w3, w2
    8261c980:	6b01009f 	cmp	w4, w1
    8261c984:	540004eb 	b.lt	8261ca20 <string+0x110>  // b.tstop
    8261c988:	6b00027f 	cmp	w19, w0
    8261c98c:	4b000261 	sub	w1, w19, w0
    8261c990:	9a9fa021 	csel	x1, x1, xzr, ge  // ge = tcont
    8261c994:	8b010280 	add	x0, x20, x1
    8261c998:	a94153f3 	ldp	x19, x20, [sp, #16]
    8261c99c:	a9425bf5 	ldp	x21, x22, [sp, #32]
    8261c9a0:	f9401bf7 	ldr	x23, [sp, #48]
    8261c9a4:	a8c47bfd 	ldp	x29, x30, [sp], #64
    8261c9a8:	d65f03c0 	ret
    8261c9ac:	aa0203f5 	mov	x21, x2
    8261c9b0:	17ffffe4 	b	8261c940 <string+0x30>
    8261c9b4:	eb16005f 	cmp	x2, x22
    8261c9b8:	54000042 	b.cs	8261c9c0 <string+0xb0>  // b.hs, b.nlast
    8261c9bc:	39000045 	strb	w5, [x2]
    8261c9c0:	91000442 	add	x2, x2, #0x1
    8261c9c4:	4b020061 	sub	w1, w3, w2
    8261c9c8:	6b01009f 	cmp	w4, w1
    8261c9cc:	54ffff4b 	b.lt	8261c9b4 <string+0xa4>  // b.tstop
    8261c9d0:	6b13001f 	cmp	w0, w19
    8261c9d4:	4b000261 	sub	w1, w19, w0
    8261c9d8:	9a9fd021 	csel	x1, x1, xzr, le
    8261c9dc:	8b010294 	add	x20, x20, x1
    8261c9e0:	51000661 	sub	w1, w19, #0x1
    8261c9e4:	4b130013 	sub	w19, w0, w19
    8261c9e8:	1a9fd273 	csel	w19, w19, wzr, le
    8261c9ec:	0b130033 	add	w19, w1, w19
    8261c9f0:	17ffffd9 	b	8261c954 <string+0x44>
    8261c9f4:	aa1403e2 	mov	x2, x20
    8261c9f8:	0b140263 	add	w3, w19, w20
    8261c9fc:	52800405 	mov	w5, #0x20                  	// #32
    8261ca00:	17fffff1 	b	8261c9c4 <string+0xb4>
    8261ca04:	8b030281 	add	x1, x20, x3
    8261ca08:	eb0102df 	cmp	x22, x1
    8261ca0c:	54000069 	b.ls	8261ca18 <string+0x108>  // b.plast
    8261ca10:	384016a1 	ldrb	w1, [x21], #1
    8261ca14:	38236a81 	strb	w1, [x20, x3]
    8261ca18:	91000463 	add	x3, x3, #0x1
    8261ca1c:	17ffffcf 	b	8261c958 <string+0x48>
    8261ca20:	eb16005f 	cmp	x2, x22
    8261ca24:	54000042 	b.cs	8261ca2c <string+0x11c>  // b.hs, b.nlast
    8261ca28:	39000045 	strb	w5, [x2]
    8261ca2c:	91000442 	add	x2, x2, #0x1
    8261ca30:	17ffffd3 	b	8261c97c <string+0x6c>

000000008261ca34 <vsnprintf_internal>:
    8261ca34:	a9b47bfd 	stp	x29, x30, [sp, #-192]!
    8261ca38:	910003fd 	mov	x29, sp
    8261ca3c:	a90153f3 	stp	x19, x20, [sp, #16]
    8261ca40:	a9025bf5 	stp	x21, x22, [sp, #32]
    8261ca44:	a90363f7 	stp	x23, x24, [sp, #48]
    8261ca48:	aa0003f8 	mov	x24, x0
    8261ca4c:	d0000040 	adrp	x0, 82626000 <spinand_chip_table+0xc96>
    8261ca50:	a9046bf9 	stp	x25, x26, [sp, #64]
    8261ca54:	aa0203f9 	mov	x25, x2
    8261ca58:	a90573fb 	stp	x27, x28, [sp, #80]
    8261ca5c:	f90033e1 	str	x1, [sp, #96]
    8261ca60:	b9401875 	ldr	w21, [x3, #24]
    8261ca64:	f942f801 	ldr	x1, [x0, #1520]
    8261ca68:	f9005fe1 	str	x1, [sp, #184]
    8261ca6c:	d2800001 	mov	x1, #0x0                   	// #0
    8261ca70:	f94033e0 	ldr	x0, [sp, #96]
    8261ca74:	a9405c73 	ldp	x19, x23, [x3]
    8261ca78:	ab00031c 	adds	x28, x24, x0
    8261ca7c:	54000083 	b.cc	8261ca8c <vsnprintf_internal+0x58>  // b.lo, b.ul, b.last
    8261ca80:	aa3803e0 	mvn	x0, x24
    8261ca84:	9280001c 	mov	x28, #0xffffffffffffffff    	// #-1
    8261ca88:	f90033e0 	str	x0, [sp, #96]
    8261ca8c:	f000003a 	adrp	x26, 82623000 <clk_fixed_rate_ops+0x18>
    8261ca90:	aa1803f4 	mov	x20, x24
    8261ca94:	91343340 	add	x0, x26, #0xd0c
    8261ca98:	f000003b 	adrp	x27, 82623000 <clk_fixed_rate_ops+0x18>
    8261ca9c:	f90037e0 	str	x0, [sp, #104]
    8261caa0:	913a9b60 	add	x0, x27, #0xea6
    8261caa4:	f9003be0 	str	x0, [sp, #112]
    8261caa8:	39400320 	ldrb	w0, [x25]
    8261caac:	35000180 	cbnz	w0, 8261cadc <vsnprintf_internal+0xa8>
    8261cab0:	f94033e0 	ldr	x0, [sp, #96]
    8261cab4:	b4000100 	cbz	x0, 8261cad4 <vsnprintf_internal+0xa0>
    8261cab8:	eb1c029f 	cmp	x20, x28
    8261cabc:	54000042 	b.cs	8261cac4 <vsnprintf_internal+0x90>  // b.hs, b.nlast
    8261cac0:	3900029f 	strb	wzr, [x20]
    8261cac4:	91000680 	add	x0, x20, #0x1
    8261cac8:	eb00039f 	cmp	x28, x0
    8261cacc:	54000042 	b.cs	8261cad4 <vsnprintf_internal+0xa0>  // b.hs, b.nlast
    8261cad0:	381ff39f 	sturb	wzr, [x28, #-1]
    8261cad4:	4b180280 	sub	w0, w20, w24
    8261cad8:	14000157 	b	8261d034 <vsnprintf_internal+0x600>
    8261cadc:	7100941f 	cmp	w0, #0x25
    8261cae0:	540000c0 	b.eq	8261caf8 <vsnprintf_internal+0xc4>  // b.none
    8261cae4:	eb1c029f 	cmp	x20, x28
    8261cae8:	54000042 	b.cs	8261caf0 <vsnprintf_internal+0xbc>  // b.hs, b.nlast
    8261caec:	39000280 	strb	w0, [x20]
    8261caf0:	91000694 	add	x20, x20, #0x1
    8261caf4:	140000df 	b	8261ce70 <vsnprintf_internal+0x43c>
    8261caf8:	52800006 	mov	w6, #0x0                   	// #0
    8261cafc:	14000009 	b	8261cb20 <vsnprintf_internal+0xec>
    8261cb00:	7100b43f 	cmp	w1, #0x2d
    8261cb04:	540000a0 	b.eq	8261cb18 <vsnprintf_internal+0xe4>  // b.none
    8261cb08:	7100c03f 	cmp	w1, #0x30
    8261cb0c:	540001c1 	b.ne	8261cb44 <vsnprintf_internal+0x110>  // b.any
    8261cb10:	320000c6 	orr	w6, w6, #0x1
    8261cb14:	14000002 	b	8261cb1c <vsnprintf_internal+0xe8>
    8261cb18:	321c00c6 	orr	w6, w6, #0x10
    8261cb1c:	aa0003f9 	mov	x25, x0
    8261cb20:	39400721 	ldrb	w1, [x25, #1]
    8261cb24:	91000720 	add	x0, x25, #0x1
    8261cb28:	7100ac3f 	cmp	w1, #0x2b
    8261cb2c:	540001a0 	b.eq	8261cb60 <vsnprintf_internal+0x12c>  // b.none
    8261cb30:	54fffe88 	b.hi	8261cb00 <vsnprintf_internal+0xcc>  // b.pmore
    8261cb34:	7100803f 	cmp	w1, #0x20
    8261cb38:	54000180 	b.eq	8261cb68 <vsnprintf_internal+0x134>  // b.none
    8261cb3c:	71008c3f 	cmp	w1, #0x23
    8261cb40:	54000180 	b.eq	8261cb70 <vsnprintf_internal+0x13c>  // b.none
    8261cb44:	5100c022 	sub	w2, w1, #0x30
    8261cb48:	12001c42 	and	w2, w2, #0xff
    8261cb4c:	7100245f 	cmp	w2, #0x9
    8261cb50:	540003c8 	b.hi	8261cbc8 <vsnprintf_internal+0x194>  // b.pmore
    8261cb54:	5280001a 	mov	w26, #0x0                   	// #0
    8261cb58:	52800144 	mov	w4, #0xa                   	// #10
    8261cb5c:	1400000a 	b	8261cb84 <vsnprintf_internal+0x150>
    8261cb60:	321e00c6 	orr	w6, w6, #0x4
    8261cb64:	17ffffee 	b	8261cb1c <vsnprintf_internal+0xe8>
    8261cb68:	321d00c6 	orr	w6, w6, #0x8
    8261cb6c:	17ffffec 	b	8261cb1c <vsnprintf_internal+0xe8>
    8261cb70:	321a00c6 	orr	w6, w6, #0x40
    8261cb74:	17ffffea 	b	8261cb1c <vsnprintf_internal+0xe8>
    8261cb78:	1b040743 	madd	w3, w26, w4, w1
    8261cb7c:	91000400 	add	x0, x0, #0x1
    8261cb80:	5100c07a 	sub	w26, w3, #0x30
    8261cb84:	39400001 	ldrb	w1, [x0]
    8261cb88:	5100c022 	sub	w2, w1, #0x30
    8261cb8c:	12001c42 	and	w2, w2, #0xff
    8261cb90:	7100245f 	cmp	w2, #0x9
    8261cb94:	54ffff29 	b.ls	8261cb78 <vsnprintf_internal+0x144>  // b.plast
    8261cb98:	39400001 	ldrb	w1, [x0]
    8261cb9c:	7100b83f 	cmp	w1, #0x2e
    8261cba0:	54000d21 	b.ne	8261cd44 <vsnprintf_internal+0x310>  // b.any
    8261cba4:	39400402 	ldrb	w2, [x0, #1]
    8261cba8:	91000419 	add	x25, x0, #0x1
    8261cbac:	5100c041 	sub	w1, w2, #0x30
    8261cbb0:	12001c21 	and	w1, w1, #0xff
    8261cbb4:	7100243f 	cmp	w1, #0x9
    8261cbb8:	540009e8 	b.hi	8261ccf4 <vsnprintf_internal+0x2c0>  // b.pmore
    8261cbbc:	52800004 	mov	w4, #0x0                   	// #0
    8261cbc0:	52800142 	mov	w2, #0xa                   	// #10
    8261cbc4:	1400001d 	b	8261cc38 <vsnprintf_internal+0x204>
    8261cbc8:	7100a83f 	cmp	w1, #0x2a
    8261cbcc:	540002c1 	b.ne	8261cc24 <vsnprintf_internal+0x1f0>  // b.any
    8261cbd0:	91000b20 	add	x0, x25, #0x2
    8261cbd4:	37f80135 	tbnz	w21, #31, 8261cbf8 <vsnprintf_internal+0x1c4>
    8261cbd8:	91002e62 	add	x2, x19, #0xb
    8261cbdc:	aa1303e1 	mov	x1, x19
    8261cbe0:	927df053 	and	x19, x2, #0xfffffffffffffff8
    8261cbe4:	b940003a 	ldr	w26, [x1]
    8261cbe8:	36fffd9a 	tbz	w26, #31, 8261cb98 <vsnprintf_internal+0x164>
    8261cbec:	4b1a03fa 	neg	w26, w26
    8261cbf0:	321c00c6 	orr	w6, w6, #0x10
    8261cbf4:	17ffffe9 	b	8261cb98 <vsnprintf_internal+0x164>
    8261cbf8:	110022a2 	add	w2, w21, #0x8
    8261cbfc:	7100005f 	cmp	w2, #0x0
    8261cc00:	540000cd 	b.le	8261cc18 <vsnprintf_internal+0x1e4>
    8261cc04:	91002e63 	add	x3, x19, #0xb
    8261cc08:	aa1303e1 	mov	x1, x19
    8261cc0c:	2a0203f5 	mov	w21, w2
    8261cc10:	927df073 	and	x19, x3, #0xfffffffffffffff8
    8261cc14:	17fffff4 	b	8261cbe4 <vsnprintf_internal+0x1b0>
    8261cc18:	8b35c2e1 	add	x1, x23, w21, sxtw
    8261cc1c:	2a0203f5 	mov	w21, w2
    8261cc20:	17fffff1 	b	8261cbe4 <vsnprintf_internal+0x1b0>
    8261cc24:	1280001a 	mov	w26, #0xffffffff            	// #-1
    8261cc28:	17ffffdc 	b	8261cb98 <vsnprintf_internal+0x164>
    8261cc2c:	1b020484 	madd	w4, w4, w2, w1
    8261cc30:	91000739 	add	x25, x25, #0x1
    8261cc34:	5100c084 	sub	w4, w4, #0x30
    8261cc38:	39400321 	ldrb	w1, [x25]
    8261cc3c:	5100c020 	sub	w0, w1, #0x30
    8261cc40:	12001c00 	and	w0, w0, #0xff
    8261cc44:	7100241f 	cmp	w0, #0x9
    8261cc48:	54ffff29 	b.ls	8261cc2c <vsnprintf_internal+0x1f8>  // b.plast
    8261cc4c:	7100009f 	cmp	w4, #0x0
    8261cc50:	1a9fa09b 	csel	w27, w4, wzr, ge  // ge = tcont
    8261cc54:	39400320 	ldrb	w0, [x25]
    8261cc58:	51013001 	sub	w1, w0, #0x4c
    8261cc5c:	12001c21 	and	w1, w1, #0xff
    8261cc60:	7100b83f 	cmp	w1, #0x2e
    8261cc64:	540007a8 	b.hi	8261cd58 <vsnprintf_internal+0x324>  // b.pmore
    8261cc68:	d2880022 	mov	x2, #0x4001                	// #16385
    8261cc6c:	f2a20002 	movk	x2, #0x1000, lsl #16
    8261cc70:	f2c82022 	movk	x2, #0x4101, lsl #32
    8261cc74:	9ac12441 	lsr	x1, x2, x1
    8261cc78:	36000701 	tbz	w1, #0, 8261cd58 <vsnprintf_internal+0x324>
    8261cc7c:	39400722 	ldrb	w2, [x25, #1]
    8261cc80:	91000721 	add	x1, x25, #0x1
    8261cc84:	7101b01f 	cmp	w0, #0x6c
    8261cc88:	540006c1 	b.ne	8261cd60 <vsnprintf_internal+0x32c>  // b.any
    8261cc8c:	7101b05f 	cmp	w2, #0x6c
    8261cc90:	54000681 	b.ne	8261cd60 <vsnprintf_internal+0x32c>  // b.any
    8261cc94:	91000b39 	add	x25, x25, #0x2
    8261cc98:	52800980 	mov	w0, #0x4c                  	// #76
    8261cc9c:	39400321 	ldrb	w1, [x25]
    8261cca0:	7101e03f 	cmp	w1, #0x78
    8261cca4:	54000108 	b.hi	8261ccc4 <vsnprintf_internal+0x290>  // b.pmore
    8261cca8:	7101883f 	cmp	w1, #0x62
    8261ccac:	540005e8 	b.hi	8261cd68 <vsnprintf_internal+0x334>  // b.pmore
    8261ccb0:	7100943f 	cmp	w1, #0x25
    8261ccb4:	54003140 	b.eq	8261d2dc <vsnprintf_internal+0x8a8>  // b.none
    8261ccb8:	5280020b 	mov	w11, #0x10                  	// #16
    8261ccbc:	7101603f 	cmp	w1, #0x58
    8261ccc0:	54000660 	b.eq	8261cd8c <vsnprintf_internal+0x358>  // b.none
    8261ccc4:	eb1c029f 	cmp	x20, x28
    8261ccc8:	54000062 	b.cs	8261ccd4 <vsnprintf_internal+0x2a0>  // b.hs, b.nlast
    8261cccc:	528004a0 	mov	w0, #0x25                  	// #37
    8261ccd0:	39000280 	strb	w0, [x20]
    8261ccd4:	39400321 	ldrb	w1, [x25]
    8261ccd8:	91000680 	add	x0, x20, #0x1
    8261ccdc:	34003141 	cbz	w1, 8261d304 <vsnprintf_internal+0x8d0>
    8261cce0:	eb00039f 	cmp	x28, x0
    8261cce4:	54000049 	b.ls	8261ccec <vsnprintf_internal+0x2b8>  // b.plast
    8261cce8:	39000681 	strb	w1, [x20, #1]
    8261ccec:	91000a94 	add	x20, x20, #0x2
    8261ccf0:	14000060 	b	8261ce70 <vsnprintf_internal+0x43c>
    8261ccf4:	7100a85f 	cmp	w2, #0x2a
    8261ccf8:	540002c1 	b.ne	8261cd50 <vsnprintf_internal+0x31c>  // b.any
    8261ccfc:	91000819 	add	x25, x0, #0x2
    8261cd00:	37f80115 	tbnz	w21, #31, 8261cd20 <vsnprintf_internal+0x2ec>
    8261cd04:	91002e60 	add	x0, x19, #0xb
    8261cd08:	2a1503e1 	mov	w1, w21
    8261cd0c:	927df000 	and	x0, x0, #0xfffffffffffffff8
    8261cd10:	b9400264 	ldr	w4, [x19]
    8261cd14:	2a0103f5 	mov	w21, w1
    8261cd18:	aa0003f3 	mov	x19, x0
    8261cd1c:	17ffffcc 	b	8261cc4c <vsnprintf_internal+0x218>
    8261cd20:	110022a1 	add	w1, w21, #0x8
    8261cd24:	7100003f 	cmp	w1, #0x0
    8261cd28:	5400008d 	b.le	8261cd38 <vsnprintf_internal+0x304>
    8261cd2c:	91002e60 	add	x0, x19, #0xb
    8261cd30:	927df000 	and	x0, x0, #0xfffffffffffffff8
    8261cd34:	17fffff7 	b	8261cd10 <vsnprintf_internal+0x2dc>
    8261cd38:	aa1303e0 	mov	x0, x19
    8261cd3c:	8b35c2f3 	add	x19, x23, w21, sxtw
    8261cd40:	17fffff4 	b	8261cd10 <vsnprintf_internal+0x2dc>
    8261cd44:	aa0003f9 	mov	x25, x0
    8261cd48:	1280001b 	mov	w27, #0xffffffff            	// #-1
    8261cd4c:	17ffffc2 	b	8261cc54 <vsnprintf_internal+0x220>
    8261cd50:	5280001b 	mov	w27, #0x0                   	// #0
    8261cd54:	17ffffc0 	b	8261cc54 <vsnprintf_internal+0x220>
    8261cd58:	12800000 	mov	w0, #0xffffffff            	// #-1
    8261cd5c:	17ffffd0 	b	8261cc9c <vsnprintf_internal+0x268>
    8261cd60:	aa0103f9 	mov	x25, x1
    8261cd64:	17ffffce 	b	8261cc9c <vsnprintf_internal+0x268>
    8261cd68:	51018c21 	sub	w1, w1, #0x63
    8261cd6c:	7100543f 	cmp	w1, #0x15
    8261cd70:	54fffaa8 	b.hi	8261ccc4 <vsnprintf_internal+0x290>  // b.pmore
    8261cd74:	f94037e2 	ldr	x2, [sp, #104]
    8261cd78:	78615841 	ldrh	w1, [x2, w1, uxtw #1]
    8261cd7c:	10000062 	adr	x2, 8261cd88 <vsnprintf_internal+0x354>
    8261cd80:	8b21a841 	add	x1, x2, w1, sxth #2
    8261cd84:	d61f0020 	br	x1
    8261cd88:	5280010b 	mov	w11, #0x8                   	// #8
    8261cd8c:	7101301f 	cmp	w0, #0x4c
    8261cd90:	54002c01 	b.ne	8261d310 <vsnprintf_internal+0x8dc>  // b.any
    8261cd94:	37f82e75 	tbnz	w21, #31, 8261d360 <vsnprintf_internal+0x92c>
    8261cd98:	91003e76 	add	x22, x19, #0xf
    8261cd9c:	2a1503ea 	mov	w10, w21
    8261cda0:	927df2d6 	and	x22, x22, #0xfffffffffffffff8
    8261cda4:	f9400262 	ldr	x2, [x19]
    8261cda8:	2a1b03e5 	mov	w5, w27
    8261cdac:	2a1a03e4 	mov	w4, w26
    8261cdb0:	2a0b03e3 	mov	w3, w11
    8261cdb4:	aa1c03e1 	mov	x1, x28
    8261cdb8:	aa1403e0 	mov	x0, x20
    8261cdbc:	b9007fea 	str	w10, [sp, #124]
    8261cdc0:	97fffe10 	bl	8261c600 <number>
    8261cdc4:	14000047 	b	8261cee0 <vsnprintf_internal+0x4ac>
    8261cdc8:	372002a6 	tbnz	w6, #4, 8261ce1c <vsnprintf_internal+0x3e8>
    8261cdcc:	2a1a03e1 	mov	w1, w26
    8261cdd0:	aa1403e0 	mov	x0, x20
    8261cdd4:	52800402 	mov	w2, #0x20                  	// #32
    8261cdd8:	14000005 	b	8261cdec <vsnprintf_internal+0x3b8>
    8261cddc:	eb1c001f 	cmp	x0, x28
    8261cde0:	54000042 	b.cs	8261cde8 <vsnprintf_internal+0x3b4>  // b.hs, b.nlast
    8261cde4:	39000002 	strb	w2, [x0]
    8261cde8:	91000400 	add	x0, x0, #0x1
    8261cdec:	51000421 	sub	w1, w1, #0x1
    8261cdf0:	7100003f 	cmp	w1, #0x0
    8261cdf4:	54ffff4c 	b.gt	8261cddc <vsnprintf_internal+0x3a8>
    8261cdf8:	7100035f 	cmp	w26, #0x0
    8261cdfc:	51000740 	sub	w0, w26, #0x1
    8261ce00:	9a9fc000 	csel	x0, x0, xzr, gt
    8261ce04:	51000741 	sub	w1, w26, #0x1
    8261ce08:	8b000294 	add	x20, x20, x0
    8261ce0c:	52800020 	mov	w0, #0x1                   	// #1
    8261ce10:	1a80c343 	csel	w3, w26, w0, gt
    8261ce14:	4b030003 	sub	w3, w0, w3
    8261ce18:	0b01007a 	add	w26, w3, w1
    8261ce1c:	eb1c029f 	cmp	x20, x28
    8261ce20:	54000122 	b.cs	8261ce44 <vsnprintf_internal+0x410>  // b.hs, b.nlast
    8261ce24:	37f802b5 	tbnz	w21, #31, 8261ce78 <vsnprintf_internal+0x444>
    8261ce28:	91002e60 	add	x0, x19, #0xb
    8261ce2c:	2a1503e1 	mov	w1, w21
    8261ce30:	927df000 	and	x0, x0, #0xfffffffffffffff8
    8261ce34:	b9400262 	ldr	w2, [x19]
    8261ce38:	2a0103f5 	mov	w21, w1
    8261ce3c:	aa0003f3 	mov	x19, x0
    8261ce40:	39000282 	strb	w2, [x20]
    8261ce44:	91000680 	add	x0, x20, #0x1
    8261ce48:	2a1a03e2 	mov	w2, w26
    8261ce4c:	aa0003e1 	mov	x1, x0
    8261ce50:	52800404 	mov	w4, #0x20                  	// #32
    8261ce54:	51000442 	sub	w2, w2, #0x1
    8261ce58:	7100005f 	cmp	w2, #0x0
    8261ce5c:	5400020c 	b.gt	8261ce9c <vsnprintf_internal+0x468>
    8261ce60:	51000741 	sub	w1, w26, #0x1
    8261ce64:	7100035f 	cmp	w26, #0x0
    8261ce68:	9a9fc021 	csel	x1, x1, xzr, gt
    8261ce6c:	8b010014 	add	x20, x0, x1
    8261ce70:	91000739 	add	x25, x25, #0x1
    8261ce74:	17ffff0d 	b	8261caa8 <vsnprintf_internal+0x74>
    8261ce78:	110022a1 	add	w1, w21, #0x8
    8261ce7c:	7100003f 	cmp	w1, #0x0
    8261ce80:	5400008d 	b.le	8261ce90 <vsnprintf_internal+0x45c>
    8261ce84:	91002e60 	add	x0, x19, #0xb
    8261ce88:	927df000 	and	x0, x0, #0xfffffffffffffff8
    8261ce8c:	17ffffea 	b	8261ce34 <vsnprintf_internal+0x400>
    8261ce90:	aa1303e0 	mov	x0, x19
    8261ce94:	8b35c2f3 	add	x19, x23, w21, sxtw
    8261ce98:	17ffffe7 	b	8261ce34 <vsnprintf_internal+0x400>
    8261ce9c:	eb1c003f 	cmp	x1, x28
    8261cea0:	54000042 	b.cs	8261cea8 <vsnprintf_internal+0x474>  // b.hs, b.nlast
    8261cea4:	39000024 	strb	w4, [x1]
    8261cea8:	91000421 	add	x1, x1, #0x1
    8261ceac:	17ffffea 	b	8261ce54 <vsnprintf_internal+0x420>
    8261ceb0:	37f80235 	tbnz	w21, #31, 8261cef4 <vsnprintf_internal+0x4c0>
    8261ceb4:	91003e76 	add	x22, x19, #0xf
    8261ceb8:	2a1503ea 	mov	w10, w21
    8261cebc:	927df2d6 	and	x22, x22, #0xfffffffffffffff8
    8261cec0:	f9400262 	ldr	x2, [x19]
    8261cec4:	2a0603e5 	mov	w5, w6
    8261cec8:	2a1b03e4 	mov	w4, w27
    8261cecc:	2a1a03e3 	mov	w3, w26
    8261ced0:	aa1c03e1 	mov	x1, x28
    8261ced4:	aa1403e0 	mov	x0, x20
    8261ced8:	b9007fea 	str	w10, [sp, #124]
    8261cedc:	97fffe8d 	bl	8261c910 <string>
    8261cee0:	b9407fea 	ldr	w10, [sp, #124]
    8261cee4:	aa0003f4 	mov	x20, x0
    8261cee8:	aa1603f3 	mov	x19, x22
    8261ceec:	2a0a03f5 	mov	w21, w10
    8261cef0:	17ffffe0 	b	8261ce70 <vsnprintf_internal+0x43c>
    8261cef4:	110022aa 	add	w10, w21, #0x8
    8261cef8:	7100015f 	cmp	w10, #0x0
    8261cefc:	5400008d 	b.le	8261cf0c <vsnprintf_internal+0x4d8>
    8261cf00:	91003e76 	add	x22, x19, #0xf
    8261cf04:	927df2d6 	and	x22, x22, #0xfffffffffffffff8
    8261cf08:	17ffffee 	b	8261cec0 <vsnprintf_internal+0x48c>
    8261cf0c:	aa1303f6 	mov	x22, x19
    8261cf10:	8b35c2f3 	add	x19, x23, w21, sxtw
    8261cf14:	17ffffeb 	b	8261cec0 <vsnprintf_internal+0x48c>
    8261cf18:	37f802d5 	tbnz	w21, #31, 8261cf70 <vsnprintf_internal+0x53c>
    8261cf1c:	91003e61 	add	x1, x19, #0xf
    8261cf20:	aa1303e0 	mov	x0, x19
    8261cf24:	927df033 	and	x19, x1, #0xfffffffffffffff8
    8261cf28:	f940000b 	ldr	x11, [x0]
    8261cf2c:	39400720 	ldrb	w0, [x25, #1]
    8261cf30:	aa0b03e1 	mov	x1, x11
    8261cf34:	7101841f 	cmp	w0, #0x61
    8261cf38:	540008c0 	b.eq	8261d050 <vsnprintf_internal+0x61c>  // b.none
    8261cf3c:	54000308 	b.hi	8261cf9c <vsnprintf_internal+0x568>  // b.pmore
    8261cf40:	7101341f 	cmp	w0, #0x4d
    8261cf44:	54000360 	b.eq	8261cfb0 <vsnprintf_internal+0x57c>  // b.none
    8261cf48:	7101541f 	cmp	w0, #0x55
    8261cf4c:	54001340 	b.eq	8261d1b4 <vsnprintf_internal+0x780>  // b.none
    8261cf50:	7101241f 	cmp	w0, #0x49
    8261cf54:	540009e0 	b.eq	8261d090 <vsnprintf_internal+0x65c>  // b.none
    8261cf58:	3100075f 	cmn	w26, #0x1
    8261cf5c:	54000821 	b.ne	8261d060 <vsnprintf_internal+0x62c>  // b.any
    8261cf60:	52800425 	mov	w5, #0x21                  	// #33
    8261cf64:	5280021a 	mov	w26, #0x10                  	// #16
    8261cf68:	2a0500c6 	orr	w6, w6, w5
    8261cf6c:	1400003e 	b	8261d064 <vsnprintf_internal+0x630>
    8261cf70:	110022a1 	add	w1, w21, #0x8
    8261cf74:	7100003f 	cmp	w1, #0x0
    8261cf78:	540000cd 	b.le	8261cf90 <vsnprintf_internal+0x55c>
    8261cf7c:	91003e62 	add	x2, x19, #0xf
    8261cf80:	aa1303e0 	mov	x0, x19
    8261cf84:	2a0103f5 	mov	w21, w1
    8261cf88:	927df053 	and	x19, x2, #0xfffffffffffffff8
    8261cf8c:	17ffffe7 	b	8261cf28 <vsnprintf_internal+0x4f4>
    8261cf90:	8b35c2e0 	add	x0, x23, w21, sxtw
    8261cf94:	2a0103f5 	mov	w21, w1
    8261cf98:	17ffffe4 	b	8261cf28 <vsnprintf_internal+0x4f4>
    8261cf9c:	7101a41f 	cmp	w0, #0x69
    8261cfa0:	54000760 	b.eq	8261d08c <vsnprintf_internal+0x658>  // b.none
    8261cfa4:	7101b41f 	cmp	w0, #0x6d
    8261cfa8:	54fffd81 	b.ne	8261cf58 <vsnprintf_internal+0x524>  // b.any
    8261cfac:	321a00c6 	orr	w6, w6, #0x40
    8261cfb0:	910243e0 	add	x0, sp, #0x90
    8261cfb4:	9000004a 	adrp	x10, 82624000 <_ctype+0x15a>
    8261cfb8:	aa0003e2 	mov	x2, x0
    8261cfbc:	9121554a 	add	x10, x10, #0x855
    8261cfc0:	121a00cd 	and	w13, w6, #0x40
    8261cfc4:	d2800005 	mov	x5, #0x0                   	// #0
    8261cfc8:	5280074e 	mov	w14, #0x3a                  	// #58
    8261cfcc:	3865696c 	ldrb	w12, [x11, x5]
    8261cfd0:	d3441d81 	ubfx	x1, x12, #4, #4
    8261cfd4:	92400d8c 	and	x12, x12, #0xf
    8261cfd8:	3861694f 	ldrb	w15, [x10, x1]
    8261cfdc:	aa0003e1 	mov	x1, x0
    8261cfe0:	386c694c 	ldrb	w12, [x10, x12]
    8261cfe4:	3800242f 	strb	w15, [x1], #2
    8261cfe8:	3900040c 	strb	w12, [x0, #1]
    8261cfec:	350000ad 	cbnz	w13, 8261d000 <vsnprintf_internal+0x5cc>
    8261cff0:	f10014bf 	cmp	x5, #0x5
    8261cff4:	54000060 	b.eq	8261d000 <vsnprintf_internal+0x5cc>  // b.none
    8261cff8:	91000c01 	add	x1, x0, #0x3
    8261cffc:	3900080e 	strb	w14, [x0, #2]
    8261d000:	910004a5 	add	x5, x5, #0x1
    8261d004:	f10018bf 	cmp	x5, #0x6
    8261d008:	540003e1 	b.ne	8261d084 <vsnprintf_internal+0x650>  // b.any
    8261d00c:	121978c5 	and	w5, w6, #0xffffffbf
    8261d010:	3900003f 	strb	wzr, [x1]
    8261d014:	2a1b03e4 	mov	w4, w27
    8261d018:	2a1a03e3 	mov	w3, w26
    8261d01c:	aa1c03e1 	mov	x1, x28
    8261d020:	aa1403e0 	mov	x0, x20
    8261d024:	97fffe3b 	bl	8261c910 <string>
    8261d028:	aa0003f4 	mov	x20, x0
    8261d02c:	b140041f 	cmn	x0, #0x1, lsl #12
    8261d030:	54000fa9 	b.ls	8261d224 <vsnprintf_internal+0x7f0>  // b.plast
    8261d034:	b0000041 	adrp	x1, 82626000 <spinand_chip_table+0xc96>
    8261d038:	f9405fe2 	ldr	x2, [sp, #184]
    8261d03c:	f942f823 	ldr	x3, [x1, #1520]
    8261d040:	eb030042 	subs	x2, x2, x3
    8261d044:	d2800003 	mov	x3, #0x0                   	// #0
    8261d048:	54001d20 	b.eq	8261d3ec <vsnprintf_internal+0x9b8>  // b.none
    8261d04c:	97ffd4ec 	bl	826123fc <__stack_chk_fail>
    8261d050:	f9400161 	ldr	x1, [x11]
    8261d054:	52800820 	mov	w0, #0x41                  	// #65
    8261d058:	2a0000c6 	orr	w6, w6, w0
    8261d05c:	5280025a 	mov	w26, #0x12                  	// #18
    8261d060:	321b00c6 	orr	w6, w6, #0x20
    8261d064:	aa0103e2 	mov	x2, x1
    8261d068:	2a1b03e5 	mov	w5, w27
    8261d06c:	2a1a03e4 	mov	w4, w26
    8261d070:	aa1c03e1 	mov	x1, x28
    8261d074:	aa1403e0 	mov	x0, x20
    8261d078:	52800203 	mov	w3, #0x10                  	// #16
    8261d07c:	97fffd61 	bl	8261c600 <number>
    8261d080:	17ffffea 	b	8261d028 <vsnprintf_internal+0x5f4>
    8261d084:	aa0103e0 	mov	x0, x1
    8261d088:	17ffffd1 	b	8261cfcc <vsnprintf_internal+0x598>
    8261d08c:	321a00c6 	orr	w6, w6, #0x40
    8261d090:	39400b20 	ldrb	w0, [x25, #2]
    8261d094:	121978cd 	and	w13, w6, #0xffffffbf
    8261d098:	7100d81f 	cmp	w0, #0x36
    8261d09c:	540004a1 	b.ne	8261d130 <vsnprintf_internal+0x6fc>  // b.any
    8261d0a0:	910243e0 	add	x0, sp, #0x90
    8261d0a4:	f000002a 	adrp	x10, 82624000 <_ctype+0x15a>
    8261d0a8:	aa0003e2 	mov	x2, x0
    8261d0ac:	9121554a 	add	x10, x10, #0x855
    8261d0b0:	121a00c6 	and	w6, w6, #0x40
    8261d0b4:	52800005 	mov	w5, #0x0                   	// #0
    8261d0b8:	5280074e 	mov	w14, #0x3a                  	// #58
    8261d0bc:	3940002b 	ldrb	w11, [x1]
    8261d0c0:	d3441d6c 	ubfx	x12, x11, #4, #4
    8261d0c4:	92400d6b 	and	x11, x11, #0xf
    8261d0c8:	386c694c 	ldrb	w12, [x10, x12]
    8261d0cc:	386b694b 	ldrb	w11, [x10, x11]
    8261d0d0:	3900000c 	strb	w12, [x0]
    8261d0d4:	3900040b 	strb	w11, [x0, #1]
    8261d0d8:	3940042b 	ldrb	w11, [x1, #1]
    8261d0dc:	d3441d6c 	ubfx	x12, x11, #4, #4
    8261d0e0:	92400d6b 	and	x11, x11, #0xf
    8261d0e4:	386c694c 	ldrb	w12, [x10, x12]
    8261d0e8:	386b694b 	ldrb	w11, [x10, x11]
    8261d0ec:	3900080c 	strb	w12, [x0, #2]
    8261d0f0:	9100100c 	add	x12, x0, #0x4
    8261d0f4:	39000c0b 	strb	w11, [x0, #3]
    8261d0f8:	350000a6 	cbnz	w6, 8261d10c <vsnprintf_internal+0x6d8>
    8261d0fc:	71001cbf 	cmp	w5, #0x7
    8261d100:	54000060 	b.eq	8261d10c <vsnprintf_internal+0x6d8>  // b.none
    8261d104:	9100140c 	add	x12, x0, #0x5
    8261d108:	3900100e 	strb	w14, [x0, #4]
    8261d10c:	110004a5 	add	w5, w5, #0x1
    8261d110:	91000821 	add	x1, x1, #0x2
    8261d114:	710020bf 	cmp	w5, #0x8
    8261d118:	54000081 	b.ne	8261d128 <vsnprintf_internal+0x6f4>  // b.any
    8261d11c:	2a0d03e5 	mov	w5, w13
    8261d120:	3900019f 	strb	wzr, [x12]
    8261d124:	17ffffbc 	b	8261d014 <vsnprintf_internal+0x5e0>
    8261d128:	aa0c03e0 	mov	x0, x12
    8261d12c:	17ffffe4 	b	8261d0bc <vsnprintf_internal+0x688>
    8261d130:	2a0d03e6 	mov	w6, w13
    8261d134:	7100d01f 	cmp	w0, #0x34
    8261d138:	54fff101 	b.ne	8261cf58 <vsnprintf_internal+0x524>  // b.any
    8261d13c:	910243ea 	add	x10, sp, #0x90
    8261d140:	910223ef 	add	x15, sp, #0x88
    8261d144:	aa0a03ee 	mov	x14, x10
    8261d148:	d280000c 	mov	x12, #0x0                   	// #0
    8261d14c:	528005d6 	mov	w22, #0x2e                  	// #46
    8261d150:	386c6961 	ldrb	w1, [x11, x12]
    8261d154:	aa0f03e0 	mov	x0, x15
    8261d158:	97fffcbe 	bl	8261c450 <put_dec_trunc>
    8261d15c:	cb0f0000 	sub	x0, x0, x15
    8261d160:	aa0a03e2 	mov	x2, x10
    8261d164:	93407c01 	sxtw	x1, w0
    8261d168:	d1000421 	sub	x1, x1, #0x1
    8261d16c:	3100043f 	cmn	w1, #0x1
    8261d170:	540001c1 	b.ne	8261d1a8 <vsnprintf_internal+0x774>  // b.any
    8261d174:	8b20414a 	add	x10, x10, w0, uxtw
    8261d178:	f1000d9f 	cmp	x12, #0x3
    8261d17c:	54000040 	b.eq	8261d184 <vsnprintf_internal+0x750>  // b.none
    8261d180:	38001556 	strb	w22, [x10], #1
    8261d184:	9100058c 	add	x12, x12, #0x1
    8261d188:	f100119f 	cmp	x12, #0x4
    8261d18c:	54fffe21 	b.ne	8261d150 <vsnprintf_internal+0x71c>  // b.any
    8261d190:	2a0d03e5 	mov	w5, w13
    8261d194:	2a1b03e4 	mov	w4, w27
    8261d198:	2a1a03e3 	mov	w3, w26
    8261d19c:	aa0e03e2 	mov	x2, x14
    8261d1a0:	3900015f 	strb	wzr, [x10]
    8261d1a4:	17ffff9e 	b	8261d01c <vsnprintf_internal+0x5e8>
    8261d1a8:	386169e5 	ldrb	w5, [x15, x1]
    8261d1ac:	38001445 	strb	w5, [x2], #1
    8261d1b0:	17ffffee 	b	8261d168 <vsnprintf_internal+0x734>
    8261d1b4:	39400b20 	ldrb	w0, [x25, #2]
    8261d1b8:	7101301f 	cmp	w0, #0x4c
    8261d1bc:	54000220 	b.eq	8261d200 <vsnprintf_internal+0x7cc>  // b.none
    8261d1c0:	7101b01f 	cmp	w0, #0x6c
    8261d1c4:	54000220 	b.eq	8261d208 <vsnprintf_internal+0x7d4>  // b.none
    8261d1c8:	7101081f 	cmp	w0, #0x42
    8261d1cc:	1a9f17e2 	cset	w2, eq  // eq = none
    8261d1d0:	531f7842 	lsl	w2, w2, #1
    8261d1d4:	b9007fe6 	str	w6, [sp, #124]
    8261d1d8:	b40001cb 	cbz	x11, 8261d210 <vsnprintf_internal+0x7dc>
    8261d1dc:	910243e1 	add	x1, sp, #0x90
    8261d1e0:	aa0b03e0 	mov	x0, x11
    8261d1e4:	97fffc25 	bl	8261c278 <uuid_bin_to_str>
    8261d1e8:	b9407fe6 	ldr	w6, [sp, #124]
    8261d1ec:	2a1b03e4 	mov	w4, w27
    8261d1f0:	2a1a03e3 	mov	w3, w26
    8261d1f4:	910243e2 	add	x2, sp, #0x90
    8261d1f8:	2a0603e5 	mov	w5, w6
    8261d1fc:	17ffff88 	b	8261d01c <vsnprintf_internal+0x5e8>
    8261d200:	52800062 	mov	w2, #0x3                   	// #3
    8261d204:	17fffff4 	b	8261d1d4 <vsnprintf_internal+0x7a0>
    8261d208:	52800022 	mov	w2, #0x1                   	// #1
    8261d20c:	17fffff2 	b	8261d1d4 <vsnprintf_internal+0x7a0>
    8261d210:	910243e0 	add	x0, sp, #0x90
    8261d214:	b0000041 	adrp	x1, 82626000 <spinand_chip_table+0xc96>
    8261d218:	91116421 	add	x1, x1, #0x459
    8261d21c:	97fffb21 	bl	8261bea0 <strcpy>
    8261d220:	17fffff2 	b	8261d1e8 <vsnprintf_internal+0x7b4>
    8261d224:	39400720 	ldrb	w0, [x25, #1]
    8261d228:	f9403be1 	ldr	x1, [sp, #112]
    8261d22c:	38606821 	ldrb	w1, [x1, x0]
    8261d230:	aa1903e0 	mov	x0, x25
    8261d234:	91000739 	add	x25, x25, #0x1
    8261d238:	f240083f 	tst	x1, #0x7
    8261d23c:	54ffff41 	b.ne	8261d224 <vsnprintf_internal+0x7f0>  // b.any
    8261d240:	aa0003f9 	mov	x25, x0
    8261d244:	17ffff0b 	b	8261ce70 <vsnprintf_internal+0x43c>
    8261d248:	7101b01f 	cmp	w0, #0x6c
    8261d24c:	cb180282 	sub	x2, x20, x24
    8261d250:	54000261 	b.ne	8261d29c <vsnprintf_internal+0x868>  // b.any
    8261d254:	37f80135 	tbnz	w21, #31, 8261d278 <vsnprintf_internal+0x844>
    8261d258:	91003e60 	add	x0, x19, #0xf
    8261d25c:	2a1503e1 	mov	w1, w21
    8261d260:	927df000 	and	x0, x0, #0xfffffffffffffff8
    8261d264:	f9400263 	ldr	x3, [x19]
    8261d268:	f9000062 	str	x2, [x3]
    8261d26c:	2a0103f5 	mov	w21, w1
    8261d270:	aa0003f3 	mov	x19, x0
    8261d274:	17fffeff 	b	8261ce70 <vsnprintf_internal+0x43c>
    8261d278:	110022a1 	add	w1, w21, #0x8
    8261d27c:	7100003f 	cmp	w1, #0x0
    8261d280:	5400008d 	b.le	8261d290 <vsnprintf_internal+0x85c>
    8261d284:	91003e60 	add	x0, x19, #0xf
    8261d288:	927df000 	and	x0, x0, #0xfffffffffffffff8
    8261d28c:	17fffff6 	b	8261d264 <vsnprintf_internal+0x830>
    8261d290:	aa1303e0 	mov	x0, x19
    8261d294:	8b35c2f3 	add	x19, x23, w21, sxtw
    8261d298:	17fffff3 	b	8261d264 <vsnprintf_internal+0x830>
    8261d29c:	37f800f5 	tbnz	w21, #31, 8261d2b8 <vsnprintf_internal+0x884>
    8261d2a0:	91003e60 	add	x0, x19, #0xf
    8261d2a4:	2a1503e1 	mov	w1, w21
    8261d2a8:	927df000 	and	x0, x0, #0xfffffffffffffff8
    8261d2ac:	f9400263 	ldr	x3, [x19]
    8261d2b0:	b9000062 	str	w2, [x3]
    8261d2b4:	17ffffee 	b	8261d26c <vsnprintf_internal+0x838>
    8261d2b8:	110022a1 	add	w1, w21, #0x8
    8261d2bc:	7100003f 	cmp	w1, #0x0
    8261d2c0:	5400008d 	b.le	8261d2d0 <vsnprintf_internal+0x89c>
    8261d2c4:	91003e60 	add	x0, x19, #0xf
    8261d2c8:	927df000 	and	x0, x0, #0xfffffffffffffff8
    8261d2cc:	17fffff8 	b	8261d2ac <vsnprintf_internal+0x878>
    8261d2d0:	aa1303e0 	mov	x0, x19
    8261d2d4:	8b35c2f3 	add	x19, x23, w21, sxtw
    8261d2d8:	17fffff5 	b	8261d2ac <vsnprintf_internal+0x878>
    8261d2dc:	eb1c029f 	cmp	x20, x28
    8261d2e0:	54ffc082 	b.cs	8261caf0 <vsnprintf_internal+0xbc>  // b.hs, b.nlast
    8261d2e4:	39000281 	strb	w1, [x20]
    8261d2e8:	17fffe02 	b	8261caf0 <vsnprintf_internal+0xbc>
    8261d2ec:	321b00c6 	orr	w6, w6, #0x20
    8261d2f0:	5280020b 	mov	w11, #0x10                  	// #16
    8261d2f4:	17fffea6 	b	8261cd8c <vsnprintf_internal+0x358>
    8261d2f8:	321f00c6 	orr	w6, w6, #0x2
    8261d2fc:	5280014b 	mov	w11, #0xa                   	// #10
    8261d300:	17fffea3 	b	8261cd8c <vsnprintf_internal+0x358>
    8261d304:	d1000739 	sub	x25, x25, #0x1
    8261d308:	aa0003f4 	mov	x20, x0
    8261d30c:	17fffed9 	b	8261ce70 <vsnprintf_internal+0x43c>
    8261d310:	7101b01f 	cmp	w0, #0x6c
    8261d314:	54ffd400 	b.eq	8261cd94 <vsnprintf_internal+0x360>  // b.none
    8261d318:	121a7801 	and	w1, w0, #0xffffffdf
    8261d31c:	7101683f 	cmp	w1, #0x5a
    8261d320:	54ffd3a0 	b.eq	8261cd94 <vsnprintf_internal+0x360>  // b.none
    8261d324:	7101d01f 	cmp	w0, #0x74
    8261d328:	54ffd360 	b.eq	8261cd94 <vsnprintf_internal+0x360>  // b.none
    8261d32c:	7101a01f 	cmp	w0, #0x68
    8261d330:	121f00c0 	and	w0, w6, #0x2
    8261d334:	540003a1 	b.ne	8261d3a8 <vsnprintf_internal+0x974>  // b.any
    8261d338:	37f80275 	tbnz	w21, #31, 8261d384 <vsnprintf_internal+0x950>
    8261d33c:	91002e76 	add	x22, x19, #0xb
    8261d340:	2a1503ea 	mov	w10, w21
    8261d344:	927df2d6 	and	x22, x22, #0xfffffffffffffff8
    8261d348:	b9400262 	ldr	w2, [x19]
    8261d34c:	92403c41 	and	x1, x2, #0xffff
    8261d350:	93403c42 	sxth	x2, w2
    8261d354:	7100001f 	cmp	w0, #0x0
    8261d358:	9a811042 	csel	x2, x2, x1, ne  // ne = any
    8261d35c:	17fffe93 	b	8261cda8 <vsnprintf_internal+0x374>
    8261d360:	110022aa 	add	w10, w21, #0x8
    8261d364:	7100015f 	cmp	w10, #0x0
    8261d368:	5400008d 	b.le	8261d378 <vsnprintf_internal+0x944>
    8261d36c:	91003e76 	add	x22, x19, #0xf
    8261d370:	927df2d6 	and	x22, x22, #0xfffffffffffffff8
    8261d374:	17fffe8c 	b	8261cda4 <vsnprintf_internal+0x370>
    8261d378:	aa1303f6 	mov	x22, x19
    8261d37c:	8b35c2f3 	add	x19, x23, w21, sxtw
    8261d380:	17fffe89 	b	8261cda4 <vsnprintf_internal+0x370>
    8261d384:	110022aa 	add	w10, w21, #0x8
    8261d388:	7100015f 	cmp	w10, #0x0
    8261d38c:	5400008d 	b.le	8261d39c <vsnprintf_internal+0x968>
    8261d390:	91002e76 	add	x22, x19, #0xb
    8261d394:	927df2d6 	and	x22, x22, #0xfffffffffffffff8
    8261d398:	17ffffec 	b	8261d348 <vsnprintf_internal+0x914>
    8261d39c:	aa1303f6 	mov	x22, x19
    8261d3a0:	8b35c2f3 	add	x19, x23, w21, sxtw
    8261d3a4:	17ffffe9 	b	8261d348 <vsnprintf_internal+0x914>
    8261d3a8:	37f80115 	tbnz	w21, #31, 8261d3c8 <vsnprintf_internal+0x994>
    8261d3ac:	91002e76 	add	x22, x19, #0xb
    8261d3b0:	2a1503ea 	mov	w10, w21
    8261d3b4:	927df2d6 	and	x22, x22, #0xfffffffffffffff8
    8261d3b8:	b9400262 	ldr	w2, [x19]
    8261d3bc:	2a0203e1 	mov	w1, w2
    8261d3c0:	93407c42 	sxtw	x2, w2
    8261d3c4:	17ffffe4 	b	8261d354 <vsnprintf_internal+0x920>
    8261d3c8:	110022aa 	add	w10, w21, #0x8
    8261d3cc:	7100015f 	cmp	w10, #0x0
    8261d3d0:	5400008d 	b.le	8261d3e0 <vsnprintf_internal+0x9ac>
    8261d3d4:	91002e76 	add	x22, x19, #0xb
    8261d3d8:	927df2d6 	and	x22, x22, #0xfffffffffffffff8
    8261d3dc:	17fffff7 	b	8261d3b8 <vsnprintf_internal+0x984>
    8261d3e0:	aa1303f6 	mov	x22, x19
    8261d3e4:	8b35c2f3 	add	x19, x23, w21, sxtw
    8261d3e8:	17fffff4 	b	8261d3b8 <vsnprintf_internal+0x984>
    8261d3ec:	a94153f3 	ldp	x19, x20, [sp, #16]
    8261d3f0:	a9425bf5 	ldp	x21, x22, [sp, #32]
    8261d3f4:	a94363f7 	ldp	x23, x24, [sp, #48]
    8261d3f8:	a9446bf9 	ldp	x25, x26, [sp, #64]
    8261d3fc:	a94573fb 	ldp	x27, x28, [sp, #80]
    8261d400:	a8cc7bfd 	ldp	x29, x30, [sp], #192
    8261d404:	d65f03c0 	ret

000000008261d408 <vscnprintf>:
    8261d408:	a9b97bfd 	stp	x29, x30, [sp, #-112]!
    8261d40c:	910003fd 	mov	x29, sp
    8261d410:	a90153f3 	stp	x19, x20, [sp, #16]
    8261d414:	aa0103f3 	mov	x19, x1
    8261d418:	aa0003f4 	mov	x20, x0
    8261d41c:	aa0303e1 	mov	x1, x3
    8261d420:	910143e0 	add	x0, sp, #0x50
    8261d424:	f90013f5 	str	x21, [sp, #32]
    8261d428:	aa0203f5 	mov	x21, x2
    8261d42c:	d2800402 	mov	x2, #0x20                  	// #32
    8261d430:	97fffb08 	bl	8261c050 <memcpy>
    8261d434:	a94507e0 	ldp	x0, x1, [sp, #80]
    8261d438:	a90307e0 	stp	x0, x1, [sp, #48]
    8261d43c:	9100c3e3 	add	x3, sp, #0x30
    8261d440:	a94607e0 	ldp	x0, x1, [sp, #96]
    8261d444:	aa1503e2 	mov	x2, x21
    8261d448:	a90407e0 	stp	x0, x1, [sp, #64]
    8261d44c:	aa1303e1 	mov	x1, x19
    8261d450:	aa1403e0 	mov	x0, x20
    8261d454:	97fffd78 	bl	8261ca34 <vsnprintf_internal>
    8261d458:	eb20c27f 	cmp	x19, w0, sxtw
    8261d45c:	54000088 	b.hi	8261d46c <vscnprintf+0x64>  // b.pmore
    8261d460:	51000660 	sub	w0, w19, #0x1
    8261d464:	f100027f 	cmp	x19, #0x0
    8261d468:	1a9f1000 	csel	w0, w0, wzr, ne  // ne = any
    8261d46c:	a94153f3 	ldp	x19, x20, [sp, #16]
    8261d470:	f94013f5 	ldr	x21, [sp, #32]
    8261d474:	a8c77bfd 	ldp	x29, x30, [sp], #112
    8261d478:	d65f03c0 	ret

000000008261d47c <vsprintf>:
    8261d47c:	a9bc7bfd 	stp	x29, x30, [sp, #-64]!
    8261d480:	910003fd 	mov	x29, sp
    8261d484:	a90153f3 	stp	x19, x20, [sp, #16]
    8261d488:	aa0003f3 	mov	x19, x0
    8261d48c:	aa0103f4 	mov	x20, x1
    8261d490:	aa0203e1 	mov	x1, x2
    8261d494:	d2800402 	mov	x2, #0x20                  	// #32
    8261d498:	8b2263e0 	add	x0, sp, x2
    8261d49c:	97fffaed 	bl	8261c050 <memcpy>
    8261d4a0:	910083e3 	add	x3, sp, #0x20
    8261d4a4:	aa1403e2 	mov	x2, x20
    8261d4a8:	aa1303e0 	mov	x0, x19
    8261d4ac:	b2407be1 	mov	x1, #0x7fffffff            	// #2147483647
    8261d4b0:	97fffd61 	bl	8261ca34 <vsnprintf_internal>
    8261d4b4:	a94153f3 	ldp	x19, x20, [sp, #16]
    8261d4b8:	a8c47bfd 	ldp	x29, x30, [sp], #64
    8261d4bc:	d65f03c0 	ret

000000008261d4c0 <sprintf>:
    8261d4c0:	a9ae7bfd 	stp	x29, x30, [sp, #-288]!
    8261d4c4:	910003fd 	mov	x29, sp
    8261d4c8:	a90153f3 	stp	x19, x20, [sp, #16]
    8261d4cc:	aa0003f3 	mov	x19, x0
    8261d4d0:	b0000040 	adrp	x0, 82626000 <spinand_chip_table+0xc96>
    8261d4d4:	3d801fe0 	str	q0, [sp, #112]
    8261d4d8:	aa0103f4 	mov	x20, x1
    8261d4dc:	3d8023e1 	str	q1, [sp, #128]
    8261d4e0:	3d8027e2 	str	q2, [sp, #144]
    8261d4e4:	3d802be3 	str	q3, [sp, #160]
    8261d4e8:	3d802fe4 	str	q4, [sp, #176]
    8261d4ec:	3d8033e5 	str	q5, [sp, #192]
    8261d4f0:	3d8037e6 	str	q6, [sp, #208]
    8261d4f4:	3d803be7 	str	q7, [sp, #224]
    8261d4f8:	a90f0fe2 	stp	x2, x3, [sp, #240]
    8261d4fc:	d2800402 	mov	x2, #0x20                  	// #32
    8261d500:	a91017e4 	stp	x4, x5, [sp, #256]
    8261d504:	a9111fe6 	stp	x6, x7, [sp, #272]
    8261d508:	f942f801 	ldr	x1, [x0, #1520]
    8261d50c:	f90037e1 	str	x1, [sp, #104]
    8261d510:	d2800001 	mov	x1, #0x0                   	// #0
    8261d514:	910483e0 	add	x0, sp, #0x120
    8261d518:	a90483e0 	stp	x0, x0, [sp, #72]
    8261d51c:	9103c3e0 	add	x0, sp, #0xf0
    8261d520:	910123e1 	add	x1, sp, #0x48
    8261d524:	f9002fe0 	str	x0, [sp, #88]
    8261d528:	128005e0 	mov	w0, #0xffffffd0            	// #-48
    8261d52c:	b90063e0 	str	w0, [sp, #96]
    8261d530:	12800fe0 	mov	w0, #0xffffff80            	// #-128
    8261d534:	b90067e0 	str	w0, [sp, #100]
    8261d538:	8b2263e0 	add	x0, sp, x2
    8261d53c:	97fffac5 	bl	8261c050 <memcpy>
    8261d540:	910083e2 	add	x2, sp, #0x20
    8261d544:	aa1403e1 	mov	x1, x20
    8261d548:	aa1303e0 	mov	x0, x19
    8261d54c:	97ffffcc 	bl	8261d47c <vsprintf>
    8261d550:	b0000041 	adrp	x1, 82626000 <spinand_chip_table+0xc96>
    8261d554:	f94037e2 	ldr	x2, [sp, #104]
    8261d558:	f942f823 	ldr	x3, [x1, #1520]
    8261d55c:	eb030042 	subs	x2, x2, x3
    8261d560:	d2800003 	mov	x3, #0x0                   	// #0
    8261d564:	54000040 	b.eq	8261d56c <sprintf+0xac>  // b.none
    8261d568:	97ffd3a5 	bl	826123fc <__stack_chk_fail>
    8261d56c:	a94153f3 	ldp	x19, x20, [sp, #16]
    8261d570:	a8d27bfd 	ldp	x29, x30, [sp], #288
    8261d574:	d65f03c0 	ret

000000008261d578 <printf>:
    8261d578:	d11503ff 	sub	sp, sp, #0x540
    8261d57c:	911423e8 	add	x8, sp, #0x508
    8261d580:	a9007bfd 	stp	x29, x30, [sp]
    8261d584:	910003fd 	mov	x29, sp
    8261d588:	f9000bf3 	str	x19, [sp, #16]
    8261d58c:	a9000901 	stp	x1, x2, [x8]
    8261d590:	911003e1 	add	x1, sp, #0x400
    8261d594:	a9011103 	stp	x3, x4, [x8, #16]
    8261d598:	f90297e5 	str	x5, [sp, #1320]
    8261d59c:	f9029be6 	str	x6, [sp, #1328]
    8261d5a0:	f9029fe7 	str	x7, [sp, #1336]
    8261d5a4:	3d802020 	str	q0, [x1, #128]
    8261d5a8:	3d802421 	str	q1, [x1, #144]
    8261d5ac:	3d802822 	str	q2, [x1, #160]
    8261d5b0:	3d802c23 	str	q3, [x1, #176]
    8261d5b4:	3d803024 	str	q4, [x1, #192]
    8261d5b8:	3d803425 	str	q5, [x1, #208]
    8261d5bc:	3d803826 	str	q6, [x1, #224]
    8261d5c0:	3d803c27 	str	q7, [x1, #240]
    8261d5c4:	b0000041 	adrp	x1, 82626000 <spinand_chip_table+0xc96>
    8261d5c8:	f942f822 	ldr	x2, [x1, #1520]
    8261d5cc:	f9023fe2 	str	x2, [sp, #1144]
    8261d5d0:	d2800002 	mov	x2, #0x0                   	// #0
    8261d5d4:	911503e1 	add	x1, sp, #0x540
    8261d5d8:	a90407e1 	stp	x1, x1, [sp, #64]
    8261d5dc:	911403e1 	add	x1, sp, #0x500
    8261d5e0:	f9002be1 	str	x1, [sp, #80]
    8261d5e4:	128006e1 	mov	w1, #0xffffffc8            	// #-56
    8261d5e8:	b9005be1 	str	w1, [sp, #88]
    8261d5ec:	12800fe1 	mov	w1, #0xffffff80            	// #-128
    8261d5f0:	b9005fe1 	str	w1, [sp, #92]
    8261d5f4:	d2808281 	mov	x1, #0x414                 	// #1044
    8261d5f8:	a9440fe2 	ldp	x2, x3, [sp, #64]
    8261d5fc:	a9020fe2 	stp	x2, x3, [sp, #32]
    8261d600:	a9450fe2 	ldp	x2, x3, [sp, #80]
    8261d604:	a9030fe2 	stp	x2, x3, [sp, #48]
    8261d608:	aa0003e2 	mov	x2, x0
    8261d60c:	910083e3 	add	x3, sp, #0x20
    8261d610:	910183e0 	add	x0, sp, #0x60
    8261d614:	97ffff7d 	bl	8261d408 <vscnprintf>
    8261d618:	2a0003f3 	mov	w19, w0
    8261d61c:	34000060 	cbz	w0, 8261d628 <printf+0xb0>
    8261d620:	910183e0 	add	x0, sp, #0x60
    8261d624:	97ffead6 	bl	8261817c <puts>
    8261d628:	b0000040 	adrp	x0, 82626000 <spinand_chip_table+0xc96>
    8261d62c:	f9423fe1 	ldr	x1, [sp, #1144]
    8261d630:	f942f802 	ldr	x2, [x0, #1520]
    8261d634:	eb020021 	subs	x1, x1, x2
    8261d638:	d2800002 	mov	x2, #0x0                   	// #0
    8261d63c:	54000040 	b.eq	8261d644 <printf+0xcc>  // b.none
    8261d640:	97ffd36f 	bl	826123fc <__stack_chk_fail>
    8261d644:	2a1303e0 	mov	w0, w19
    8261d648:	a9407bfd 	ldp	x29, x30, [sp]
    8261d64c:	f9400bf3 	ldr	x19, [sp, #16]
    8261d650:	911503ff 	add	sp, sp, #0x540
    8261d654:	d65f03c0 	ret

000000008261d658 <vprintf>:
    8261d658:	d11183ff 	sub	sp, sp, #0x460
    8261d65c:	a9007bfd 	stp	x29, x30, [sp]
    8261d660:	910003fd 	mov	x29, sp
    8261d664:	f9000bf3 	str	x19, [sp, #16]
    8261d668:	aa0003f3 	mov	x19, x0
    8261d66c:	b0000040 	adrp	x0, 82626000 <spinand_chip_table+0xc96>
    8261d670:	f942f802 	ldr	x2, [x0, #1520]
    8261d674:	f9022fe2 	str	x2, [sp, #1112]
    8261d678:	d2800002 	mov	x2, #0x0                   	// #0
    8261d67c:	d2800402 	mov	x2, #0x20                  	// #32
    8261d680:	8b2263e0 	add	x0, sp, x2
    8261d684:	97fffa73 	bl	8261c050 <memcpy>
    8261d688:	aa1303e2 	mov	x2, x19
    8261d68c:	910083e3 	add	x3, sp, #0x20
    8261d690:	910103e0 	add	x0, sp, #0x40
    8261d694:	d2808281 	mov	x1, #0x414                 	// #1044
    8261d698:	97ffff5c 	bl	8261d408 <vscnprintf>
    8261d69c:	2a0003f3 	mov	w19, w0
    8261d6a0:	34000060 	cbz	w0, 8261d6ac <vprintf+0x54>
    8261d6a4:	910103e0 	add	x0, sp, #0x40
    8261d6a8:	97ffeab5 	bl	8261817c <puts>
    8261d6ac:	b0000040 	adrp	x0, 82626000 <spinand_chip_table+0xc96>
    8261d6b0:	f9422fe1 	ldr	x1, [sp, #1112]
    8261d6b4:	f942f802 	ldr	x2, [x0, #1520]
    8261d6b8:	eb020021 	subs	x1, x1, x2
    8261d6bc:	d2800002 	mov	x2, #0x0                   	// #0
    8261d6c0:	54000040 	b.eq	8261d6c8 <vprintf+0x70>  // b.none
    8261d6c4:	97ffd34e 	bl	826123fc <__stack_chk_fail>
    8261d6c8:	2a1303e0 	mov	w0, w19
    8261d6cc:	a9407bfd 	ldp	x29, x30, [sp]
    8261d6d0:	f9400bf3 	ldr	x19, [sp, #16]
    8261d6d4:	911183ff 	add	sp, sp, #0x460
    8261d6d8:	d65f03c0 	ret

000000008261d6dc <simple_strtoul>:
    8261d6dc:	aa0003e3 	mov	x3, x0
    8261d6e0:	d0000027 	adrp	x7, 82623000 <clk_fixed_rate_ops+0x18>
    8261d6e4:	39400000 	ldrb	w0, [x0]
    8261d6e8:	913a98e7 	add	x7, x7, #0xea6
    8261d6ec:	35000242 	cbnz	w2, 8261d734 <simple_strtoul+0x58>
    8261d6f0:	7100c01f 	cmp	w0, #0x30
    8261d6f4:	540003e1 	b.ne	8261d770 <simple_strtoul+0x94>  // b.any
    8261d6f8:	39400462 	ldrb	w2, [x3, #1]
    8261d6fc:	39400460 	ldrb	w0, [x3, #1]
    8261d700:	386268e2 	ldrb	w2, [x7, x2]
    8261d704:	36000062 	tbz	w2, #0, 8261d710 <simple_strtoul+0x34>
    8261d708:	11008000 	add	w0, w0, #0x20
    8261d70c:	12001c00 	and	w0, w0, #0xff
    8261d710:	7101e01f 	cmp	w0, #0x78
    8261d714:	540000c1 	b.ne	8261d72c <simple_strtoul+0x50>  // b.any
    8261d718:	39400860 	ldrb	w0, [x3, #2]
    8261d71c:	52800882 	mov	w2, #0x44                  	// #68
    8261d720:	386068e0 	ldrb	w0, [x7, x0]
    8261d724:	6a00005f 	tst	w2, w0
    8261d728:	540000e1 	b.ne	8261d744 <simple_strtoul+0x68>  // b.any
    8261d72c:	52800102 	mov	w2, #0x8                   	// #8
    8261d730:	14000011 	b	8261d774 <simple_strtoul+0x98>
    8261d734:	7100405f 	cmp	w2, #0x10
    8261d738:	540001e1 	b.ne	8261d774 <simple_strtoul+0x98>  // b.any
    8261d73c:	7100c01f 	cmp	w0, #0x30
    8261d740:	540001a1 	b.ne	8261d774 <simple_strtoul+0x98>  // b.any
    8261d744:	39400462 	ldrb	w2, [x3, #1]
    8261d748:	39400460 	ldrb	w0, [x3, #1]
    8261d74c:	386268e2 	ldrb	w2, [x7, x2]
    8261d750:	36000062 	tbz	w2, #0, 8261d75c <simple_strtoul+0x80>
    8261d754:	11008000 	add	w0, w0, #0x20
    8261d758:	12001c00 	and	w0, w0, #0xff
    8261d75c:	7101e01f 	cmp	w0, #0x78
    8261d760:	54000041 	b.ne	8261d768 <simple_strtoul+0x8c>  // b.any
    8261d764:	91000863 	add	x3, x3, #0x2
    8261d768:	52800202 	mov	w2, #0x10                  	// #16
    8261d76c:	14000002 	b	8261d774 <simple_strtoul+0x98>
    8261d770:	52800142 	mov	w2, #0xa                   	// #10
    8261d774:	2a0203e5 	mov	w5, w2
    8261d778:	d2800000 	mov	x0, #0x0                   	// #0
    8261d77c:	5280088a 	mov	w10, #0x44                  	// #68
    8261d780:	39400062 	ldrb	w2, [x3]
    8261d784:	39400064 	ldrb	w4, [x3]
    8261d788:	386268e8 	ldrb	w8, [x7, x2]
    8261d78c:	6a0a011f 	tst	w8, w10
    8261d790:	540000c0 	b.eq	8261d7a8 <simple_strtoul+0xcc>  // b.none
    8261d794:	36100168 	tbz	w8, #2, 8261d7c0 <simple_strtoul+0xe4>
    8261d798:	5100c082 	sub	w2, w4, #0x30
    8261d79c:	93407c42 	sxtw	x2, w2
    8261d7a0:	eb0200bf 	cmp	x5, x2
    8261d7a4:	54000088 	b.hi	8261d7b4 <simple_strtoul+0xd8>  // b.pmore
    8261d7a8:	b4000041 	cbz	x1, 8261d7b0 <simple_strtoul+0xd4>
    8261d7ac:	f9000023 	str	x3, [x1]
    8261d7b0:	d65f03c0 	ret
    8261d7b4:	9b0008a0 	madd	x0, x5, x0, x2
    8261d7b8:	91000463 	add	x3, x3, #0x1
    8261d7bc:	17fffff1 	b	8261d780 <simple_strtoul+0xa4>
    8261d7c0:	51008082 	sub	w2, w4, #0x20
    8261d7c4:	f27f011f 	tst	x8, #0x2
    8261d7c8:	12001c42 	and	w2, w2, #0xff
    8261d7cc:	5100dc42 	sub	w2, w2, #0x37
    8261d7d0:	93407c46 	sxtw	x6, w2
    8261d7d4:	5100dc82 	sub	w2, w4, #0x37
    8261d7d8:	93407c42 	sxtw	x2, w2
    8261d7dc:	9a860042 	csel	x2, x2, x6, eq  // eq = none
    8261d7e0:	17fffff0 	b	8261d7a0 <simple_strtoul+0xc4>

000000008261d7e4 <strict_strtoul>:
    8261d7e4:	a9bc7bfd 	stp	x29, x30, [sp, #-64]!
    8261d7e8:	910003fd 	mov	x29, sp
    8261d7ec:	a90153f3 	stp	x19, x20, [sp, #16]
    8261d7f0:	aa0203f4 	mov	x20, x2
    8261d7f4:	aa0003f3 	mov	x19, x0
    8261d7f8:	f90013f5 	str	x21, [sp, #32]
    8261d7fc:	2a0103f5 	mov	w21, w1
    8261d800:	b0000041 	adrp	x1, 82626000 <spinand_chip_table+0xc96>
    8261d804:	f942f822 	ldr	x2, [x1, #1520]
    8261d808:	f9001fe2 	str	x2, [sp, #56]
    8261d80c:	d2800002 	mov	x2, #0x0                   	// #0
    8261d810:	f900029f 	str	xzr, [x20]
    8261d814:	97fff9d3 	bl	8261bf60 <strlen>
    8261d818:	b5000120 	cbnz	x0, 8261d83c <strict_strtoul+0x58>
    8261d81c:	128002a0 	mov	w0, #0xffffffea            	// #-22
    8261d820:	b0000041 	adrp	x1, 82626000 <spinand_chip_table+0xc96>
    8261d824:	f9401fe2 	ldr	x2, [sp, #56]
    8261d828:	f942f823 	ldr	x3, [x1, #1520]
    8261d82c:	eb030042 	subs	x2, x2, x3
    8261d830:	d2800003 	mov	x3, #0x0                   	// #0
    8261d834:	540002a0 	b.eq	8261d888 <strict_strtoul+0xa4>  // b.none
    8261d838:	97ffd2f1 	bl	826123fc <__stack_chk_fail>
    8261d83c:	9100c3e1 	add	x1, sp, #0x30
    8261d840:	aa0003eb 	mov	x11, x0
    8261d844:	2a1503e2 	mov	w2, w21
    8261d848:	aa1303e0 	mov	x0, x19
    8261d84c:	97ffffa4 	bl	8261d6dc <simple_strtoul>
    8261d850:	f9401be1 	ldr	x1, [sp, #48]
    8261d854:	eb13003f 	cmp	x1, x19
    8261d858:	54fffe20 	b.eq	8261d81c <strict_strtoul+0x38>  // b.none
    8261d85c:	39400022 	ldrb	w2, [x1]
    8261d860:	340000e2 	cbz	w2, 8261d87c <strict_strtoul+0x98>
    8261d864:	cb130021 	sub	x1, x1, x19
    8261d868:	91000421 	add	x1, x1, #0x1
    8261d86c:	eb0b003f 	cmp	x1, x11
    8261d870:	54fffd61 	b.ne	8261d81c <strict_strtoul+0x38>  // b.any
    8261d874:	7100285f 	cmp	w2, #0xa
    8261d878:	54fffd21 	b.ne	8261d81c <strict_strtoul+0x38>  // b.any
    8261d87c:	f9000280 	str	x0, [x20]
    8261d880:	52800000 	mov	w0, #0x0                   	// #0
    8261d884:	17ffffe7 	b	8261d820 <strict_strtoul+0x3c>
    8261d888:	a94153f3 	ldp	x19, x20, [sp, #16]
    8261d88c:	f94013f5 	ldr	x21, [sp, #32]
    8261d890:	a8c47bfd 	ldp	x29, x30, [sp], #64
    8261d894:	d65f03c0 	ret

000000008261d898 <simple_strtol>:
    8261d898:	39400004 	ldrb	w4, [x0]
    8261d89c:	7100b49f 	cmp	w4, #0x2d
    8261d8a0:	54000040 	b.eq	8261d8a8 <simple_strtol+0x10>  // b.none
    8261d8a4:	17ffff8e 	b	8261d6dc <simple_strtoul>
    8261d8a8:	a9bf7bfd 	stp	x29, x30, [sp, #-16]!
    8261d8ac:	91000400 	add	x0, x0, #0x1
    8261d8b0:	910003fd 	mov	x29, sp
    8261d8b4:	97ffff8a 	bl	8261d6dc <simple_strtoul>
    8261d8b8:	cb0003e0 	neg	x0, x0
    8261d8bc:	a8c17bfd 	ldp	x29, x30, [sp], #16
    8261d8c0:	d65f03c0 	ret

000000008261d8c4 <ustrtoul>:
    8261d8c4:	a9bf7bfd 	stp	x29, x30, [sp, #-16]!
    8261d8c8:	aa0103eb 	mov	x11, x1
    8261d8cc:	910003fd 	mov	x29, sp
    8261d8d0:	97ffff83 	bl	8261d6dc <simple_strtoul>
    8261d8d4:	f9400022 	ldr	x2, [x1]
    8261d8d8:	d0000021 	adrp	x1, 82623000 <clk_fixed_rate_ops+0x18>
    8261d8dc:	913a9821 	add	x1, x1, #0xea6
    8261d8e0:	39400044 	ldrb	w4, [x2]
    8261d8e4:	39400043 	ldrb	w3, [x2]
    8261d8e8:	38646821 	ldrb	w1, [x1, x4]
    8261d8ec:	36000061 	tbz	w1, #0, 8261d8f8 <ustrtoul+0x34>
    8261d8f0:	11008063 	add	w3, w3, #0x20
    8261d8f4:	12001c63 	and	w3, w3, #0xff
    8261d8f8:	7101ac7f 	cmp	w3, #0x6b
    8261d8fc:	540000e0 	b.eq	8261d918 <ustrtoul+0x54>  // b.none
    8261d900:	7101b47f 	cmp	w3, #0x6d
    8261d904:	54000080 	b.eq	8261d914 <ustrtoul+0x50>  // b.none
    8261d908:	71019c7f 	cmp	w3, #0x67
    8261d90c:	54000201 	b.ne	8261d94c <ustrtoul+0x88>  // b.any
    8261d910:	d376d400 	lsl	x0, x0, #10
    8261d914:	d376d400 	lsl	x0, x0, #10
    8261d918:	91000441 	add	x1, x2, #0x1
    8261d91c:	f9000161 	str	x1, [x11]
    8261d920:	91000842 	add	x2, x2, #0x2
    8261d924:	d376d400 	lsl	x0, x0, #10
    8261d928:	385ff043 	ldurb	w3, [x2, #-1]
    8261d92c:	7101a47f 	cmp	w3, #0x69
    8261d930:	9a810042 	csel	x2, x2, x1, eq  // eq = none
    8261d934:	f9000162 	str	x2, [x11]
    8261d938:	aa0203e1 	mov	x1, x2
    8261d93c:	38401423 	ldrb	w3, [x1], #1
    8261d940:	7101087f 	cmp	w3, #0x42
    8261d944:	9a820022 	csel	x2, x1, x2, eq  // eq = none
    8261d948:	f9000162 	str	x2, [x11]
    8261d94c:	a8c17bfd 	ldp	x29, x30, [sp], #16
    8261d950:	d65f03c0 	ret

000000008261d954 <ustrtoull>:
    8261d954:	17ffffdc 	b	8261d8c4 <ustrtoul>

000000008261d958 <trailing_strtoln>:
    8261d958:	a9be7bfd 	stp	x29, x30, [sp, #-32]!
    8261d95c:	910003fd 	mov	x29, sp
    8261d960:	f9000bf3 	str	x19, [sp, #16]
    8261d964:	aa0003f3 	mov	x19, x0
    8261d968:	b5000061 	cbnz	x1, 8261d974 <trailing_strtoln+0x1c>
    8261d96c:	97fff97d 	bl	8261bf60 <strlen>
    8261d970:	8b000261 	add	x1, x19, x0
    8261d974:	385ff020 	ldurb	w0, [x1, #-1]
    8261d978:	d0000022 	adrp	x2, 82623000 <clk_fixed_rate_ops+0x18>
    8261d97c:	913a9842 	add	x2, x2, #0xea6
    8261d980:	38606840 	ldrb	w0, [x2, x0]
    8261d984:	36100080 	tbz	w0, #2, 8261d994 <trailing_strtoln+0x3c>
    8261d988:	d1000420 	sub	x0, x1, #0x1
    8261d98c:	eb13001f 	cmp	x0, x19
    8261d990:	540000a8 	b.hi	8261d9a4 <trailing_strtoln+0x4c>  // b.pmore
    8261d994:	92800000 	mov	x0, #0xffffffffffffffff    	// #-1
    8261d998:	f9400bf3 	ldr	x19, [sp, #16]
    8261d99c:	a8c27bfd 	ldp	x29, x30, [sp], #32
    8261d9a0:	d65f03c0 	ret
    8261d9a4:	39400001 	ldrb	w1, [x0]
    8261d9a8:	38616841 	ldrb	w1, [x2, x1]
    8261d9ac:	371000e1 	tbnz	w1, #2, 8261d9c8 <trailing_strtoln+0x70>
    8261d9b0:	f9400bf3 	ldr	x19, [sp, #16]
    8261d9b4:	91000400 	add	x0, x0, #0x1
    8261d9b8:	a8c27bfd 	ldp	x29, x30, [sp], #32
    8261d9bc:	52800142 	mov	w2, #0xa                   	// #10
    8261d9c0:	d2800001 	mov	x1, #0x0                   	// #0
    8261d9c4:	17ffff46 	b	8261d6dc <simple_strtoul>
    8261d9c8:	d1000400 	sub	x0, x0, #0x1
    8261d9cc:	17fffff0 	b	8261d98c <trailing_strtoln+0x34>

000000008261d9d0 <trailing_strtol>:
    8261d9d0:	d2800001 	mov	x1, #0x0                   	// #0
    8261d9d4:	17ffffe1 	b	8261d958 <trailing_strtoln>

000000008261d9d8 <test_block_type>:
    8261d9d8:	a9be7bfd 	stp	x29, x30, [sp, #-32]!
    8261d9dc:	910003fd 	mov	x29, sp
    8261d9e0:	f9000bf3 	str	x19, [sp, #16]
    8261d9e4:	aa0003f3 	mov	x19, x0
    8261d9e8:	3947f800 	ldrb	w0, [x0, #510]
    8261d9ec:	7101541f 	cmp	w0, #0x55
    8261d9f0:	54000301 	b.ne	8261da50 <test_block_type+0x78>  // b.any
    8261d9f4:	3947fe60 	ldrb	w0, [x19, #511]
    8261d9f8:	7102a81f 	cmp	w0, #0xaa
    8261d9fc:	540002a1 	b.ne	8261da50 <test_block_type+0x78>  // b.any
    8261da00:	3946fa61 	ldrb	w1, [x19, #446]
    8261da04:	52800000 	mov	w0, #0x0                   	// #0
    8261da08:	f240183f 	tst	x1, #0x7f
    8261da0c:	540001c0 	b.eq	8261da44 <test_block_type+0x6c>  // b.none
    8261da10:	b0000041 	adrp	x1, 82626000 <spinand_chip_table+0xc96>
    8261da14:	9100da60 	add	x0, x19, #0x36
    8261da18:	91123021 	add	x1, x1, #0x48c
    8261da1c:	d2800062 	mov	x2, #0x3                   	// #3
    8261da20:	97fff938 	bl	8261bf00 <strncmp>
    8261da24:	340000e0 	cbz	w0, 8261da40 <test_block_type+0x68>
    8261da28:	b0000041 	adrp	x1, 82626000 <spinand_chip_table+0xc96>
    8261da2c:	91014a60 	add	x0, x19, #0x52
    8261da30:	91124021 	add	x1, x1, #0x490
    8261da34:	d28000a2 	mov	x2, #0x5                   	// #5
    8261da38:	97fff932 	bl	8261bf00 <strncmp>
    8261da3c:	350000a0 	cbnz	w0, 8261da50 <test_block_type+0x78>
    8261da40:	52800020 	mov	w0, #0x1                   	// #1
    8261da44:	f9400bf3 	ldr	x19, [sp, #16]
    8261da48:	a8c27bfd 	ldp	x29, x30, [sp], #32
    8261da4c:	d65f03c0 	ret
    8261da50:	12800000 	mov	w0, #0xffffffff            	// #-1
    8261da54:	17fffffc 	b	8261da44 <test_block_type+0x6c>

000000008261da58 <part_test_dos>:
    8261da58:	a9bd7bfd 	stp	x29, x30, [sp, #-48]!
    8261da5c:	b0000041 	adrp	x1, 82626000 <spinand_chip_table+0xc96>
    8261da60:	d2800022 	mov	x2, #0x1                   	// #1
    8261da64:	910003fd 	mov	x29, sp
    8261da68:	f9000bf3 	str	x19, [sp, #16]
    8261da6c:	f942f823 	ldr	x3, [x1, #1520]
    8261da70:	f90017a3 	str	x3, [x29, #40]
    8261da74:	d2800003 	mov	x3, #0x0                   	// #0
    8261da78:	f9400c01 	ldr	x1, [x0, #24]
    8261da7c:	f9404004 	ldr	x4, [x0, #128]
    8261da80:	9100fc21 	add	x1, x1, #0x3f
    8261da84:	927ae421 	and	x1, x1, #0xffffffffffffffc0
    8261da88:	91010021 	add	x1, x1, #0x40
    8261da8c:	cb2163ff 	sub	sp, sp, x1
    8261da90:	d2800001 	mov	x1, #0x0                   	// #0
    8261da94:	9100fff3 	add	x19, sp, #0x3f
    8261da98:	927ae673 	and	x19, x19, #0xffffffffffffffc0
    8261da9c:	aa1303e3 	mov	x3, x19
    8261daa0:	d63f0080 	blr	x4
    8261daa4:	f100041f 	cmp	x0, #0x1
    8261daa8:	54000181 	b.ne	8261dad8 <part_test_dos+0x80>  // b.any
    8261daac:	aa1303e0 	mov	x0, x19
    8261dab0:	97ffffca 	bl	8261d9d8 <test_block_type>
    8261dab4:	7100001f 	cmp	w0, #0x0
    8261dab8:	5a9f03e0 	csetm	w0, ne  // ne = any
    8261dabc:	b0000041 	adrp	x1, 82626000 <spinand_chip_table+0xc96>
    8261dac0:	f94017a2 	ldr	x2, [x29, #40]
    8261dac4:	f942f823 	ldr	x3, [x1, #1520]
    8261dac8:	eb030042 	subs	x2, x2, x3
    8261dacc:	d2800003 	mov	x3, #0x0                   	// #0
    8261dad0:	54000080 	b.eq	8261dae0 <part_test_dos+0x88>  // b.none
    8261dad4:	97ffd24a 	bl	826123fc <__stack_chk_fail>
    8261dad8:	12800000 	mov	w0, #0xffffffff            	// #-1
    8261dadc:	17fffff8 	b	8261dabc <part_test_dos+0x64>
    8261dae0:	910003bf 	mov	sp, x29
    8261dae4:	f9400bf3 	ldr	x19, [sp, #16]
    8261dae8:	a8c37bfd 	ldp	x29, x30, [sp], #48
    8261daec:	d65f03c0 	ret

000000008261daf0 <clk_request>:
    8261daf0:	aa0003e2 	mov	x2, x0
    8261daf4:	aa0103e0 	mov	x0, x1
    8261daf8:	f9400041 	ldr	x1, [x2]
    8261dafc:	f9403421 	ldr	x1, [x1, #104]
    8261db00:	f9000002 	str	x2, [x0]
    8261db04:	f9400421 	ldr	x1, [x1, #8]
    8261db08:	b4000061 	cbz	x1, 8261db14 <clk_request+0x24>
    8261db0c:	aa0103f0 	mov	x16, x1
    8261db10:	d61f0200 	br	x16
    8261db14:	52800000 	mov	w0, #0x0                   	// #0
    8261db18:	d65f03c0 	ret

000000008261db1c <clk_get_by_index_tail.part.0>:
    8261db1c:	a9bd7bfd 	stp	x29, x30, [sp, #-48]!
    8261db20:	910003fd 	mov	x29, sp
    8261db24:	a90153f3 	stp	x19, x20, [sp, #16]
    8261db28:	aa0003f4 	mov	x20, x0
    8261db2c:	aa0103f3 	mov	x19, x1
    8261db30:	b0000040 	adrp	x0, 82626000 <spinand_chip_table+0xc96>
    8261db34:	f942f801 	ldr	x1, [x0, #1520]
    8261db38:	f90017e1 	str	x1, [sp, #40]
    8261db3c:	d2800001 	mov	x1, #0x0                   	// #0
    8261db40:	f9400281 	ldr	x1, [x20]
    8261db44:	910083e2 	add	x2, sp, #0x20
    8261db48:	528002a0 	mov	w0, #0x15                  	// #21
    8261db4c:	94000632 	bl	8261f414 <uclass_get_device_by_ofnode>
    8261db50:	350001c0 	cbnz	w0, 8261db88 <clk_get_by_index_tail.part.0+0x6c>
    8261db54:	f94013e0 	ldr	x0, [sp, #32]
    8261db58:	f9000260 	str	x0, [x19]
    8261db5c:	f9400000 	ldr	x0, [x0]
    8261db60:	f9403400 	ldr	x0, [x0, #104]
    8261db64:	f9400002 	ldr	x2, [x0]
    8261db68:	b40001e2 	cbz	x2, 8261dba4 <clk_get_by_index_tail.part.0+0x88>
    8261db6c:	aa1403e1 	mov	x1, x20
    8261db70:	aa1303e0 	mov	x0, x19
    8261db74:	d63f0040 	blr	x2
    8261db78:	35000080 	cbnz	w0, 8261db88 <clk_get_by_index_tail.part.0+0x6c>
    8261db7c:	f94013e0 	ldr	x0, [sp, #32]
    8261db80:	aa1303e1 	mov	x1, x19
    8261db84:	97ffffdb 	bl	8261daf0 <clk_request>
    8261db88:	b0000041 	adrp	x1, 82626000 <spinand_chip_table+0xc96>
    8261db8c:	f94017e2 	ldr	x2, [sp, #40]
    8261db90:	f942f823 	ldr	x3, [x1, #1520]
    8261db94:	eb030042 	subs	x2, x2, x3
    8261db98:	d2800003 	mov	x3, #0x0                   	// #0
    8261db9c:	540001a0 	b.eq	8261dbd0 <clk_get_by_index_tail.part.0+0xb4>  // b.none
    8261dba0:	97ffd217 	bl	826123fc <__stack_chk_fail>
    8261dba4:	b9400a80 	ldr	w0, [x20, #8]
    8261dba8:	7100041f 	cmp	w0, #0x1
    8261dbac:	540000ec 	b.gt	8261dbc8 <clk_get_by_index_tail.part.0+0xac>
    8261dbb0:	34000080 	cbz	w0, 8261dbc0 <clk_get_by_index_tail.part.0+0xa4>
    8261dbb4:	b9400e80 	ldr	w0, [x20, #12]
    8261dbb8:	f9000660 	str	x0, [x19, #8]
    8261dbbc:	17fffff0 	b	8261db7c <clk_get_by_index_tail.part.0+0x60>
    8261dbc0:	f900067f 	str	xzr, [x19, #8]
    8261dbc4:	17ffffee 	b	8261db7c <clk_get_by_index_tail.part.0+0x60>
    8261dbc8:	128002a0 	mov	w0, #0xffffffea            	// #-22
    8261dbcc:	17ffffef 	b	8261db88 <clk_get_by_index_tail.part.0+0x6c>
    8261dbd0:	a94153f3 	ldp	x19, x20, [sp, #16]
    8261dbd4:	a8c37bfd 	ldp	x29, x30, [sp], #48
    8261dbd8:	d65f03c0 	ret

000000008261dbdc <clk_get_by_index>:
    8261dbdc:	a9b87bfd 	stp	x29, x30, [sp, #-128]!
    8261dbe0:	2a0103e4 	mov	w4, w1
    8261dbe4:	f0000021 	adrp	x1, 82624000 <_ctype+0x15a>
    8261dbe8:	910003fd 	mov	x29, sp
    8261dbec:	f9000bf3 	str	x19, [sp, #16]
    8261dbf0:	aa0203f3 	mov	x19, x2
    8261dbf4:	b0000042 	adrp	x2, 82626000 <spinand_chip_table+0xc96>
    8261dbf8:	9100a3e5 	add	x5, sp, #0x28
    8261dbfc:	f9401400 	ldr	x0, [x0, #40]
    8261dc00:	f942f843 	ldr	x3, [x2, #1520]
    8261dc04:	f9003fe3 	str	x3, [sp, #120]
    8261dc08:	d2800003 	mov	x3, #0x0                   	// #0
    8261dc0c:	910fe021 	add	x1, x1, #0x3f8
    8261dc10:	f0000022 	adrp	x2, 82624000 <_ctype+0x15a>
    8261dc14:	910ea842 	add	x2, x2, #0x3aa
    8261dc18:	94000737 	bl	8261f8f4 <ofnode_parse_phandle_with_args>
    8261dc1c:	f900027f 	str	xzr, [x19]
    8261dc20:	35000080 	cbnz	w0, 8261dc30 <clk_get_by_index+0x54>
    8261dc24:	aa1303e1 	mov	x1, x19
    8261dc28:	9100a3e0 	add	x0, sp, #0x28
    8261dc2c:	97ffffbc 	bl	8261db1c <clk_get_by_index_tail.part.0>
    8261dc30:	b0000041 	adrp	x1, 82626000 <spinand_chip_table+0xc96>
    8261dc34:	f9403fe2 	ldr	x2, [sp, #120]
    8261dc38:	f942f823 	ldr	x3, [x1, #1520]
    8261dc3c:	eb030042 	subs	x2, x2, x3
    8261dc40:	d2800003 	mov	x3, #0x0                   	// #0
    8261dc44:	54000040 	b.eq	8261dc4c <clk_get_by_index+0x70>  // b.none
    8261dc48:	97ffd1ed 	bl	826123fc <__stack_chk_fail>
    8261dc4c:	f9400bf3 	ldr	x19, [sp, #16]
    8261dc50:	a8c87bfd 	ldp	x29, x30, [sp], #128
    8261dc54:	d65f03c0 	ret

000000008261dc58 <clk_get_by_name>:
    8261dc58:	a9be7bfd 	stp	x29, x30, [sp, #-32]!
    8261dc5c:	910003fd 	mov	x29, sp
    8261dc60:	a90153f3 	stp	x19, x20, [sp, #16]
    8261dc64:	aa0003f3 	mov	x19, x0
    8261dc68:	aa0203f4 	mov	x20, x2
    8261dc6c:	f900005f 	str	xzr, [x2]
    8261dc70:	aa0103e2 	mov	x2, x1
    8261dc74:	f0000021 	adrp	x1, 82624000 <_ctype+0x15a>
    8261dc78:	910edc21 	add	x1, x1, #0x3b7
    8261dc7c:	f9401400 	ldr	x0, [x0, #40]
    8261dc80:	9400070d 	bl	8261f8b4 <ofnode_stringlist_search>
    8261dc84:	37f800e0 	tbnz	w0, #31, 8261dca0 <clk_get_by_name+0x48>
    8261dc88:	2a0003e1 	mov	w1, w0
    8261dc8c:	aa1403e2 	mov	x2, x20
    8261dc90:	aa1303e0 	mov	x0, x19
    8261dc94:	a94153f3 	ldp	x19, x20, [sp, #16]
    8261dc98:	a8c27bfd 	ldp	x29, x30, [sp], #32
    8261dc9c:	17ffffd0 	b	8261dbdc <clk_get_by_index>
    8261dca0:	a94153f3 	ldp	x19, x20, [sp, #16]
    8261dca4:	a8c27bfd 	ldp	x29, x30, [sp], #32
    8261dca8:	d65f03c0 	ret

000000008261dcac <clk_get_by_indexed_prop>:
    8261dcac:	a9b87bfd 	stp	x29, x30, [sp, #-128]!
    8261dcb0:	910003fd 	mov	x29, sp
    8261dcb4:	f9000bf3 	str	x19, [sp, #16]
    8261dcb8:	aa0303f3 	mov	x19, x3
    8261dcbc:	b0000043 	adrp	x3, 82626000 <spinand_chip_table+0xc96>
    8261dcc0:	9100a3e5 	add	x5, sp, #0x28
    8261dcc4:	f942f864 	ldr	x4, [x3, #1520]
    8261dcc8:	f9003fe4 	str	x4, [sp, #120]
    8261dccc:	d2800004 	mov	x4, #0x0                   	// #0
    8261dcd0:	52800003 	mov	w3, #0x0                   	// #0
    8261dcd4:	f900027f 	str	xzr, [x19]
    8261dcd8:	2a0203e4 	mov	w4, w2
    8261dcdc:	f0000022 	adrp	x2, 82624000 <_ctype+0x15a>
    8261dce0:	910ea842 	add	x2, x2, #0x3aa
    8261dce4:	f9401400 	ldr	x0, [x0, #40]
    8261dce8:	94000703 	bl	8261f8f4 <ofnode_parse_phandle_with_args>
    8261dcec:	350000a0 	cbnz	w0, 8261dd00 <clk_get_by_indexed_prop+0x54>
    8261dcf0:	f900027f 	str	xzr, [x19]
    8261dcf4:	aa1303e1 	mov	x1, x19
    8261dcf8:	9100a3e0 	add	x0, sp, #0x28
    8261dcfc:	97ffff88 	bl	8261db1c <clk_get_by_index_tail.part.0>
    8261dd00:	b0000041 	adrp	x1, 82626000 <spinand_chip_table+0xc96>
    8261dd04:	f9403fe2 	ldr	x2, [sp, #120]
    8261dd08:	f942f823 	ldr	x3, [x1, #1520]
    8261dd0c:	eb030042 	subs	x2, x2, x3
    8261dd10:	d2800003 	mov	x3, #0x0                   	// #0
    8261dd14:	54000040 	b.eq	8261dd1c <clk_get_by_indexed_prop+0x70>  // b.none
    8261dd18:	97ffd1b9 	bl	826123fc <__stack_chk_fail>
    8261dd1c:	f9400bf3 	ldr	x19, [sp, #16]
    8261dd20:	a8c87bfd 	ldp	x29, x30, [sp], #128
    8261dd24:	d65f03c0 	ret

000000008261dd28 <clk_free>:
    8261dd28:	f9400001 	ldr	x1, [x0]
    8261dd2c:	f9400021 	ldr	x1, [x1]
    8261dd30:	f9403421 	ldr	x1, [x1, #104]
    8261dd34:	f9400821 	ldr	x1, [x1, #16]
    8261dd38:	b4000061 	cbz	x1, 8261dd44 <clk_free+0x1c>
    8261dd3c:	aa0103f0 	mov	x16, x1
    8261dd40:	d61f0200 	br	x16
    8261dd44:	52800000 	mov	w0, #0x0                   	// #0
    8261dd48:	d65f03c0 	ret

000000008261dd4c <clk_get_rate>:
    8261dd4c:	f9400001 	ldr	x1, [x0]
    8261dd50:	f9400021 	ldr	x1, [x1]
    8261dd54:	f9403421 	ldr	x1, [x1, #104]
    8261dd58:	f9400c21 	ldr	x1, [x1, #24]
    8261dd5c:	b4000061 	cbz	x1, 8261dd68 <clk_get_rate+0x1c>
    8261dd60:	aa0103f0 	mov	x16, x1
    8261dd64:	d61f0200 	br	x16
    8261dd68:	928004a0 	mov	x0, #0xffffffffffffffda    	// #-38
    8261dd6c:	d65f03c0 	ret

000000008261dd70 <clk_set_rate>:
    8261dd70:	f9400002 	ldr	x2, [x0]
    8261dd74:	f9400042 	ldr	x2, [x2]
    8261dd78:	f9403442 	ldr	x2, [x2, #104]
    8261dd7c:	f9401042 	ldr	x2, [x2, #32]
    8261dd80:	b4000062 	cbz	x2, 8261dd8c <clk_set_rate+0x1c>
    8261dd84:	aa0203f0 	mov	x16, x2
    8261dd88:	d61f0200 	br	x16
    8261dd8c:	928004a0 	mov	x0, #0xffffffffffffffda    	// #-38
    8261dd90:	d65f03c0 	ret

000000008261dd94 <clk_set_parent>:
    8261dd94:	f9400002 	ldr	x2, [x0]
    8261dd98:	f9400042 	ldr	x2, [x2]
    8261dd9c:	f9403442 	ldr	x2, [x2, #104]
    8261dda0:	f9401442 	ldr	x2, [x2, #40]
    8261dda4:	b4000062 	cbz	x2, 8261ddb0 <clk_set_parent+0x1c>
    8261dda8:	aa0203f0 	mov	x16, x2
    8261ddac:	d61f0200 	br	x16
    8261ddb0:	128004a0 	mov	w0, #0xffffffda            	// #-38
    8261ddb4:	d65f03c0 	ret

000000008261ddb8 <clk_set_defaults>:
    8261ddb8:	a9b87bfd 	stp	x29, x30, [sp, #-128]!
    8261ddbc:	f0000022 	adrp	x2, 82624000 <_ctype+0x15a>
    8261ddc0:	910ea842 	add	x2, x2, #0x3aa
    8261ddc4:	910003fd 	mov	x29, sp
    8261ddc8:	a90153f3 	stp	x19, x20, [sp, #16]
    8261ddcc:	aa0003f4 	mov	x20, x0
    8261ddd0:	b0000040 	adrp	x0, 82626000 <spinand_chip_table+0xc96>
    8261ddd4:	a9025bf5 	stp	x21, x22, [sp, #32]
    8261ddd8:	f0000036 	adrp	x22, 82624000 <_ctype+0x15a>
    8261dddc:	910f0ed6 	add	x22, x22, #0x3c3
    8261dde0:	f9001bf7 	str	x23, [sp, #48]
    8261dde4:	f942f801 	ldr	x1, [x0, #1520]
    8261dde8:	f9003fe1 	str	x1, [sp, #120]
    8261ddec:	d2800001 	mov	x1, #0x0                   	// #0
    8261ddf0:	f9401680 	ldr	x0, [x20, #40]
    8261ddf4:	aa1603e1 	mov	x1, x22
    8261ddf8:	940006e5 	bl	8261f98c <ofnode_count_phandle_with_args>
    8261ddfc:	36f80500 	tbz	w0, #31, 8261de9c <clk_set_defaults+0xe4>
    8261de00:	f9401680 	ldr	x0, [x20, #40]
    8261de04:	f0000035 	adrp	x21, 82624000 <_ctype+0x15a>
    8261de08:	910f6ab5 	add	x21, x21, #0x3da
    8261de0c:	aa1503e1 	mov	x1, x21
    8261de10:	94000690 	bl	8261f850 <ofnode_read_size>
    8261de14:	36f804e0 	tbz	w0, #31, 8261deb0 <clk_set_defaults+0xf8>
    8261de18:	52800000 	mov	w0, #0x0                   	// #0
    8261de1c:	14000037 	b	8261def8 <clk_set_defaults+0x140>
    8261de20:	910183e3 	add	x3, sp, #0x60
    8261de24:	2a1303e2 	mov	w2, w19
    8261de28:	aa1603e1 	mov	x1, x22
    8261de2c:	aa1403e0 	mov	x0, x20
    8261de30:	97ffff9f 	bl	8261dcac <clk_get_by_indexed_prop>
    8261de34:	3100081f 	cmn	w0, #0x2
    8261de38:	540000a1 	b.ne	8261de4c <clk_set_defaults+0x94>  // b.any
    8261de3c:	11000673 	add	w19, w19, #0x1
    8261de40:	6b1302bf 	cmp	w21, w19
    8261de44:	54fffee1 	b.ne	8261de20 <clk_set_defaults+0x68>  // b.any
    8261de48:	17ffffee 	b	8261de00 <clk_set_defaults+0x48>
    8261de4c:	350001a0 	cbnz	w0, 8261de80 <clk_set_defaults+0xc8>
    8261de50:	910123e3 	add	x3, sp, #0x48
    8261de54:	2a1303e2 	mov	w2, w19
    8261de58:	aa1703e1 	mov	x1, x23
    8261de5c:	aa1403e0 	mov	x0, x20
    8261de60:	97ffff93 	bl	8261dcac <clk_get_by_indexed_prop>
    8261de64:	350000e0 	cbnz	w0, 8261de80 <clk_set_defaults+0xc8>
    8261de68:	910183e1 	add	x1, sp, #0x60
    8261de6c:	910123e0 	add	x0, sp, #0x48
    8261de70:	97ffffc9 	bl	8261dd94 <clk_set_parent>
    8261de74:	3100981f 	cmn	w0, #0x26
    8261de78:	54fffe20 	b.eq	8261de3c <clk_set_defaults+0x84>  // b.none
    8261de7c:	34fffe00 	cbz	w0, 8261de3c <clk_set_defaults+0x84>
    8261de80:	b0000041 	adrp	x1, 82626000 <spinand_chip_table+0xc96>
    8261de84:	f9403fe2 	ldr	x2, [sp, #120]
    8261de88:	f942f823 	ldr	x3, [x1, #1520]
    8261de8c:	eb030042 	subs	x2, x2, x3
    8261de90:	d2800003 	mov	x3, #0x0                   	// #0
    8261de94:	54000580 	b.eq	8261df44 <clk_set_defaults+0x18c>  // b.none
    8261de98:	97ffd159 	bl	826123fc <__stack_chk_fail>
    8261de9c:	f0000037 	adrp	x23, 82624000 <_ctype+0x15a>
    8261dea0:	2a0003f5 	mov	w21, w0
    8261dea4:	910fbef7 	add	x23, x23, #0x3ef
    8261dea8:	52800013 	mov	w19, #0x0                   	// #0
    8261deac:	17ffffe5 	b	8261de40 <clk_set_defaults+0x88>
    8261deb0:	93407c00 	sxtw	x0, w0
    8261deb4:	d2800081 	mov	x1, #0x4                   	// #4
    8261deb8:	d342fc13 	lsr	x19, x0, #2
    8261debc:	aa1303e0 	mov	x0, x19
    8261dec0:	97ffe8f8 	bl	826182a0 <calloc>
    8261dec4:	aa0003f6 	mov	x22, x0
    8261dec8:	b40003a0 	cbz	x0, 8261df3c <clk_set_defaults+0x184>
    8261decc:	aa0003e2 	mov	x2, x0
    8261ded0:	aa1303e3 	mov	x3, x19
    8261ded4:	f9401680 	ldr	x0, [x20, #40]
    8261ded8:	aa1503e1 	mov	x1, x21
    8261dedc:	94000653 	bl	8261f828 <ofnode_read_u32_array>
    8261dee0:	350000c0 	cbnz	w0, 8261def8 <clk_set_defaults+0x140>
    8261dee4:	f0000037 	adrp	x23, 82624000 <_ctype+0x15a>
    8261dee8:	910fbef7 	add	x23, x23, #0x3ef
    8261deec:	d2800015 	mov	x21, #0x0                   	// #0
    8261def0:	6b15027f 	cmp	w19, w21
    8261def4:	5400008c 	b.gt	8261df04 <clk_set_defaults+0x14c>
    8261def8:	7100001f 	cmp	w0, #0x0
    8261defc:	1a9fd000 	csel	w0, w0, wzr, le
    8261df00:	17ffffe0 	b	8261de80 <clk_set_defaults+0xc8>
    8261df04:	b8757ac1 	ldr	w1, [x22, x21, lsl #2]
    8261df08:	34000161 	cbz	w1, 8261df34 <clk_set_defaults+0x17c>
    8261df0c:	910183e3 	add	x3, sp, #0x60
    8261df10:	2a1503e2 	mov	w2, w21
    8261df14:	aa1703e1 	mov	x1, x23
    8261df18:	aa1403e0 	mov	x0, x20
    8261df1c:	97ffff64 	bl	8261dcac <clk_get_by_indexed_prop>
    8261df20:	350000a0 	cbnz	w0, 8261df34 <clk_set_defaults+0x17c>
    8261df24:	b8757ac1 	ldr	w1, [x22, x21, lsl #2]
    8261df28:	910183e0 	add	x0, sp, #0x60
    8261df2c:	97ffff91 	bl	8261dd70 <clk_set_rate>
    8261df30:	37fffe40 	tbnz	w0, #31, 8261def8 <clk_set_defaults+0x140>
    8261df34:	910006b5 	add	x21, x21, #0x1
    8261df38:	17ffffee 	b	8261def0 <clk_set_defaults+0x138>
    8261df3c:	12800160 	mov	w0, #0xfffffff4            	// #-12
    8261df40:	17ffffee 	b	8261def8 <clk_set_defaults+0x140>
    8261df44:	a94153f3 	ldp	x19, x20, [sp, #16]
    8261df48:	a9425bf5 	ldp	x21, x22, [sp, #32]
    8261df4c:	f9401bf7 	ldr	x23, [sp, #48]
    8261df50:	a8c87bfd 	ldp	x29, x30, [sp], #128
    8261df54:	d65f03c0 	ret

000000008261df58 <clk_enable>:
    8261df58:	f9400001 	ldr	x1, [x0]
    8261df5c:	f9400021 	ldr	x1, [x1]
    8261df60:	f9403421 	ldr	x1, [x1, #104]
    8261df64:	f9401821 	ldr	x1, [x1, #48]
    8261df68:	b4000061 	cbz	x1, 8261df74 <clk_enable+0x1c>
    8261df6c:	aa0103f0 	mov	x16, x1
    8261df70:	d61f0200 	br	x16
    8261df74:	128004a0 	mov	w0, #0xffffffda            	// #-38
    8261df78:	d65f03c0 	ret

000000008261df7c <clk_fixed_rate_ofdata_to_platdata>:
    8261df7c:	a9be7bfd 	stp	x29, x30, [sp, #-32]!
    8261df80:	f0000021 	adrp	x1, 82624000 <_ctype+0x15a>
    8261df84:	910e6821 	add	x1, x1, #0x39a
    8261df88:	910003fd 	mov	x29, sp
    8261df8c:	a90153f3 	stp	x19, x20, [sp, #16]
    8261df90:	aa0003f4 	mov	x20, x0
    8261df94:	52800002 	mov	w2, #0x0                   	// #0
    8261df98:	f9401400 	ldr	x0, [x0, #40]
    8261df9c:	9400061b 	bl	8261f808 <ofnode_read_u32_default>
    8261dfa0:	93407c13 	sxtw	x19, w0
    8261dfa4:	aa1403e0 	mov	x0, x20
    8261dfa8:	94000190 	bl	8261e5e8 <dev_get_platdata>
    8261dfac:	f9000013 	str	x19, [x0]
    8261dfb0:	52800000 	mov	w0, #0x0                   	// #0
    8261dfb4:	a94153f3 	ldp	x19, x20, [sp, #16]
    8261dfb8:	a8c27bfd 	ldp	x29, x30, [sp], #32
    8261dfbc:	d65f03c0 	ret

000000008261dfc0 <clk_fixed_rate_get_rate>:
    8261dfc0:	f9400401 	ldr	x1, [x0, #8]
    8261dfc4:	b5000101 	cbnz	x1, 8261dfe4 <clk_fixed_rate_get_rate+0x24>
    8261dfc8:	a9bf7bfd 	stp	x29, x30, [sp, #-16]!
    8261dfcc:	910003fd 	mov	x29, sp
    8261dfd0:	f9400000 	ldr	x0, [x0]
    8261dfd4:	94000185 	bl	8261e5e8 <dev_get_platdata>
    8261dfd8:	a8c17bfd 	ldp	x29, x30, [sp], #16
    8261dfdc:	f9400000 	ldr	x0, [x0]
    8261dfe0:	d65f03c0 	ret
    8261dfe4:	928002a0 	mov	x0, #0xffffffffffffffea    	// #-22
    8261dfe8:	d65f03c0 	ret

000000008261dfec <clk_fixed_factor_get_rate>:
    8261dfec:	a9be7bfd 	stp	x29, x30, [sp, #-32]!
    8261dff0:	910003fd 	mov	x29, sp
    8261dff4:	a90153f3 	stp	x19, x20, [sp, #16]
    8261dff8:	aa0003f4 	mov	x20, x0
    8261dffc:	f9400000 	ldr	x0, [x0]
    8261e000:	9400017a 	bl	8261e5e8 <dev_get_platdata>
    8261e004:	f9400681 	ldr	x1, [x20, #8]
    8261e008:	b5000181 	cbnz	x1, 8261e038 <clk_fixed_factor_get_rate+0x4c>
    8261e00c:	aa0003f3 	mov	x19, x0
    8261e010:	97ffff4f 	bl	8261dd4c <clk_get_rate>
    8261e014:	b140041f 	cmn	x0, #0x1, lsl #12
    8261e018:	540000a8 	b.hi	8261e02c <clk_fixed_factor_get_rate+0x40>  // b.pmore
    8261e01c:	b9401a61 	ldr	w1, [x19, #24]
    8261e020:	9ac10800 	udiv	x0, x0, x1
    8261e024:	b9401e61 	ldr	w1, [x19, #28]
    8261e028:	9b017c00 	mul	x0, x0, x1
    8261e02c:	a94153f3 	ldp	x19, x20, [sp, #16]
    8261e030:	a8c27bfd 	ldp	x29, x30, [sp], #32
    8261e034:	d65f03c0 	ret
    8261e038:	928002a0 	mov	x0, #0xffffffffffffffea    	// #-22
    8261e03c:	17fffffc 	b	8261e02c <clk_fixed_factor_get_rate+0x40>

000000008261e040 <clk_fixed_factor_ofdata_to_platdata>:
    8261e040:	a9bd7bfd 	stp	x29, x30, [sp, #-48]!
    8261e044:	910003fd 	mov	x29, sp
    8261e048:	a90153f3 	stp	x19, x20, [sp, #16]
    8261e04c:	aa0003f4 	mov	x20, x0
    8261e050:	f90013f5 	str	x21, [sp, #32]
    8261e054:	94000165 	bl	8261e5e8 <dev_get_platdata>
    8261e058:	52800001 	mov	w1, #0x0                   	// #0
    8261e05c:	aa0003e2 	mov	x2, x0
    8261e060:	aa0003f3 	mov	x19, x0
    8261e064:	aa1403e0 	mov	x0, x20
    8261e068:	97fffedd 	bl	8261dbdc <clk_get_by_index>
    8261e06c:	2a0003f5 	mov	w21, w0
    8261e070:	350001a0 	cbnz	w0, 8261e0a4 <clk_fixed_factor_ofdata_to_platdata+0x64>
    8261e074:	f9401680 	ldr	x0, [x20, #40]
    8261e078:	52800022 	mov	w2, #0x1                   	// #1
    8261e07c:	d0000021 	adrp	x1, 82624000 <_ctype+0x15a>
    8261e080:	910e1421 	add	x1, x1, #0x385
    8261e084:	940005e1 	bl	8261f808 <ofnode_read_u32_default>
    8261e088:	b9001a60 	str	w0, [x19, #24]
    8261e08c:	52800022 	mov	w2, #0x1                   	// #1
    8261e090:	d0000021 	adrp	x1, 82624000 <_ctype+0x15a>
    8261e094:	f9401680 	ldr	x0, [x20, #40]
    8261e098:	910e3c21 	add	x1, x1, #0x38f
    8261e09c:	940005db 	bl	8261f808 <ofnode_read_u32_default>
    8261e0a0:	b9001e60 	str	w0, [x19, #28]
    8261e0a4:	2a1503e0 	mov	w0, w21
    8261e0a8:	a94153f3 	ldp	x19, x20, [sp, #16]
    8261e0ac:	f94013f5 	ldr	x21, [sp, #32]
    8261e0b0:	a8c37bfd 	ldp	x29, x30, [sp], #48
    8261e0b4:	d65f03c0 	ret

000000008261e0b8 <alloc_priv>:
    8261e0b8:	362802c1 	tbz	w1, #5, 8261e110 <alloc_priv+0x58>
    8261e0bc:	a9be7bfd 	stp	x29, x30, [sp, #-32]!
    8261e0c0:	910003fd 	mov	x29, sp
    8261e0c4:	a90153f3 	stp	x19, x20, [sp, #16]
    8261e0c8:	1100fc13 	add	w19, w0, #0x3f
    8261e0cc:	121a6673 	and	w19, w19, #0xffffffc0
    8261e0d0:	d2800800 	mov	x0, #0x40                  	// #64
    8261e0d4:	93407e73 	sxtw	x19, w19
    8261e0d8:	aa1303e1 	mov	x1, x19
    8261e0dc:	97ffe86d 	bl	82618290 <memalign_simple>
    8261e0e0:	aa0003f4 	mov	x20, x0
    8261e0e4:	b40000e0 	cbz	x0, 8261e100 <alloc_priv+0x48>
    8261e0e8:	aa1303e2 	mov	x2, x19
    8261e0ec:	52800001 	mov	w1, #0x0                   	// #0
    8261e0f0:	97fff7bd 	bl	8261bfe4 <memset>
    8261e0f4:	8b130281 	add	x1, x20, x19
    8261e0f8:	aa1403e0 	mov	x0, x20
    8261e0fc:	97ffdf0b 	bl	82615d28 <flush_dcache_range>
    8261e100:	aa1403e0 	mov	x0, x20
    8261e104:	a94153f3 	ldp	x19, x20, [sp, #16]
    8261e108:	a8c27bfd 	ldp	x29, x30, [sp], #32
    8261e10c:	d65f03c0 	ret
    8261e110:	93407c01 	sxtw	x1, w0
    8261e114:	d2800020 	mov	x0, #0x1                   	// #1
    8261e118:	17ffe862 	b	826182a0 <calloc>

000000008261e11c <device_bind_common.constprop.0>:
    8261e11c:	a9b97bfd 	stp	x29, x30, [sp, #-112]!
    8261e120:	910003fd 	mov	x29, sp
    8261e124:	a90153f3 	stp	x19, x20, [sp, #16]
    8261e128:	aa0003f4 	mov	x20, x0
    8261e12c:	90000040 	adrp	x0, 82626000 <spinand_chip_table+0xc96>
    8261e130:	a9025bf5 	stp	x21, x22, [sp, #32]
    8261e134:	aa0103f6 	mov	x22, x1
    8261e138:	aa0603f5 	mov	x21, x6
    8261e13c:	a90363f7 	stp	x23, x24, [sp, #48]
    8261e140:	aa0303f8 	mov	x24, x3
    8261e144:	a9046bf9 	stp	x25, x26, [sp, #64]
    8261e148:	aa0203f9 	mov	x25, x2
    8261e14c:	aa0403fa 	mov	x26, x4
    8261e150:	f9002bfb 	str	x27, [sp, #80]
    8261e154:	aa0503fb 	mov	x27, x5
    8261e158:	f942f801 	ldr	x1, [x0, #1520]
    8261e15c:	f90037e1 	str	x1, [sp, #104]
    8261e160:	d2800001 	mov	x1, #0x0                   	// #0
    8261e164:	b4000046 	cbz	x6, 8261e16c <device_bind_common.constprop.0+0x50>
    8261e168:	f90000df 	str	xzr, [x6]
    8261e16c:	b4001039 	cbz	x25, 8261e370 <device_bind_common.constprop.0+0x254>
    8261e170:	b9400ac0 	ldr	w0, [x22, #8]
    8261e174:	910183e1 	add	x1, sp, #0x60
    8261e178:	94000303 	bl	8261ed84 <uclass_get>
    8261e17c:	350000e0 	cbnz	w0, 8261e198 <device_bind_common.constprop.0+0x7c>
    8261e180:	d2801401 	mov	x1, #0xa0                  	// #160
    8261e184:	d2800020 	mov	x0, #0x1                   	// #1
    8261e188:	97ffe846 	bl	826182a0 <calloc>
    8261e18c:	aa0003f3 	mov	x19, x0
    8261e190:	b5000120 	cbnz	x0, 8261e1b4 <device_bind_common.constprop.0+0x98>
    8261e194:	12800160 	mov	w0, #0xfffffff4            	// #-12
    8261e198:	90000041 	adrp	x1, 82626000 <spinand_chip_table+0xc96>
    8261e19c:	f94037e2 	ldr	x2, [sp, #104]
    8261e1a0:	f942f823 	ldr	x3, [x1, #1520]
    8261e1a4:	eb030042 	subs	x2, x2, x3
    8261e1a8:	d2800003 	mov	x3, #0x0                   	// #0
    8261e1ac:	54000f40 	b.eq	8261e394 <device_bind_common.constprop.0+0x278>  // b.none
    8261e1b0:	97ffd093 	bl	826123fc <__stack_chk_fail>
    8261e1b4:	91020017 	add	x23, x0, #0x80
    8261e1b8:	9101c000 	add	x0, x0, #0x70
    8261e1bc:	f9004277 	str	x23, [x19, #128]
    8261e1c0:	12800001 	mov	w1, #0xffffffff            	// #-1
    8261e1c4:	f90006f7 	str	x23, [x23, #8]
    8261e1c8:	f9003a60 	str	x0, [x19, #112]
    8261e1cc:	f9000400 	str	x0, [x0, #8]
    8261e1d0:	91018260 	add	x0, x19, #0x60
    8261e1d4:	f9003260 	str	x0, [x19, #96]
    8261e1d8:	f9000400 	str	x0, [x0, #8]
    8261e1dc:	a9006676 	stp	x22, x25, [x19]
    8261e1e0:	f94033e0 	ldr	x0, [sp, #96]
    8261e1e4:	f9000a78 	str	x24, [x19, #16]
    8261e1e8:	a902ea7b 	stp	x27, x26, [x19, #40]
    8261e1ec:	f9001e74 	str	x20, [x19, #56]
    8261e1f0:	f9002660 	str	x0, [x19, #72]
    8261e1f4:	29128661 	stp	w1, w1, [x19, #148]
    8261e1f8:	f9400400 	ldr	x0, [x0, #8]
    8261e1fc:	b9408001 	ldr	w1, [x0, #128]
    8261e200:	36000121 	tbz	w1, #0, 8261e224 <device_bind_common.constprop.0+0x108>
    8261e204:	f9400001 	ldr	x1, [x0]
    8261e208:	b40000e1 	cbz	x1, 8261e224 <device_bind_common.constprop.0+0x108>
    8261e20c:	b100077f 	cmn	x27, #0x1
    8261e210:	540000a0 	b.eq	8261e224 <device_bind_common.constprop.0+0x108>  // b.none
    8261e214:	f9406640 	ldr	x0, [x18, #200]
    8261e218:	91025263 	add	x3, x19, #0x94
    8261e21c:	2a1b03e2 	mov	w2, w27
    8261e220:	97fff56f 	bl	8261b7dc <fdtdec_get_alias_seq>
    8261e224:	b9405ec0 	ldr	w0, [x22, #92]
    8261e228:	350001e0 	cbnz	w0, 8261e264 <device_bind_common.constprop.0+0x148>
    8261e22c:	f94033e0 	ldr	x0, [sp, #96]
    8261e230:	f9400400 	ldr	x0, [x0, #8]
    8261e234:	b9406801 	ldr	w1, [x0, #104]
    8261e238:	340002a1 	cbz	w1, 8261e28c <device_bind_common.constprop.0+0x170>
    8261e23c:	b9409260 	ldr	w0, [x19, #144]
    8261e240:	93407c21 	sxtw	x1, w1
    8261e244:	321c0000 	orr	w0, w0, #0x10
    8261e248:	b9009260 	str	w0, [x19, #144]
    8261e24c:	d2800020 	mov	x0, #0x1                   	// #1
    8261e250:	97ffe814 	bl	826182a0 <calloc>
    8261e254:	f9001260 	str	x0, [x19, #32]
    8261e258:	b50001a0 	cbnz	x0, 8261e28c <device_bind_common.constprop.0+0x170>
    8261e25c:	12800160 	mov	w0, #0xfffffff4            	// #-12
    8261e260:	14000033 	b	8261e32c <device_bind_common.constprop.0+0x210>
    8261e264:	b5fffe58 	cbnz	x24, 8261e22c <device_bind_common.constprop.0+0x110>
    8261e268:	b9409260 	ldr	w0, [x19, #144]
    8261e26c:	321f0000 	orr	w0, w0, #0x2
    8261e270:	b9009260 	str	w0, [x19, #144]
    8261e274:	d2800020 	mov	x0, #0x1                   	// #1
    8261e278:	b9805ec1 	ldrsw	x1, [x22, #92]
    8261e27c:	97ffe809 	bl	826182a0 <calloc>
    8261e280:	f9000a60 	str	x0, [x19, #16]
    8261e284:	b5fffd40 	cbnz	x0, 8261e22c <device_bind_common.constprop.0+0x110>
    8261e288:	17ffffc3 	b	8261e194 <device_bind_common.constprop.0+0x78>
    8261e28c:	b5000234 	cbnz	x20, 8261e2d0 <device_bind_common.constprop.0+0x1b4>
    8261e290:	aa1303e0 	mov	x0, x19
    8261e294:	94000495 	bl	8261f4e8 <uclass_bind_device>
    8261e298:	35000440 	cbnz	w0, 8261e320 <device_bind_common.constprop.0+0x204>
    8261e29c:	f9400ec1 	ldr	x1, [x22, #24]
    8261e2a0:	b50003a1 	cbnz	x1, 8261e314 <device_bind_common.constprop.0+0x1f8>
    8261e2a4:	b50004d4 	cbnz	x20, 8261e33c <device_bind_common.constprop.0+0x220>
    8261e2a8:	f94033e0 	ldr	x0, [sp, #96]
    8261e2ac:	f9400400 	ldr	x0, [x0, #8]
    8261e2b0:	f9400801 	ldr	x1, [x0, #16]
    8261e2b4:	b5000521 	cbnz	x1, 8261e358 <device_bind_common.constprop.0+0x23c>
    8261e2b8:	b5000595 	cbnz	x21, 8261e368 <device_bind_common.constprop.0+0x24c>
    8261e2bc:	b9409260 	ldr	w0, [x19, #144]
    8261e2c0:	321a0000 	orr	w0, w0, #0x40
    8261e2c4:	b9009260 	str	w0, [x19, #144]
    8261e2c8:	52800000 	mov	w0, #0x0                   	// #0
    8261e2cc:	17ffffb3 	b	8261e198 <device_bind_common.constprop.0+0x7c>
    8261e2d0:	f9400280 	ldr	x0, [x20]
    8261e2d4:	b9406401 	ldr	w1, [x0, #100]
    8261e2d8:	350000a1 	cbnz	w1, 8261e2ec <device_bind_common.constprop.0+0x1d0>
    8261e2dc:	f9402680 	ldr	x0, [x20, #72]
    8261e2e0:	f9400400 	ldr	x0, [x0, #8]
    8261e2e4:	b9407001 	ldr	w1, [x0, #112]
    8261e2e8:	34000481 	cbz	w1, 8261e378 <device_bind_common.constprop.0+0x25c>
    8261e2ec:	b9409260 	ldr	w0, [x19, #144]
    8261e2f0:	93407c21 	sxtw	x1, w1
    8261e2f4:	321d0000 	orr	w0, w0, #0x8
    8261e2f8:	b9009260 	str	w0, [x19, #144]
    8261e2fc:	d2800020 	mov	x0, #0x1                   	// #1
    8261e300:	97ffe7e8 	bl	826182a0 <calloc>
    8261e304:	f9000e60 	str	x0, [x19, #24]
    8261e308:	b5000380 	cbnz	x0, 8261e378 <device_bind_common.constprop.0+0x25c>
    8261e30c:	12800160 	mov	w0, #0xfffffff4            	// #-12
    8261e310:	14000004 	b	8261e320 <device_bind_common.constprop.0+0x204>
    8261e314:	aa1303e0 	mov	x0, x19
    8261e318:	d63f0020 	blr	x1
    8261e31c:	34fffc40 	cbz	w0, 8261e2a4 <device_bind_common.constprop.0+0x188>
    8261e320:	b9409261 	ldr	w1, [x19, #144]
    8261e324:	36200041 	tbz	w1, #4, 8261e32c <device_bind_common.constprop.0+0x210>
    8261e328:	f900127f 	str	xzr, [x19, #32]
    8261e32c:	b9409261 	ldr	w1, [x19, #144]
    8261e330:	360ff341 	tbz	w1, #1, 8261e198 <device_bind_common.constprop.0+0x7c>
    8261e334:	f9000a7f 	str	xzr, [x19, #16]
    8261e338:	17ffff98 	b	8261e198 <device_bind_common.constprop.0+0x7c>
    8261e33c:	f9400280 	ldr	x0, [x20]
    8261e340:	f9402001 	ldr	x1, [x0, #64]
    8261e344:	b4fffb21 	cbz	x1, 8261e2a8 <device_bind_common.constprop.0+0x18c>
    8261e348:	aa1303e0 	mov	x0, x19
    8261e34c:	d63f0020 	blr	x1
    8261e350:	34fffac0 	cbz	w0, 8261e2a8 <device_bind_common.constprop.0+0x18c>
    8261e354:	17fffff3 	b	8261e320 <device_bind_common.constprop.0+0x204>
    8261e358:	aa1303e0 	mov	x0, x19
    8261e35c:	d63f0020 	blr	x1
    8261e360:	34fffac0 	cbz	w0, 8261e2b8 <device_bind_common.constprop.0+0x19c>
    8261e364:	17ffffef 	b	8261e320 <device_bind_common.constprop.0+0x204>
    8261e368:	f90002b3 	str	x19, [x21]
    8261e36c:	17ffffd4 	b	8261e2bc <device_bind_common.constprop.0+0x1a0>
    8261e370:	128002a0 	mov	w0, #0xffffffea            	// #-22
    8261e374:	17ffff89 	b	8261e198 <device_bind_common.constprop.0+0x7c>
    8261e378:	f9403e81 	ldr	x1, [x20, #120]
    8261e37c:	f9003e97 	str	x23, [x20, #120]
    8261e380:	9101c280 	add	x0, x20, #0x70
    8261e384:	f9004260 	str	x0, [x19, #128]
    8261e388:	f90006e1 	str	x1, [x23, #8]
    8261e38c:	f9000037 	str	x23, [x1]
    8261e390:	17ffffc0 	b	8261e290 <device_bind_common.constprop.0+0x174>
    8261e394:	a94153f3 	ldp	x19, x20, [sp, #16]
    8261e398:	a9425bf5 	ldp	x21, x22, [sp, #32]
    8261e39c:	a94363f7 	ldp	x23, x24, [sp, #48]
    8261e3a0:	a9446bf9 	ldp	x25, x26, [sp, #64]
    8261e3a4:	f9402bfb 	ldr	x27, [sp, #80]
    8261e3a8:	a8c77bfd 	ldp	x29, x30, [sp], #112
    8261e3ac:	d65f03c0 	ret

000000008261e3b0 <device_bind_with_driver_data>:
    8261e3b0:	aa0503e6 	mov	x6, x5
    8261e3b4:	aa0403e5 	mov	x5, x4
    8261e3b8:	aa0303e4 	mov	x4, x3
    8261e3bc:	d2800003 	mov	x3, #0x0                   	// #0
    8261e3c0:	17ffff57 	b	8261e11c <device_bind_common.constprop.0>

000000008261e3c4 <device_bind_by_name>:
    8261e3c4:	a9bd7bfd 	stp	x29, x30, [sp, #-48]!
    8261e3c8:	910003fd 	mov	x29, sp
    8261e3cc:	a90153f3 	stp	x19, x20, [sp, #16]
    8261e3d0:	aa0003f4 	mov	x20, x0
    8261e3d4:	aa0203f3 	mov	x19, x2
    8261e3d8:	a9025bf5 	stp	x21, x22, [sp, #32]
    8261e3dc:	12001c36 	and	w22, w1, #0xff
    8261e3e0:	aa0303f5 	mov	x21, x3
    8261e3e4:	f9400040 	ldr	x0, [x2]
    8261e3e8:	940000dd 	bl	8261e75c <lists_driver_lookup_name>
    8261e3ec:	b40001c0 	cbz	x0, 8261e424 <device_bind_by_name+0x60>
    8261e3f0:	aa0003e1 	mov	x1, x0
    8261e3f4:	34000076 	cbz	w22, 8261e400 <device_bind_by_name+0x3c>
    8261e3f8:	b9407000 	ldr	w0, [x0, #112]
    8261e3fc:	361001e0 	tbz	w0, #2, 8261e438 <device_bind_by_name+0x74>
    8261e400:	aa1503e6 	mov	x6, x21
    8261e404:	aa1403e0 	mov	x0, x20
    8261e408:	a9400e62 	ldp	x2, x3, [x19]
    8261e40c:	92800005 	mov	x5, #0xffffffffffffffff    	// #-1
    8261e410:	a94153f3 	ldp	x19, x20, [sp, #16]
    8261e414:	d2800004 	mov	x4, #0x0                   	// #0
    8261e418:	a9425bf5 	ldp	x21, x22, [sp, #32]
    8261e41c:	a8c37bfd 	ldp	x29, x30, [sp], #48
    8261e420:	17ffff3f 	b	8261e11c <device_bind_common.constprop.0>
    8261e424:	12800020 	mov	w0, #0xfffffffe            	// #-2
    8261e428:	a94153f3 	ldp	x19, x20, [sp, #16]
    8261e42c:	a9425bf5 	ldp	x21, x22, [sp, #32]
    8261e430:	a8c37bfd 	ldp	x29, x30, [sp], #48
    8261e434:	d65f03c0 	ret
    8261e438:	12800000 	mov	w0, #0xffffffff            	// #-1
    8261e43c:	17fffffb 	b	8261e428 <device_bind_by_name+0x64>

000000008261e440 <device_probe>:
    8261e440:	b4000d00 	cbz	x0, 8261e5e0 <device_probe+0x1a0>
    8261e444:	a9be7bfd 	stp	x29, x30, [sp, #-32]!
    8261e448:	910003fd 	mov	x29, sp
    8261e44c:	a90153f3 	stp	x19, x20, [sp, #16]
    8261e450:	aa0003f3 	mov	x19, x0
    8261e454:	b9409000 	ldr	w0, [x0, #144]
    8261e458:	360000a0 	tbz	w0, #0, 8261e46c <device_probe+0x2c>
    8261e45c:	52800000 	mov	w0, #0x0                   	// #0
    8261e460:	a94153f3 	ldp	x19, x20, [sp, #16]
    8261e464:	a8c27bfd 	ldp	x29, x30, [sp], #32
    8261e468:	d65f03c0 	ret
    8261e46c:	f9400274 	ldr	x20, [x19]
    8261e470:	b9405a80 	ldr	w0, [x20, #88]
    8261e474:	35000420 	cbnz	w0, 8261e4f8 <device_probe+0xb8>
    8261e478:	f9402660 	ldr	x0, [x19, #72]
    8261e47c:	f9400401 	ldr	x1, [x0, #8]
    8261e480:	b9406420 	ldr	w0, [x1, #100]
    8261e484:	35000540 	cbnz	w0, 8261e52c <device_probe+0xec>
    8261e488:	f9401e61 	ldr	x1, [x19, #56]
    8261e48c:	b50005e1 	cbnz	x1, 8261e548 <device_probe+0x108>
    8261e490:	aa1303e0 	mov	x0, x19
    8261e494:	94000431 	bl	8261f558 <uclass_resolve_seq>
    8261e498:	37f803e0 	tbnz	w0, #31, 8261e514 <device_probe+0xd4>
    8261e49c:	b9009a60 	str	w0, [x19, #152]
    8261e4a0:	b9409260 	ldr	w0, [x19, #144]
    8261e4a4:	32000000 	orr	w0, w0, #0x1
    8261e4a8:	b9009260 	str	w0, [x19, #144]
    8261e4ac:	aa1303e0 	mov	x0, x19
    8261e4b0:	9400045b 	bl	8261f61c <uclass_pre_probe_device>
    8261e4b4:	35000300 	cbnz	w0, 8261e514 <device_probe+0xd4>
    8261e4b8:	f9401e60 	ldr	x0, [x19, #56]
    8261e4bc:	b50006e0 	cbnz	x0, 8261e598 <device_probe+0x158>
    8261e4c0:	f9401e81 	ldr	x1, [x20, #56]
    8261e4c4:	b5000781 	cbnz	x1, 8261e5b4 <device_probe+0x174>
    8261e4c8:	aa1303e0 	mov	x0, x19
    8261e4cc:	97fffe3b 	bl	8261ddb8 <clk_set_defaults>
    8261e4d0:	35000220 	cbnz	w0, 8261e514 <device_probe+0xd4>
    8261e4d4:	f9401281 	ldr	x1, [x20, #32]
    8261e4d8:	b40007c1 	cbz	x1, 8261e5d0 <device_probe+0x190>
    8261e4dc:	aa1303e0 	mov	x0, x19
    8261e4e0:	d63f0020 	blr	x1
    8261e4e4:	34000760 	cbz	w0, 8261e5d0 <device_probe+0x190>
    8261e4e8:	b9409261 	ldr	w1, [x19, #144]
    8261e4ec:	121f7821 	and	w1, w1, #0xfffffffe
    8261e4f0:	b9009261 	str	w1, [x19, #144]
    8261e4f4:	14000008 	b	8261e514 <device_probe+0xd4>
    8261e4f8:	f9402261 	ldr	x1, [x19, #64]
    8261e4fc:	b5fffbe1 	cbnz	x1, 8261e478 <device_probe+0x38>
    8261e500:	b9407281 	ldr	w1, [x20, #112]
    8261e504:	97fffeed 	bl	8261e0b8 <alloc_priv>
    8261e508:	f9002260 	str	x0, [x19, #64]
    8261e50c:	b5fffb60 	cbnz	x0, 8261e478 <device_probe+0x38>
    8261e510:	12800160 	mov	w0, #0xfffffff4            	// #-12
    8261e514:	b9409261 	ldr	w1, [x19, #144]
    8261e518:	121f7821 	and	w1, w1, #0xfffffffe
    8261e51c:	b9009261 	str	w1, [x19, #144]
    8261e520:	12800001 	mov	w1, #0xffffffff            	// #-1
    8261e524:	b9009a61 	str	w1, [x19, #152]
    8261e528:	17ffffce 	b	8261e460 <device_probe+0x20>
    8261e52c:	f9402a62 	ldr	x2, [x19, #80]
    8261e530:	b5fffac2 	cbnz	x2, 8261e488 <device_probe+0x48>
    8261e534:	b9408021 	ldr	w1, [x1, #128]
    8261e538:	97fffee0 	bl	8261e0b8 <alloc_priv>
    8261e53c:	f9002a60 	str	x0, [x19, #80]
    8261e540:	b5fffa40 	cbnz	x0, 8261e488 <device_probe+0x48>
    8261e544:	17fffff3 	b	8261e510 <device_probe+0xd0>
    8261e548:	f9400020 	ldr	x0, [x1]
    8261e54c:	b9406000 	ldr	w0, [x0, #96]
    8261e550:	35000160 	cbnz	w0, 8261e57c <device_probe+0x13c>
    8261e554:	f9402420 	ldr	x0, [x1, #72]
    8261e558:	f9400400 	ldr	x0, [x0, #8]
    8261e55c:	b9406c00 	ldr	w0, [x0, #108]
    8261e560:	350000e0 	cbnz	w0, 8261e57c <device_probe+0x13c>
    8261e564:	f9401e60 	ldr	x0, [x19, #56]
    8261e568:	97ffffb6 	bl	8261e440 <device_probe>
    8261e56c:	35fffd40 	cbnz	w0, 8261e514 <device_probe+0xd4>
    8261e570:	b9409260 	ldr	w0, [x19, #144]
    8261e574:	3607f8e0 	tbz	w0, #0, 8261e490 <device_probe+0x50>
    8261e578:	17ffffb9 	b	8261e45c <device_probe+0x1c>
    8261e57c:	f9402e61 	ldr	x1, [x19, #88]
    8261e580:	b5ffff21 	cbnz	x1, 8261e564 <device_probe+0x124>
    8261e584:	b9407281 	ldr	w1, [x20, #112]
    8261e588:	97fffecc 	bl	8261e0b8 <alloc_priv>
    8261e58c:	f9002e60 	str	x0, [x19, #88]
    8261e590:	b5fffea0 	cbnz	x0, 8261e564 <device_probe+0x124>
    8261e594:	17ffffdf 	b	8261e510 <device_probe+0xd0>
    8261e598:	f9400000 	ldr	x0, [x0]
    8261e59c:	f9402401 	ldr	x1, [x0, #72]
    8261e5a0:	b4fff901 	cbz	x1, 8261e4c0 <device_probe+0x80>
    8261e5a4:	aa1303e0 	mov	x0, x19
    8261e5a8:	d63f0020 	blr	x1
    8261e5ac:	34fff8a0 	cbz	w0, 8261e4c0 <device_probe+0x80>
    8261e5b0:	17ffffd9 	b	8261e514 <device_probe+0xd4>
    8261e5b4:	f9401660 	ldr	x0, [x19, #40]
    8261e5b8:	b100041f 	cmn	x0, #0x1
    8261e5bc:	54fff860 	b.eq	8261e4c8 <device_probe+0x88>  // b.none
    8261e5c0:	aa1303e0 	mov	x0, x19
    8261e5c4:	d63f0020 	blr	x1
    8261e5c8:	34fff800 	cbz	w0, 8261e4c8 <device_probe+0x88>
    8261e5cc:	17ffffd2 	b	8261e514 <device_probe+0xd4>
    8261e5d0:	aa1303e0 	mov	x0, x19
    8261e5d4:	9400042c 	bl	8261f684 <uclass_post_probe_device>
    8261e5d8:	34fff420 	cbz	w0, 8261e45c <device_probe+0x1c>
    8261e5dc:	17ffffce 	b	8261e514 <device_probe+0xd4>
    8261e5e0:	128002a0 	mov	w0, #0xffffffea            	// #-22
    8261e5e4:	d65f03c0 	ret

000000008261e5e8 <dev_get_platdata>:
    8261e5e8:	b4000040 	cbz	x0, 8261e5f0 <dev_get_platdata+0x8>
    8261e5ec:	f9400800 	ldr	x0, [x0, #16]
    8261e5f0:	d65f03c0 	ret

000000008261e5f4 <dev_get_parent_platdata>:
    8261e5f4:	b4000040 	cbz	x0, 8261e5fc <dev_get_parent_platdata+0x8>
    8261e5f8:	f9400c00 	ldr	x0, [x0, #24]
    8261e5fc:	d65f03c0 	ret

000000008261e600 <dev_get_uclass_platdata>:
    8261e600:	b4000040 	cbz	x0, 8261e608 <dev_get_uclass_platdata+0x8>
    8261e604:	f9401000 	ldr	x0, [x0, #32]
    8261e608:	d65f03c0 	ret

000000008261e60c <dev_get_priv>:
    8261e60c:	b4000040 	cbz	x0, 8261e614 <dev_get_priv+0x8>
    8261e610:	f9402000 	ldr	x0, [x0, #64]
    8261e614:	d65f03c0 	ret

000000008261e618 <dev_get_uclass_priv>:
    8261e618:	b4000040 	cbz	x0, 8261e620 <dev_get_uclass_priv+0x8>
    8261e61c:	f9402800 	ldr	x0, [x0, #80]
    8261e620:	d65f03c0 	ret

000000008261e624 <dev_get_parent_priv>:
    8261e624:	b4000040 	cbz	x0, 8261e62c <dev_get_parent_priv+0x8>
    8261e628:	f9402c00 	ldr	x0, [x0, #88]
    8261e62c:	d65f03c0 	ret

000000008261e630 <devfdt_get_addr_index>:
    8261e630:	a9bc7bfd 	stp	x29, x30, [sp, #-64]!
    8261e634:	910003fd 	mov	x29, sp
    8261e638:	a90153f3 	stp	x19, x20, [sp, #16]
    8261e63c:	aa0003f4 	mov	x20, x0
    8261e640:	90000040 	adrp	x0, 82626000 <spinand_chip_table+0xc96>
    8261e644:	a9025bf5 	stp	x21, x22, [sp, #32]
    8261e648:	2a0103f6 	mov	w22, w1
    8261e64c:	f942f801 	ldr	x1, [x0, #1520]
    8261e650:	f9001fe1 	str	x1, [sp, #56]
    8261e654:	d2800001 	mov	x1, #0x0                   	// #0
    8261e658:	b90037ff 	str	wzr, [sp, #52]
    8261e65c:	f9401e81 	ldr	x1, [x20, #56]
    8261e660:	f9406640 	ldr	x0, [x18, #200]
    8261e664:	b9402821 	ldr	w1, [x1, #40]
    8261e668:	97fff0e4 	bl	8261a9f8 <fdt_address_cells>
    8261e66c:	93407c13 	sxtw	x19, w0
    8261e670:	7100027f 	cmp	w19, #0x0
    8261e674:	5400054d 	b.le	8261e71c <devfdt_get_addr_index+0xec>
    8261e678:	f9401e81 	ldr	x1, [x20, #56]
    8261e67c:	f9406640 	ldr	x0, [x18, #200]
    8261e680:	b9402821 	ldr	w1, [x1, #40]
    8261e684:	97fff0fe 	bl	8261aa7c <fdt_size_cells>
    8261e688:	2a0003f5 	mov	w21, w0
    8261e68c:	37f80480 	tbnz	w0, #31, 8261e71c <devfdt_get_addr_index+0xec>
    8261e690:	b9402a81 	ldr	w1, [x20, #40]
    8261e694:	d0000022 	adrp	x2, 82624000 <_ctype+0x15a>
    8261e698:	f9406640 	ldr	x0, [x18, #200]
    8261e69c:	911e1c42 	add	x2, x2, #0x787
    8261e6a0:	9100d3e3 	add	x3, sp, #0x34
    8261e6a4:	97fff242 	bl	8261afac <fdt_getprop>
    8261e6a8:	aa0003e2 	mov	x2, x0
    8261e6ac:	b4000380 	cbz	x0, 8261e71c <devfdt_get_addr_index+0xec>
    8261e6b0:	0b150263 	add	w3, w19, w21
    8261e6b4:	b98037e0 	ldrsw	x0, [sp, #52]
    8261e6b8:	9b367c61 	smull	x1, w3, w22
    8261e6bc:	d37ef421 	lsl	x1, x1, #2
    8261e6c0:	eb01001f 	cmp	x0, x1
    8261e6c4:	540002c9 	b.ls	8261e71c <devfdt_get_addr_index+0xec>  // b.plast
    8261e6c8:	8b010042 	add	x2, x2, x1
    8261e6cc:	35000155 	cbnz	w21, 8261e6f4 <devfdt_get_addr_index+0xc4>
    8261e6d0:	d2800001 	mov	x1, #0x0                   	// #0
    8261e6d4:	d2800000 	mov	x0, #0x0                   	// #0
    8261e6d8:	b8617843 	ldr	w3, [x2, x1, lsl #2]
    8261e6dc:	91000421 	add	x1, x1, #0x1
    8261e6e0:	5ac00863 	rev	w3, w3
    8261e6e4:	aa008060 	orr	x0, x3, x0, lsl #32
    8261e6e8:	eb13003f 	cmp	x1, x19
    8261e6ec:	54ffff61 	b.ne	8261e6d8 <devfdt_get_addr_index+0xa8>  // b.any
    8261e6f0:	14000004 	b	8261e700 <devfdt_get_addr_index+0xd0>
    8261e6f4:	b9402a81 	ldr	w1, [x20, #40]
    8261e6f8:	f9406640 	ldr	x0, [x18, #200]
    8261e6fc:	97ffe560 	bl	82617c7c <fdt_translate_address>
    8261e700:	90000041 	adrp	x1, 82626000 <spinand_chip_table+0xc96>
    8261e704:	f9401fe2 	ldr	x2, [sp, #56]
    8261e708:	f942f823 	ldr	x3, [x1, #1520]
    8261e70c:	eb030042 	subs	x2, x2, x3
    8261e710:	d2800003 	mov	x3, #0x0                   	// #0
    8261e714:	54000080 	b.eq	8261e724 <devfdt_get_addr_index+0xf4>  // b.none
    8261e718:	97ffcf39 	bl	826123fc <__stack_chk_fail>
    8261e71c:	b2407fe0 	mov	x0, #0xffffffff            	// #4294967295
    8261e720:	17fffff8 	b	8261e700 <devfdt_get_addr_index+0xd0>
    8261e724:	a94153f3 	ldp	x19, x20, [sp, #16]
    8261e728:	a9425bf5 	ldp	x21, x22, [sp, #32]
    8261e72c:	a8c47bfd 	ldp	x29, x30, [sp], #64
    8261e730:	d65f03c0 	ret

000000008261e734 <devfdt_remap_addr_index>:
    8261e734:	a9bf7bfd 	stp	x29, x30, [sp, #-16]!
    8261e738:	910003fd 	mov	x29, sp
    8261e73c:	97ffffbd 	bl	8261e630 <devfdt_get_addr_index>
    8261e740:	b2407fe1 	mov	x1, #0xffffffff            	// #4294967295
    8261e744:	eb01001f 	cmp	x0, x1
    8261e748:	9a9f1000 	csel	x0, x0, xzr, ne  // ne = any
    8261e74c:	a8c17bfd 	ldp	x29, x30, [sp], #16
    8261e750:	d65f03c0 	ret

000000008261e754 <devfdt_remap_addr>:
    8261e754:	52800001 	mov	w1, #0x0                   	// #0
    8261e758:	17fffff7 	b	8261e734 <devfdt_remap_addr_index>

000000008261e75c <lists_driver_lookup_name>:
    8261e75c:	a9bd7bfd 	stp	x29, x30, [sp, #-48]!
    8261e760:	910003fd 	mov	x29, sp
    8261e764:	a90153f3 	stp	x19, x20, [sp, #16]
    8261e768:	b0000053 	adrp	x19, 82627000 <s_bcm_sec+0x438>
    8261e76c:	b0000054 	adrp	x20, 82627000 <s_bcm_sec+0x438>
    8261e770:	9120c273 	add	x19, x19, #0x830
    8261e774:	913ce294 	add	x20, x20, #0xf38
    8261e778:	cb130294 	sub	x20, x20, x19
    8261e77c:	f90013f5 	str	x21, [sp, #32]
    8261e780:	aa0003f5 	mov	x21, x0
    8261e784:	b203ebe0 	mov	x0, #0xeeeeeeeeeeeeeeee    	// #-1229782938247303442
    8261e788:	9343fe94 	asr	x20, x20, #3
    8261e78c:	f29ddde0 	movk	x0, #0xeeef
    8261e790:	9b007e94 	mul	x20, x20, x0
    8261e794:	52800f00 	mov	w0, #0x78                  	// #120
    8261e798:	9b204e94 	smaddl	x20, w20, w0, x19
    8261e79c:	eb13029f 	cmp	x20, x19
    8261e7a0:	540000e1 	b.ne	8261e7bc <lists_driver_lookup_name+0x60>  // b.any
    8261e7a4:	d2800013 	mov	x19, #0x0                   	// #0
    8261e7a8:	aa1303e0 	mov	x0, x19
    8261e7ac:	a94153f3 	ldp	x19, x20, [sp, #16]
    8261e7b0:	f94013f5 	ldr	x21, [sp, #32]
    8261e7b4:	a8c37bfd 	ldp	x29, x30, [sp], #48
    8261e7b8:	d65f03c0 	ret
    8261e7bc:	f9400261 	ldr	x1, [x19]
    8261e7c0:	aa1503e0 	mov	x0, x21
    8261e7c4:	97fff5c5 	bl	8261bed8 <strcmp>
    8261e7c8:	34ffff00 	cbz	w0, 8261e7a8 <lists_driver_lookup_name+0x4c>
    8261e7cc:	9101e273 	add	x19, x19, #0x78
    8261e7d0:	17fffff3 	b	8261e79c <lists_driver_lookup_name+0x40>

000000008261e7d4 <lists_uclass_lookup>:
    8261e7d4:	2a0003e2 	mov	w2, w0
    8261e7d8:	d0000041 	adrp	x1, 82628000 <_u_boot_list_2_uclass_2_mtd+0x18>
    8261e7dc:	b0000040 	adrp	x0, 82627000 <s_bcm_sec+0x438>
    8261e7e0:	9112c021 	add	x1, x1, #0x4b0
    8261e7e4:	913d8000 	add	x0, x0, #0xf60
    8261e7e8:	b204cfe3 	mov	x3, #0xf0f0f0f0f0f0f0f0    	// #-1085102592571150096
    8261e7ec:	cb000021 	sub	x1, x1, x0
    8261e7f0:	f29e1e23 	movk	x3, #0xf0f1
    8261e7f4:	9343fc21 	asr	x1, x1, #3
    8261e7f8:	9b037c21 	mul	x1, x1, x3
    8261e7fc:	52801103 	mov	w3, #0x88                  	// #136
    8261e800:	9b230021 	smaddl	x1, w1, w3, x0
    8261e804:	eb00003f 	cmp	x1, x0
    8261e808:	54000061 	b.ne	8261e814 <lists_uclass_lookup+0x40>  // b.any
    8261e80c:	d2800000 	mov	x0, #0x0                   	// #0
    8261e810:	d65f03c0 	ret
    8261e814:	b9400803 	ldr	w3, [x0, #8]
    8261e818:	6b02007f 	cmp	w3, w2
    8261e81c:	54ffffa0 	b.eq	8261e810 <lists_uclass_lookup+0x3c>  // b.none
    8261e820:	91022000 	add	x0, x0, #0x88
    8261e824:	17fffff8 	b	8261e804 <lists_uclass_lookup+0x30>

000000008261e828 <lists_bind_drivers>:
    8261e828:	a9bb7bfd 	stp	x29, x30, [sp, #-80]!
    8261e82c:	910003fd 	mov	x29, sp
    8261e830:	a90153f3 	stp	x19, x20, [sp, #16]
    8261e834:	b0000053 	adrp	x19, 82627000 <s_bcm_sec+0x438>
    8261e838:	b0000054 	adrp	x20, 82627000 <s_bcm_sec+0x438>
    8261e83c:	913ce273 	add	x19, x19, #0xf38
    8261e840:	913ce294 	add	x20, x20, #0xf38
    8261e844:	cb130294 	sub	x20, x20, x19
    8261e848:	a9025bf5 	stp	x21, x22, [sp, #32]
    8261e84c:	aa0003f6 	mov	x22, x0
    8261e850:	93448e94 	sbfx	x20, x20, #4, #32
    8261e854:	f9001bf7 	str	x23, [sp, #48]
    8261e858:	90000040 	adrp	x0, 82626000 <spinand_chip_table+0xc96>
    8261e85c:	12001c37 	and	w23, w1, #0xff
    8261e860:	8b141274 	add	x20, x19, x20, lsl #4
    8261e864:	f942f801 	ldr	x1, [x0, #1520]
    8261e868:	f90027e1 	str	x1, [sp, #72]
    8261e86c:	d2800001 	mov	x1, #0x0                   	// #0
    8261e870:	52800015 	mov	w21, #0x0                   	// #0
    8261e874:	eb13029f 	cmp	x20, x19
    8261e878:	54000101 	b.ne	8261e898 <lists_bind_drivers+0x70>  // b.any
    8261e87c:	90000040 	adrp	x0, 82626000 <spinand_chip_table+0xc96>
    8261e880:	f94027e1 	ldr	x1, [sp, #72]
    8261e884:	f942f802 	ldr	x2, [x0, #1520]
    8261e888:	eb020021 	subs	x1, x1, x2
    8261e88c:	d2800002 	mov	x2, #0x0                   	// #0
    8261e890:	540001e0 	b.eq	8261e8cc <lists_bind_drivers+0xa4>  // b.none
    8261e894:	97ffceda 	bl	826123fc <__stack_chk_fail>
    8261e898:	2a1703e1 	mov	w1, w23
    8261e89c:	910103e3 	add	x3, sp, #0x40
    8261e8a0:	aa1303e2 	mov	x2, x19
    8261e8a4:	aa1603e0 	mov	x0, x22
    8261e8a8:	97fffec7 	bl	8261e3c4 <device_bind_by_name>
    8261e8ac:	11000401 	add	w1, w0, #0x1
    8261e8b0:	7100043f 	cmp	w1, #0x1
    8261e8b4:	54000089 	b.ls	8261e8c4 <lists_bind_drivers+0x9c>  // b.plast
    8261e8b8:	710002bf 	cmp	w21, #0x0
    8261e8bc:	3a421800 	ccmn	w0, #0x2, #0x0, ne  // ne = any
    8261e8c0:	1a8002b5 	csel	w21, w21, w0, eq  // eq = none
    8261e8c4:	91004273 	add	x19, x19, #0x10
    8261e8c8:	17ffffeb 	b	8261e874 <lists_bind_drivers+0x4c>
    8261e8cc:	2a1503e0 	mov	w0, w21
    8261e8d0:	a94153f3 	ldp	x19, x20, [sp, #16]
    8261e8d4:	a9425bf5 	ldp	x21, x22, [sp, #32]
    8261e8d8:	f9401bf7 	ldr	x23, [sp, #48]
    8261e8dc:	a8c57bfd 	ldp	x29, x30, [sp], #80
    8261e8e0:	d65f03c0 	ret

000000008261e8e4 <lists_bind_fdt>:
    8261e8e4:	a9b77bfd 	stp	x29, x30, [sp, #-144]!
    8261e8e8:	910003fd 	mov	x29, sp
    8261e8ec:	a90153f3 	stp	x19, x20, [sp, #16]
    8261e8f0:	aa0103f4 	mov	x20, x1
    8261e8f4:	a9025bf5 	stp	x21, x22, [sp, #32]
    8261e8f8:	aa0203f5 	mov	x21, x2
    8261e8fc:	a90363f7 	stp	x23, x24, [sp, #48]
    8261e900:	a9046bf9 	stp	x25, x26, [sp, #64]
    8261e904:	aa0003f9 	mov	x25, x0
    8261e908:	12001c60 	and	w0, w3, #0xff
    8261e90c:	a90573fb 	stp	x27, x28, [sp, #80]
    8261e910:	b9006fe0 	str	w0, [sp, #108]
    8261e914:	90000040 	adrp	x0, 82626000 <spinand_chip_table+0xc96>
    8261e918:	f942f801 	ldr	x1, [x0, #1520]
    8261e91c:	f90047e1 	str	x1, [sp, #136]
    8261e920:	d2800001 	mov	x1, #0x0                   	// #0
    8261e924:	b4000042 	cbz	x2, 8261e92c <lists_bind_fdt+0x48>
    8261e928:	f900005f 	str	xzr, [x2]
    8261e92c:	aa1403e0 	mov	x0, x20
    8261e930:	940003c4 	bl	8261f840 <ofnode_get_name>
    8261e934:	9101f3e2 	add	x2, sp, #0x7c
    8261e938:	aa0003f8 	mov	x24, x0
    8261e93c:	d0000021 	adrp	x1, 82624000 <_ctype+0x15a>
    8261e940:	aa1403e0 	mov	x0, x20
    8261e944:	911e8821 	add	x1, x1, #0x7a2
    8261e948:	94000421 	bl	8261f9cc <ofnode_get_property>
    8261e94c:	aa0003f7 	mov	x23, x0
    8261e950:	b4000360 	cbz	x0, 8261e9bc <lists_bind_fdt+0xd8>
    8261e954:	b0000056 	adrp	x22, 82627000 <s_bcm_sec+0x438>
    8261e958:	b0000053 	adrp	x19, 82627000 <s_bcm_sec+0x438>
    8261e95c:	9120c2d6 	add	x22, x22, #0x830
    8261e960:	913ce273 	add	x19, x19, #0xf38
    8261e964:	cb160273 	sub	x19, x19, x22
    8261e968:	b203ebe0 	mov	x0, #0xeeeeeeeeeeeeeeee    	// #-1229782938247303442
    8261e96c:	f29ddde0 	movk	x0, #0xeeef
    8261e970:	5280001b 	mov	w27, #0x0                   	// #0
    8261e974:	9343fe73 	asr	x19, x19, #3
    8261e978:	9b007e73 	mul	x19, x19, x0
    8261e97c:	52800f00 	mov	w0, #0x78                  	// #120
    8261e980:	9b205a60 	smaddl	x0, w19, w0, x22
    8261e984:	f90033e0 	str	x0, [sp, #96]
    8261e988:	b9407fe0 	ldr	w0, [sp, #124]
    8261e98c:	6b1b001f 	cmp	w0, w27
    8261e990:	540001cd 	b.le	8261e9c8 <lists_bind_fdt+0xe4>
    8261e994:	8b3bc2fc 	add	x28, x23, w27, sxtw
    8261e998:	aa1603f3 	mov	x19, x22
    8261e99c:	f94033e0 	ldr	x0, [sp, #96]
    8261e9a0:	eb13001f 	cmp	x0, x19
    8261e9a4:	54000221 	b.ne	8261e9e8 <lists_bind_fdt+0x104>  // b.any
    8261e9a8:	aa1c03e0 	mov	x0, x28
    8261e9ac:	97fff56d 	bl	8261bf60 <strlen>
    8261e9b0:	91000400 	add	x0, x0, #0x1
    8261e9b4:	0b00037b 	add	w27, w27, w0
    8261e9b8:	17fffff4 	b	8261e988 <lists_bind_fdt+0xa4>
    8261e9bc:	b9407fe0 	ldr	w0, [sp, #124]
    8261e9c0:	3100041f 	cmn	w0, #0x1
    8261e9c4:	54000041 	b.ne	8261e9cc <lists_bind_fdt+0xe8>  // b.any
    8261e9c8:	52800000 	mov	w0, #0x0                   	// #0
    8261e9cc:	90000041 	adrp	x1, 82626000 <spinand_chip_table+0xc96>
    8261e9d0:	f94047e2 	ldr	x2, [sp, #136]
    8261e9d4:	f942f823 	ldr	x3, [x1, #1520]
    8261e9d8:	eb030042 	subs	x2, x2, x3
    8261e9dc:	d2800003 	mov	x3, #0x0                   	// #0
    8261e9e0:	54000480 	b.eq	8261ea70 <lists_bind_fdt+0x18c>  // b.none
    8261e9e4:	97ffce86 	bl	826123fc <__stack_chk_fail>
    8261e9e8:	f9400a7a 	ldr	x26, [x19, #16]
    8261e9ec:	b50000fa 	cbnz	x26, 8261ea08 <lists_bind_fdt+0x124>
    8261e9f0:	9101e273 	add	x19, x19, #0x78
    8261e9f4:	17ffffea 	b	8261e99c <lists_bind_fdt+0xb8>
    8261e9f8:	aa1c03e1 	mov	x1, x28
    8261e9fc:	97fff537 	bl	8261bed8 <strcmp>
    8261ea00:	34000100 	cbz	w0, 8261ea20 <lists_bind_fdt+0x13c>
    8261ea04:	9100435a 	add	x26, x26, #0x10
    8261ea08:	f9400340 	ldr	x0, [x26]
    8261ea0c:	b5ffff60 	cbnz	x0, 8261e9f8 <lists_bind_fdt+0x114>
    8261ea10:	17fffff8 	b	8261e9f0 <lists_bind_fdt+0x10c>
    8261ea14:	b9407260 	ldr	w0, [x19, #112]
    8261ea18:	37100100 	tbnz	w0, #2, 8261ea38 <lists_bind_fdt+0x154>
    8261ea1c:	17ffffeb 	b	8261e9c8 <lists_bind_fdt+0xe4>
    8261ea20:	b9406fe0 	ldr	w0, [sp, #108]
    8261ea24:	340000a0 	cbz	w0, 8261ea38 <lists_bind_fdt+0x154>
    8261ea28:	aa1403e0 	mov	x0, x20
    8261ea2c:	94000330 	bl	8261f6ec <dm_ofnode_pre_reloc>
    8261ea30:	72001c1f 	tst	w0, #0xff
    8261ea34:	54ffff00 	b.eq	8261ea14 <lists_bind_fdt+0x130>  // b.none
    8261ea38:	f9400743 	ldr	x3, [x26, #8]
    8261ea3c:	910203e5 	add	x5, sp, #0x80
    8261ea40:	aa1403e4 	mov	x4, x20
    8261ea44:	aa1803e2 	mov	x2, x24
    8261ea48:	aa1303e1 	mov	x1, x19
    8261ea4c:	aa1903e0 	mov	x0, x25
    8261ea50:	97fffe58 	bl	8261e3b0 <device_bind_with_driver_data>
    8261ea54:	31004c1f 	cmn	w0, #0x13
    8261ea58:	54fffa80 	b.eq	8261e9a8 <lists_bind_fdt+0xc4>  // b.none
    8261ea5c:	35fffb80 	cbnz	w0, 8261e9cc <lists_bind_fdt+0xe8>
    8261ea60:	b4fffb55 	cbz	x21, 8261e9c8 <lists_bind_fdt+0xe4>
    8261ea64:	f94043e1 	ldr	x1, [sp, #128]
    8261ea68:	f90002a1 	str	x1, [x21]
    8261ea6c:	17ffffd8 	b	8261e9cc <lists_bind_fdt+0xe8>
    8261ea70:	a94153f3 	ldp	x19, x20, [sp, #16]
    8261ea74:	a9425bf5 	ldp	x21, x22, [sp, #32]
    8261ea78:	a94363f7 	ldp	x23, x24, [sp, #48]
    8261ea7c:	a9446bf9 	ldp	x25, x26, [sp, #64]
    8261ea80:	a94573fb 	ldp	x27, x28, [sp, #80]
    8261ea84:	a8c97bfd 	ldp	x29, x30, [sp], #144
    8261ea88:	d65f03c0 	ret

000000008261ea8c <dm_scan_fdt_node>:
    8261ea8c:	a9bb7bfd 	stp	x29, x30, [sp, #-80]!
    8261ea90:	910003fd 	mov	x29, sp
    8261ea94:	a9025bf5 	stp	x21, x22, [sp, #32]
    8261ea98:	aa0103f5 	mov	x21, x1
    8261ea9c:	aa0003f6 	mov	x22, x0
    8261eaa0:	2a0203e1 	mov	w1, w2
    8261eaa4:	aa1503e0 	mov	x0, x21
    8261eaa8:	a90153f3 	stp	x19, x20, [sp, #16]
    8261eaac:	52800014 	mov	w20, #0x0                   	// #0
    8261eab0:	a90363f7 	stp	x23, x24, [sp, #48]
    8261eab4:	12001c78 	and	w24, w3, #0xff
    8261eab8:	d0000037 	adrp	x23, 82624000 <_ctype+0x15a>
    8261eabc:	911f72f7 	add	x23, x23, #0x7dc
    8261eac0:	a9046bf9 	stp	x25, x26, [sp, #64]
    8261eac4:	90000059 	adrp	x25, 82626000 <spinand_chip_table+0xc96>
    8261eac8:	97ffef93 	bl	8261a914 <fdt_first_subnode>
    8261eacc:	9101eb39 	add	x25, x25, #0x7a
    8261ead0:	2a0003f3 	mov	w19, w0
    8261ead4:	7100027f 	cmp	w19, #0x0
    8261ead8:	5400010c 	b.gt	8261eaf8 <dm_scan_fdt_node+0x6c>
    8261eadc:	2a1403e0 	mov	w0, w20
    8261eae0:	a94153f3 	ldp	x19, x20, [sp, #16]
    8261eae4:	a9425bf5 	ldp	x21, x22, [sp, #32]
    8261eae8:	a94363f7 	ldp	x23, x24, [sp, #48]
    8261eaec:	a9446bf9 	ldp	x25, x26, [sp, #64]
    8261eaf0:	a8c57bfd 	ldp	x29, x30, [sp], #80
    8261eaf4:	d65f03c0 	ret
    8261eaf8:	d2800002 	mov	x2, #0x0                   	// #0
    8261eafc:	2a1303e1 	mov	w1, w19
    8261eb00:	aa1503e0 	mov	x0, x21
    8261eb04:	97fff084 	bl	8261ad14 <fdt_get_name>
    8261eb08:	aa1703e1 	mov	x1, x23
    8261eb0c:	aa0003fa 	mov	x26, x0
    8261eb10:	97fff4f2 	bl	8261bed8 <strcmp>
    8261eb14:	350001c0 	cbnz	w0, 8261eb4c <dm_scan_fdt_node+0xc0>
    8261eb18:	2a1803e3 	mov	w3, w24
    8261eb1c:	2a1303e2 	mov	w2, w19
    8261eb20:	aa1503e1 	mov	x1, x21
    8261eb24:	aa1603e0 	mov	x0, x22
    8261eb28:	97ffffd9 	bl	8261ea8c <dm_scan_fdt_node>
    8261eb2c:	7100001f 	cmp	w0, #0x0
    8261eb30:	7a401a80 	ccmp	w20, #0x0, #0x0, ne  // ne = any
    8261eb34:	1a801294 	csel	w20, w20, w0, ne  // ne = any
    8261eb38:	2a1303e1 	mov	w1, w19
    8261eb3c:	aa1503e0 	mov	x0, x21
    8261eb40:	97ffef8d 	bl	8261a974 <fdt_next_subnode>
    8261eb44:	2a0003f3 	mov	w19, w0
    8261eb48:	17ffffe3 	b	8261ead4 <dm_scan_fdt_node+0x48>
    8261eb4c:	aa1903e1 	mov	x1, x25
    8261eb50:	aa1a03e0 	mov	x0, x26
    8261eb54:	97fff4e1 	bl	8261bed8 <strcmp>
    8261eb58:	34fffe00 	cbz	w0, 8261eb18 <dm_scan_fdt_node+0x8c>
    8261eb5c:	2a1303e1 	mov	w1, w19
    8261eb60:	aa1503e0 	mov	x0, x21
    8261eb64:	97fff30e 	bl	8261b79c <fdtdec_get_is_enabled>
    8261eb68:	34fffe80 	cbz	w0, 8261eb38 <dm_scan_fdt_node+0xac>
    8261eb6c:	2a1803e3 	mov	w3, w24
    8261eb70:	93407e61 	sxtw	x1, w19
    8261eb74:	aa1603e0 	mov	x0, x22
    8261eb78:	d2800002 	mov	x2, #0x0                   	// #0
    8261eb7c:	97ffff5a 	bl	8261e8e4 <lists_bind_fdt>
    8261eb80:	17ffffeb 	b	8261eb2c <dm_scan_fdt_node+0xa0>

000000008261eb84 <dm_scan_fdt_ofnode_path>:
    8261eb84:	a9be7bfd 	stp	x29, x30, [sp, #-32]!
    8261eb88:	910003fd 	mov	x29, sp
    8261eb8c:	f9000bf3 	str	x19, [sp, #16]
    8261eb90:	12001c33 	and	w19, w1, #0xff
    8261eb94:	94000386 	bl	8261f9ac <ofnode_path>
    8261eb98:	b100041f 	cmn	x0, #0x1
    8261eb9c:	54000100 	b.eq	8261ebbc <dm_scan_fdt_ofnode_path+0x38>  // b.none
    8261eba0:	2a1303e3 	mov	w3, w19
    8261eba4:	aa0003e2 	mov	x2, x0
    8261eba8:	f9400bf3 	ldr	x19, [sp, #16]
    8261ebac:	a8c27bfd 	ldp	x29, x30, [sp], #32
    8261ebb0:	f9405640 	ldr	x0, [x18, #168]
    8261ebb4:	f9406641 	ldr	x1, [x18, #200]
    8261ebb8:	17ffffb5 	b	8261ea8c <dm_scan_fdt_node>
    8261ebbc:	52800000 	mov	w0, #0x0                   	// #0
    8261ebc0:	f9400bf3 	ldr	x19, [sp, #16]
    8261ebc4:	a8c27bfd 	ldp	x29, x30, [sp], #32
    8261ebc8:	d65f03c0 	ret

000000008261ebcc <dm_init>:
    8261ebcc:	f9405640 	ldr	x0, [x18, #168]
    8261ebd0:	b5000240 	cbnz	x0, 8261ec18 <dm_init+0x4c>
    8261ebd4:	a9bf7bfd 	stp	x29, x30, [sp, #-16]!
    8261ebd8:	9102e240 	add	x0, x18, #0xb8
    8261ebdc:	b0000022 	adrp	x2, 82623000 <clk_fixed_rate_ops+0x18>
    8261ebe0:	910003fd 	mov	x29, sp
    8261ebe4:	f9005e40 	str	x0, [x18, #184]
    8261ebe8:	91016042 	add	x2, x2, #0x58
    8261ebec:	f9000400 	str	x0, [x0, #8]
    8261ebf0:	9102a243 	add	x3, x18, #0xa8
    8261ebf4:	52800001 	mov	w1, #0x0                   	// #0
    8261ebf8:	d2800000 	mov	x0, #0x0                   	// #0
    8261ebfc:	97fffdf2 	bl	8261e3c4 <device_bind_by_name>
    8261ec00:	35000100 	cbnz	w0, 8261ec20 <dm_init+0x54>
    8261ec04:	f9405641 	ldr	x1, [x18, #168]
    8261ec08:	f900143f 	str	xzr, [x1, #40]
    8261ec0c:	a8c17bfd 	ldp	x29, x30, [sp], #16
    8261ec10:	f9405640 	ldr	x0, [x18, #168]
    8261ec14:	17fffe0b 	b	8261e440 <device_probe>
    8261ec18:	128002a0 	mov	w0, #0xffffffea            	// #-22
    8261ec1c:	d65f03c0 	ret
    8261ec20:	a8c17bfd 	ldp	x29, x30, [sp], #16
    8261ec24:	d65f03c0 	ret

000000008261ec28 <dm_scan_platdata>:
    8261ec28:	a9bf7bfd 	stp	x29, x30, [sp, #-16]!
    8261ec2c:	2a0003e1 	mov	w1, w0
    8261ec30:	910003fd 	mov	x29, sp
    8261ec34:	f9405640 	ldr	x0, [x18, #168]
    8261ec38:	97fffefc 	bl	8261e828 <lists_bind_drivers>
    8261ec3c:	3100081f 	cmn	w0, #0x2
    8261ec40:	54000041 	b.ne	8261ec48 <dm_scan_platdata+0x20>  // b.any
    8261ec44:	52800000 	mov	w0, #0x0                   	// #0
    8261ec48:	a8c17bfd 	ldp	x29, x30, [sp], #16
    8261ec4c:	d65f03c0 	ret

000000008261ec50 <dm_scan_fdt_dev>:
    8261ec50:	f9401402 	ldr	x2, [x0, #40]
    8261ec54:	b100045f 	cmn	x2, #0x1
    8261ec58:	540000c0 	b.eq	8261ec70 <dm_scan_fdt_dev+0x20>  // b.none
    8261ec5c:	f9406641 	ldr	x1, [x18, #200]
    8261ec60:	f9400643 	ldr	x3, [x18, #8]
    8261ec64:	aa2303e3 	mvn	x3, x3
    8261ec68:	12000063 	and	w3, w3, #0x1
    8261ec6c:	17ffff88 	b	8261ea8c <dm_scan_fdt_node>
    8261ec70:	52800000 	mov	w0, #0x0                   	// #0
    8261ec74:	d65f03c0 	ret

000000008261ec78 <dm_scan_fdt>:
    8261ec78:	2a0103e3 	mov	w3, w1
    8261ec7c:	aa0003e1 	mov	x1, x0
    8261ec80:	f9405640 	ldr	x0, [x18, #168]
    8261ec84:	52800002 	mov	w2, #0x0                   	// #0
    8261ec88:	17ffff81 	b	8261ea8c <dm_scan_fdt_node>

000000008261ec8c <dm_extended_scan_fdt>:
    8261ec8c:	a9be7bfd 	stp	x29, x30, [sp, #-32]!
    8261ec90:	910003fd 	mov	x29, sp
    8261ec94:	f9000bf3 	str	x19, [sp, #16]
    8261ec98:	12001c33 	and	w19, w1, #0xff
    8261ec9c:	2a1303e1 	mov	w1, w19
    8261eca0:	97fffff6 	bl	8261ec78 <dm_scan_fdt>
    8261eca4:	35000180 	cbnz	w0, 8261ecd4 <dm_extended_scan_fdt+0x48>
    8261eca8:	d0000020 	adrp	x0, 82624000 <_ctype+0x15a>
    8261ecac:	2a1303e1 	mov	w1, w19
    8261ecb0:	91132800 	add	x0, x0, #0x4ca
    8261ecb4:	97ffffb4 	bl	8261eb84 <dm_scan_fdt_ofnode_path>
    8261ecb8:	350000e0 	cbnz	w0, 8261ecd4 <dm_extended_scan_fdt+0x48>
    8261ecbc:	2a1303e1 	mov	w1, w19
    8261ecc0:	d0000020 	adrp	x0, 82624000 <_ctype+0x15a>
    8261ecc4:	f9400bf3 	ldr	x19, [sp, #16]
    8261ecc8:	91134800 	add	x0, x0, #0x4d2
    8261eccc:	a8c27bfd 	ldp	x29, x30, [sp], #32
    8261ecd0:	17ffffad 	b	8261eb84 <dm_scan_fdt_ofnode_path>
    8261ecd4:	f9400bf3 	ldr	x19, [sp, #16]
    8261ecd8:	a8c27bfd 	ldp	x29, x30, [sp], #32
    8261ecdc:	d65f03c0 	ret

000000008261ece0 <dm_scan_other>:
    8261ece0:	52800000 	mov	w0, #0x0                   	// #0
    8261ece4:	d65f03c0 	ret

000000008261ece8 <dm_init_and_scan>:
    8261ece8:	a9be7bfd 	stp	x29, x30, [sp, #-32]!
    8261ecec:	910003fd 	mov	x29, sp
    8261ecf0:	f9000bf3 	str	x19, [sp, #16]
    8261ecf4:	12001c13 	and	w19, w0, #0xff
    8261ecf8:	52800000 	mov	w0, #0x0                   	// #0
    8261ecfc:	97ffffb4 	bl	8261ebcc <dm_init>
    8261ed00:	35000180 	cbnz	w0, 8261ed30 <dm_init_and_scan+0x48>
    8261ed04:	2a1303e0 	mov	w0, w19
    8261ed08:	97ffffc8 	bl	8261ec28 <dm_scan_platdata>
    8261ed0c:	35000120 	cbnz	w0, 8261ed30 <dm_init_and_scan+0x48>
    8261ed10:	f9406640 	ldr	x0, [x18, #200]
    8261ed14:	2a1303e1 	mov	w1, w19
    8261ed18:	97ffffdd 	bl	8261ec8c <dm_extended_scan_fdt>
    8261ed1c:	350000a0 	cbnz	w0, 8261ed30 <dm_init_and_scan+0x48>
    8261ed20:	2a1303e0 	mov	w0, w19
    8261ed24:	f9400bf3 	ldr	x19, [sp, #16]
    8261ed28:	a8c27bfd 	ldp	x29, x30, [sp], #32
    8261ed2c:	17ffffed 	b	8261ece0 <dm_scan_other>
    8261ed30:	f9400bf3 	ldr	x19, [sp, #16]
    8261ed34:	a8c27bfd 	ldp	x29, x30, [sp], #32
    8261ed38:	d65f03c0 	ret

000000008261ed3c <uclass_find>:
    8261ed3c:	2a0003e3 	mov	w3, w0
    8261ed40:	aa1203e2 	mov	x2, x18
    8261ed44:	f9405640 	ldr	x0, [x18, #168]
    8261ed48:	b4000100 	cbz	x0, 8261ed68 <uclass_find+0x2c>
    8261ed4c:	f84b8c41 	ldr	x1, [x2, #184]!
    8261ed50:	d1008020 	sub	x0, x1, #0x20
    8261ed54:	aa0003e1 	mov	x1, x0
    8261ed58:	f8420c24 	ldr	x4, [x1, #32]!
    8261ed5c:	eb02003f 	cmp	x1, x2
    8261ed60:	54000061 	b.ne	8261ed6c <uclass_find+0x30>  // b.any
    8261ed64:	d2800000 	mov	x0, #0x0                   	// #0
    8261ed68:	d65f03c0 	ret
    8261ed6c:	f9400401 	ldr	x1, [x0, #8]
    8261ed70:	b9400821 	ldr	w1, [x1, #8]
    8261ed74:	6b03003f 	cmp	w1, w3
    8261ed78:	54ffff80 	b.eq	8261ed68 <uclass_find+0x2c>  // b.none
    8261ed7c:	d1008080 	sub	x0, x4, #0x20
    8261ed80:	17fffff5 	b	8261ed54 <uclass_find+0x18>

000000008261ed84 <uclass_get>:
    8261ed84:	a9bd7bfd 	stp	x29, x30, [sp, #-48]!
    8261ed88:	2a0003e5 	mov	w5, w0
    8261ed8c:	910003fd 	mov	x29, sp
    8261ed90:	a90153f3 	stp	x19, x20, [sp, #16]
    8261ed94:	a9025bf5 	stp	x21, x22, [sp, #32]
    8261ed98:	aa0103f6 	mov	x22, x1
    8261ed9c:	f900003f 	str	xzr, [x1]
    8261eda0:	97ffffe7 	bl	8261ed3c <uclass_find>
    8261eda4:	b5000700 	cbnz	x0, 8261ee84 <uclass_get+0x100>
    8261eda8:	f90002df 	str	xzr, [x22]
    8261edac:	2a0503e0 	mov	w0, w5
    8261edb0:	97fffe89 	bl	8261e7d4 <lists_uclass_lookup>
    8261edb4:	aa0003f5 	mov	x21, x0
    8261edb8:	b40006a0 	cbz	x0, 8261ee8c <uclass_get+0x108>
    8261edbc:	d2800601 	mov	x1, #0x30                  	// #48
    8261edc0:	d2800020 	mov	x0, #0x1                   	// #1
    8261edc4:	97ffe537 	bl	826182a0 <calloc>
    8261edc8:	aa0003f3 	mov	x19, x0
    8261edcc:	b50000c0 	cbnz	x0, 8261ede4 <uclass_get+0x60>
    8261edd0:	12800160 	mov	w0, #0xfffffff4            	// #-12
    8261edd4:	a94153f3 	ldp	x19, x20, [sp, #16]
    8261edd8:	a9425bf5 	ldp	x21, x22, [sp, #32]
    8261eddc:	a8c37bfd 	ldp	x29, x30, [sp], #48
    8261ede0:	d65f03c0 	ret
    8261ede4:	b94062a1 	ldr	w1, [x21, #96]
    8261ede8:	35000261 	cbnz	w1, 8261ee34 <uclass_get+0xb0>
    8261edec:	91008274 	add	x20, x19, #0x20
    8261edf0:	91004260 	add	x0, x19, #0x10
    8261edf4:	f9000675 	str	x21, [x19, #8]
    8261edf8:	9102e242 	add	x2, x18, #0xb8
    8261edfc:	f9001274 	str	x20, [x19, #32]
    8261ee00:	f9000694 	str	x20, [x20, #8]
    8261ee04:	f9000a60 	str	x0, [x19, #16]
    8261ee08:	f9000400 	str	x0, [x0, #8]
    8261ee0c:	f9405e41 	ldr	x1, [x18, #184]
    8261ee10:	f9000434 	str	x20, [x1, #8]
    8261ee14:	f9001261 	str	x1, [x19, #32]
    8261ee18:	f9000682 	str	x2, [x20, #8]
    8261ee1c:	f9005e54 	str	x20, [x18, #184]
    8261ee20:	f9402aa1 	ldr	x1, [x21, #80]
    8261ee24:	b5000141 	cbnz	x1, 8261ee4c <uclass_get+0xc8>
    8261ee28:	f90002d3 	str	x19, [x22]
    8261ee2c:	52800000 	mov	w0, #0x0                   	// #0
    8261ee30:	17ffffe9 	b	8261edd4 <uclass_get+0x50>
    8261ee34:	93407c21 	sxtw	x1, w1
    8261ee38:	d2800020 	mov	x0, #0x1                   	// #1
    8261ee3c:	97ffe519 	bl	826182a0 <calloc>
    8261ee40:	f9000260 	str	x0, [x19]
    8261ee44:	b5fffd40 	cbnz	x0, 8261edec <uclass_get+0x68>
    8261ee48:	17ffffe2 	b	8261edd0 <uclass_get+0x4c>
    8261ee4c:	aa1303e0 	mov	x0, x19
    8261ee50:	d63f0020 	blr	x1
    8261ee54:	34fffea0 	cbz	w0, 8261ee28 <uclass_get+0xa4>
    8261ee58:	b94062a1 	ldr	w1, [x21, #96]
    8261ee5c:	35000101 	cbnz	w1, 8261ee7c <uclass_get+0xf8>
    8261ee60:	f9401262 	ldr	x2, [x19, #32]
    8261ee64:	f9400681 	ldr	x1, [x20, #8]
    8261ee68:	f9000441 	str	x1, [x2, #8]
    8261ee6c:	f9000022 	str	x2, [x1]
    8261ee70:	f900127f 	str	xzr, [x19, #32]
    8261ee74:	f900069f 	str	xzr, [x20, #8]
    8261ee78:	17ffffd7 	b	8261edd4 <uclass_get+0x50>
    8261ee7c:	f900027f 	str	xzr, [x19]
    8261ee80:	17fffff8 	b	8261ee60 <uclass_get+0xdc>
    8261ee84:	f90002c0 	str	x0, [x22]
    8261ee88:	17ffffe9 	b	8261ee2c <uclass_get+0xa8>
    8261ee8c:	12800be0 	mov	w0, #0xffffffa0            	// #-96
    8261ee90:	17ffffd1 	b	8261edd4 <uclass_get+0x50>

000000008261ee94 <uclass_find_device>:
    8261ee94:	a9bd7bfd 	stp	x29, x30, [sp, #-48]!
    8261ee98:	910003fd 	mov	x29, sp
    8261ee9c:	a90153f3 	stp	x19, x20, [sp, #16]
    8261eea0:	aa0203f4 	mov	x20, x2
    8261eea4:	2a0103f3 	mov	w19, w1
    8261eea8:	90000041 	adrp	x1, 82626000 <spinand_chip_table+0xc96>
    8261eeac:	f942f822 	ldr	x2, [x1, #1520]
    8261eeb0:	f90017e2 	str	x2, [sp, #40]
    8261eeb4:	d2800002 	mov	x2, #0x0                   	// #0
    8261eeb8:	f900029f 	str	xzr, [x20]
    8261eebc:	910083e1 	add	x1, sp, #0x20
    8261eec0:	97ffffb1 	bl	8261ed84 <uclass_get>
    8261eec4:	35000200 	cbnz	w0, 8261ef04 <uclass_find_device+0x70>
    8261eec8:	f94013e1 	ldr	x1, [sp, #32]
    8261eecc:	91004024 	add	x4, x1, #0x10
    8261eed0:	f9400823 	ldr	x3, [x1, #16]
    8261eed4:	eb03009f 	cmp	x4, x3
    8261eed8:	540000e0 	b.eq	8261eef4 <uclass_find_device+0x60>  // b.none
    8261eedc:	d1018063 	sub	x3, x3, #0x60
    8261eee0:	2a1303e1 	mov	w1, w19
    8261eee4:	aa0303e2 	mov	x2, x3
    8261eee8:	f8460c45 	ldr	x5, [x2, #96]!
    8261eeec:	eb02009f 	cmp	x4, x2
    8261eef0:	54000061 	b.ne	8261eefc <uclass_find_device+0x68>  // b.any
    8261eef4:	12800240 	mov	w0, #0xffffffed            	// #-19
    8261eef8:	14000003 	b	8261ef04 <uclass_find_device+0x70>
    8261eefc:	35000121 	cbnz	w1, 8261ef20 <uclass_find_device+0x8c>
    8261ef00:	f9000283 	str	x3, [x20]
    8261ef04:	90000041 	adrp	x1, 82626000 <spinand_chip_table+0xc96>
    8261ef08:	f94017e2 	ldr	x2, [sp, #40]
    8261ef0c:	f942f823 	ldr	x3, [x1, #1520]
    8261ef10:	eb030042 	subs	x2, x2, x3
    8261ef14:	d2800003 	mov	x3, #0x0                   	// #0
    8261ef18:	540000a0 	b.eq	8261ef2c <uclass_find_device+0x98>  // b.none
    8261ef1c:	97ffcd38 	bl	826123fc <__stack_chk_fail>
    8261ef20:	d10180a3 	sub	x3, x5, #0x60
    8261ef24:	51000421 	sub	w1, w1, #0x1
    8261ef28:	17ffffef 	b	8261eee4 <uclass_find_device+0x50>
    8261ef2c:	a94153f3 	ldp	x19, x20, [sp, #16]
    8261ef30:	a8c37bfd 	ldp	x29, x30, [sp], #48
    8261ef34:	d65f03c0 	ret

000000008261ef38 <uclass_find_first_device>:
    8261ef38:	a9bd7bfd 	stp	x29, x30, [sp, #-48]!
    8261ef3c:	910003fd 	mov	x29, sp
    8261ef40:	f9000bf3 	str	x19, [sp, #16]
    8261ef44:	aa0103f3 	mov	x19, x1
    8261ef48:	90000041 	adrp	x1, 82626000 <spinand_chip_table+0xc96>
    8261ef4c:	f942f822 	ldr	x2, [x1, #1520]
    8261ef50:	f90017e2 	str	x2, [sp, #40]
    8261ef54:	d2800002 	mov	x2, #0x0                   	// #0
    8261ef58:	910083e1 	add	x1, sp, #0x20
    8261ef5c:	f900027f 	str	xzr, [x19]
    8261ef60:	97ffff89 	bl	8261ed84 <uclass_get>
    8261ef64:	35000100 	cbnz	w0, 8261ef84 <uclass_find_first_device+0x4c>
    8261ef68:	f94013e1 	ldr	x1, [sp, #32]
    8261ef6c:	91004022 	add	x2, x1, #0x10
    8261ef70:	f9400821 	ldr	x1, [x1, #16]
    8261ef74:	eb02003f 	cmp	x1, x2
    8261ef78:	54000140 	b.eq	8261efa0 <uclass_find_first_device+0x68>  // b.none
    8261ef7c:	d1018021 	sub	x1, x1, #0x60
    8261ef80:	f9000261 	str	x1, [x19]
    8261ef84:	90000041 	adrp	x1, 82626000 <spinand_chip_table+0xc96>
    8261ef88:	f94017e2 	ldr	x2, [sp, #40]
    8261ef8c:	f942f823 	ldr	x3, [x1, #1520]
    8261ef90:	eb030042 	subs	x2, x2, x3
    8261ef94:	d2800003 	mov	x3, #0x0                   	// #0
    8261ef98:	54000080 	b.eq	8261efa8 <uclass_find_first_device+0x70>  // b.none
    8261ef9c:	97ffcd18 	bl	826123fc <__stack_chk_fail>
    8261efa0:	12800240 	mov	w0, #0xffffffed            	// #-19
    8261efa4:	17fffff8 	b	8261ef84 <uclass_find_first_device+0x4c>
    8261efa8:	f9400bf3 	ldr	x19, [sp, #16]
    8261efac:	a8c37bfd 	ldp	x29, x30, [sp], #48
    8261efb0:	d65f03c0 	ret

000000008261efb4 <uclass_find_next_device>:
    8261efb4:	f9400001 	ldr	x1, [x0]
    8261efb8:	f900001f 	str	xzr, [x0]
    8261efbc:	f9402422 	ldr	x2, [x1, #72]
    8261efc0:	f9403023 	ldr	x3, [x1, #96]
    8261efc4:	91004042 	add	x2, x2, #0x10
    8261efc8:	d1018061 	sub	x1, x3, #0x60
    8261efcc:	eb02007f 	cmp	x3, x2
    8261efd0:	9a9f1021 	csel	x1, x1, xzr, ne  // ne = any
    8261efd4:	f9000001 	str	x1, [x0]
    8261efd8:	52800000 	mov	w0, #0x0                   	// #0
    8261efdc:	d65f03c0 	ret

000000008261efe0 <uclass_find_device_by_seq>:
    8261efe0:	a9bc7bfd 	stp	x29, x30, [sp, #-64]!
    8261efe4:	910003fd 	mov	x29, sp
    8261efe8:	a90153f3 	stp	x19, x20, [sp, #16]
    8261efec:	2a0103f3 	mov	w19, w1
    8261eff0:	90000041 	adrp	x1, 82626000 <spinand_chip_table+0xc96>
    8261eff4:	f90013f5 	str	x21, [sp, #32]
    8261eff8:	12001c55 	and	w21, w2, #0xff
    8261effc:	f942f822 	ldr	x2, [x1, #1520]
    8261f000:	f9001fe2 	str	x2, [sp, #56]
    8261f004:	d2800002 	mov	x2, #0x0                   	// #0
    8261f008:	f900007f 	str	xzr, [x3]
    8261f00c:	3100067f 	cmn	w19, #0x1
    8261f010:	54000121 	b.ne	8261f034 <uclass_find_device_by_seq+0x54>  // b.any
    8261f014:	12800240 	mov	w0, #0xffffffed            	// #-19
    8261f018:	f0000021 	adrp	x1, 82626000 <spinand_chip_table+0xc96>
    8261f01c:	f9401fe2 	ldr	x2, [sp, #56]
    8261f020:	f942f823 	ldr	x3, [x1, #1520]
    8261f024:	eb030042 	subs	x2, x2, x3
    8261f028:	d2800003 	mov	x3, #0x0                   	// #0
    8261f02c:	540002c0 	b.eq	8261f084 <uclass_find_device_by_seq+0xa4>  // b.none
    8261f030:	97ffccf3 	bl	826123fc <__stack_chk_fail>
    8261f034:	aa0303f4 	mov	x20, x3
    8261f038:	9100c3e1 	add	x1, sp, #0x30
    8261f03c:	97ffff52 	bl	8261ed84 <uclass_get>
    8261f040:	35fffec0 	cbnz	w0, 8261f018 <uclass_find_device_by_seq+0x38>
    8261f044:	f9401be1 	ldr	x1, [sp, #48]
    8261f048:	f8410c24 	ldr	x4, [x1, #16]!
    8261f04c:	d1018084 	sub	x4, x4, #0x60
    8261f050:	aa0403e3 	mov	x3, x4
    8261f054:	f8460c65 	ldr	x5, [x3, #96]!
    8261f058:	eb01007f 	cmp	x3, x1
    8261f05c:	54fffdc0 	b.eq	8261f014 <uclass_find_device_by_seq+0x34>  // b.none
    8261f060:	29528883 	ldp	w3, w2, [x4, #148]
    8261f064:	710002bf 	cmp	w21, #0x0
    8261f068:	1a821063 	csel	w3, w3, w2, ne  // ne = any
    8261f06c:	6b13007f 	cmp	w3, w19
    8261f070:	54000061 	b.ne	8261f07c <uclass_find_device_by_seq+0x9c>  // b.any
    8261f074:	f9000284 	str	x4, [x20]
    8261f078:	17ffffe8 	b	8261f018 <uclass_find_device_by_seq+0x38>
    8261f07c:	d10180a4 	sub	x4, x5, #0x60
    8261f080:	17fffff4 	b	8261f050 <uclass_find_device_by_seq+0x70>
    8261f084:	a94153f3 	ldp	x19, x20, [sp, #16]
    8261f088:	f94013f5 	ldr	x21, [sp, #32]
    8261f08c:	a8c47bfd 	ldp	x29, x30, [sp], #64
    8261f090:	d65f03c0 	ret

000000008261f094 <uclass_find_device_by_of_offset>:
    8261f094:	a9bd7bfd 	stp	x29, x30, [sp, #-48]!
    8261f098:	910003fd 	mov	x29, sp
    8261f09c:	a90153f3 	stp	x19, x20, [sp, #16]
    8261f0a0:	aa0203f4 	mov	x20, x2
    8261f0a4:	2a0103f3 	mov	w19, w1
    8261f0a8:	f0000021 	adrp	x1, 82626000 <spinand_chip_table+0xc96>
    8261f0ac:	f942f822 	ldr	x2, [x1, #1520]
    8261f0b0:	f90017e2 	str	x2, [sp, #40]
    8261f0b4:	d2800002 	mov	x2, #0x0                   	// #0
    8261f0b8:	f900029f 	str	xzr, [x20]
    8261f0bc:	36f80133 	tbz	w19, #31, 8261f0e0 <uclass_find_device_by_of_offset+0x4c>
    8261f0c0:	12800240 	mov	w0, #0xffffffed            	// #-19
    8261f0c4:	f0000021 	adrp	x1, 82626000 <spinand_chip_table+0xc96>
    8261f0c8:	f94017e2 	ldr	x2, [sp, #40]
    8261f0cc:	f942f823 	ldr	x3, [x1, #1520]
    8261f0d0:	eb030042 	subs	x2, x2, x3
    8261f0d4:	d2800003 	mov	x3, #0x0                   	// #0
    8261f0d8:	54000260 	b.eq	8261f124 <uclass_find_device_by_of_offset+0x90>  // b.none
    8261f0dc:	97ffccc8 	bl	826123fc <__stack_chk_fail>
    8261f0e0:	910083e1 	add	x1, sp, #0x20
    8261f0e4:	97ffff28 	bl	8261ed84 <uclass_get>
    8261f0e8:	35fffee0 	cbnz	w0, 8261f0c4 <uclass_find_device_by_of_offset+0x30>
    8261f0ec:	f94013e1 	ldr	x1, [sp, #32]
    8261f0f0:	f8410c23 	ldr	x3, [x1, #16]!
    8261f0f4:	d1018063 	sub	x3, x3, #0x60
    8261f0f8:	aa0303e2 	mov	x2, x3
    8261f0fc:	f8460c44 	ldr	x4, [x2, #96]!
    8261f100:	eb01005f 	cmp	x2, x1
    8261f104:	54fffde0 	b.eq	8261f0c0 <uclass_find_device_by_of_offset+0x2c>  // b.none
    8261f108:	f9401462 	ldr	x2, [x3, #40]
    8261f10c:	6b02027f 	cmp	w19, w2
    8261f110:	54000061 	b.ne	8261f11c <uclass_find_device_by_of_offset+0x88>  // b.any
    8261f114:	f9000283 	str	x3, [x20]
    8261f118:	17ffffeb 	b	8261f0c4 <uclass_find_device_by_of_offset+0x30>
    8261f11c:	d1018083 	sub	x3, x4, #0x60
    8261f120:	17fffff6 	b	8261f0f8 <uclass_find_device_by_of_offset+0x64>
    8261f124:	a94153f3 	ldp	x19, x20, [sp, #16]
    8261f128:	a8c37bfd 	ldp	x29, x30, [sp], #48
    8261f12c:	d65f03c0 	ret

000000008261f130 <uclass_find_device_by_ofnode>:
    8261f130:	a9bd7bfd 	stp	x29, x30, [sp, #-48]!
    8261f134:	910003fd 	mov	x29, sp
    8261f138:	a90153f3 	stp	x19, x20, [sp, #16]
    8261f13c:	aa0203f4 	mov	x20, x2
    8261f140:	aa0103f3 	mov	x19, x1
    8261f144:	f0000021 	adrp	x1, 82626000 <spinand_chip_table+0xc96>
    8261f148:	f942f822 	ldr	x2, [x1, #1520]
    8261f14c:	f90017e2 	str	x2, [sp, #40]
    8261f150:	d2800002 	mov	x2, #0x0                   	// #0
    8261f154:	f900029f 	str	xzr, [x20]
    8261f158:	b100067f 	cmn	x19, #0x1
    8261f15c:	54000121 	b.ne	8261f180 <uclass_find_device_by_ofnode+0x50>  // b.any
    8261f160:	12800240 	mov	w0, #0xffffffed            	// #-19
    8261f164:	f0000021 	adrp	x1, 82626000 <spinand_chip_table+0xc96>
    8261f168:	f94017e2 	ldr	x2, [sp, #40]
    8261f16c:	f942f823 	ldr	x3, [x1, #1520]
    8261f170:	eb030042 	subs	x2, x2, x3
    8261f174:	d2800003 	mov	x3, #0x0                   	// #0
    8261f178:	54000260 	b.eq	8261f1c4 <uclass_find_device_by_ofnode+0x94>  // b.none
    8261f17c:	97ffcca0 	bl	826123fc <__stack_chk_fail>
    8261f180:	910083e1 	add	x1, sp, #0x20
    8261f184:	97ffff00 	bl	8261ed84 <uclass_get>
    8261f188:	35fffee0 	cbnz	w0, 8261f164 <uclass_find_device_by_ofnode+0x34>
    8261f18c:	f94013e1 	ldr	x1, [sp, #32]
    8261f190:	f8410c23 	ldr	x3, [x1, #16]!
    8261f194:	d1018063 	sub	x3, x3, #0x60
    8261f198:	aa0303e2 	mov	x2, x3
    8261f19c:	f8460c44 	ldr	x4, [x2, #96]!
    8261f1a0:	eb01005f 	cmp	x2, x1
    8261f1a4:	54fffde0 	b.eq	8261f160 <uclass_find_device_by_ofnode+0x30>  // b.none
    8261f1a8:	f9401462 	ldr	x2, [x3, #40]
    8261f1ac:	eb13005f 	cmp	x2, x19
    8261f1b0:	54000061 	b.ne	8261f1bc <uclass_find_device_by_ofnode+0x8c>  // b.any
    8261f1b4:	f9000283 	str	x3, [x20]
    8261f1b8:	17ffffeb 	b	8261f164 <uclass_find_device_by_ofnode+0x34>
    8261f1bc:	d1018083 	sub	x3, x4, #0x60
    8261f1c0:	17fffff6 	b	8261f198 <uclass_find_device_by_ofnode+0x68>
    8261f1c4:	a94153f3 	ldp	x19, x20, [sp, #16]
    8261f1c8:	a8c37bfd 	ldp	x29, x30, [sp], #48
    8261f1cc:	d65f03c0 	ret

000000008261f1d0 <uclass_get_device_by_driver>:
    8261f1d0:	a9bc7bfd 	stp	x29, x30, [sp, #-64]!
    8261f1d4:	910003fd 	mov	x29, sp
    8261f1d8:	a90153f3 	stp	x19, x20, [sp, #16]
    8261f1dc:	aa0103f4 	mov	x20, x1
    8261f1e0:	f0000021 	adrp	x1, 82626000 <spinand_chip_table+0xc96>
    8261f1e4:	f90013f5 	str	x21, [sp, #32]
    8261f1e8:	aa0203f5 	mov	x21, x2
    8261f1ec:	f942f822 	ldr	x2, [x1, #1520]
    8261f1f0:	f9001fe2 	str	x2, [sp, #56]
    8261f1f4:	d2800002 	mov	x2, #0x0                   	// #0
    8261f1f8:	9100c3e1 	add	x1, sp, #0x30
    8261f1fc:	97fffee2 	bl	8261ed84 <uclass_get>
    8261f200:	35000220 	cbnz	w0, 8261f244 <uclass_get_device_by_driver+0x74>
    8261f204:	f9401be0 	ldr	x0, [sp, #48]
    8261f208:	f8410c13 	ldr	x19, [x0, #16]!
    8261f20c:	d1018273 	sub	x19, x19, #0x60
    8261f210:	aa1303e3 	mov	x3, x19
    8261f214:	f8460c61 	ldr	x1, [x3, #96]!
    8261f218:	eb00007f 	cmp	x3, x0
    8261f21c:	54000061 	b.ne	8261f228 <uclass_get_device_by_driver+0x58>  // b.any
    8261f220:	12800240 	mov	w0, #0xffffffed            	// #-19
    8261f224:	14000008 	b	8261f244 <uclass_get_device_by_driver+0x74>
    8261f228:	f9400262 	ldr	x2, [x19]
    8261f22c:	eb14005f 	cmp	x2, x20
    8261f230:	54000181 	b.ne	8261f260 <uclass_get_device_by_driver+0x90>  // b.any
    8261f234:	aa1303e0 	mov	x0, x19
    8261f238:	97fffc82 	bl	8261e440 <device_probe>
    8261f23c:	35000040 	cbnz	w0, 8261f244 <uclass_get_device_by_driver+0x74>
    8261f240:	f90002b3 	str	x19, [x21]
    8261f244:	f0000021 	adrp	x1, 82626000 <spinand_chip_table+0xc96>
    8261f248:	f9401fe2 	ldr	x2, [sp, #56]
    8261f24c:	f942f823 	ldr	x3, [x1, #1520]
    8261f250:	eb030042 	subs	x2, x2, x3
    8261f254:	d2800003 	mov	x3, #0x0                   	// #0
    8261f258:	54000080 	b.eq	8261f268 <uclass_get_device_by_driver+0x98>  // b.none
    8261f25c:	97ffcc68 	bl	826123fc <__stack_chk_fail>
    8261f260:	d1018033 	sub	x19, x1, #0x60
    8261f264:	17ffffeb 	b	8261f210 <uclass_get_device_by_driver+0x40>
    8261f268:	a94153f3 	ldp	x19, x20, [sp, #16]
    8261f26c:	f94013f5 	ldr	x21, [sp, #32]
    8261f270:	a8c47bfd 	ldp	x29, x30, [sp], #64
    8261f274:	d65f03c0 	ret

000000008261f278 <uclass_get_device_tail>:
    8261f278:	350001c1 	cbnz	w1, 8261f2b0 <uclass_get_device_tail+0x38>
    8261f27c:	a9be7bfd 	stp	x29, x30, [sp, #-32]!
    8261f280:	910003fd 	mov	x29, sp
    8261f284:	a90153f3 	stp	x19, x20, [sp, #16]
    8261f288:	aa0003f4 	mov	x20, x0
    8261f28c:	aa0203f3 	mov	x19, x2
    8261f290:	97fffc6c 	bl	8261e440 <device_probe>
    8261f294:	2a0003e1 	mov	w1, w0
    8261f298:	35000040 	cbnz	w0, 8261f2a0 <uclass_get_device_tail+0x28>
    8261f29c:	f9000274 	str	x20, [x19]
    8261f2a0:	2a0103e0 	mov	w0, w1
    8261f2a4:	a94153f3 	ldp	x19, x20, [sp, #16]
    8261f2a8:	a8c27bfd 	ldp	x29, x30, [sp], #32
    8261f2ac:	d65f03c0 	ret
    8261f2b0:	2a0103e0 	mov	w0, w1
    8261f2b4:	d65f03c0 	ret

000000008261f2b8 <uclass_get_device>:
    8261f2b8:	a9bd7bfd 	stp	x29, x30, [sp, #-48]!
    8261f2bc:	910003fd 	mov	x29, sp
    8261f2c0:	f9000bf3 	str	x19, [sp, #16]
    8261f2c4:	aa0203f3 	mov	x19, x2
    8261f2c8:	f0000022 	adrp	x2, 82626000 <spinand_chip_table+0xc96>
    8261f2cc:	f942f843 	ldr	x3, [x2, #1520]
    8261f2d0:	f90017e3 	str	x3, [sp, #40]
    8261f2d4:	d2800003 	mov	x3, #0x0                   	// #0
    8261f2d8:	910083e2 	add	x2, sp, #0x20
    8261f2dc:	f900027f 	str	xzr, [x19]
    8261f2e0:	97fffeed 	bl	8261ee94 <uclass_find_device>
    8261f2e4:	2a0003e1 	mov	w1, w0
    8261f2e8:	f94013e0 	ldr	x0, [sp, #32]
    8261f2ec:	aa1303e2 	mov	x2, x19
    8261f2f0:	97ffffe2 	bl	8261f278 <uclass_get_device_tail>
    8261f2f4:	f0000021 	adrp	x1, 82626000 <spinand_chip_table+0xc96>
    8261f2f8:	f94017e2 	ldr	x2, [sp, #40]
    8261f2fc:	f942f823 	ldr	x3, [x1, #1520]
    8261f300:	eb030042 	subs	x2, x2, x3
    8261f304:	d2800003 	mov	x3, #0x0                   	// #0
    8261f308:	54000040 	b.eq	8261f310 <uclass_get_device+0x58>  // b.none
    8261f30c:	97ffcc3c 	bl	826123fc <__stack_chk_fail>
    8261f310:	f9400bf3 	ldr	x19, [sp, #16]
    8261f314:	a8c37bfd 	ldp	x29, x30, [sp], #48
    8261f318:	d65f03c0 	ret

000000008261f31c <uclass_get_device_by_seq>:
    8261f31c:	a9bc7bfd 	stp	x29, x30, [sp, #-64]!
    8261f320:	910003fd 	mov	x29, sp
    8261f324:	a90153f3 	stp	x19, x20, [sp, #16]
    8261f328:	aa0203f3 	mov	x19, x2
    8261f32c:	f0000022 	adrp	x2, 82626000 <spinand_chip_table+0xc96>
    8261f330:	f90013f5 	str	x21, [sp, #32]
    8261f334:	2a0003f4 	mov	w20, w0
    8261f338:	2a0103f5 	mov	w21, w1
    8261f33c:	f942f843 	ldr	x3, [x2, #1520]
    8261f340:	f9001fe3 	str	x3, [sp, #56]
    8261f344:	d2800003 	mov	x3, #0x0                   	// #0
    8261f348:	f900027f 	str	xzr, [x19]
    8261f34c:	9100c3e3 	add	x3, sp, #0x30
    8261f350:	52800002 	mov	w2, #0x0                   	// #0
    8261f354:	97ffff23 	bl	8261efe0 <uclass_find_device_by_seq>
    8261f358:	31004c1f 	cmn	w0, #0x13
    8261f35c:	540000c1 	b.ne	8261f374 <uclass_get_device_by_seq+0x58>  // b.any
    8261f360:	9100c3e3 	add	x3, sp, #0x30
    8261f364:	2a1503e1 	mov	w1, w21
    8261f368:	2a1403e0 	mov	w0, w20
    8261f36c:	52800022 	mov	w2, #0x1                   	// #1
    8261f370:	97ffff1c 	bl	8261efe0 <uclass_find_device_by_seq>
    8261f374:	2a0003e1 	mov	w1, w0
    8261f378:	aa1303e2 	mov	x2, x19
    8261f37c:	f9401be0 	ldr	x0, [sp, #48]
    8261f380:	97ffffbe 	bl	8261f278 <uclass_get_device_tail>
    8261f384:	f0000021 	adrp	x1, 82626000 <spinand_chip_table+0xc96>
    8261f388:	f9401fe2 	ldr	x2, [sp, #56]
    8261f38c:	f942f823 	ldr	x3, [x1, #1520]
    8261f390:	eb030042 	subs	x2, x2, x3
    8261f394:	d2800003 	mov	x3, #0x0                   	// #0
    8261f398:	54000040 	b.eq	8261f3a0 <uclass_get_device_by_seq+0x84>  // b.none
    8261f39c:	97ffcc18 	bl	826123fc <__stack_chk_fail>
    8261f3a0:	a94153f3 	ldp	x19, x20, [sp, #16]
    8261f3a4:	f94013f5 	ldr	x21, [sp, #32]
    8261f3a8:	a8c47bfd 	ldp	x29, x30, [sp], #64
    8261f3ac:	d65f03c0 	ret

000000008261f3b0 <uclass_get_device_by_of_offset>:
    8261f3b0:	a9bd7bfd 	stp	x29, x30, [sp, #-48]!
    8261f3b4:	910003fd 	mov	x29, sp
    8261f3b8:	f9000bf3 	str	x19, [sp, #16]
    8261f3bc:	aa0203f3 	mov	x19, x2
    8261f3c0:	f0000022 	adrp	x2, 82626000 <spinand_chip_table+0xc96>
    8261f3c4:	f942f843 	ldr	x3, [x2, #1520]
    8261f3c8:	f90017e3 	str	x3, [sp, #40]
    8261f3cc:	d2800003 	mov	x3, #0x0                   	// #0
    8261f3d0:	910083e2 	add	x2, sp, #0x20
    8261f3d4:	f900027f 	str	xzr, [x19]
    8261f3d8:	97ffff2f 	bl	8261f094 <uclass_find_device_by_of_offset>
    8261f3dc:	2a0003e1 	mov	w1, w0
    8261f3e0:	f94013e0 	ldr	x0, [sp, #32]
    8261f3e4:	aa1303e2 	mov	x2, x19
    8261f3e8:	97ffffa4 	bl	8261f278 <uclass_get_device_tail>
    8261f3ec:	f0000021 	adrp	x1, 82626000 <spinand_chip_table+0xc96>
    8261f3f0:	f94017e2 	ldr	x2, [sp, #40]
    8261f3f4:	f942f823 	ldr	x3, [x1, #1520]
    8261f3f8:	eb030042 	subs	x2, x2, x3
    8261f3fc:	d2800003 	mov	x3, #0x0                   	// #0
    8261f400:	54000040 	b.eq	8261f408 <uclass_get_device_by_of_offset+0x58>  // b.none
    8261f404:	97ffcbfe 	bl	826123fc <__stack_chk_fail>
    8261f408:	f9400bf3 	ldr	x19, [sp, #16]
    8261f40c:	a8c37bfd 	ldp	x29, x30, [sp], #48
    8261f410:	d65f03c0 	ret

000000008261f414 <uclass_get_device_by_ofnode>:
    8261f414:	a9bd7bfd 	stp	x29, x30, [sp, #-48]!
    8261f418:	910003fd 	mov	x29, sp
    8261f41c:	f9000bf3 	str	x19, [sp, #16]
    8261f420:	aa0203f3 	mov	x19, x2
    8261f424:	f0000022 	adrp	x2, 82626000 <spinand_chip_table+0xc96>
    8261f428:	f942f843 	ldr	x3, [x2, #1520]
    8261f42c:	f90017e3 	str	x3, [sp, #40]
    8261f430:	d2800003 	mov	x3, #0x0                   	// #0
    8261f434:	910083e2 	add	x2, sp, #0x20
    8261f438:	f900027f 	str	xzr, [x19]
    8261f43c:	97ffff3d 	bl	8261f130 <uclass_find_device_by_ofnode>
    8261f440:	2a0003e1 	mov	w1, w0
    8261f444:	f94013e0 	ldr	x0, [sp, #32]
    8261f448:	aa1303e2 	mov	x2, x19
    8261f44c:	97ffff8b 	bl	8261f278 <uclass_get_device_tail>
    8261f450:	f0000021 	adrp	x1, 82626000 <spinand_chip_table+0xc96>
    8261f454:	f94017e2 	ldr	x2, [sp, #40]
    8261f458:	f942f823 	ldr	x3, [x1, #1520]
    8261f45c:	eb030042 	subs	x2, x2, x3
    8261f460:	d2800003 	mov	x3, #0x0                   	// #0
    8261f464:	54000040 	b.eq	8261f46c <uclass_get_device_by_ofnode+0x58>  // b.none
    8261f468:	97ffcbe5 	bl	826123fc <__stack_chk_fail>
    8261f46c:	f9400bf3 	ldr	x19, [sp, #16]
    8261f470:	a8c37bfd 	ldp	x29, x30, [sp], #48
    8261f474:	d65f03c0 	ret

000000008261f478 <uclass_first_device_check>:
    8261f478:	a9be7bfd 	stp	x29, x30, [sp, #-32]!
    8261f47c:	910003fd 	mov	x29, sp
    8261f480:	f9000bf3 	str	x19, [sp, #16]
    8261f484:	aa0103f3 	mov	x19, x1
    8261f488:	f900003f 	str	xzr, [x1]
    8261f48c:	97fffeab 	bl	8261ef38 <uclass_find_first_device>
    8261f490:	350000e0 	cbnz	w0, 8261f4ac <uclass_first_device_check+0x34>
    8261f494:	f9400261 	ldr	x1, [x19]
    8261f498:	b40000a1 	cbz	x1, 8261f4ac <uclass_first_device_check+0x34>
    8261f49c:	f9400bf3 	ldr	x19, [sp, #16]
    8261f4a0:	aa0103e0 	mov	x0, x1
    8261f4a4:	a8c27bfd 	ldp	x29, x30, [sp], #32
    8261f4a8:	17fffbe6 	b	8261e440 <device_probe>
    8261f4ac:	f9400bf3 	ldr	x19, [sp, #16]
    8261f4b0:	a8c27bfd 	ldp	x29, x30, [sp], #32
    8261f4b4:	d65f03c0 	ret

000000008261f4b8 <uclass_next_device_check>:
    8261f4b8:	a9bf7bfd 	stp	x29, x30, [sp, #-16]!
    8261f4bc:	aa0003e4 	mov	x4, x0
    8261f4c0:	910003fd 	mov	x29, sp
    8261f4c4:	97fffebc 	bl	8261efb4 <uclass_find_next_device>
    8261f4c8:	350000c0 	cbnz	w0, 8261f4e0 <uclass_next_device_check+0x28>
    8261f4cc:	f9400081 	ldr	x1, [x4]
    8261f4d0:	b4000081 	cbz	x1, 8261f4e0 <uclass_next_device_check+0x28>
    8261f4d4:	a8c17bfd 	ldp	x29, x30, [sp], #16
    8261f4d8:	aa0103e0 	mov	x0, x1
    8261f4dc:	17fffbd9 	b	8261e440 <device_probe>
    8261f4e0:	a8c17bfd 	ldp	x29, x30, [sp], #16
    8261f4e4:	d65f03c0 	ret

000000008261f4e8 <uclass_bind_device>:
    8261f4e8:	a9be7bfd 	stp	x29, x30, [sp, #-32]!
    8261f4ec:	910003fd 	mov	x29, sp
    8261f4f0:	a90153f3 	stp	x19, x20, [sp, #16]
    8261f4f4:	91018014 	add	x20, x0, #0x60
    8261f4f8:	f9402401 	ldr	x1, [x0, #72]
    8261f4fc:	91004021 	add	x1, x1, #0x10
    8261f500:	f9400422 	ldr	x2, [x1, #8]
    8261f504:	f9000434 	str	x20, [x1, #8]
    8261f508:	a9060801 	stp	x1, x2, [x0, #96]
    8261f50c:	f9000054 	str	x20, [x2]
    8261f510:	f9401c01 	ldr	x1, [x0, #56]
    8261f514:	b40001e1 	cbz	x1, 8261f550 <uclass_bind_device+0x68>
    8261f518:	f9402421 	ldr	x1, [x1, #72]
    8261f51c:	f9400421 	ldr	x1, [x1, #8]
    8261f520:	f9401c21 	ldr	x1, [x1, #56]
    8261f524:	b4000161 	cbz	x1, 8261f550 <uclass_bind_device+0x68>
    8261f528:	aa0003f3 	mov	x19, x0
    8261f52c:	d63f0020 	blr	x1
    8261f530:	340000a0 	cbz	w0, 8261f544 <uclass_bind_device+0x5c>
    8261f534:	a9460662 	ldp	x2, x1, [x19, #96]
    8261f538:	f9000441 	str	x1, [x2, #8]
    8261f53c:	f9000022 	str	x2, [x1]
    8261f540:	a9067e7f 	stp	xzr, xzr, [x19, #96]
    8261f544:	a94153f3 	ldp	x19, x20, [sp, #16]
    8261f548:	a8c27bfd 	ldp	x29, x30, [sp], #32
    8261f54c:	d65f03c0 	ret
    8261f550:	52800000 	mov	w0, #0x0                   	// #0
    8261f554:	17fffffc 	b	8261f544 <uclass_bind_device+0x5c>

000000008261f558 <uclass_resolve_seq>:
    8261f558:	a9bd7bfd 	stp	x29, x30, [sp, #-48]!
    8261f55c:	52800002 	mov	w2, #0x0                   	// #0
    8261f560:	910003fd 	mov	x29, sp
    8261f564:	a90153f3 	stp	x19, x20, [sp, #16]
    8261f568:	aa0003f4 	mov	x20, x0
    8261f56c:	f0000020 	adrp	x0, 82626000 <spinand_chip_table+0xc96>
    8261f570:	f942f801 	ldr	x1, [x0, #1520]
    8261f574:	f90017e1 	str	x1, [sp, #40]
    8261f578:	d2800001 	mov	x1, #0x0                   	// #0
    8261f57c:	910083e3 	add	x3, sp, #0x20
    8261f580:	f9402680 	ldr	x0, [x20, #72]
    8261f584:	b9409681 	ldr	w1, [x20, #148]
    8261f588:	f9400400 	ldr	x0, [x0, #8]
    8261f58c:	b9400800 	ldr	w0, [x0, #8]
    8261f590:	97fffe94 	bl	8261efe0 <uclass_find_device_by_seq>
    8261f594:	2a0003f3 	mov	w19, w0
    8261f598:	340000e0 	cbz	w0, 8261f5b4 <uclass_resolve_seq+0x5c>
    8261f59c:	31004c1f 	cmn	w0, #0x13
    8261f5a0:	54000241 	b.ne	8261f5e8 <uclass_resolve_seq+0x90>  // b.any
    8261f5a4:	b9409693 	ldr	w19, [x20, #148]
    8261f5a8:	3100067f 	cmn	w19, #0x1
    8261f5ac:	540001e1 	b.ne	8261f5e8 <uclass_resolve_seq+0x90>  // b.any
    8261f5b0:	52800013 	mov	w19, #0x0                   	// #0
    8261f5b4:	f9402680 	ldr	x0, [x20, #72]
    8261f5b8:	910083e3 	add	x3, sp, #0x20
    8261f5bc:	2a1303e1 	mov	w1, w19
    8261f5c0:	52800002 	mov	w2, #0x0                   	// #0
    8261f5c4:	f9400400 	ldr	x0, [x0, #8]
    8261f5c8:	b9400800 	ldr	w0, [x0, #8]
    8261f5cc:	97fffe85 	bl	8261efe0 <uclass_find_device_by_seq>
    8261f5d0:	31004c1f 	cmn	w0, #0x13
    8261f5d4:	540000a0 	b.eq	8261f5e8 <uclass_resolve_seq+0x90>  // b.none
    8261f5d8:	35000160 	cbnz	w0, 8261f604 <uclass_resolve_seq+0xac>
    8261f5dc:	11000673 	add	w19, w19, #0x1
    8261f5e0:	710f9e7f 	cmp	w19, #0x3e7
    8261f5e4:	54fffe81 	b.ne	8261f5b4 <uclass_resolve_seq+0x5c>  // b.any
    8261f5e8:	f0000020 	adrp	x0, 82626000 <spinand_chip_table+0xc96>
    8261f5ec:	f94017e1 	ldr	x1, [sp, #40]
    8261f5f0:	f942f802 	ldr	x2, [x0, #1520]
    8261f5f4:	eb020021 	subs	x1, x1, x2
    8261f5f8:	d2800002 	mov	x2, #0x0                   	// #0
    8261f5fc:	54000080 	b.eq	8261f60c <uclass_resolve_seq+0xb4>  // b.none
    8261f600:	97ffcb7f 	bl	826123fc <__stack_chk_fail>
    8261f604:	2a0003f3 	mov	w19, w0
    8261f608:	17fffff8 	b	8261f5e8 <uclass_resolve_seq+0x90>
    8261f60c:	2a1303e0 	mov	w0, w19
    8261f610:	a94153f3 	ldp	x19, x20, [sp, #16]
    8261f614:	a8c37bfd 	ldp	x29, x30, [sp], #48
    8261f618:	d65f03c0 	ret

000000008261f61c <uclass_pre_probe_device>:
    8261f61c:	a9be7bfd 	stp	x29, x30, [sp, #-32]!
    8261f620:	910003fd 	mov	x29, sp
    8261f624:	f9000bf3 	str	x19, [sp, #16]
    8261f628:	aa0003f3 	mov	x19, x0
    8261f62c:	f9402401 	ldr	x1, [x0, #72]
    8261f630:	f9400421 	ldr	x1, [x1, #8]
    8261f634:	f9401021 	ldr	x1, [x1, #32]
    8261f638:	b50000a1 	cbnz	x1, 8261f64c <uclass_pre_probe_device+0x30>
    8261f63c:	f9401e60 	ldr	x0, [x19, #56]
    8261f640:	b5000100 	cbnz	x0, 8261f660 <uclass_pre_probe_device+0x44>
    8261f644:	52800000 	mov	w0, #0x0                   	// #0
    8261f648:	14000003 	b	8261f654 <uclass_pre_probe_device+0x38>
    8261f64c:	d63f0020 	blr	x1
    8261f650:	34ffff60 	cbz	w0, 8261f63c <uclass_pre_probe_device+0x20>
    8261f654:	f9400bf3 	ldr	x19, [sp, #16]
    8261f658:	a8c27bfd 	ldp	x29, x30, [sp], #32
    8261f65c:	d65f03c0 	ret
    8261f660:	f9402400 	ldr	x0, [x0, #72]
    8261f664:	f9400400 	ldr	x0, [x0, #8]
    8261f668:	f9402001 	ldr	x1, [x0, #64]
    8261f66c:	b4fffec1 	cbz	x1, 8261f644 <uclass_pre_probe_device+0x28>
    8261f670:	aa1303e0 	mov	x0, x19
    8261f674:	aa0103f0 	mov	x16, x1
    8261f678:	f9400bf3 	ldr	x19, [sp, #16]
    8261f67c:	a8c27bfd 	ldp	x29, x30, [sp], #32
    8261f680:	d61f0200 	br	x16

000000008261f684 <uclass_post_probe_device>:
    8261f684:	a9be7bfd 	stp	x29, x30, [sp, #-32]!
    8261f688:	910003fd 	mov	x29, sp
    8261f68c:	f9000bf3 	str	x19, [sp, #16]
    8261f690:	aa0003f3 	mov	x19, x0
    8261f694:	f9401c01 	ldr	x1, [x0, #56]
    8261f698:	b5000121 	cbnz	x1, 8261f6bc <uclass_post_probe_device+0x38>
    8261f69c:	f9402660 	ldr	x0, [x19, #72]
    8261f6a0:	f9400400 	ldr	x0, [x0, #8]
    8261f6a4:	f9401401 	ldr	x1, [x0, #40]
    8261f6a8:	b5000181 	cbnz	x1, 8261f6d8 <uclass_post_probe_device+0x54>
    8261f6ac:	52800000 	mov	w0, #0x0                   	// #0
    8261f6b0:	f9400bf3 	ldr	x19, [sp, #16]
    8261f6b4:	a8c27bfd 	ldp	x29, x30, [sp], #32
    8261f6b8:	d65f03c0 	ret
    8261f6bc:	f9402421 	ldr	x1, [x1, #72]
    8261f6c0:	f9400421 	ldr	x1, [x1, #8]
    8261f6c4:	f9402421 	ldr	x1, [x1, #72]
    8261f6c8:	b4fffea1 	cbz	x1, 8261f69c <uclass_post_probe_device+0x18>
    8261f6cc:	d63f0020 	blr	x1
    8261f6d0:	34fffe60 	cbz	w0, 8261f69c <uclass_post_probe_device+0x18>
    8261f6d4:	17fffff7 	b	8261f6b0 <uclass_post_probe_device+0x2c>
    8261f6d8:	aa1303e0 	mov	x0, x19
    8261f6dc:	aa0103f0 	mov	x16, x1
    8261f6e0:	f9400bf3 	ldr	x19, [sp, #16]
    8261f6e4:	a8c27bfd 	ldp	x29, x30, [sp], #32
    8261f6e8:	d61f0200 	br	x16

000000008261f6ec <dm_ofnode_pre_reloc>:
    8261f6ec:	52800020 	mov	w0, #0x1                   	// #1
    8261f6f0:	d65f03c0 	ret

000000008261f6f4 <simple_bus_post_bind>:
    8261f6f4:	a9bc7bfd 	stp	x29, x30, [sp, #-64]!
    8261f6f8:	d2800063 	mov	x3, #0x3                   	// #3
    8261f6fc:	910003fd 	mov	x29, sp
    8261f700:	f9000bf3 	str	x19, [sp, #16]
    8261f704:	aa0003f3 	mov	x19, x0
    8261f708:	f0000020 	adrp	x0, 82626000 <spinand_chip_table+0xc96>
    8261f70c:	9100a3e2 	add	x2, sp, #0x28
    8261f710:	f942f801 	ldr	x1, [x0, #1520]
    8261f714:	f9001fe1 	str	x1, [sp, #56]
    8261f718:	d2800001 	mov	x1, #0x0                   	// #0
    8261f71c:	f9401660 	ldr	x0, [x19, #40]
    8261f720:	b0000021 	adrp	x1, 82624000 <_ctype+0x15a>
    8261f724:	911f5021 	add	x1, x1, #0x7d4
    8261f728:	94000040 	bl	8261f828 <ofnode_read_u32_array>
    8261f72c:	35000120 	cbnz	w0, 8261f750 <simple_bus_post_bind+0x5c>
    8261f730:	aa1303e0 	mov	x0, x19
    8261f734:	97fffbb3 	bl	8261e600 <dev_get_uclass_platdata>
    8261f738:	b9402be1 	ldr	w1, [sp, #40]
    8261f73c:	b9000001 	str	w1, [x0]
    8261f740:	b9402fe1 	ldr	w1, [sp, #44]
    8261f744:	b9000801 	str	w1, [x0, #8]
    8261f748:	b94033e1 	ldr	w1, [sp, #48]
    8261f74c:	b9000401 	str	w1, [x0, #4]
    8261f750:	aa1303e0 	mov	x0, x19
    8261f754:	97fffd3f 	bl	8261ec50 <dm_scan_fdt_dev>
    8261f758:	f0000021 	adrp	x1, 82626000 <spinand_chip_table+0xc96>
    8261f75c:	f9401fe2 	ldr	x2, [sp, #56]
    8261f760:	f942f823 	ldr	x3, [x1, #1520]
    8261f764:	eb030042 	subs	x2, x2, x3
    8261f768:	d2800003 	mov	x3, #0x0                   	// #0
    8261f76c:	54000040 	b.eq	8261f774 <simple_bus_post_bind+0x80>  // b.none
    8261f770:	97ffcb23 	bl	826123fc <__stack_chk_fail>
    8261f774:	f9400bf3 	ldr	x19, [sp, #16]
    8261f778:	a8c47bfd 	ldp	x29, x30, [sp], #64
    8261f77c:	d65f03c0 	ret

000000008261f780 <ofnode_read_u32>:
    8261f780:	a9bd7bfd 	stp	x29, x30, [sp, #-48]!
    8261f784:	aa0003e4 	mov	x4, x0
    8261f788:	f0000020 	adrp	x0, 82626000 <spinand_chip_table+0xc96>
    8261f78c:	910003fd 	mov	x29, sp
    8261f790:	f9000bf3 	str	x19, [sp, #16]
    8261f794:	aa0203f3 	mov	x19, x2
    8261f798:	910093e3 	add	x3, sp, #0x24
    8261f79c:	f942f802 	ldr	x2, [x0, #1520]
    8261f7a0:	f90017e2 	str	x2, [sp, #40]
    8261f7a4:	d2800002 	mov	x2, #0x0                   	// #0
    8261f7a8:	aa0103e2 	mov	x2, x1
    8261f7ac:	2a0403e1 	mov	w1, w4
    8261f7b0:	f9406640 	ldr	x0, [x18, #200]
    8261f7b4:	97ffedfe 	bl	8261afac <fdt_getprop>
    8261f7b8:	b4000080 	cbz	x0, 8261f7c8 <ofnode_read_u32+0x48>
    8261f7bc:	b94027e1 	ldr	w1, [sp, #36]
    8261f7c0:	71000c3f 	cmp	w1, #0x3
    8261f7c4:	54000128 	b.hi	8261f7e8 <ofnode_read_u32+0x68>  // b.pmore
    8261f7c8:	128002a0 	mov	w0, #0xffffffea            	// #-22
    8261f7cc:	f0000021 	adrp	x1, 82626000 <spinand_chip_table+0xc96>
    8261f7d0:	f94017e2 	ldr	x2, [sp, #40]
    8261f7d4:	f942f823 	ldr	x3, [x1, #1520]
    8261f7d8:	eb030042 	subs	x2, x2, x3
    8261f7dc:	d2800003 	mov	x3, #0x0                   	// #0
    8261f7e0:	540000e0 	b.eq	8261f7fc <ofnode_read_u32+0x7c>  // b.none
    8261f7e4:	97ffcb06 	bl	826123fc <__stack_chk_fail>
    8261f7e8:	b9400000 	ldr	w0, [x0]
    8261f7ec:	5ac00800 	rev	w0, w0
    8261f7f0:	b9000260 	str	w0, [x19]
    8261f7f4:	52800000 	mov	w0, #0x0                   	// #0
    8261f7f8:	17fffff5 	b	8261f7cc <ofnode_read_u32+0x4c>
    8261f7fc:	f9400bf3 	ldr	x19, [sp, #16]
    8261f800:	a8c37bfd 	ldp	x29, x30, [sp], #48
    8261f804:	d65f03c0 	ret

000000008261f808 <ofnode_read_u32_default>:
    8261f808:	a9be7bfd 	stp	x29, x30, [sp, #-32]!
    8261f80c:	910003fd 	mov	x29, sp
    8261f810:	b9001fe2 	str	w2, [sp, #28]
    8261f814:	910073e2 	add	x2, sp, #0x1c
    8261f818:	97ffffda 	bl	8261f780 <ofnode_read_u32>
    8261f81c:	b9401fe0 	ldr	w0, [sp, #28]
    8261f820:	a8c27bfd 	ldp	x29, x30, [sp], #32
    8261f824:	d65f03c0 	ret

000000008261f828 <ofnode_read_u32_array>:
    8261f828:	2a0303e4 	mov	w4, w3
    8261f82c:	aa0203e3 	mov	x3, x2
    8261f830:	aa0103e2 	mov	x2, x1
    8261f834:	2a0003e1 	mov	w1, w0
    8261f838:	f9406640 	ldr	x0, [x18, #200]
    8261f83c:	17fff06e 	b	8261b9f4 <fdtdec_get_int_array>

000000008261f840 <ofnode_get_name>:
    8261f840:	aa0003e1 	mov	x1, x0
    8261f844:	d2800002 	mov	x2, #0x0                   	// #0
    8261f848:	f9406640 	ldr	x0, [x18, #200]
    8261f84c:	17ffed32 	b	8261ad14 <fdt_get_name>

000000008261f850 <ofnode_read_size>:
    8261f850:	a9be7bfd 	stp	x29, x30, [sp, #-32]!
    8261f854:	aa0003e4 	mov	x4, x0
    8261f858:	f0000020 	adrp	x0, 82626000 <spinand_chip_table+0xc96>
    8261f85c:	910003fd 	mov	x29, sp
    8261f860:	f942f802 	ldr	x2, [x0, #1520]
    8261f864:	f9000fe2 	str	x2, [sp, #24]
    8261f868:	d2800002 	mov	x2, #0x0                   	// #0
    8261f86c:	910053e3 	add	x3, sp, #0x14
    8261f870:	aa0103e2 	mov	x2, x1
    8261f874:	2a0403e1 	mov	w1, w4
    8261f878:	f9406640 	ldr	x0, [x18, #200]
    8261f87c:	97ffedcc 	bl	8261afac <fdt_getprop>
    8261f880:	f100001f 	cmp	x0, #0x0
    8261f884:	b94017e0 	ldr	w0, [sp, #20]
    8261f888:	128002a1 	mov	w1, #0xffffffea            	// #-22
    8261f88c:	1a811000 	csel	w0, w0, w1, ne  // ne = any
    8261f890:	f0000021 	adrp	x1, 82626000 <spinand_chip_table+0xc96>
    8261f894:	f9400fe2 	ldr	x2, [sp, #24]
    8261f898:	f942f823 	ldr	x3, [x1, #1520]
    8261f89c:	eb030042 	subs	x2, x2, x3
    8261f8a0:	d2800003 	mov	x3, #0x0                   	// #0
    8261f8a4:	54000040 	b.eq	8261f8ac <ofnode_read_size+0x5c>  // b.none
    8261f8a8:	97ffcad5 	bl	826123fc <__stack_chk_fail>
    8261f8ac:	a8c27bfd 	ldp	x29, x30, [sp], #32
    8261f8b0:	d65f03c0 	ret

000000008261f8b4 <ofnode_stringlist_search>:
    8261f8b4:	a9bf7bfd 	stp	x29, x30, [sp, #-16]!
    8261f8b8:	aa0203e3 	mov	x3, x2
    8261f8bc:	aa0103e2 	mov	x2, x1
    8261f8c0:	910003fd 	mov	x29, sp
    8261f8c4:	2a0003e1 	mov	w1, w0
    8261f8c8:	f9406640 	ldr	x0, [x18, #200]
    8261f8cc:	97ffef01 	bl	8261b4d0 <fdt_stringlist_search>
    8261f8d0:	3100041f 	cmn	w0, #0x1
    8261f8d4:	540000c0 	b.eq	8261f8ec <ofnode_stringlist_search+0x38>  // b.none
    8261f8d8:	7100001f 	cmp	w0, #0x0
    8261f8dc:	128002a1 	mov	w1, #0xffffffea            	// #-22
    8261f8e0:	1a81a000 	csel	w0, w0, w1, ge  // ge = tcont
    8261f8e4:	a8c17bfd 	ldp	x29, x30, [sp], #16
    8261f8e8:	d65f03c0 	ret
    8261f8ec:	12800780 	mov	w0, #0xffffffc3            	// #-61
    8261f8f0:	17fffffd 	b	8261f8e4 <ofnode_stringlist_search+0x30>

000000008261f8f4 <ofnode_parse_phandle_with_args>:
    8261f8f4:	a9b97bfd 	stp	x29, x30, [sp, #-112]!
    8261f8f8:	aa0003e7 	mov	x7, x0
    8261f8fc:	f0000020 	adrp	x0, 82626000 <spinand_chip_table+0xc96>
    8261f900:	910003fd 	mov	x29, sp
    8261f904:	a90153f3 	stp	x19, x20, [sp, #16]
    8261f908:	aa0503f3 	mov	x19, x5
    8261f90c:	910083e6 	add	x6, sp, #0x20
    8261f910:	f942f805 	ldr	x5, [x0, #1520]
    8261f914:	f90037e5 	str	x5, [sp, #104]
    8261f918:	d2800005 	mov	x5, #0x0                   	// #0
    8261f91c:	2a0403e5 	mov	w5, w4
    8261f920:	2a0303e4 	mov	w4, w3
    8261f924:	aa0203e3 	mov	x3, x2
    8261f928:	aa0103e2 	mov	x2, x1
    8261f92c:	f9406640 	ldr	x0, [x18, #200]
    8261f930:	2a0703e1 	mov	w1, w7
    8261f934:	97fff053 	bl	8261ba80 <fdtdec_parse_phandle_with_args>
    8261f938:	2a0003f4 	mov	w20, w0
    8261f93c:	35000120 	cbnz	w0, 8261f960 <ofnode_parse_phandle_with_args+0x6c>
    8261f940:	b98023e0 	ldrsw	x0, [sp, #32]
    8261f944:	9100a3e1 	add	x1, sp, #0x28
    8261f948:	f9000260 	str	x0, [x19]
    8261f94c:	d2800802 	mov	x2, #0x40                  	// #64
    8261f950:	b94027e0 	ldr	w0, [sp, #36]
    8261f954:	b9000a60 	str	w0, [x19, #8]
    8261f958:	91003260 	add	x0, x19, #0xc
    8261f95c:	97fff1bd 	bl	8261c050 <memcpy>
    8261f960:	f0000020 	adrp	x0, 82626000 <spinand_chip_table+0xc96>
    8261f964:	f94037e1 	ldr	x1, [sp, #104]
    8261f968:	f942f802 	ldr	x2, [x0, #1520]
    8261f96c:	eb020021 	subs	x1, x1, x2
    8261f970:	d2800002 	mov	x2, #0x0                   	// #0
    8261f974:	54000040 	b.eq	8261f97c <ofnode_parse_phandle_with_args+0x88>  // b.none
    8261f978:	97ffcaa1 	bl	826123fc <__stack_chk_fail>
    8261f97c:	2a1403e0 	mov	w0, w20
    8261f980:	a94153f3 	ldp	x19, x20, [sp, #16]
    8261f984:	a8c77bfd 	ldp	x29, x30, [sp], #112
    8261f988:	d65f03c0 	ret

000000008261f98c <ofnode_count_phandle_with_args>:
    8261f98c:	aa0203e3 	mov	x3, x2
    8261f990:	aa0103e2 	mov	x2, x1
    8261f994:	2a0003e1 	mov	w1, w0
    8261f998:	d2800006 	mov	x6, #0x0                   	// #0
    8261f99c:	f9406640 	ldr	x0, [x18, #200]
    8261f9a0:	12800005 	mov	w5, #0xffffffff            	// #-1
    8261f9a4:	52800004 	mov	w4, #0x0                   	// #0
    8261f9a8:	17fff036 	b	8261ba80 <fdtdec_parse_phandle_with_args>

000000008261f9ac <ofnode_path>:
    8261f9ac:	a9bf7bfd 	stp	x29, x30, [sp, #-16]!
    8261f9b0:	aa0003e1 	mov	x1, x0
    8261f9b4:	910003fd 	mov	x29, sp
    8261f9b8:	f9406640 	ldr	x0, [x18, #200]
    8261f9bc:	97ffee10 	bl	8261b1fc <fdt_path_offset>
    8261f9c0:	93407c00 	sxtw	x0, w0
    8261f9c4:	a8c17bfd 	ldp	x29, x30, [sp], #16
    8261f9c8:	d65f03c0 	ret

000000008261f9cc <ofnode_get_property>:
    8261f9cc:	aa0203e3 	mov	x3, x2
    8261f9d0:	aa0103e2 	mov	x2, x1
    8261f9d4:	2a0003e1 	mov	w1, w0
    8261f9d8:	f9406640 	ldr	x0, [x18, #200]
    8261f9dc:	17ffed74 	b	8261afac <fdt_getprop>

000000008261f9e0 <ofnode_read_bool>:
    8261f9e0:	a9bf7bfd 	stp	x29, x30, [sp, #-16]!
    8261f9e4:	d2800002 	mov	x2, #0x0                   	// #0
    8261f9e8:	910003fd 	mov	x29, sp
    8261f9ec:	97fffff8 	bl	8261f9cc <ofnode_get_property>
    8261f9f0:	f100001f 	cmp	x0, #0x0
    8261f9f4:	1a9f07e0 	cset	w0, ne  // ne = any
    8261f9f8:	a8c17bfd 	ldp	x29, x30, [sp], #16
    8261f9fc:	d65f03c0 	ret

000000008261fa00 <ofnode_read_resource>:
    8261fa00:	a9bc7bfd 	stp	x29, x30, [sp, #-64]!
    8261fa04:	aa0003e5 	mov	x5, x0
    8261fa08:	f0000020 	adrp	x0, 82626000 <spinand_chip_table+0xc96>
    8261fa0c:	910003fd 	mov	x29, sp
    8261fa10:	f9000bf3 	str	x19, [sp, #16]
    8261fa14:	aa0203f3 	mov	x19, x2
    8261fa18:	2a0103e3 	mov	w3, w1
    8261fa1c:	9100a3e4 	add	x4, sp, #0x28
    8261fa20:	f942f802 	ldr	x2, [x0, #1520]
    8261fa24:	f9001fe2 	str	x2, [sp, #56]
    8261fa28:	d2800002 	mov	x2, #0x0                   	// #0
    8261fa2c:	2a0503e1 	mov	w1, w5
    8261fa30:	b0000022 	adrp	x2, 82624000 <_ctype+0x15a>
    8261fa34:	911e1c42 	add	x2, x2, #0x787
    8261fa38:	f9406640 	ldr	x0, [x18, #200]
    8261fa3c:	97fff07c 	bl	8261bc2c <fdt_get_resource>
    8261fa40:	37f80220 	tbnz	w0, #31, 8261fa84 <ofnode_read_resource+0x84>
    8261fa44:	aa1303e0 	mov	x0, x19
    8261fa48:	d2800702 	mov	x2, #0x38                  	// #56
    8261fa4c:	52800001 	mov	w1, #0x0                   	// #0
    8261fa50:	97fff165 	bl	8261bfe4 <memset>
    8261fa54:	f94017e0 	ldr	x0, [sp, #40]
    8261fa58:	f9000260 	str	x0, [x19]
    8261fa5c:	f9401be0 	ldr	x0, [sp, #48]
    8261fa60:	f9000660 	str	x0, [x19, #8]
    8261fa64:	52800000 	mov	w0, #0x0                   	// #0
    8261fa68:	f0000021 	adrp	x1, 82626000 <spinand_chip_table+0xc96>
    8261fa6c:	f9401fe2 	ldr	x2, [sp, #56]
    8261fa70:	f942f823 	ldr	x3, [x1, #1520]
    8261fa74:	eb030042 	subs	x2, x2, x3
    8261fa78:	d2800003 	mov	x3, #0x0                   	// #0
    8261fa7c:	54000080 	b.eq	8261fa8c <ofnode_read_resource+0x8c>  // b.none
    8261fa80:	97ffca5f 	bl	826123fc <__stack_chk_fail>
    8261fa84:	128002a0 	mov	w0, #0xffffffea            	// #-22
    8261fa88:	17fffff8 	b	8261fa68 <ofnode_read_resource+0x68>
    8261fa8c:	f9400bf3 	ldr	x19, [sp, #16]
    8261fa90:	a8c47bfd 	ldp	x29, x30, [sp], #64
    8261fa94:	d65f03c0 	ret

000000008261fa98 <ofnode_read_resource_byname>:
    8261fa98:	a9be7bfd 	stp	x29, x30, [sp, #-32]!
    8261fa9c:	910003fd 	mov	x29, sp
    8261faa0:	a90153f3 	stp	x19, x20, [sp, #16]
    8261faa4:	aa0203f4 	mov	x20, x2
    8261faa8:	aa0003f3 	mov	x19, x0
    8261faac:	aa0103e2 	mov	x2, x1
    8261fab0:	b0000021 	adrp	x1, 82624000 <_ctype+0x15a>
    8261fab4:	9124a421 	add	x1, x1, #0x929
    8261fab8:	97ffff7f 	bl	8261f8b4 <ofnode_stringlist_search>
    8261fabc:	37f800e0 	tbnz	w0, #31, 8261fad8 <ofnode_read_resource_byname+0x40>
    8261fac0:	2a0003e1 	mov	w1, w0
    8261fac4:	aa1403e2 	mov	x2, x20
    8261fac8:	aa1303e0 	mov	x0, x19
    8261facc:	a94153f3 	ldp	x19, x20, [sp, #16]
    8261fad0:	a8c27bfd 	ldp	x29, x30, [sp], #32
    8261fad4:	17ffffcb 	b	8261fa00 <ofnode_read_resource>
    8261fad8:	a94153f3 	ldp	x19, x20, [sp, #16]
    8261fadc:	a8c27bfd 	ldp	x29, x30, [sp], #32
    8261fae0:	d65f03c0 	ret

000000008261fae4 <ofnode_by_compatible>:
    8261fae4:	a9bf7bfd 	stp	x29, x30, [sp, #-16]!
    8261fae8:	aa0103e2 	mov	x2, x1
    8261faec:	2a0003e1 	mov	w1, w0
    8261faf0:	910003fd 	mov	x29, sp
    8261faf4:	f9406640 	ldr	x0, [x18, #200]
    8261faf8:	97ffeed0 	bl	8261b638 <fdt_node_offset_by_compatible>
    8261fafc:	93407c00 	sxtw	x0, w0
    8261fb00:	a8c17bfd 	ldp	x29, x30, [sp], #16
    8261fb04:	d65f03c0 	ret

000000008261fb08 <_serial_putc>:
    8261fb08:	a9bd7bfd 	stp	x29, x30, [sp, #-48]!
    8261fb0c:	910003fd 	mov	x29, sp
    8261fb10:	a90153f3 	stp	x19, x20, [sp, #16]
    8261fb14:	12001c34 	and	w20, w1, #0xff
    8261fb18:	aa0003f3 	mov	x19, x0
    8261fb1c:	f90013f5 	str	x21, [sp, #32]
    8261fb20:	f9400001 	ldr	x1, [x0]
    8261fb24:	f9403435 	ldr	x21, [x1, #104]
    8261fb28:	71002a9f 	cmp	w20, #0xa
    8261fb2c:	54000061 	b.ne	8261fb38 <_serial_putc+0x30>  // b.any
    8261fb30:	528001a1 	mov	w1, #0xd                   	// #13
    8261fb34:	97fffff5 	bl	8261fb08 <_serial_putc>
    8261fb38:	f9400aa2 	ldr	x2, [x21, #16]
    8261fb3c:	2a1403e1 	mov	w1, w20
    8261fb40:	aa1303e0 	mov	x0, x19
    8261fb44:	d63f0040 	blr	x2
    8261fb48:	31002c1f 	cmn	w0, #0xb
    8261fb4c:	54ffff60 	b.eq	8261fb38 <_serial_putc+0x30>  // b.none
    8261fb50:	a94153f3 	ldp	x19, x20, [sp, #16]
    8261fb54:	f94013f5 	ldr	x21, [sp, #32]
    8261fb58:	a8c37bfd 	ldp	x29, x30, [sp], #48
    8261fb5c:	d65f03c0 	ret

000000008261fb60 <serial_post_probe>:
    8261fb60:	f9400001 	ldr	x1, [x0]
    8261fb64:	f9403421 	ldr	x1, [x1, #104]
    8261fb68:	f9400022 	ldr	x2, [x1]
    8261fb6c:	b4000082 	cbz	x2, 8261fb7c <serial_post_probe+0x1c>
    8261fb70:	b9401241 	ldr	w1, [x18, #16]
    8261fb74:	aa0203f0 	mov	x16, x2
    8261fb78:	d61f0200 	br	x16
    8261fb7c:	52800000 	mov	w0, #0x0                   	// #0
    8261fb80:	d65f03c0 	ret

000000008261fb84 <serial_pre_remove>:
    8261fb84:	52800000 	mov	w0, #0x0                   	// #0
    8261fb88:	d65f03c0 	ret

000000008261fb8c <serial_init>:
    8261fb8c:	a9bc7bfd 	stp	x29, x30, [sp, #-64]!
    8261fb90:	f0000020 	adrp	x0, 82626000 <spinand_chip_table+0xc96>
    8261fb94:	910003fd 	mov	x29, sp
    8261fb98:	a90153f3 	stp	x19, x20, [sp, #16]
    8261fb9c:	f90013f5 	str	x21, [sp, #32]
    8261fba0:	f942f801 	ldr	x1, [x0, #1520]
    8261fba4:	f9001fe1 	str	x1, [sp, #56]
    8261fba8:	d2800001 	mov	x1, #0x0                   	// #0
    8261fbac:	f9406654 	ldr	x20, [x18, #200]
    8261fbb0:	b40008f4 	cbz	x20, 8261fccc <serial_init+0x140>
    8261fbb4:	b0000035 	adrp	x21, 82624000 <_ctype+0x15a>
    8261fbb8:	912a5ab5 	add	x21, x21, #0xa96
    8261fbbc:	aa1503e1 	mov	x1, x21
    8261fbc0:	aa1403e0 	mov	x0, x20
    8261fbc4:	97ffef6c 	bl	8261b974 <fdtdec_get_chosen_node>
    8261fbc8:	2a0003f3 	mov	w19, w0
    8261fbcc:	36f80160 	tbz	w0, #31, 8261fbf8 <serial_init+0x6c>
    8261fbd0:	aa1503e1 	mov	x1, x21
    8261fbd4:	aa1403e0 	mov	x0, x20
    8261fbd8:	97ffef56 	bl	8261b930 <fdtdec_get_chosen_prop>
    8261fbdc:	aa0003f3 	mov	x19, x0
    8261fbe0:	b50001e0 	cbnz	x0, 8261fc1c <serial_init+0x90>
    8261fbe4:	aa1403e0 	mov	x0, x20
    8261fbe8:	b0000021 	adrp	x1, 82624000 <_ctype+0x15a>
    8261fbec:	912a8821 	add	x1, x1, #0xaa2
    8261fbf0:	97ffed83 	bl	8261b1fc <fdt_path_offset>
    8261fbf4:	2a0003f3 	mov	w19, w0
    8261fbf8:	9100c3e2 	add	x2, sp, #0x30
    8261fbfc:	2a1303e1 	mov	w1, w19
    8261fc00:	528008c0 	mov	w0, #0x46                  	// #70
    8261fc04:	97fffdeb 	bl	8261f3b0 <uclass_get_device_by_of_offset>
    8261fc08:	350002e0 	cbnz	w0, 8261fc64 <serial_init+0xd8>
    8261fc0c:	f9401be1 	ldr	x1, [sp, #48]
    8261fc10:	aa1203e0 	mov	x0, x18
    8261fc14:	f9009401 	str	x1, [x0, #296]
    8261fc18:	1400003b 	b	8261fd04 <serial_init+0x178>
    8261fc1c:	52800741 	mov	w1, #0x3a                  	// #58
    8261fc20:	97fff0c6 	bl	8261bf38 <strchr>
    8261fc24:	b4000180 	cbz	x0, 8261fc54 <serial_init+0xc8>
    8261fc28:	4b130002 	sub	w2, w0, w19
    8261fc2c:	aa1303e1 	mov	x1, x19
    8261fc30:	aa1403e0 	mov	x0, x20
    8261fc34:	97ffed1a 	bl	8261b09c <fdt_get_alias_namelen>
    8261fc38:	aa0003e1 	mov	x1, x0
    8261fc3c:	b4fffd40 	cbz	x0, 8261fbe4 <serial_init+0x58>
    8261fc40:	aa1403e0 	mov	x0, x20
    8261fc44:	97ffed6e 	bl	8261b1fc <fdt_path_offset>
    8261fc48:	2a0003f3 	mov	w19, w0
    8261fc4c:	37fffcc0 	tbnz	w0, #31, 8261fbe4 <serial_init+0x58>
    8261fc50:	17ffffea 	b	8261fbf8 <serial_init+0x6c>
    8261fc54:	aa1303e0 	mov	x0, x19
    8261fc58:	97fff0c2 	bl	8261bf60 <strlen>
    8261fc5c:	2a0003e2 	mov	w2, w0
    8261fc60:	17fffff3 	b	8261fc2c <serial_init+0xa0>
    8261fc64:	7100027f 	cmp	w19, #0x0
    8261fc68:	5400008c 	b.gt	8261fc78 <serial_init+0xec>
    8261fc6c:	b0000020 	adrp	x0, 82624000 <_ctype+0x15a>
    8261fc70:	912aa800 	add	x0, x0, #0xaaa
    8261fc74:	97fff1cb 	bl	8261c3a0 <panic_str>
    8261fc78:	f9405640 	ldr	x0, [x18, #168]
    8261fc7c:	9100c3e2 	add	x2, sp, #0x30
    8261fc80:	93407e61 	sxtw	x1, w19
    8261fc84:	52800003 	mov	w3, #0x0                   	// #0
    8261fc88:	97fffb17 	bl	8261e8e4 <lists_bind_fdt>
    8261fc8c:	35ffff00 	cbnz	w0, 8261fc6c <serial_init+0xe0>
    8261fc90:	f9401be0 	ldr	x0, [sp, #48]
    8261fc94:	97fff9eb 	bl	8261e440 <device_probe>
    8261fc98:	34fffba0 	cbz	w0, 8261fc0c <serial_init+0x80>
    8261fc9c:	17fffff4 	b	8261fc6c <serial_init+0xe0>
    8261fca0:	9100c3e1 	add	x1, sp, #0x30
    8261fca4:	528008c0 	mov	w0, #0x46                  	// #70
    8261fca8:	97fffdf4 	bl	8261f478 <uclass_first_device_check>
    8261fcac:	f9401be1 	ldr	x1, [sp, #48]
    8261fcb0:	b4fffde1 	cbz	x1, 8261fc6c <serial_init+0xe0>
    8261fcb4:	35000060 	cbnz	w0, 8261fcc0 <serial_init+0x134>
    8261fcb8:	aa1203e0 	mov	x0, x18
    8261fcbc:	17ffffd6 	b	8261fc14 <serial_init+0x88>
    8261fcc0:	9100c3e0 	add	x0, sp, #0x30
    8261fcc4:	97fffdfd 	bl	8261f4b8 <uclass_next_device_check>
    8261fcc8:	17fffff9 	b	8261fcac <serial_init+0x120>
    8261fccc:	9100c3e2 	add	x2, sp, #0x30
    8261fcd0:	12800001 	mov	w1, #0xffffffff            	// #-1
    8261fcd4:	528008c0 	mov	w0, #0x46                  	// #70
    8261fcd8:	97fffd91 	bl	8261f31c <uclass_get_device_by_seq>
    8261fcdc:	340000c0 	cbz	w0, 8261fcf4 <serial_init+0x168>
    8261fce0:	9100c3e2 	add	x2, sp, #0x30
    8261fce4:	12800001 	mov	w1, #0xffffffff            	// #-1
    8261fce8:	528008c0 	mov	w0, #0x46                  	// #70
    8261fcec:	97fffd73 	bl	8261f2b8 <uclass_get_device>
    8261fcf0:	35fffd80 	cbnz	w0, 8261fca0 <serial_init+0x114>
    8261fcf4:	f9401be0 	ldr	x0, [sp, #48]
    8261fcf8:	b9409001 	ldr	w1, [x0, #144]
    8261fcfc:	3607fd21 	tbz	w1, #0, 8261fca0 <serial_init+0x114>
    8261fd00:	f9009640 	str	x0, [x18, #296]
    8261fd04:	f9400640 	ldr	x0, [x18, #8]
    8261fd08:	b2780000 	orr	x0, x0, #0x100
    8261fd0c:	f9000640 	str	x0, [x18, #8]
    8261fd10:	f0000020 	adrp	x0, 82626000 <spinand_chip_table+0xc96>
    8261fd14:	f9401fe1 	ldr	x1, [sp, #56]
    8261fd18:	f942f802 	ldr	x2, [x0, #1520]
    8261fd1c:	eb020021 	subs	x1, x1, x2
    8261fd20:	d2800002 	mov	x2, #0x0                   	// #0
    8261fd24:	54000040 	b.eq	8261fd2c <serial_init+0x1a0>  // b.none
    8261fd28:	97ffc9b5 	bl	826123fc <__stack_chk_fail>
    8261fd2c:	52800000 	mov	w0, #0x0                   	// #0
    8261fd30:	a94153f3 	ldp	x19, x20, [sp, #16]
    8261fd34:	f94013f5 	ldr	x21, [sp, #32]
    8261fd38:	a8c47bfd 	ldp	x29, x30, [sp], #64
    8261fd3c:	d65f03c0 	ret

000000008261fd40 <serial_putc>:
    8261fd40:	12001c01 	and	w1, w0, #0xff
    8261fd44:	f9409640 	ldr	x0, [x18, #296]
    8261fd48:	b4000060 	cbz	x0, 8261fd54 <serial_putc+0x14>
    8261fd4c:	f9409640 	ldr	x0, [x18, #296]
    8261fd50:	17ffff6e 	b	8261fb08 <_serial_putc>
    8261fd54:	d65f03c0 	ret

000000008261fd58 <serial_puts>:
    8261fd58:	f9409641 	ldr	x1, [x18, #296]
    8261fd5c:	b40001e1 	cbz	x1, 8261fd98 <serial_puts+0x40>
    8261fd60:	a9be7bfd 	stp	x29, x30, [sp, #-32]!
    8261fd64:	910003fd 	mov	x29, sp
    8261fd68:	a90153f3 	stp	x19, x20, [sp, #16]
    8261fd6c:	aa0003f3 	mov	x19, x0
    8261fd70:	f9409654 	ldr	x20, [x18, #296]
    8261fd74:	39400261 	ldrb	w1, [x19]
    8261fd78:	35000081 	cbnz	w1, 8261fd88 <serial_puts+0x30>
    8261fd7c:	a94153f3 	ldp	x19, x20, [sp, #16]
    8261fd80:	a8c27bfd 	ldp	x29, x30, [sp], #32
    8261fd84:	d65f03c0 	ret
    8261fd88:	91000673 	add	x19, x19, #0x1
    8261fd8c:	aa1403e0 	mov	x0, x20
    8261fd90:	97ffff5e 	bl	8261fb08 <_serial_putc>
    8261fd94:	17fffff8 	b	8261fd74 <serial_puts+0x1c>
    8261fd98:	d65f03c0 	ret

000000008261fd9c <serial_getc>:
    8261fd9c:	f9409641 	ldr	x1, [x18, #296]
    8261fda0:	b40001c1 	cbz	x1, 8261fdd8 <serial_getc+0x3c>
    8261fda4:	a9be7bfd 	stp	x29, x30, [sp, #-32]!
    8261fda8:	910003fd 	mov	x29, sp
    8261fdac:	a90153f3 	stp	x19, x20, [sp, #16]
    8261fdb0:	f9409653 	ldr	x19, [x18, #296]
    8261fdb4:	f9400260 	ldr	x0, [x19]
    8261fdb8:	f9403414 	ldr	x20, [x0, #104]
    8261fdbc:	aa1303e0 	mov	x0, x19
    8261fdc0:	f9400681 	ldr	x1, [x20, #8]
    8261fdc4:	d63f0020 	blr	x1
    8261fdc8:	31002c1f 	cmn	w0, #0xb
    8261fdcc:	540000a1 	b.ne	8261fde0 <serial_getc+0x44>  // b.any
    8261fdd0:	9400081e 	bl	82621e48 <watchdog_reset>
    8261fdd4:	17fffffa 	b	8261fdbc <serial_getc+0x20>
    8261fdd8:	52800000 	mov	w0, #0x0                   	// #0
    8261fddc:	d65f03c0 	ret
    8261fde0:	7100001f 	cmp	w0, #0x0
    8261fde4:	1a9fa000 	csel	w0, w0, wzr, ge  // ge = tcont
    8261fde8:	a94153f3 	ldp	x19, x20, [sp, #16]
    8261fdec:	a8c27bfd 	ldp	x29, x30, [sp], #32
    8261fdf0:	d65f03c0 	ret

000000008261fdf4 <serial_tstc>:
    8261fdf4:	f9409641 	ldr	x1, [x18, #296]
    8261fdf8:	b4000121 	cbz	x1, 8261fe1c <serial_tstc+0x28>
    8261fdfc:	f9409640 	ldr	x0, [x18, #296]
    8261fe00:	f9400001 	ldr	x1, [x0]
    8261fe04:	f9403421 	ldr	x1, [x1, #104]
    8261fe08:	f9400c22 	ldr	x2, [x1, #24]
    8261fe0c:	b40000c2 	cbz	x2, 8261fe24 <serial_tstc+0x30>
    8261fe10:	aa0203f0 	mov	x16, x2
    8261fe14:	52800021 	mov	w1, #0x1                   	// #1
    8261fe18:	d61f0200 	br	x16
    8261fe1c:	52800000 	mov	w0, #0x0                   	// #0
    8261fe20:	d65f03c0 	ret
    8261fe24:	52800020 	mov	w0, #0x1                   	// #1
    8261fe28:	17fffffe 	b	8261fe20 <serial_tstc+0x2c>

000000008261fe2c <bcm6345_serial_init>:
    8261fe2c:	b9400003 	ldr	w3, [x0]
    8261fe30:	12087063 	and	w3, w3, #0xff1fffff
    8261fe34:	b9000003 	str	w3, [x0]
    8261fe38:	b9400003 	ldr	w3, [x0]
    8261fe3c:	321a0463 	orr	w3, w3, #0xc0
    8261fe40:	b9000003 	str	w3, [x0]
    8261fe44:	b9401403 	ldr	w3, [x0, #20]
    8261fe48:	d5033fbf 	dmb	sy
    8261fe4c:	2a0203e2 	mov	w2, w2
    8261fe50:	b9400003 	ldr	w3, [x0]
    8261fe54:	5286e0a4 	mov	w4, #0x3705                	// #14085
    8261fe58:	121b6863 	and	w3, w3, #0xffffffe0
    8261fe5c:	72a000a4 	movk	w4, #0x5, lsl #16
    8261fe60:	9ac20821 	udiv	x1, x1, x2
    8261fe64:	120b4863 	and	w3, w3, #0xffe000ff
    8261fe68:	2a040063 	orr	w3, w3, w4
    8261fe6c:	b9000003 	str	w3, [x0]
    8261fe70:	52888004 	mov	w4, #0x4400                	// #17408
    8261fe74:	b9400803 	ldr	w3, [x0, #8]
    8261fe78:	d344fc21 	lsr	x1, x1, #4
    8261fe7c:	12105c63 	and	w3, w3, #0xffff00ff
    8261fe80:	f240003f 	tst	x1, #0x1
    8261fe84:	53017c22 	lsr	w2, w1, #1
    8261fe88:	1a9f17e1 	cset	w1, eq  // eq = none
    8261fe8c:	2a040063 	orr	w3, w3, w4
    8261fe90:	4b010042 	sub	w2, w2, w1
    8261fe94:	b9000803 	str	w3, [x0, #8]
    8261fe98:	d5033fbf 	dmb	sy
    8261fe9c:	b9000402 	str	w2, [x0, #4]
    8261fea0:	d5033fbf 	dmb	sy
    8261fea4:	b900101f 	str	wzr, [x0, #16]
    8261fea8:	b9400001 	ldr	w1, [x0]
    8261feac:	320b0821 	orr	w1, w1, #0xe00000
    8261feb0:	b9000001 	str	w1, [x0]
    8261feb4:	52800000 	mov	w0, #0x0                   	// #0
    8261feb8:	d65f03c0 	ret

000000008261febc <bcm6345_serial_pending>:
    8261febc:	a9be7bfd 	stp	x29, x30, [sp, #-32]!
    8261fec0:	910003fd 	mov	x29, sp
    8261fec4:	f9000bf3 	str	x19, [sp, #16]
    8261fec8:	12001c33 	and	w19, w1, #0xff
    8261fecc:	97fff9d0 	bl	8261e60c <dev_get_priv>
    8261fed0:	f9400000 	ldr	x0, [x0]
    8261fed4:	b9401002 	ldr	w2, [x0, #16]
    8261fed8:	d5033fbf 	dmb	sy
    8261fedc:	d34b2c40 	ubfx	x0, x2, #11, #1
    8261fee0:	d27b0042 	eor	x2, x2, #0x20
    8261fee4:	7100027f 	cmp	w19, #0x0
    8261fee8:	d3451442 	ubfx	x2, x2, #5, #1
    8261feec:	1a800040 	csel	w0, w2, w0, eq  // eq = none
    8261fef0:	f9400bf3 	ldr	x19, [sp, #16]
    8261fef4:	a8c27bfd 	ldp	x29, x30, [sp], #32
    8261fef8:	d65f03c0 	ret

000000008261fefc <bcm6345_serial_putc>:
    8261fefc:	a9be7bfd 	stp	x29, x30, [sp, #-32]!
    8261ff00:	910003fd 	mov	x29, sp
    8261ff04:	f9000bf3 	str	x19, [sp, #16]
    8261ff08:	12001c33 	and	w19, w1, #0xff
    8261ff0c:	97fff9c0 	bl	8261e60c <dev_get_priv>
    8261ff10:	f9400001 	ldr	x1, [x0]
    8261ff14:	b9401021 	ldr	w1, [x1, #16]
    8261ff18:	d5033fbf 	dmb	sy
    8261ff1c:	36280101 	tbz	w1, #5, 8261ff3c <bcm6345_serial_putc+0x40>
    8261ff20:	d5033fbf 	dmb	sy
    8261ff24:	f9400000 	ldr	x0, [x0]
    8261ff28:	b9001413 	str	w19, [x0, #20]
    8261ff2c:	52800000 	mov	w0, #0x0                   	// #0
    8261ff30:	f9400bf3 	ldr	x19, [sp, #16]
    8261ff34:	a8c27bfd 	ldp	x29, x30, [sp], #32
    8261ff38:	d65f03c0 	ret
    8261ff3c:	12800140 	mov	w0, #0xfffffff5            	// #-11
    8261ff40:	17fffffc 	b	8261ff30 <bcm6345_serial_putc+0x34>

000000008261ff44 <bcm6345_serial_getc>:
    8261ff44:	a9bf7bfd 	stp	x29, x30, [sp, #-16]!
    8261ff48:	910003fd 	mov	x29, sp
    8261ff4c:	97fff9b0 	bl	8261e60c <dev_get_priv>
    8261ff50:	f9400001 	ldr	x1, [x0]
    8261ff54:	b9401022 	ldr	w2, [x1, #16]
    8261ff58:	d5033fbf 	dmb	sy
    8261ff5c:	363800a2 	tbz	w2, #7, 8261ff70 <bcm6345_serial_getc+0x2c>
    8261ff60:	f9400003 	ldr	x3, [x0]
    8261ff64:	b9400061 	ldr	w1, [x3]
    8261ff68:	321a0021 	orr	w1, w1, #0x40
    8261ff6c:	b9000061 	str	w1, [x3]
    8261ff70:	37580082 	tbnz	w2, #11, 8261ff80 <bcm6345_serial_getc+0x3c>
    8261ff74:	12800140 	mov	w0, #0xfffffff5            	// #-11
    8261ff78:	a8c17bfd 	ldp	x29, x30, [sp], #16
    8261ff7c:	d65f03c0 	ret
    8261ff80:	f9400000 	ldr	x0, [x0]
    8261ff84:	b9401400 	ldr	w0, [x0, #20]
    8261ff88:	d5033fbf 	dmb	sy
    8261ff8c:	7218081f 	tst	w0, #0x700
    8261ff90:	54ffff21 	b.ne	8261ff74 <bcm6345_serial_getc+0x30>  // b.any
    8261ff94:	12001c00 	and	w0, w0, #0xff
    8261ff98:	17fffff8 	b	8261ff78 <bcm6345_serial_getc+0x34>

000000008261ff9c <bcm6345_serial_setbrg>:
    8261ff9c:	a9be7bfd 	stp	x29, x30, [sp, #-32]!
    8261ffa0:	910003fd 	mov	x29, sp
    8261ffa4:	f9000bf3 	str	x19, [sp, #16]
    8261ffa8:	2a0103f3 	mov	w19, w1
    8261ffac:	97fff998 	bl	8261e60c <dev_get_priv>
    8261ffb0:	2a1303e2 	mov	w2, w19
    8261ffb4:	f9400bf3 	ldr	x19, [sp, #16]
    8261ffb8:	a8c27bfd 	ldp	x29, x30, [sp], #32
    8261ffbc:	f9400401 	ldr	x1, [x0, #8]
    8261ffc0:	f9400000 	ldr	x0, [x0]
    8261ffc4:	17ffff9a 	b	8261fe2c <bcm6345_serial_init>

000000008261ffc8 <bcm6345_serial_probe>:
    8261ffc8:	a9bc7bfd 	stp	x29, x30, [sp, #-64]!
    8261ffcc:	f0000021 	adrp	x1, 82626000 <spinand_chip_table+0xc96>
    8261ffd0:	910003fd 	mov	x29, sp
    8261ffd4:	a90153f3 	stp	x19, x20, [sp, #16]
    8261ffd8:	aa0003f4 	mov	x20, x0
    8261ffdc:	f942f822 	ldr	x2, [x1, #1520]
    8261ffe0:	f9001fe2 	str	x2, [sp, #56]
    8261ffe4:	d2800002 	mov	x2, #0x0                   	// #0
    8261ffe8:	97fff989 	bl	8261e60c <dev_get_priv>
    8261ffec:	aa0003f3 	mov	x19, x0
    8261fff0:	aa1403e0 	mov	x0, x20
    8261fff4:	97fff9d8 	bl	8261e754 <devfdt_remap_addr>
    8261fff8:	f9000260 	str	x0, [x19]
    8261fffc:	b40002c0 	cbz	x0, 82620054 <bcm6345_serial_probe+0x8c>
    82620000:	910083e2 	add	x2, sp, #0x20
    82620004:	aa1403e0 	mov	x0, x20
    82620008:	52800001 	mov	w1, #0x0                   	// #0
    8262000c:	97fff6f4 	bl	8261dbdc <clk_get_by_index>
    82620010:	37f80140 	tbnz	w0, #31, 82620038 <bcm6345_serial_probe+0x70>
    82620014:	910083e0 	add	x0, sp, #0x20
    82620018:	97fff74d 	bl	8261dd4c <clk_get_rate>
    8262001c:	f9000660 	str	x0, [x19, #8]
    82620020:	910083e0 	add	x0, sp, #0x20
    82620024:	97fff741 	bl	8261dd28 <clk_free>
    82620028:	a9400660 	ldp	x0, x1, [x19]
    8262002c:	52984002 	mov	w2, #0xc200                	// #49664
    82620030:	72a00022 	movk	w2, #0x1, lsl #16
    82620034:	97ffff7e 	bl	8261fe2c <bcm6345_serial_init>
    82620038:	d0000021 	adrp	x1, 82626000 <spinand_chip_table+0xc96>
    8262003c:	f9401fe2 	ldr	x2, [sp, #56]
    82620040:	f942f823 	ldr	x3, [x1, #1520]
    82620044:	eb030042 	subs	x2, x2, x3
    82620048:	d2800003 	mov	x3, #0x0                   	// #0
    8262004c:	54000080 	b.eq	8262005c <bcm6345_serial_probe+0x94>  // b.none
    82620050:	97ffc8eb 	bl	826123fc <__stack_chk_fail>
    82620054:	128002a0 	mov	w0, #0xffffffea            	// #-22
    82620058:	17fffff8 	b	82620038 <bcm6345_serial_probe+0x70>
    8262005c:	a94153f3 	ldp	x19, x20, [sp, #16]
    82620060:	a8c47bfd 	ldp	x29, x30, [sp], #64
    82620064:	d65f03c0 	ret

0000000082620068 <spi_flash_post_bind>:
    82620068:	52800000 	mov	w0, #0x0                   	// #0
    8262006c:	d65f03c0 	ret

0000000082620070 <spi_flash_read_dm>:
    82620070:	f9400004 	ldr	x4, [x0]
    82620074:	f9403484 	ldr	x4, [x4, #104]
    82620078:	f9400084 	ldr	x4, [x4]
    8262007c:	aa0403f0 	mov	x16, x4
    82620080:	d61f0200 	br	x16

0000000082620084 <spi_flash_write_dm>:
    82620084:	f9400004 	ldr	x4, [x0]
    82620088:	f9403484 	ldr	x4, [x4, #104]
    8262008c:	f9400484 	ldr	x4, [x4, #8]
    82620090:	aa0403f0 	mov	x16, x4
    82620094:	d61f0200 	br	x16

0000000082620098 <spi_flash_erase_dm>:
    82620098:	f9400003 	ldr	x3, [x0]
    8262009c:	f9403463 	ldr	x3, [x3, #104]
    826200a0:	f9400863 	ldr	x3, [x3, #16]
    826200a4:	aa0303f0 	mov	x16, x3
    826200a8:	d61f0200 	br	x16

00000000826200ac <spi_flash_std_write>:
    826200ac:	a9bc7bfd 	stp	x29, x30, [sp, #-64]!
    826200b0:	910003fd 	mov	x29, sp
    826200b4:	a90153f3 	stp	x19, x20, [sp, #16]
    826200b8:	2a0103f3 	mov	w19, w1
    826200bc:	aa0203f4 	mov	x20, x2
    826200c0:	f90013f5 	str	x21, [sp, #32]
    826200c4:	d0000021 	adrp	x1, 82626000 <spinand_chip_table+0xc96>
    826200c8:	aa0303f5 	mov	x21, x3
    826200cc:	f942f822 	ldr	x2, [x1, #1520]
    826200d0:	f9001fe2 	str	x2, [sp, #56]
    826200d4:	d2800002 	mov	x2, #0x0                   	// #0
    826200d8:	97fff950 	bl	8261e618 <dev_get_uclass_priv>
    826200dc:	f9404405 	ldr	x5, [x0, #136]
    826200e0:	9100c3e3 	add	x3, sp, #0x30
    826200e4:	aa1403e2 	mov	x2, x20
    826200e8:	2a1303e1 	mov	w1, w19
    826200ec:	aa1503e4 	mov	x4, x21
    826200f0:	d63f00a0 	blr	x5
    826200f4:	d0000021 	adrp	x1, 82626000 <spinand_chip_table+0xc96>
    826200f8:	f9401fe2 	ldr	x2, [sp, #56]
    826200fc:	f942f823 	ldr	x3, [x1, #1520]
    82620100:	eb030042 	subs	x2, x2, x3
    82620104:	d2800003 	mov	x3, #0x0                   	// #0
    82620108:	54000040 	b.eq	82620110 <spi_flash_std_write+0x64>  // b.none
    8262010c:	97ffc8bc 	bl	826123fc <__stack_chk_fail>
    82620110:	a94153f3 	ldp	x19, x20, [sp, #16]
    82620114:	f94013f5 	ldr	x21, [sp, #32]
    82620118:	a8c47bfd 	ldp	x29, x30, [sp], #64
    8262011c:	d65f03c0 	ret

0000000082620120 <spi_flash_std_read>:
    82620120:	a9bc7bfd 	stp	x29, x30, [sp, #-64]!
    82620124:	910003fd 	mov	x29, sp
    82620128:	a90153f3 	stp	x19, x20, [sp, #16]
    8262012c:	2a0103f3 	mov	w19, w1
    82620130:	aa0203f4 	mov	x20, x2
    82620134:	f90013f5 	str	x21, [sp, #32]
    82620138:	d0000021 	adrp	x1, 82626000 <spinand_chip_table+0xc96>
    8262013c:	aa0303f5 	mov	x21, x3
    82620140:	f942f822 	ldr	x2, [x1, #1520]
    82620144:	f9001fe2 	str	x2, [sp, #56]
    82620148:	d2800002 	mov	x2, #0x0                   	// #0
    8262014c:	97fff933 	bl	8261e618 <dev_get_uclass_priv>
    82620150:	f9404005 	ldr	x5, [x0, #128]
    82620154:	9100c3e3 	add	x3, sp, #0x30
    82620158:	aa1403e2 	mov	x2, x20
    8262015c:	2a1303e1 	mov	w1, w19
    82620160:	aa1503e4 	mov	x4, x21
    82620164:	d63f00a0 	blr	x5
    82620168:	d0000021 	adrp	x1, 82626000 <spinand_chip_table+0xc96>
    8262016c:	f9401fe2 	ldr	x2, [sp, #56]
    82620170:	f942f823 	ldr	x3, [x1, #1520]
    82620174:	eb030042 	subs	x2, x2, x3
    82620178:	d2800003 	mov	x3, #0x0                   	// #0
    8262017c:	54000040 	b.eq	82620184 <spi_flash_std_read+0x64>  // b.none
    82620180:	97ffc89f 	bl	826123fc <__stack_chk_fail>
    82620184:	a94153f3 	ldp	x19, x20, [sp, #16]
    82620188:	f94013f5 	ldr	x21, [sp, #32]
    8262018c:	a8c47bfd 	ldp	x29, x30, [sp], #64
    82620190:	d65f03c0 	ret

0000000082620194 <spi_flash_std_get_sw_write_prot>:
    82620194:	a9bf7bfd 	stp	x29, x30, [sp, #-16]!
    82620198:	910003fd 	mov	x29, sp
    8262019c:	97fff91f 	bl	8261e618 <dev_get_uclass_priv>
    826201a0:	a8c17bfd 	ldp	x29, x30, [sp], #16
    826201a4:	14000267 	b	82620b40 <spi_flash_cmd_get_sw_write_prot>

00000000826201a8 <spi_flash_std_erase>:
    826201a8:	a9b67bfd 	stp	x29, x30, [sp, #-160]!
    826201ac:	910003fd 	mov	x29, sp
    826201b0:	a90153f3 	stp	x19, x20, [sp, #16]
    826201b4:	2a0103f3 	mov	w19, w1
    826201b8:	d0000021 	adrp	x1, 82626000 <spinand_chip_table+0xc96>
    826201bc:	f90013f5 	str	x21, [sp, #32]
    826201c0:	aa0203f5 	mov	x21, x2
    826201c4:	f942f822 	ldr	x2, [x1, #1520]
    826201c8:	f9004fe2 	str	x2, [sp, #152]
    826201cc:	d2800002 	mov	x2, #0x0                   	// #0
    826201d0:	97fff912 	bl	8261e618 <dev_get_uclass_priv>
    826201d4:	b9401001 	ldr	w1, [x0, #16]
    826201d8:	aa0003f4 	mov	x20, x0
    826201dc:	1ac10a60 	udiv	w0, w19, w1
    826201e0:	1b01cc00 	msub	w0, w0, w1, w19
    826201e4:	350000a0 	cbnz	w0, 826201f8 <spi_flash_std_erase+0x50>
    826201e8:	2a0103e1 	mov	w1, w1
    826201ec:	9ac10aa0 	udiv	x0, x21, x1
    826201f0:	9b01d401 	msub	x1, x0, x1, x21
    826201f4:	b4000181 	cbz	x1, 82620224 <spi_flash_std_erase+0x7c>
    826201f8:	b0000020 	adrp	x0, 82625000 <hex_asc+0x7ab>
    826201fc:	9107bc00 	add	x0, x0, #0x1ef
    82620200:	97fff4de 	bl	8261d578 <printf>
    82620204:	128002a0 	mov	w0, #0xffffffea            	// #-22
    82620208:	d0000021 	adrp	x1, 82626000 <spinand_chip_table+0xc96>
    8262020c:	f9404fe2 	ldr	x2, [sp, #152]
    82620210:	f942f823 	ldr	x3, [x1, #1520]
    82620214:	eb030042 	subs	x2, x2, x3
    82620218:	d2800003 	mov	x3, #0x0                   	// #0
    8262021c:	54000180 	b.eq	8262024c <spi_flash_std_erase+0xa4>  // b.none
    82620220:	97ffc877 	bl	826123fc <__stack_chk_fail>
    82620224:	9100e3e0 	add	x0, sp, #0x38
    82620228:	d2800c02 	mov	x2, #0x60                  	// #96
    8262022c:	52800001 	mov	w1, #0x0                   	// #0
    82620230:	97ffef6d 	bl	8261bfe4 <memset>
    82620234:	f9403a82 	ldr	x2, [x20, #112]
    82620238:	a90457f3 	stp	x19, x21, [sp, #64]
    8262023c:	9100e3e1 	add	x1, sp, #0x38
    82620240:	aa1403e0 	mov	x0, x20
    82620244:	d63f0040 	blr	x2
    82620248:	17fffff0 	b	82620208 <spi_flash_std_erase+0x60>
    8262024c:	a94153f3 	ldp	x19, x20, [sp, #16]
    82620250:	f94013f5 	ldr	x21, [sp, #32]
    82620254:	a8ca7bfd 	ldp	x29, x30, [sp], #160
    82620258:	d65f03c0 	ret

000000008262025c <spi_flash_std_remove>:
    8262025c:	a9bf7bfd 	stp	x29, x30, [sp, #-16]!
    82620260:	910003fd 	mov	x29, sp
    82620264:	940002b9 	bl	82620d48 <spi_flash_mtd_unregister>
    82620268:	52800000 	mov	w0, #0x0                   	// #0
    8262026c:	a8c17bfd 	ldp	x29, x30, [sp], #16
    82620270:	d65f03c0 	ret

0000000082620274 <spi_flash_std_probe>:
    82620274:	a9bd7bfd 	stp	x29, x30, [sp, #-48]!
    82620278:	910003fd 	mov	x29, sp
    8262027c:	a90153f3 	stp	x19, x20, [sp, #16]
    82620280:	aa0003f3 	mov	x19, x0
    82620284:	f90013f5 	str	x21, [sp, #32]
    82620288:	97fff8e7 	bl	8261e624 <dev_get_parent_priv>
    8262028c:	aa0003f4 	mov	x20, x0
    82620290:	aa1303e0 	mov	x0, x19
    82620294:	97fff8d8 	bl	8261e5f4 <dev_get_parent_platdata>
    82620298:	aa1303e0 	mov	x0, x19
    8262029c:	97fff8df 	bl	8261e618 <dev_get_uclass_priv>
    826202a0:	a918d013 	stp	x19, x20, [x0, #392]
    826202a4:	b5000154 	cbnz	x20, 826202cc <spi_flash_std_probe+0x58>
    826202a8:	12800253 	mov	w19, #0xffffffed            	// #-19
    826202ac:	b0000020 	adrp	x0, 82625000 <hex_asc+0x7ab>
    826202b0:	91088c00 	add	x0, x0, #0x223
    826202b4:	97fff4b1 	bl	8261d578 <printf>
    826202b8:	2a1303e0 	mov	w0, w19
    826202bc:	a94153f3 	ldp	x19, x20, [sp, #16]
    826202c0:	f94013f5 	ldr	x21, [sp, #32]
    826202c4:	a8c37bfd 	ldp	x29, x30, [sp], #48
    826202c8:	d65f03c0 	ret
    826202cc:	aa0003f5 	mov	x21, x0
    826202d0:	aa1403e0 	mov	x0, x20
    826202d4:	94000342 	bl	82620fdc <spi_claim_bus>
    826202d8:	2a0003f3 	mov	w19, w0
    826202dc:	35fffee0 	cbnz	w0, 826202b8 <spi_flash_std_probe+0x44>
    826202e0:	aa1503e0 	mov	x0, x21
    826202e4:	940000e5 	bl	82620678 <spi_nor_scan>
    826202e8:	2a0003f3 	mov	w19, w0
    826202ec:	35000080 	cbnz	w0, 826202fc <spi_flash_std_probe+0x88>
    826202f0:	aa1503e0 	mov	x0, x21
    826202f4:	94000256 	bl	82620c4c <spi_flash_mtd_register>
    826202f8:	2a0003f3 	mov	w19, w0
    826202fc:	aa1403e0 	mov	x0, x20
    82620300:	94000339 	bl	82620fe4 <spi_release_bus>
    82620304:	17ffffed 	b	826202b8 <spi_flash_std_probe+0x44>

0000000082620308 <spi_nor_erase>:
    82620308:	12804160 	mov	w0, #0xfffffdf4            	// #-524
    8262030c:	d65f03c0 	ret

0000000082620310 <spi_nor_write>:
    82620310:	12804160 	mov	w0, #0xfffffdf4            	// #-524
    82620314:	d65f03c0 	ret

0000000082620318 <spi_nor_read>:
    82620318:	a9b77bfd 	stp	x29, x30, [sp, #-144]!
    8262031c:	910003fd 	mov	x29, sp
    82620320:	a90153f3 	stp	x19, x20, [sp, #16]
    82620324:	aa0203f3 	mov	x19, x2
    82620328:	a9025bf5 	stp	x21, x22, [sp, #32]
    8262032c:	aa0103f5 	mov	x21, x1
    82620330:	d0000021 	adrp	x1, 82626000 <spinand_chip_table+0xc96>
    82620334:	a90363f7 	stp	x23, x24, [sp, #48]
    82620338:	aa0403f7 	mov	x23, x4
    8262033c:	b2407ff6 	mov	x22, #0xffffffff            	// #4294967295
    82620340:	f90023f9 	str	x25, [sp, #64]
    82620344:	aa0303f9 	mov	x25, x3
    82620348:	f9409c14 	ldr	x20, [x0, #312]
    8262034c:	f942f822 	ldr	x2, [x1, #1520]
    82620350:	f90047e2 	str	x2, [sp, #136]
    82620354:	d2800002 	mov	x2, #0x0                   	// #0
    82620358:	b5000133 	cbnz	x19, 8262037c <spi_nor_read+0x64>
    8262035c:	52800000 	mov	w0, #0x0                   	// #0
    82620360:	d0000021 	adrp	x1, 82626000 <spinand_chip_table+0xc96>
    82620364:	f94047e2 	ldr	x2, [sp, #136]
    82620368:	f942f823 	ldr	x3, [x1, #1520]
    8262036c:	eb030042 	subs	x2, x2, x3
    82620370:	d2800003 	mov	x3, #0x0                   	// #0
    82620374:	54000720 	b.eq	82620458 <spi_nor_read+0x140>  // b.none
    82620378:	97ffc821 	bl	826123fc <__stack_chk_fail>
    8262037c:	b941ae82 	ldr	w2, [x20, #428]
    82620380:	aa1303f8 	mov	x24, x19
    82620384:	39469a80 	ldrb	w0, [x20, #422]
    82620388:	390147e0 	strb	w0, [sp, #81]
    8262038c:	39469280 	ldrb	w0, [x20, #420]
    82620390:	53107c41 	lsr	w1, w2, #16
    82620394:	390163e0 	strb	w0, [sp, #88]
    82620398:	39469e80 	ldrb	w0, [x20, #423]
    8262039c:	390143e1 	strb	w1, [sp, #80]
    826203a0:	d3483c41 	ubfx	x1, x2, #8, #8
    826203a4:	390167e1 	strb	w1, [sp, #89]
    826203a8:	f90033f5 	str	x21, [sp, #96]
    826203ac:	1b017c00 	mul	w0, w0, w1
    826203b0:	3901a7e1 	strb	w1, [sp, #105]
    826203b4:	3901c3e2 	strb	w2, [sp, #112]
    826203b8:	b90077ff 	str	wzr, [sp, #116]
    826203bc:	13037c00 	asr	w0, w0, #3
    826203c0:	3901a3e0 	strb	w0, [sp, #104]
    826203c4:	f90043f7 	str	x23, [sp, #128]
    826203c8:	eb16031f 	cmp	x24, x22
    826203cc:	910143e1 	add	x1, sp, #0x50
    826203d0:	9a969300 	csel	x0, x24, x22, ls  // ls = plast
    826203d4:	b9007be0 	str	w0, [sp, #120]
    826203d8:	f940ca80 	ldr	x0, [x20, #400]
    826203dc:	94000438 	bl	826214bc <spi_mem_adjust_op_size>
    826203e0:	340001a0 	cbz	w0, 82620414 <spi_nor_read+0xfc>
    826203e4:	93407c05 	sxtw	x5, w0
    826203e8:	2a0503e0 	mov	w0, w5
    826203ec:	710000bf 	cmp	w5, #0x0
    826203f0:	34000305 	cbz	w5, 82620450 <spi_nor_read+0x138>
    826203f4:	54fffb6b 	b.lt	82620360 <spi_nor_read+0x48>  // b.tstop
    826203f8:	f9400321 	ldr	x1, [x25]
    826203fc:	8b25c2f7 	add	x23, x23, w5, sxtw
    82620400:	8b25c2b5 	add	x21, x21, w5, sxtw
    82620404:	cb25c273 	sub	x19, x19, w5, sxtw
    82620408:	8b25c021 	add	x1, x1, w5, sxtw
    8262040c:	f9000321 	str	x1, [x25]
    82620410:	17ffffd2 	b	82620358 <spi_nor_read+0x40>
    82620414:	f940ca80 	ldr	x0, [x20, #400]
    82620418:	910143e1 	add	x1, sp, #0x50
    8262041c:	940003a9 	bl	826212c0 <spi_mem_exec_op>
    82620420:	35fffe20 	cbnz	w0, 826203e4 <spi_nor_read+0xcc>
    82620424:	f94033e1 	ldr	x1, [sp, #96]
    82620428:	b9407be0 	ldr	w0, [sp, #120]
    8262042c:	8b000021 	add	x1, x1, x0
    82620430:	f90033e1 	str	x1, [sp, #96]
    82620434:	f94043e1 	ldr	x1, [sp, #128]
    82620438:	eb000318 	subs	x24, x24, x0
    8262043c:	8b000021 	add	x1, x1, x0
    82620440:	f90043e1 	str	x1, [sp, #128]
    82620444:	54fffc21 	b.ne	826203c8 <spi_nor_read+0xb0>  // b.any
    82620448:	aa1303e5 	mov	x5, x19
    8262044c:	17ffffe7 	b	826203e8 <spi_nor_read+0xd0>
    82620450:	12800080 	mov	w0, #0xfffffffb            	// #-5
    82620454:	17ffffc3 	b	82620360 <spi_nor_read+0x48>
    82620458:	a94153f3 	ldp	x19, x20, [sp, #16]
    8262045c:	a9425bf5 	ldp	x21, x22, [sp, #32]
    82620460:	a94363f7 	ldp	x23, x24, [sp, #48]
    82620464:	f94023f9 	ldr	x25, [sp, #64]
    82620468:	a8c97bfd 	ldp	x29, x30, [sp], #144
    8262046c:	d65f03c0 	ret

0000000082620470 <spi_nor_read_reg>:
    82620470:	a9bb7bfd 	stp	x29, x30, [sp, #-80]!
    82620474:	d0000024 	adrp	x4, 82626000 <spinand_chip_table+0xc96>
    82620478:	910003fd 	mov	x29, sp
    8262047c:	f940c800 	ldr	x0, [x0, #400]
    82620480:	f942f885 	ldr	x5, [x4, #1520]
    82620484:	f90027e5 	str	x5, [sp, #72]
    82620488:	d2800005 	mov	x5, #0x0                   	// #0
    8262048c:	52800024 	mov	w4, #0x1                   	// #1
    82620490:	a9017fff 	stp	xzr, xzr, [sp, #16]
    82620494:	a9037fff 	stp	xzr, xzr, [sp, #48]
    82620498:	390043e4 	strb	w4, [sp, #16]
    8262049c:	390047e1 	strb	w1, [sp, #17]
    826204a0:	910043e1 	add	x1, sp, #0x10
    826204a4:	a9027fff 	stp	xzr, xzr, [sp, #32]
    826204a8:	3900c3e4 	strb	w4, [sp, #48]
    826204ac:	b9003be3 	str	w3, [sp, #56]
    826204b0:	f90023e2 	str	x2, [sp, #64]
    826204b4:	94000383 	bl	826212c0 <spi_mem_exec_op>
    826204b8:	d0000021 	adrp	x1, 82626000 <spinand_chip_table+0xc96>
    826204bc:	f94027e2 	ldr	x2, [sp, #72]
    826204c0:	f942f823 	ldr	x3, [x1, #1520]
    826204c4:	eb030042 	subs	x2, x2, x3
    826204c8:	d2800003 	mov	x3, #0x0                   	// #0
    826204cc:	54000040 	b.eq	826204d4 <spi_nor_read_reg+0x64>  // b.none
    826204d0:	97ffc7cb 	bl	826123fc <__stack_chk_fail>
    826204d4:	a8c57bfd 	ldp	x29, x30, [sp], #80
    826204d8:	d65f03c0 	ret

00000000826204dc <read_sr>:
    826204dc:	a9be7bfd 	stp	x29, x30, [sp, #-32]!
    826204e0:	d0000021 	adrp	x1, 82626000 <spinand_chip_table+0xc96>
    826204e4:	52800023 	mov	w3, #0x1                   	// #1
    826204e8:	910003fd 	mov	x29, sp
    826204ec:	f942f822 	ldr	x2, [x1, #1520]
    826204f0:	f9000fe2 	str	x2, [sp, #24]
    826204f4:	d2800002 	mov	x2, #0x0                   	// #0
    826204f8:	528000a1 	mov	w1, #0x5                   	// #5
    826204fc:	91005fe2 	add	x2, sp, #0x17
    82620500:	97ffffdc 	bl	82620470 <spi_nor_read_reg>
    82620504:	37f80040 	tbnz	w0, #31, 8262050c <read_sr+0x30>
    82620508:	39405fe0 	ldrb	w0, [sp, #23]
    8262050c:	d0000021 	adrp	x1, 82626000 <spinand_chip_table+0xc96>
    82620510:	f9400fe2 	ldr	x2, [sp, #24]
    82620514:	f942f823 	ldr	x3, [x1, #1520]
    82620518:	eb030042 	subs	x2, x2, x3
    8262051c:	d2800003 	mov	x3, #0x0                   	// #0
    82620520:	54000040 	b.eq	82620528 <read_sr+0x4c>  // b.none
    82620524:	97ffc7b6 	bl	826123fc <__stack_chk_fail>
    82620528:	a8c27bfd 	ldp	x29, x30, [sp], #32
    8262052c:	d65f03c0 	ret

0000000082620530 <spi_nor_wait_till_ready_with_timeout.constprop.0>:
    82620530:	a9bc7bfd 	stp	x29, x30, [sp, #-64]!
    82620534:	910003fd 	mov	x29, sp
    82620538:	a90153f3 	stp	x19, x20, [sp, #16]
    8262053c:	aa0003f3 	mov	x19, x0
    82620540:	d0000020 	adrp	x0, 82626000 <spinand_chip_table+0xc96>
    82620544:	a9025bf5 	stp	x21, x22, [sp, #32]
    82620548:	d29387f5 	mov	x21, #0x9c3f                	// #39999
    8262054c:	f942f801 	ldr	x1, [x0, #1520]
    82620550:	f9001fe1 	str	x1, [sp, #56]
    82620554:	d2800001 	mov	x1, #0x0                   	// #0
    82620558:	d2800000 	mov	x0, #0x0                   	// #0
    8262055c:	97ffef0a 	bl	8261c184 <get_timer>
    82620560:	aa0003f4 	mov	x20, x0
    82620564:	aa1403e0 	mov	x0, x20
    82620568:	97ffef07 	bl	8261c184 <get_timer>
    8262056c:	eb15001f 	cmp	x0, x21
    82620570:	54000189 	b.ls	826205a0 <spi_nor_wait_till_ready_with_timeout.constprop.0+0x70>  // b.plast
    82620574:	b0000020 	adrp	x0, 82625000 <hex_asc+0x7ab>
    82620578:	910ab800 	add	x0, x0, #0x2ae
    8262057c:	97fff3ff 	bl	8261d578 <printf>
    82620580:	12800da0 	mov	w0, #0xffffff92            	// #-110
    82620584:	d0000021 	adrp	x1, 82626000 <spinand_chip_table+0xc96>
    82620588:	f9401fe2 	ldr	x2, [sp, #56]
    8262058c:	f942f823 	ldr	x3, [x1, #1520]
    82620590:	eb030042 	subs	x2, x2, x3
    82620594:	d2800003 	mov	x3, #0x0                   	// #0
    82620598:	54000300 	b.eq	826205f8 <spi_nor_wait_till_ready_with_timeout.constprop.0+0xc8>  // b.none
    8262059c:	97ffc798 	bl	826123fc <__stack_chk_fail>
    826205a0:	aa1303e0 	mov	x0, x19
    826205a4:	97ffffce 	bl	826204dc <read_sr>
    826205a8:	37fffee0 	tbnz	w0, #31, 82620584 <spi_nor_wait_till_ready_with_timeout.constprop.0+0x54>
    826205ac:	2a2003f6 	mvn	w22, w0
    826205b0:	b941be60 	ldr	w0, [x19, #444]
    826205b4:	360001e0 	tbz	w0, #0, 826205f0 <spi_nor_wait_till_ready_with_timeout.constprop.0+0xc0>
    826205b8:	9100dfe2 	add	x2, sp, #0x37
    826205bc:	aa1303e0 	mov	x0, x19
    826205c0:	52800023 	mov	w3, #0x1                   	// #1
    826205c4:	52800e01 	mov	w1, #0x70                  	// #112
    826205c8:	97ffffaa 	bl	82620470 <spi_nor_read_reg>
    826205cc:	37fffdc0 	tbnz	w0, #31, 82620584 <spi_nor_wait_till_ready_with_timeout.constprop.0+0x54>
    826205d0:	3940dfe1 	ldrb	w1, [sp, #55]
    826205d4:	12190021 	and	w1, w1, #0x80
    826205d8:	7100003f 	cmp	w1, #0x0
    826205dc:	1a9f07e0 	cset	w0, ne  // ne = any
    826205e0:	6a0002df 	tst	w22, w0
    826205e4:	54fffc00 	b.eq	82620564 <spi_nor_wait_till_ready_with_timeout.constprop.0+0x34>  // b.none
    826205e8:	52800000 	mov	w0, #0x0                   	// #0
    826205ec:	17ffffe6 	b	82620584 <spi_nor_wait_till_ready_with_timeout.constprop.0+0x54>
    826205f0:	52800021 	mov	w1, #0x1                   	// #1
    826205f4:	17fffff9 	b	826205d8 <spi_nor_wait_till_ready_with_timeout.constprop.0+0xa8>
    826205f8:	a94153f3 	ldp	x19, x20, [sp, #16]
    826205fc:	a9425bf5 	ldp	x21, x22, [sp, #32]
    82620600:	a8c47bfd 	ldp	x29, x30, [sp], #64
    82620604:	d65f03c0 	ret

0000000082620608 <spi_nor_write_reg>:
    82620608:	a9bb7bfd 	stp	x29, x30, [sp, #-80]!
    8262060c:	d0000024 	adrp	x4, 82626000 <spinand_chip_table+0xc96>
    82620610:	910003fd 	mov	x29, sp
    82620614:	f940c800 	ldr	x0, [x0, #400]
    82620618:	f942f885 	ldr	x5, [x4, #1520]
    8262061c:	f90027e5 	str	x5, [sp, #72]
    82620620:	d2800005 	mov	x5, #0x0                   	// #0
    82620624:	52800024 	mov	w4, #0x1                   	// #1
    82620628:	a9017fff 	stp	xzr, xzr, [sp, #16]
    8262062c:	390047e1 	strb	w1, [sp, #17]
    82620630:	52800021 	mov	w1, #0x1                   	// #1
    82620634:	a9037fff 	stp	xzr, xzr, [sp, #48]
    82620638:	390043e4 	strb	w4, [sp, #16]
    8262063c:	a9027fff 	stp	xzr, xzr, [sp, #32]
    82620640:	3900c3e4 	strb	w4, [sp, #48]
    82620644:	29068fe1 	stp	w1, w3, [sp, #52]
    82620648:	910043e1 	add	x1, sp, #0x10
    8262064c:	f90023e2 	str	x2, [sp, #64]
    82620650:	9400031c 	bl	826212c0 <spi_mem_exec_op>
    82620654:	d0000021 	adrp	x1, 82626000 <spinand_chip_table+0xc96>
    82620658:	f94027e2 	ldr	x2, [sp, #72]
    8262065c:	f942f823 	ldr	x3, [x1, #1520]
    82620660:	eb030042 	subs	x2, x2, x3
    82620664:	d2800003 	mov	x3, #0x0                   	// #0
    82620668:	54000040 	b.eq	82620670 <spi_nor_write_reg+0x68>  // b.none
    8262066c:	97ffc764 	bl	826123fc <__stack_chk_fail>
    82620670:	a8c57bfd 	ldp	x29, x30, [sp], #80
    82620674:	d65f03c0 	ret

0000000082620678 <spi_nor_scan>:
    82620678:	a9b97bfd 	stp	x29, x30, [sp, #-112]!
    8262067c:	d0000021 	adrp	x1, 82626000 <spinand_chip_table+0xc96>
    82620680:	528000c3 	mov	w3, #0x6                   	// #6
    82620684:	910003fd 	mov	x29, sp
    82620688:	a90153f3 	stp	x19, x20, [sp, #16]
    8262068c:	aa0003f3 	mov	x19, x0
    82620690:	f90013f5 	str	x21, [sp, #32]
    82620694:	52801075 	mov	w21, #0x83                  	// #131
    82620698:	f942f822 	ldr	x2, [x1, #1520]
    8262069c:	f90037e2 	str	x2, [sp, #104]
    826206a0:	d2800002 	mov	x2, #0x0                   	// #0
    826206a4:	52802022 	mov	w2, #0x101                 	// #257
    826206a8:	72a00022 	movk	w2, #0x1, lsl #16
    826206ac:	b901ac02 	str	w2, [x0, #428]
    826206b0:	d2802022 	mov	x2, #0x101                 	// #257
    826206b4:	f2a00022 	movk	x2, #0x1, lsl #16
    826206b8:	f940c801 	ldr	x1, [x0, #400]
    826206bc:	f2c02022 	movk	x2, #0x101, lsl #32
    826206c0:	f2e00022 	movk	x2, #0x1, lsl #48
    826206c4:	f900d802 	str	x2, [x0, #432]
    826206c8:	910183e2 	add	x2, sp, #0x60
    826206cc:	b9401021 	ldr	w1, [x1, #16]
    826206d0:	f273003f 	tst	x1, #0x2000
    826206d4:	52800061 	mov	w1, #0x3                   	// #3
    826206d8:	1a8112b5 	csel	w21, w21, w1, ne  // ne = any
    826206dc:	12800c01 	mov	w1, #0xffffff9f            	// #-97
    826206e0:	97ffff64 	bl	82620470 <spi_nor_read_reg>
    826206e4:	36f80ec0 	tbz	w0, #31, 826208bc <spi_nor_scan+0x244>
    826206e8:	93407c14 	sxtw	x20, w0
    826206ec:	b140069f 	cmn	x20, #0x1, lsl #12
    826206f0:	54000c88 	b.hi	82620880 <spi_nor_scan+0x208>  // b.pmore
    826206f4:	52800060 	mov	w0, #0x3                   	// #3
    826206f8:	79402681 	ldrh	w1, [x20, #18]
    826206fc:	39011be0 	strb	w0, [sp, #70]
    82620700:	52802020 	mov	w0, #0x101                 	// #257
    82620704:	72a00020 	movk	w0, #0x1, lsl #16
    82620708:	79008bff 	strh	wzr, [sp, #68]
    8262070c:	b9004be0 	str	w0, [sp, #72]
    82620710:	37180dc1 	tbnz	w1, #3, 826208c8 <spi_nor_scan+0x250>
    82620714:	52810002 	mov	w2, #0x800                 	// #2048
    82620718:	79009be2 	strh	w2, [sp, #76]
    8262071c:	52800162 	mov	w2, #0xb                   	// #11
    82620720:	39013be2 	strb	w2, [sp, #78]
    82620724:	b90053e0 	str	w0, [sp, #80]
    82620728:	52800060 	mov	w0, #0x3                   	// #3
    8262072c:	36300121 	tbz	w1, #6, 82620750 <spi_nor_scan+0xd8>
    82620730:	52810001 	mov	w1, #0x800                 	// #2048
    82620734:	7900abe1 	strh	w1, [sp, #84]
    82620738:	52800d61 	mov	w1, #0x6b                  	// #107
    8262073c:	32190000 	orr	w0, w0, #0x80
    82620740:	39015be1 	strb	w1, [sp, #86]
    82620744:	52802081 	mov	w1, #0x104                 	// #260
    82620748:	72a00021 	movk	w1, #0x1, lsl #16
    8262074c:	b9005be1 	str	w1, [sp, #88]
    82620750:	b0000021 	adrp	x1, 82625000 <hex_asc+0x7ab>
    82620754:	91092c21 	add	x1, x1, #0x24b
    82620758:	f9001e61 	str	x1, [x19, #56]
    8262075c:	52800061 	mov	w1, #0x3                   	// #3
    82620760:	39000261 	strb	w1, [x19]
    82620764:	52800021 	mov	w1, #0x1                   	// #1
    82620768:	b9001661 	str	w1, [x19, #20]
    8262076c:	52818001 	mov	w1, #0xc00                 	// #3072
    82620770:	b9000661 	str	w1, [x19, #4]
    82620774:	f9009e73 	str	x19, [x19, #312]
    82620778:	79401a81 	ldrh	w1, [x20, #12]
    8262077c:	b9400a82 	ldr	w2, [x20, #8]
    82620780:	1b027c22 	mul	w2, w1, w2
    82620784:	f9000662 	str	x2, [x19, #8]
    82620788:	b9023262 	str	w2, [x19, #560]
    8262078c:	90000002 	adrp	x2, 82620000 <bcm6345_serial_probe+0x38>
    82620790:	910c2042 	add	x2, x2, #0x308
    82620794:	f9003a62 	str	x2, [x19, #112]
    82620798:	90000002 	adrp	x2, 82620000 <bcm6345_serial_probe+0x38>
    8262079c:	910c6042 	add	x2, x2, #0x318
    826207a0:	f9004262 	str	x2, [x19, #128]
    826207a4:	90000002 	adrp	x2, 82620000 <bcm6345_serial_probe+0x38>
    826207a8:	910c4042 	add	x2, x2, #0x310
    826207ac:	f9004662 	str	x2, [x19, #136]
    826207b0:	79402681 	ldrh	w1, [x20, #18]
    826207b4:	36380081 	tbz	w1, #7, 826207c4 <spi_nor_scan+0x14c>
    826207b8:	b941be61 	ldr	w1, [x19, #444]
    826207bc:	32000021 	orr	w1, w1, #0x1
    826207c0:	b901be61 	str	w1, [x19, #444]
    826207c4:	79402681 	ldrh	w1, [x20, #18]
    826207c8:	36700081 	tbz	w1, #14, 826207d8 <spi_nor_scan+0x160>
    826207cc:	b941be61 	ldr	w1, [x19, #444]
    826207d0:	321b0021 	orr	w1, w1, #0x20
    826207d4:	b901be61 	str	w1, [x19, #444]
    826207d8:	79402681 	ldrh	w1, [x20, #18]
    826207dc:	36180041 	tbz	w1, #3, 826207e4 <spi_nor_scan+0x16c>
    826207e0:	121e7800 	and	w0, w0, #0xfffffffd
    826207e4:	0a0002a1 	and	w1, w21, w0
    826207e8:	52800055 	mov	w21, #0x2                   	// #2
    826207ec:	910113e2 	add	x2, sp, #0x44
    826207f0:	910117e3 	add	x3, sp, #0x45
    826207f4:	d3410420 	ubfx	x0, x1, #1, #1
    826207f8:	f279003f 	tst	x1, #0x80
    826207fc:	1a950000 	csel	w0, w0, w21, eq  // eq = none
    82620800:	91011be1 	add	x1, sp, #0x46
    82620804:	937d7c00 	sbfiz	x0, x0, #3, #32
    82620808:	38606821 	ldrb	w1, [x1, x0]
    8262080c:	39069a61 	strb	w1, [x19, #422]
    82620810:	910123e1 	add	x1, sp, #0x48
    82620814:	38606842 	ldrb	w2, [x2, x0]
    82620818:	b8606821 	ldr	w1, [x1, x0]
    8262081c:	38606860 	ldrb	w0, [x3, x0]
    82620820:	b901ae61 	str	w1, [x19, #428]
    82620824:	12001c21 	and	w1, w1, #0xff
    82620828:	0b000040 	add	w0, w2, w0
    8262082c:	39069e60 	strb	w0, [x19, #423]
    82620830:	7100103f 	cmp	w1, #0x4
    82620834:	54000101 	b.ne	82620854 <spi_nor_scan+0x1dc>  // b.any
    82620838:	39400280 	ldrb	w0, [x20]
    8262083c:	7100b01f 	cmp	w0, #0x2c
    82620840:	540000a0 	b.eq	82620854 <spi_nor_scan+0x1dc>  // b.none
    82620844:	7103081f 	cmp	w0, #0xc2
    82620848:	54000440 	b.eq	826208d0 <spi_nor_scan+0x258>  // b.none
    8262084c:	7100801f 	cmp	w0, #0x20
    82620850:	540007e1 	b.ne	8262094c <spi_nor_scan+0x2d4>  // b.any
    82620854:	39469260 	ldrb	w0, [x19, #420]
    82620858:	35000f00 	cbnz	w0, 82620a38 <spi_nor_scan+0x3c0>
    8262085c:	79402280 	ldrh	w0, [x20, #16]
    82620860:	34000c40 	cbz	w0, 826209e8 <spi_nor_scan+0x370>
    82620864:	39069260 	strb	w0, [x19, #420]
    82620868:	14000074 	b	82620a38 <spi_nor_scan+0x3c0>
    8262086c:	39401a82 	ldrb	w2, [x20, #6]
    82620870:	35000182 	cbnz	w2, 826208a0 <spi_nor_scan+0x228>
    82620874:	91005294 	add	x20, x20, #0x14
    82620878:	b9400a80 	ldr	w0, [x20, #8]
    8262087c:	35ffff80 	cbnz	w0, 8262086c <spi_nor_scan+0x1f4>
    82620880:	12800035 	mov	w21, #0xfffffffe            	// #-2
    82620884:	d0000020 	adrp	x0, 82626000 <spinand_chip_table+0xc96>
    82620888:	f94037e1 	ldr	x1, [sp, #104]
    8262088c:	f942f802 	ldr	x2, [x0, #1520]
    82620890:	eb020021 	subs	x1, x1, x2
    82620894:	d2800002 	mov	x2, #0x0                   	// #0
    82620898:	540014a0 	b.eq	82620b2c <spi_nor_scan+0x4b4>  // b.none
    8262089c:	97ffc6d8 	bl	826123fc <__stack_chk_fail>
    826208a0:	92401c42 	and	x2, x2, #0xff
    826208a4:	910183e1 	add	x1, sp, #0x60
    826208a8:	aa1403e0 	mov	x0, x20
    826208ac:	97ffee03 	bl	8261c0b8 <memcmp>
    826208b0:	35fffe20 	cbnz	w0, 82620874 <spi_nor_scan+0x1fc>
    826208b4:	b4fffe74 	cbz	x20, 82620880 <spi_nor_scan+0x208>
    826208b8:	17ffff8d 	b	826206ec <spi_nor_scan+0x74>
    826208bc:	f0000014 	adrp	x20, 82623000 <clk_fixed_rate_ops+0x18>
    826208c0:	91139294 	add	x20, x20, #0x4e4
    826208c4:	17ffffed 	b	82620878 <spi_nor_scan+0x200>
    826208c8:	52800020 	mov	w0, #0x1                   	// #1
    826208cc:	17ffff98 	b	8262072c <spi_nor_scan+0xb4>
    826208d0:	aa1303e0 	mov	x0, x19
    826208d4:	97ffff02 	bl	826204dc <read_sr>
    826208d8:	2a0003f5 	mov	w21, w0
    826208dc:	37fffd40 	tbnz	w0, #31, 82620884 <spi_nor_scan+0x20c>
    826208e0:	3737fbb5 	tbnz	w21, #6, 82620854 <spi_nor_scan+0x1dc>
    826208e4:	52800003 	mov	w3, #0x0                   	// #0
    826208e8:	d2800002 	mov	x2, #0x0                   	// #0
    826208ec:	528000c1 	mov	w1, #0x6                   	// #6
    826208f0:	aa1303e0 	mov	x0, x19
    826208f4:	97ffff45 	bl	82620608 <spi_nor_write_reg>
    826208f8:	321a02b5 	orr	w21, w21, #0x40
    826208fc:	52800023 	mov	w3, #0x1                   	// #1
    82620900:	91070262 	add	x2, x19, #0x1c0
    82620904:	2a0303e1 	mov	w1, w3
    82620908:	39070275 	strb	w21, [x19, #448]
    8262090c:	aa1303e0 	mov	x0, x19
    82620910:	97ffff3e 	bl	82620608 <spi_nor_write_reg>
    82620914:	aa1303e0 	mov	x0, x19
    82620918:	97ffff06 	bl	82620530 <spi_nor_wait_till_ready_with_timeout.constprop.0>
    8262091c:	2a0003f5 	mov	w21, w0
    82620920:	35fffb20 	cbnz	w0, 82620884 <spi_nor_scan+0x20c>
    82620924:	aa1303e0 	mov	x0, x19
    82620928:	97fffeed 	bl	826204dc <read_sr>
    8262092c:	7100001f 	cmp	w0, #0x0
    82620930:	5400004d 	b.le	82620938 <spi_nor_scan+0x2c0>
    82620934:	3737f900 	tbnz	w0, #6, 82620854 <spi_nor_scan+0x1dc>
    82620938:	b0000020 	adrp	x0, 82625000 <hex_asc+0x7ab>
    8262093c:	91095400 	add	x0, x0, #0x255
    82620940:	97fff30e 	bl	8261d578 <printf>
    82620944:	128002b5 	mov	w21, #0xffffffea            	// #-22
    82620948:	17ffffcf 	b	82620884 <spi_nor_scan+0x20c>
    8262094c:	9100ffe2 	add	x2, sp, #0x3f
    82620950:	aa1303e0 	mov	x0, x19
    82620954:	52800023 	mov	w3, #0x1                   	// #1
    82620958:	528006a1 	mov	w1, #0x35                  	// #53
    8262095c:	97fffec5 	bl	82620470 <spi_nor_read_reg>
    82620960:	37ffff20 	tbnz	w0, #31, 82620944 <spi_nor_scan+0x2cc>
    82620964:	3940ffe0 	ldrb	w0, [sp, #63]
    82620968:	370ff760 	tbnz	w0, #1, 82620854 <spi_nor_scan+0x1dc>
    8262096c:	321f0000 	orr	w0, w0, #0x2
    82620970:	390187e0 	strb	w0, [sp, #97]
    82620974:	aa1303e0 	mov	x0, x19
    82620978:	97fffed9 	bl	826204dc <read_sr>
    8262097c:	37fffe40 	tbnz	w0, #31, 82620944 <spi_nor_scan+0x2cc>
    82620980:	52800003 	mov	w3, #0x0                   	// #0
    82620984:	d2800002 	mov	x2, #0x0                   	// #0
    82620988:	528000c1 	mov	w1, #0x6                   	// #6
    8262098c:	390183e0 	strb	w0, [sp, #96]
    82620990:	aa1303e0 	mov	x0, x19
    82620994:	97ffff1d 	bl	82620608 <spi_nor_write_reg>
    82620998:	2a1503e3 	mov	w3, w21
    8262099c:	910183e2 	add	x2, sp, #0x60
    826209a0:	aa1303e0 	mov	x0, x19
    826209a4:	52800021 	mov	w1, #0x1                   	// #1
    826209a8:	97ffff18 	bl	82620608 <spi_nor_write_reg>
    826209ac:	37fffcc0 	tbnz	w0, #31, 82620944 <spi_nor_scan+0x2cc>
    826209b0:	aa1303e0 	mov	x0, x19
    826209b4:	97fffedf 	bl	82620530 <spi_nor_wait_till_ready_with_timeout.constprop.0>
    826209b8:	2a0003f5 	mov	w21, w0
    826209bc:	35fff640 	cbnz	w0, 82620884 <spi_nor_scan+0x20c>
    826209c0:	9100ffe2 	add	x2, sp, #0x3f
    826209c4:	aa1303e0 	mov	x0, x19
    826209c8:	52800023 	mov	w3, #0x1                   	// #1
    826209cc:	528006a1 	mov	w1, #0x35                  	// #53
    826209d0:	97fffea8 	bl	82620470 <spi_nor_read_reg>
    826209d4:	37fffb80 	tbnz	w0, #31, 82620944 <spi_nor_scan+0x2cc>
    826209d8:	3940ffe0 	ldrb	w0, [sp, #63]
    826209dc:	34fffb40 	cbz	w0, 82620944 <spi_nor_scan+0x2cc>
    826209e0:	370ff3a0 	tbnz	w0, #1, 82620854 <spi_nor_scan+0x1dc>
    826209e4:	17ffffd8 	b	82620944 <spi_nor_scan+0x2cc>
    826209e8:	f9400661 	ldr	x1, [x19, #8]
    826209ec:	d2a02000 	mov	x0, #0x1000000             	// #16777216
    826209f0:	eb00003f 	cmp	x1, x0
    826209f4:	540003a9 	b.ls	82620a68 <spi_nor_scan+0x3f0>  // b.plast
    826209f8:	52800080 	mov	w0, #0x4                   	// #4
    826209fc:	39069260 	strb	w0, [x19, #420]
    82620a00:	39400280 	ldrb	w0, [x20]
    82620a04:	7100041f 	cmp	w0, #0x1
    82620a08:	54000060 	b.eq	82620a14 <spi_nor_scan+0x39c>  // b.none
    82620a0c:	79402680 	ldrh	w0, [x20, #18]
    82620a10:	36580140 	tbz	w0, #11, 82620a38 <spi_nor_scan+0x3c0>
    82620a14:	39469a61 	ldrb	w1, [x19, #422]
    82620a18:	b0000020 	adrp	x0, 82625000 <hex_asc+0x7ab>
    82620a1c:	9108fc00 	add	x0, x0, #0x23f
    82620a20:	d2800002 	mov	x2, #0x0                   	// #0
    82620a24:	39400003 	ldrb	w3, [x0]
    82620a28:	6b01007f 	cmp	w3, w1
    82620a2c:	54000141 	b.ne	82620a54 <spi_nor_scan+0x3dc>  // b.any
    82620a30:	39400401 	ldrb	w1, [x0, #1]
    82620a34:	39069a61 	strb	w1, [x19, #422]
    82620a38:	39469260 	ldrb	w0, [x19, #420]
    82620a3c:	7100101f 	cmp	w0, #0x4
    82620a40:	54fff828 	b.hi	82620944 <spi_nor_scan+0x2cc>  // b.pmore
    82620a44:	f900ce74 	str	x20, [x19, #408]
    82620a48:	54000140 	b.eq	82620a70 <spi_nor_scan+0x3f8>  // b.none
    82620a4c:	52800015 	mov	w21, #0x0                   	// #0
    82620a50:	17ffff8d 	b	82620884 <spi_nor_scan+0x20c>
    82620a54:	91000442 	add	x2, x2, #0x1
    82620a58:	91000800 	add	x0, x0, #0x2
    82620a5c:	f100185f 	cmp	x2, #0x6
    82620a60:	54fffe21 	b.ne	82620a24 <spi_nor_scan+0x3ac>  // b.any
    82620a64:	17fffff4 	b	82620a34 <spi_nor_scan+0x3bc>
    82620a68:	52800060 	mov	w0, #0x3                   	// #3
    82620a6c:	17ffff7e 	b	82620864 <spi_nor_scan+0x1ec>
    82620a70:	39400280 	ldrb	w0, [x20]
    82620a74:	7100041f 	cmp	w0, #0x1
    82620a78:	54fffea0 	b.eq	82620a4c <spi_nor_scan+0x3d4>  // b.none
    82620a7c:	79402680 	ldrh	w0, [x20, #18]
    82620a80:	375ffe60 	tbnz	w0, #11, 82620a4c <spi_nor_scan+0x3d4>
    82620a84:	b941be60 	ldr	w0, [x19, #444]
    82620a88:	36300080 	tbz	w0, #6, 82620a98 <spi_nor_scan+0x420>
    82620a8c:	b0000020 	adrp	x0, 82625000 <hex_asc+0x7ab>
    82620a90:	9109c000 	add	x0, x0, #0x270
    82620a94:	97fff2b9 	bl	8261d578 <printf>
    82620a98:	f940ce60 	ldr	x0, [x19, #408]
    82620a9c:	39400000 	ldrb	w0, [x0]
    82620aa0:	7103081f 	cmp	w0, #0xc2
    82620aa4:	540001c0 	b.eq	82620adc <spi_nor_scan+0x464>  // b.none
    82620aa8:	54000168 	b.hi	82620ad4 <spi_nor_scan+0x45c>  // b.pmore
    82620aac:	7100801f 	cmp	w0, #0x20
    82620ab0:	540001a0 	b.eq	82620ae4 <spi_nor_scan+0x46c>  // b.none
    82620ab4:	7100b01f 	cmp	w0, #0x2c
    82620ab8:	54000160 	b.eq	82620ae4 <spi_nor_scan+0x46c>  // b.none
    82620abc:	12800fe0 	mov	w0, #0xffffff80            	// #-128
    82620ac0:	91070262 	add	x2, x19, #0x1c0
    82620ac4:	52800023 	mov	w3, #0x1                   	// #1
    82620ac8:	528002e1 	mov	w1, #0x17                  	// #23
    82620acc:	39070260 	strb	w0, [x19, #448]
    82620ad0:	14000014 	b	82620b20 <spi_nor_scan+0x4a8>
    82620ad4:	7103bc1f 	cmp	w0, #0xef
    82620ad8:	54ffff21 	b.ne	82620abc <spi_nor_scan+0x444>  // b.any
    82620adc:	52800014 	mov	w20, #0x0                   	// #0
    82620ae0:	14000007 	b	82620afc <spi_nor_scan+0x484>
    82620ae4:	52800034 	mov	w20, #0x1                   	// #1
    82620ae8:	aa1303e0 	mov	x0, x19
    82620aec:	52800003 	mov	w3, #0x0                   	// #0
    82620af0:	d2800002 	mov	x2, #0x0                   	// #0
    82620af4:	528000c1 	mov	w1, #0x6                   	// #6
    82620af8:	97fffec4 	bl	82620608 <spi_nor_write_reg>
    82620afc:	aa1303e0 	mov	x0, x19
    82620b00:	52800003 	mov	w3, #0x0                   	// #0
    82620b04:	d2800002 	mov	x2, #0x0                   	// #0
    82620b08:	12800901 	mov	w1, #0xffffffb7            	// #-73
    82620b0c:	97fffebf 	bl	82620608 <spi_nor_write_reg>
    82620b10:	34fff9f4 	cbz	w20, 82620a4c <spi_nor_scan+0x3d4>
    82620b14:	52800003 	mov	w3, #0x0                   	// #0
    82620b18:	d2800002 	mov	x2, #0x0                   	// #0
    82620b1c:	52800081 	mov	w1, #0x4                   	// #4
    82620b20:	aa1303e0 	mov	x0, x19
    82620b24:	97fffeb9 	bl	82620608 <spi_nor_write_reg>
    82620b28:	17ffffc9 	b	82620a4c <spi_nor_scan+0x3d4>
    82620b2c:	2a1503e0 	mov	w0, w21
    82620b30:	a94153f3 	ldp	x19, x20, [sp, #16]
    82620b34:	f94013f5 	ldr	x21, [sp, #32]
    82620b38:	a8c77bfd 	ldp	x29, x30, [sp], #112
    82620b3c:	d65f03c0 	ret

0000000082620b40 <spi_flash_cmd_get_sw_write_prot>:
    82620b40:	12804160 	mov	w0, #0xfffffdf4            	// #-524
    82620b44:	d65f03c0 	ret

0000000082620b48 <spi_flash_mtd_sync>:
    82620b48:	d65f03c0 	ret

0000000082620b4c <spi_flash_mtd_write>:
    82620b4c:	f9409c00 	ldr	x0, [x0, #312]
    82620b50:	b40001c0 	cbz	x0, 82620b88 <spi_flash_mtd_write+0x3c>
    82620b54:	a9be7bfd 	stp	x29, x30, [sp, #-32]!
    82620b58:	910003fd 	mov	x29, sp
    82620b5c:	a90153f3 	stp	x19, x20, [sp, #16]
    82620b60:	aa0303f3 	mov	x19, x3
    82620b64:	aa0203f4 	mov	x20, x2
    82620b68:	f940c400 	ldr	x0, [x0, #392]
    82620b6c:	aa0403e3 	mov	x3, x4
    82620b70:	97fffd45 	bl	82620084 <spi_flash_write_dm>
    82620b74:	35000040 	cbnz	w0, 82620b7c <spi_flash_mtd_write+0x30>
    82620b78:	f9000274 	str	x20, [x19]
    82620b7c:	a94153f3 	ldp	x19, x20, [sp, #16]
    82620b80:	a8c27bfd 	ldp	x29, x30, [sp], #32
    82620b84:	d65f03c0 	ret
    82620b88:	12800240 	mov	w0, #0xffffffed            	// #-19
    82620b8c:	d65f03c0 	ret

0000000082620b90 <spi_flash_mtd_read>:
    82620b90:	f9409c00 	ldr	x0, [x0, #312]
    82620b94:	b40001c0 	cbz	x0, 82620bcc <spi_flash_mtd_read+0x3c>
    82620b98:	a9be7bfd 	stp	x29, x30, [sp, #-32]!
    82620b9c:	910003fd 	mov	x29, sp
    82620ba0:	a90153f3 	stp	x19, x20, [sp, #16]
    82620ba4:	aa0303f3 	mov	x19, x3
    82620ba8:	aa0203f4 	mov	x20, x2
    82620bac:	f940c400 	ldr	x0, [x0, #392]
    82620bb0:	aa0403e3 	mov	x3, x4
    82620bb4:	97fffd2f 	bl	82620070 <spi_flash_read_dm>
    82620bb8:	35000040 	cbnz	w0, 82620bc0 <spi_flash_mtd_read+0x30>
    82620bbc:	f9000274 	str	x20, [x19]
    82620bc0:	a94153f3 	ldp	x19, x20, [sp, #16]
    82620bc4:	a8c27bfd 	ldp	x29, x30, [sp], #32
    82620bc8:	d65f03c0 	ret
    82620bcc:	12800240 	mov	w0, #0xffffffed            	// #-19
    82620bd0:	d65f03c0 	ret

0000000082620bd4 <spi_flash_mtd_erase>:
    82620bd4:	a9be7bfd 	stp	x29, x30, [sp, #-32]!
    82620bd8:	910003fd 	mov	x29, sp
    82620bdc:	a90153f3 	stp	x19, x20, [sp, #16]
    82620be0:	f9409c00 	ldr	x0, [x0, #312]
    82620be4:	b4000300 	cbz	x0, 82620c44 <spi_flash_mtd_erase+0x70>
    82620be8:	aa0103f3 	mov	x19, x1
    82620bec:	52800041 	mov	w1, #0x2                   	// #2
    82620bf0:	39012261 	strb	w1, [x19, #72]
    82620bf4:	b9400a61 	ldr	w1, [x19, #8]
    82620bf8:	f9400a62 	ldr	x2, [x19, #16]
    82620bfc:	f940c400 	ldr	x0, [x0, #392]
    82620c00:	97fffd26 	bl	82620098 <spi_flash_erase_dm>
    82620c04:	2a0003f4 	mov	w20, w0
    82620c08:	34000140 	cbz	w0, 82620c30 <spi_flash_mtd_erase+0x5c>
    82620c0c:	52800200 	mov	w0, #0x10                  	// #16
    82620c10:	12800094 	mov	w20, #0xfffffffb            	// #-5
    82620c14:	39012260 	strb	w0, [x19, #72]
    82620c18:	92800000 	mov	x0, #0xffffffffffffffff    	// #-1
    82620c1c:	f9000e60 	str	x0, [x19, #24]
    82620c20:	2a1403e0 	mov	w0, w20
    82620c24:	a94153f3 	ldp	x19, x20, [sp, #16]
    82620c28:	a8c27bfd 	ldp	x29, x30, [sp], #32
    82620c2c:	d65f03c0 	ret
    82620c30:	52800100 	mov	w0, #0x8                   	// #8
    82620c34:	39012260 	strb	w0, [x19, #72]
    82620c38:	aa1303e0 	mov	x0, x19
    82620c3c:	94000666 	bl	826225d4 <mtd_erase_callback>
    82620c40:	17fffff8 	b	82620c20 <spi_flash_mtd_erase+0x4c>
    82620c44:	12800254 	mov	w20, #0xffffffed            	// #-19
    82620c48:	17fffff6 	b	82620c20 <spi_flash_mtd_erase+0x4c>

0000000082620c4c <spi_flash_mtd_register>:
    82620c4c:	a9bc7bfd 	stp	x29, x30, [sp, #-64]!
    82620c50:	910003fd 	mov	x29, sp
    82620c54:	a9025bf5 	stp	x21, x22, [sp, #32]
    82620c58:	90000115 	adrp	x21, 82640000 <pmc>
    82620c5c:	a90153f3 	stp	x19, x20, [sp, #16]
    82620c60:	aa0003f4 	mov	x20, x0
    82620c64:	394b82a0 	ldrb	w0, [x21, #736]
    82620c68:	f9001bf7 	str	x23, [sp, #48]
    82620c6c:	90000117 	adrp	x23, 82640000 <pmc>
    82620c70:	910542f3 	add	x19, x23, #0x150
    82620c74:	350005e0 	cbnz	w0, 82620d30 <spi_flash_mtd_register+0xe4>
    82620c78:	d2803102 	mov	x2, #0x188                 	// #392
    82620c7c:	52800001 	mov	w1, #0x0                   	// #0
    82620c80:	aa1303e0 	mov	x0, x19
    82620c84:	390b82bf 	strb	wzr, [x21, #736]
    82620c88:	90000116 	adrp	x22, 82640000 <pmc>
    82620c8c:	97ffecd6 	bl	8261bfe4 <memset>
    82620c90:	910b62d6 	add	x22, x22, #0x2d8
    82620c94:	52800002 	mov	w2, #0x0                   	// #0
    82620c98:	aa1603e0 	mov	x0, x22
    82620c9c:	b0000021 	adrp	x1, 82625000 <hex_asc+0x7ab>
    82620ca0:	91063421 	add	x1, x1, #0x18d
    82620ca4:	97fff207 	bl	8261d4c0 <sprintf>
    82620ca8:	52800060 	mov	w0, #0x3                   	// #3
    82620cac:	390542e0 	strb	w0, [x23, #336]
    82620cb0:	52818000 	mov	w0, #0xc00                 	// #3072
    82620cb4:	b9000660 	str	w0, [x19, #4]
    82620cb8:	b941a280 	ldr	w0, [x20, #416]
    82620cbc:	f9001e76 	str	x22, [x19, #56]
    82620cc0:	52800036 	mov	w22, #0x1                   	// #1
    82620cc4:	29028276 	stp	w22, w0, [x19, #20]
    82620cc8:	90000000 	adrp	x0, 82620000 <bcm6345_serial_probe+0x38>
    82620ccc:	912f5000 	add	x0, x0, #0xbd4
    82620cd0:	f9003a60 	str	x0, [x19, #112]
    82620cd4:	90000000 	adrp	x0, 82620000 <bcm6345_serial_probe+0x38>
    82620cd8:	912e4000 	add	x0, x0, #0xb90
    82620cdc:	f9004260 	str	x0, [x19, #128]
    82620ce0:	90000000 	adrp	x0, 82620000 <bcm6345_serial_probe+0x38>
    82620ce4:	912d3000 	add	x0, x0, #0xb4c
    82620ce8:	f9004660 	str	x0, [x19, #136]
    82620cec:	90000000 	adrp	x0, 82620000 <bcm6345_serial_probe+0x38>
    82620cf0:	912d2000 	add	x0, x0, #0xb48
    82620cf4:	f9006e60 	str	x0, [x19, #216]
    82620cf8:	b9423280 	ldr	w0, [x20, #560]
    82620cfc:	f9000660 	str	x0, [x19, #8]
    82620d00:	b9423680 	ldr	w0, [x20, #564]
    82620d04:	b9001260 	str	w0, [x19, #16]
    82620d08:	aa1303e0 	mov	x0, x19
    82620d0c:	b900627f 	str	wzr, [x19, #96]
    82620d10:	f9009e74 	str	x20, [x19, #312]
    82620d14:	94000598 	bl	82622374 <add_mtd_device>
    82620d18:	34000140 	cbz	w0, 82620d40 <spi_flash_mtd_register+0xf4>
    82620d1c:	a94153f3 	ldp	x19, x20, [sp, #16]
    82620d20:	a9425bf5 	ldp	x21, x22, [sp, #32]
    82620d24:	f9401bf7 	ldr	x23, [sp, #48]
    82620d28:	a8c47bfd 	ldp	x29, x30, [sp], #64
    82620d2c:	d65f03c0 	ret
    82620d30:	aa1303e0 	mov	x0, x19
    82620d34:	940004f2 	bl	826220fc <del_mtd_device>
    82620d38:	34fffa00 	cbz	w0, 82620c78 <spi_flash_mtd_register+0x2c>
    82620d3c:	17fffff8 	b	82620d1c <spi_flash_mtd_register+0xd0>
    82620d40:	390b82b6 	strb	w22, [x21, #736]
    82620d44:	17fffff6 	b	82620d1c <spi_flash_mtd_register+0xd0>

0000000082620d48 <spi_flash_mtd_unregister>:
    82620d48:	a9be7bfd 	stp	x29, x30, [sp, #-32]!
    82620d4c:	910003fd 	mov	x29, sp
    82620d50:	a90153f3 	stp	x19, x20, [sp, #16]
    82620d54:	90000114 	adrp	x20, 82640000 <pmc>
    82620d58:	394b8280 	ldrb	w0, [x20, #736]
    82620d5c:	340000e0 	cbz	w0, 82620d78 <spi_flash_mtd_unregister+0x30>
    82620d60:	90000113 	adrp	x19, 82640000 <pmc>
    82620d64:	91054273 	add	x19, x19, #0x150
    82620d68:	aa1303e0 	mov	x0, x19
    82620d6c:	940004e4 	bl	826220fc <del_mtd_device>
    82620d70:	350000a0 	cbnz	w0, 82620d84 <spi_flash_mtd_unregister+0x3c>
    82620d74:	390b829f 	strb	wzr, [x20, #736]
    82620d78:	a94153f3 	ldp	x19, x20, [sp, #16]
    82620d7c:	a8c27bfd 	ldp	x29, x30, [sp], #32
    82620d80:	d65f03c0 	ret
    82620d84:	f9009e7f 	str	xzr, [x19, #312]
    82620d88:	b0000020 	adrp	x0, 82625000 <hex_asc+0x7ab>
    82620d8c:	f9401e61 	ldr	x1, [x19, #56]
    82620d90:	91064c00 	add	x0, x0, #0x193
    82620d94:	a94153f3 	ldp	x19, x20, [sp, #16]
    82620d98:	a8c27bfd 	ldp	x29, x30, [sp], #32
    82620d9c:	17fff1f7 	b	8261d578 <printf>

0000000082620da0 <spi_set_speed_mode>:
    82620da0:	a9bd7bfd 	stp	x29, x30, [sp, #-48]!
    82620da4:	910003fd 	mov	x29, sp
    82620da8:	a90153f3 	stp	x19, x20, [sp, #16]
    82620dac:	a9025bf5 	stp	x21, x22, [sp, #32]
    82620db0:	2a0203f5 	mov	w21, w2
    82620db4:	f9400002 	ldr	x2, [x0]
    82620db8:	f9403456 	ldr	x22, [x2, #104]
    82620dbc:	f94016c2 	ldr	x2, [x22, #40]
    82620dc0:	b40001c2 	cbz	x2, 82620df8 <spi_set_speed_mode+0x58>
    82620dc4:	aa0003f4 	mov	x20, x0
    82620dc8:	d63f0040 	blr	x2
    82620dcc:	2a0003f3 	mov	w19, w0
    82620dd0:	34000180 	cbz	w0, 82620e00 <spi_set_speed_mode+0x60>
    82620dd4:	b0000020 	adrp	x0, 82625000 <hex_asc+0x7ab>
    82620dd8:	2a1303e1 	mov	w1, w19
    82620ddc:	910b6c00 	add	x0, x0, #0x2db
    82620de0:	97fff1e6 	bl	8261d578 <printf>
    82620de4:	2a1303e0 	mov	w0, w19
    82620de8:	a94153f3 	ldp	x19, x20, [sp, #16]
    82620dec:	a9425bf5 	ldp	x21, x22, [sp, #32]
    82620df0:	a8c37bfd 	ldp	x29, x30, [sp], #48
    82620df4:	d65f03c0 	ret
    82620df8:	128002b3 	mov	w19, #0xffffffea            	// #-22
    82620dfc:	17fffff6 	b	82620dd4 <spi_set_speed_mode+0x34>
    82620e00:	f9401ac2 	ldr	x2, [x22, #48]
    82620e04:	b4000142 	cbz	x2, 82620e2c <spi_set_speed_mode+0x8c>
    82620e08:	2a1503e1 	mov	w1, w21
    82620e0c:	aa1403e0 	mov	x0, x20
    82620e10:	d63f0040 	blr	x2
    82620e14:	2a0003f3 	mov	w19, w0
    82620e18:	34fffe60 	cbz	w0, 82620de4 <spi_set_speed_mode+0x44>
    82620e1c:	b0000020 	adrp	x0, 82625000 <hex_asc+0x7ab>
    82620e20:	2a1303e1 	mov	w1, w19
    82620e24:	910bd800 	add	x0, x0, #0x2f6
    82620e28:	17ffffee 	b	82620de0 <spi_set_speed_mode+0x40>
    82620e2c:	128002b3 	mov	w19, #0xffffffea            	// #-22
    82620e30:	17fffffb 	b	82620e1c <spi_set_speed_mode+0x7c>

0000000082620e34 <spi_child_pre_probe>:
    82620e34:	a9be7bfd 	stp	x29, x30, [sp, #-32]!
    82620e38:	910003fd 	mov	x29, sp
    82620e3c:	a90153f3 	stp	x19, x20, [sp, #16]
    82620e40:	aa0003f4 	mov	x20, x0
    82620e44:	97fff5ec 	bl	8261e5f4 <dev_get_parent_platdata>
    82620e48:	aa0003f3 	mov	x19, x0
    82620e4c:	aa1403e0 	mov	x0, x20
    82620e50:	97fff5f5 	bl	8261e624 <dev_get_parent_priv>
    82620e54:	f9000014 	str	x20, [x0]
    82620e58:	b9400661 	ldr	w1, [x19, #4]
    82620e5c:	b9000801 	str	w1, [x0, #8]
    82620e60:	b9400a61 	ldr	w1, [x19, #8]
    82620e64:	b9001001 	str	w1, [x0, #16]
    82620e68:	52800101 	mov	w1, #0x8                   	// #8
    82620e6c:	b9001401 	str	w1, [x0, #20]
    82620e70:	52800000 	mov	w0, #0x0                   	// #0
    82620e74:	a94153f3 	ldp	x19, x20, [sp, #16]
    82620e78:	a8c27bfd 	ldp	x29, x30, [sp], #32
    82620e7c:	d65f03c0 	ret

0000000082620e80 <spi_post_probe>:
    82620e80:	a9be7bfd 	stp	x29, x30, [sp, #-32]!
    82620e84:	910003fd 	mov	x29, sp
    82620e88:	a90153f3 	stp	x19, x20, [sp, #16]
    82620e8c:	aa0003f4 	mov	x20, x0
    82620e90:	97fff5e2 	bl	8261e618 <dev_get_uclass_priv>
    82620e94:	aa0003f3 	mov	x19, x0
    82620e98:	52800002 	mov	w2, #0x0                   	// #0
    82620e9c:	f9401680 	ldr	x0, [x20, #40]
    82620ea0:	b0000021 	adrp	x1, 82625000 <hex_asc+0x7ab>
    82620ea4:	910b2421 	add	x1, x1, #0x2c9
    82620ea8:	97fffa58 	bl	8261f808 <ofnode_read_u32_default>
    82620eac:	b9000260 	str	w0, [x19]
    82620eb0:	52800000 	mov	w0, #0x0                   	// #0
    82620eb4:	a94153f3 	ldp	x19, x20, [sp, #16]
    82620eb8:	a8c27bfd 	ldp	x29, x30, [sp], #32
    82620ebc:	d65f03c0 	ret

0000000082620ec0 <dm_spi_claim_bus>:
    82620ec0:	a9bc7bfd 	stp	x29, x30, [sp, #-64]!
    82620ec4:	910003fd 	mov	x29, sp
    82620ec8:	a90153f3 	stp	x19, x20, [sp, #16]
    82620ecc:	a9025bf5 	stp	x21, x22, [sp, #32]
    82620ed0:	aa0003f5 	mov	x21, x0
    82620ed4:	f9001bf7 	str	x23, [sp, #48]
    82620ed8:	f9401c17 	ldr	x23, [x0, #56]
    82620edc:	f94002e0 	ldr	x0, [x23]
    82620ee0:	f9403416 	ldr	x22, [x0, #104]
    82620ee4:	aa1703e0 	mov	x0, x23
    82620ee8:	97fff5cc 	bl	8261e618 <dev_get_uclass_priv>
    82620eec:	aa0003f3 	mov	x19, x0
    82620ef0:	aa1503e0 	mov	x0, x21
    82620ef4:	97fff5cc 	bl	8261e624 <dev_get_parent_priv>
    82620ef8:	b9400801 	ldr	w1, [x0, #8]
    82620efc:	aa0003f4 	mov	x20, x0
    82620f00:	b9400273 	ldr	w19, [x19]
    82620f04:	340002d3 	cbz	w19, 82620f5c <dm_spi_claim_bus+0x9c>
    82620f08:	34000061 	cbz	w1, 82620f14 <dm_spi_claim_bus+0x54>
    82620f0c:	6b01027f 	cmp	w19, w1
    82620f10:	1a81d273 	csel	w19, w19, w1, le
    82620f14:	b9400e80 	ldr	w0, [x20, #12]
    82620f18:	6b13001f 	cmp	w0, w19
    82620f1c:	540000e0 	b.eq	82620f38 <dm_spi_claim_bus+0x78>  // b.none
    82620f20:	b9401282 	ldr	w2, [x20, #16]
    82620f24:	2a1303e1 	mov	w1, w19
    82620f28:	aa1703e0 	mov	x0, x23
    82620f2c:	97ffff9d 	bl	82620da0 <spi_set_speed_mode>
    82620f30:	35000220 	cbnz	w0, 82620f74 <dm_spi_claim_bus+0xb4>
    82620f34:	b9000e93 	str	w19, [x20, #12]
    82620f38:	f94002c1 	ldr	x1, [x22]
    82620f3c:	b40001a1 	cbz	x1, 82620f70 <dm_spi_claim_bus+0xb0>
    82620f40:	aa1503e0 	mov	x0, x21
    82620f44:	aa0103f0 	mov	x16, x1
    82620f48:	a94153f3 	ldp	x19, x20, [sp, #16]
    82620f4c:	a9425bf5 	ldp	x21, x22, [sp, #32]
    82620f50:	f9401bf7 	ldr	x23, [sp, #48]
    82620f54:	a8c47bfd 	ldp	x29, x30, [sp], #64
    82620f58:	d61f0200 	br	x16
    82620f5c:	7100003f 	cmp	w1, #0x0
    82620f60:	5290d413 	mov	w19, #0x86a0                	// #34464
    82620f64:	72a00033 	movk	w19, #0x1, lsl #16
    82620f68:	1a931033 	csel	w19, w1, w19, ne  // ne = any
    82620f6c:	17ffffea 	b	82620f14 <dm_spi_claim_bus+0x54>
    82620f70:	52800000 	mov	w0, #0x0                   	// #0
    82620f74:	a94153f3 	ldp	x19, x20, [sp, #16]
    82620f78:	a9425bf5 	ldp	x21, x22, [sp, #32]
    82620f7c:	f9401bf7 	ldr	x23, [sp, #48]
    82620f80:	a8c47bfd 	ldp	x29, x30, [sp], #64
    82620f84:	d65f03c0 	ret

0000000082620f88 <dm_spi_release_bus>:
    82620f88:	f9401c01 	ldr	x1, [x0, #56]
    82620f8c:	f9400021 	ldr	x1, [x1]
    82620f90:	f9403421 	ldr	x1, [x1, #104]
    82620f94:	f9400421 	ldr	x1, [x1, #8]
    82620f98:	b4000061 	cbz	x1, 82620fa4 <dm_spi_release_bus+0x1c>
    82620f9c:	aa0103f0 	mov	x16, x1
    82620fa0:	d61f0200 	br	x16
    82620fa4:	d65f03c0 	ret

0000000082620fa8 <dm_spi_xfer>:
    82620fa8:	f9401c05 	ldr	x5, [x0, #56]
    82620fac:	f94024a6 	ldr	x6, [x5, #72]
    82620fb0:	f94004c6 	ldr	x6, [x6, #8]
    82620fb4:	b94008c6 	ldr	w6, [x6, #8]
    82620fb8:	710128df 	cmp	w6, #0x4a
    82620fbc:	540000c1 	b.ne	82620fd4 <dm_spi_xfer+0x2c>  // b.any
    82620fc0:	f94000a5 	ldr	x5, [x5]
    82620fc4:	f94034a5 	ldr	x5, [x5, #104]
    82620fc8:	f9400ca5 	ldr	x5, [x5, #24]
    82620fcc:	aa0503f0 	mov	x16, x5
    82620fd0:	d61f0200 	br	x16
    82620fd4:	12800bc0 	mov	w0, #0xffffffa1            	// #-95
    82620fd8:	d65f03c0 	ret

0000000082620fdc <spi_claim_bus>:
    82620fdc:	f9400000 	ldr	x0, [x0]
    82620fe0:	17ffffb8 	b	82620ec0 <dm_spi_claim_bus>

0000000082620fe4 <spi_release_bus>:
    82620fe4:	f9400000 	ldr	x0, [x0]
    82620fe8:	17ffffe8 	b	82620f88 <dm_spi_release_bus>

0000000082620fec <spi_xfer>:
    82620fec:	f9400000 	ldr	x0, [x0]
    82620ff0:	17ffffee 	b	82620fa8 <dm_spi_xfer>

0000000082620ff4 <spi_slave_ofdata_to_platdata>:
    82620ff4:	a9bd7bfd 	stp	x29, x30, [sp, #-48]!
    82620ff8:	12800002 	mov	w2, #0xffffffff            	// #-1
    82620ffc:	910003fd 	mov	x29, sp
    82621000:	a90153f3 	stp	x19, x20, [sp, #16]
    82621004:	aa0003f4 	mov	x20, x0
    82621008:	f90013f5 	str	x21, [sp, #32]
    8262100c:	aa0103f5 	mov	x21, x1
    82621010:	f0000001 	adrp	x1, 82624000 <_ctype+0x15a>
    82621014:	911e1c21 	add	x1, x1, #0x787
    82621018:	f9401400 	ldr	x0, [x0, #40]
    8262101c:	97fff9fb 	bl	8261f808 <ofnode_read_u32_default>
    82621020:	b90002a0 	str	w0, [x21]
    82621024:	5290d402 	mov	w2, #0x86a0                	// #34464
    82621028:	90000021 	adrp	x1, 82625000 <hex_asc+0x7ab>
    8262102c:	f9401680 	ldr	x0, [x20, #40]
    82621030:	910b2421 	add	x1, x1, #0x2c9
    82621034:	72a00022 	movk	w2, #0x1, lsl #16
    82621038:	97fff9f4 	bl	8261f808 <ofnode_read_u32_default>
    8262103c:	b90006a0 	str	w0, [x21, #4]
    82621040:	90000021 	adrp	x1, 82625000 <hex_asc+0x7ab>
    82621044:	910c4021 	add	x1, x1, #0x310
    82621048:	f9401680 	ldr	x0, [x20, #40]
    8262104c:	97fffa65 	bl	8261f9e0 <ofnode_read_bool>
    82621050:	72001c1f 	tst	w0, #0xff
    82621054:	f9401680 	ldr	x0, [x20, #40]
    82621058:	1a9f07f3 	cset	w19, ne  // ne = any
    8262105c:	90000021 	adrp	x1, 82625000 <hex_asc+0x7ab>
    82621060:	910c6421 	add	x1, x1, #0x319
    82621064:	531f7a73 	lsl	w19, w19, #1
    82621068:	97fffa5e 	bl	8261f9e0 <ofnode_read_bool>
    8262106c:	72001c1f 	tst	w0, #0xff
    82621070:	54000040 	b.eq	82621078 <spi_slave_ofdata_to_platdata+0x84>  // b.none
    82621074:	32000273 	orr	w19, w19, #0x1
    82621078:	f9401680 	ldr	x0, [x20, #40]
    8262107c:	90000021 	adrp	x1, 82625000 <hex_asc+0x7ab>
    82621080:	910c8821 	add	x1, x1, #0x322
    82621084:	97fffa57 	bl	8261f9e0 <ofnode_read_bool>
    82621088:	72001c1f 	tst	w0, #0xff
    8262108c:	54000040 	b.eq	82621094 <spi_slave_ofdata_to_platdata+0xa0>  // b.none
    82621090:	321e0273 	orr	w19, w19, #0x4
    82621094:	f9401680 	ldr	x0, [x20, #40]
    82621098:	90000021 	adrp	x1, 82625000 <hex_asc+0x7ab>
    8262109c:	910cb821 	add	x1, x1, #0x32e
    826210a0:	97fffa50 	bl	8261f9e0 <ofnode_read_bool>
    826210a4:	72001c1f 	tst	w0, #0xff
    826210a8:	54000040 	b.eq	826210b0 <spi_slave_ofdata_to_platdata+0xbc>  // b.none
    826210ac:	321c0273 	orr	w19, w19, #0x10
    826210b0:	f9401680 	ldr	x0, [x20, #40]
    826210b4:	90000021 	adrp	x1, 82625000 <hex_asc+0x7ab>
    826210b8:	910ce021 	add	x1, x1, #0x338
    826210bc:	97fffa49 	bl	8261f9e0 <ofnode_read_bool>
    826210c0:	72001c1f 	tst	w0, #0xff
    826210c4:	54000040 	b.eq	826210cc <spi_slave_ofdata_to_platdata+0xd8>  // b.none
    826210c8:	32190273 	orr	w19, w19, #0x80
    826210cc:	f9401680 	ldr	x0, [x20, #40]
    826210d0:	90000021 	adrp	x1, 82625000 <hex_asc+0x7ab>
    826210d4:	52800022 	mov	w2, #0x1                   	// #1
    826210d8:	910d2021 	add	x1, x1, #0x348
    826210dc:	97fff9cb 	bl	8261f808 <ofnode_read_u32_default>
    826210e0:	7100081f 	cmp	w0, #0x2
    826210e4:	54000240 	b.eq	8262112c <spi_slave_ofdata_to_platdata+0x138>  // b.none
    826210e8:	7100101f 	cmp	w0, #0x4
    826210ec:	54000240 	b.eq	82621134 <spi_slave_ofdata_to_platdata+0x140>  // b.none
    826210f0:	f9401680 	ldr	x0, [x20, #40]
    826210f4:	90000021 	adrp	x1, 82625000 <hex_asc+0x7ab>
    826210f8:	52800022 	mov	w2, #0x1                   	// #1
    826210fc:	910d6421 	add	x1, x1, #0x359
    82621100:	97fff9c2 	bl	8261f808 <ofnode_read_u32_default>
    82621104:	7100081f 	cmp	w0, #0x2
    82621108:	540001a0 	b.eq	8262113c <spi_slave_ofdata_to_platdata+0x148>  // b.none
    8262110c:	7100101f 	cmp	w0, #0x4
    82621110:	540001a0 	b.eq	82621144 <spi_slave_ofdata_to_platdata+0x150>  // b.none
    82621114:	b9000ab3 	str	w19, [x21, #8]
    82621118:	52800000 	mov	w0, #0x0                   	// #0
    8262111c:	a94153f3 	ldp	x19, x20, [sp, #16]
    82621120:	f94013f5 	ldr	x21, [sp, #32]
    82621124:	a8c37bfd 	ldp	x29, x30, [sp], #48
    82621128:	d65f03c0 	ret
    8262112c:	32170273 	orr	w19, w19, #0x200
    82621130:	17fffff0 	b	826210f0 <spi_slave_ofdata_to_platdata+0xfc>
    82621134:	32160273 	orr	w19, w19, #0x400
    82621138:	17ffffee 	b	826210f0 <spi_slave_ofdata_to_platdata+0xfc>
    8262113c:	32140273 	orr	w19, w19, #0x1000
    82621140:	17fffff5 	b	82621114 <spi_slave_ofdata_to_platdata+0x120>
    82621144:	32130273 	orr	w19, w19, #0x2000
    82621148:	17fffff3 	b	82621114 <spi_slave_ofdata_to_platdata+0x120>

000000008262114c <spi_child_post_bind>:
    8262114c:	a9be7bfd 	stp	x29, x30, [sp, #-32]!
    82621150:	910003fd 	mov	x29, sp
    82621154:	f9000bf3 	str	x19, [sp, #16]
    82621158:	aa0003f3 	mov	x19, x0
    8262115c:	97fff526 	bl	8261e5f4 <dev_get_parent_platdata>
    82621160:	aa0003e1 	mov	x1, x0
    82621164:	f9401660 	ldr	x0, [x19, #40]
    82621168:	b100041f 	cmn	x0, #0x1
    8262116c:	540000a0 	b.eq	82621180 <spi_child_post_bind+0x34>  // b.none
    82621170:	aa1303e0 	mov	x0, x19
    82621174:	f9400bf3 	ldr	x19, [sp, #16]
    82621178:	a8c27bfd 	ldp	x29, x30, [sp], #32
    8262117c:	17ffff9e 	b	82620ff4 <spi_slave_ofdata_to_platdata>
    82621180:	52800000 	mov	w0, #0x0                   	// #0
    82621184:	f9400bf3 	ldr	x19, [sp, #16]
    82621188:	a8c27bfd 	ldp	x29, x30, [sp], #32
    8262118c:	d65f03c0 	ret

0000000082621190 <spi_check_buswidth_req.isra.0>:
    82621190:	12001c21 	and	w1, w1, #0xff
    82621194:	12001c42 	and	w2, w2, #0xff
    82621198:	7100083f 	cmp	w1, #0x2
    8262119c:	540000e0 	b.eq	826211b8 <spi_check_buswidth_req.isra.0+0x28>  // b.none
    826211a0:	7100103f 	cmp	w1, #0x4
    826211a4:	54000180 	b.eq	826211d4 <spi_check_buswidth_req.isra.0+0x44>  // b.none
    826211a8:	7100043f 	cmp	w1, #0x1
    826211ac:	12804160 	mov	w0, #0xfffffdf4            	// #-524
    826211b0:	1a9f1000 	csel	w0, w0, wzr, ne  // ne = any
    826211b4:	d65f03c0 	ret
    826211b8:	340000a2 	cbz	w2, 826211cc <spi_check_buswidth_req.isra.0+0x3c>
    826211bc:	7217041f 	tst	w0, #0x600
    826211c0:	12804160 	mov	w0, #0xfffffdf4            	// #-524
    826211c4:	1a9f0000 	csel	w0, w0, wzr, eq  // eq = none
    826211c8:	17fffffb 	b	826211b4 <spi_check_buswidth_req.isra.0+0x24>
    826211cc:	7214041f 	tst	w0, #0x3000
    826211d0:	17fffffc 	b	826211c0 <spi_check_buswidth_req.isra.0+0x30>
    826211d4:	34000062 	cbz	w2, 826211e0 <spi_check_buswidth_req.isra.0+0x50>
    826211d8:	f276001f 	tst	x0, #0x400
    826211dc:	17fffff9 	b	826211c0 <spi_check_buswidth_req.isra.0+0x30>
    826211e0:	f273001f 	tst	x0, #0x2000
    826211e4:	17fffff7 	b	826211c0 <spi_check_buswidth_req.isra.0+0x30>

00000000826211e8 <spi_mem_default_supports_op>:
    826211e8:	a9bf7bfd 	stp	x29, x30, [sp, #-16]!
    826211ec:	aa0103e3 	mov	x3, x1
    826211f0:	52800022 	mov	w2, #0x1                   	// #1
    826211f4:	910003fd 	mov	x29, sp
    826211f8:	39400021 	ldrb	w1, [x1]
    826211fc:	b9401004 	ldr	w4, [x0, #16]
    82621200:	2a0403e0 	mov	w0, w4
    82621204:	97ffffe3 	bl	82621190 <spi_check_buswidth_req.isra.0>
    82621208:	35000360 	cbnz	w0, 82621274 <spi_mem_default_supports_op+0x8c>
    8262120c:	39402060 	ldrb	w0, [x3, #8]
    82621210:	340000c0 	cbz	w0, 82621228 <spi_mem_default_supports_op+0x40>
    82621214:	39402461 	ldrb	w1, [x3, #9]
    82621218:	2a0403e0 	mov	w0, w4
    8262121c:	52800022 	mov	w2, #0x1                   	// #1
    82621220:	97ffffdc 	bl	82621190 <spi_check_buswidth_req.isra.0>
    82621224:	35000280 	cbnz	w0, 82621274 <spi_mem_default_supports_op+0x8c>
    82621228:	39406060 	ldrb	w0, [x3, #24]
    8262122c:	340000c0 	cbz	w0, 82621244 <spi_mem_default_supports_op+0x5c>
    82621230:	39406461 	ldrb	w1, [x3, #25]
    82621234:	2a0403e0 	mov	w0, w4
    82621238:	52800022 	mov	w2, #0x1                   	// #1
    8262123c:	97ffffd5 	bl	82621190 <spi_check_buswidth_req.isra.0>
    82621240:	350001a0 	cbnz	w0, 82621274 <spi_mem_default_supports_op+0x8c>
    82621244:	b9402860 	ldr	w0, [x3, #40]
    82621248:	340001a0 	cbz	w0, 8262127c <spi_mem_default_supports_op+0x94>
    8262124c:	b9402460 	ldr	w0, [x3, #36]
    82621250:	39408061 	ldrb	w1, [x3, #32]
    82621254:	7100041f 	cmp	w0, #0x1
    82621258:	2a0403e0 	mov	w0, w4
    8262125c:	1a9f17e2 	cset	w2, eq  // eq = none
    82621260:	97ffffcc 	bl	82621190 <spi_check_buswidth_req.isra.0>
    82621264:	7100001f 	cmp	w0, #0x0
    82621268:	1a9f17e0 	cset	w0, eq  // eq = none
    8262126c:	a8c17bfd 	ldp	x29, x30, [sp], #16
    82621270:	d65f03c0 	ret
    82621274:	52800000 	mov	w0, #0x0                   	// #0
    82621278:	17fffffd 	b	8262126c <spi_mem_default_supports_op+0x84>
    8262127c:	52800020 	mov	w0, #0x1                   	// #1
    82621280:	17fffffb 	b	8262126c <spi_mem_default_supports_op+0x84>

0000000082621284 <spi_mem_supports_op>:
    82621284:	f9400004 	ldr	x4, [x0]
    82621288:	aa0003e2 	mov	x2, x0
    8262128c:	aa0103e3 	mov	x3, x1
    82621290:	f9401c84 	ldr	x4, [x4, #56]
    82621294:	f9400084 	ldr	x4, [x4]
    82621298:	f9403484 	ldr	x4, [x4, #104]
    8262129c:	f9401084 	ldr	x4, [x4, #32]
    826212a0:	b40000a4 	cbz	x4, 826212b4 <spi_mem_supports_op+0x30>
    826212a4:	f9400484 	ldr	x4, [x4, #8]
    826212a8:	b4000064 	cbz	x4, 826212b4 <spi_mem_supports_op+0x30>
    826212ac:	aa0403f0 	mov	x16, x4
    826212b0:	d61f0200 	br	x16
    826212b4:	aa0303e1 	mov	x1, x3
    826212b8:	aa0203e0 	mov	x0, x2
    826212bc:	17ffffcb 	b	826211e8 <spi_mem_default_supports_op>

00000000826212c0 <spi_mem_exec_op>:
    826212c0:	a9b97bfd 	stp	x29, x30, [sp, #-112]!
    826212c4:	b0000022 	adrp	x2, 82626000 <spinand_chip_table+0xc96>
    826212c8:	910003fd 	mov	x29, sp
    826212cc:	a90153f3 	stp	x19, x20, [sp, #16]
    826212d0:	aa0103f4 	mov	x20, x1
    826212d4:	a9025bf5 	stp	x21, x22, [sp, #32]
    826212d8:	aa0003f5 	mov	x21, x0
    826212dc:	a90363f7 	stp	x23, x24, [sp, #48]
    826212e0:	f942f843 	ldr	x3, [x2, #1520]
    826212e4:	f90037e3 	str	x3, [sp, #104]
    826212e8:	d2800003 	mov	x3, #0x0                   	// #0
    826212ec:	f9400002 	ldr	x2, [x0]
    826212f0:	f9401c42 	ldr	x2, [x2, #56]
    826212f4:	f9400042 	ldr	x2, [x2]
    826212f8:	f9403456 	ldr	x22, [x2, #104]
    826212fc:	97ffffe2 	bl	82621284 <spi_mem_supports_op>
    82621300:	72001c1f 	tst	w0, #0xff
    82621304:	54000c80 	b.eq	82621494 <spi_mem_exec_op+0x1d4>  // b.none
    82621308:	aa1503e0 	mov	x0, x21
    8262130c:	97ffff34 	bl	82620fdc <spi_claim_bus>
    82621310:	2a0003f3 	mov	w19, w0
    82621314:	37f801a0 	tbnz	w0, #31, 82621348 <spi_mem_exec_op+0x88>
    82621318:	f94012c0 	ldr	x0, [x22, #32]
    8262131c:	b4000240 	cbz	x0, 82621364 <spi_mem_exec_op+0xa4>
    82621320:	f9400802 	ldr	x2, [x0, #16]
    82621324:	b4000202 	cbz	x2, 82621364 <spi_mem_exec_op+0xa4>
    82621328:	aa1403e1 	mov	x1, x20
    8262132c:	aa1503e0 	mov	x0, x21
    82621330:	d63f0040 	blr	x2
    82621334:	2a0003f3 	mov	w19, w0
    82621338:	3108301f 	cmn	w0, #0x20c
    8262133c:	54000140 	b.eq	82621364 <spi_mem_exec_op+0xa4>  // b.none
    82621340:	aa1503e0 	mov	x0, x21
    82621344:	97ffff28 	bl	82620fe4 <spi_release_bus>
    82621348:	b0000020 	adrp	x0, 82626000 <spinand_chip_table+0xc96>
    8262134c:	f94037e1 	ldr	x1, [sp, #104]
    82621350:	f942f802 	ldr	x2, [x0, #1520]
    82621354:	eb020021 	subs	x1, x1, x2
    82621358:	d2800002 	mov	x2, #0x0                   	// #0
    8262135c:	54000a40 	b.eq	826214a4 <spi_mem_exec_op+0x1e4>  // b.none
    82621360:	97ffc427 	bl	826123fc <__stack_chk_fail>
    82621364:	b9402a80 	ldr	w0, [x20, #40]
    82621368:	340007e0 	cbz	w0, 82621464 <spi_mem_exec_op+0x1a4>
    8262136c:	b9402680 	ldr	w0, [x20, #36]
    82621370:	f9401a96 	ldr	x22, [x20, #48]
    82621374:	350007c0 	cbnz	w0, 8262146c <spi_mem_exec_op+0x1ac>
    82621378:	aa1603f7 	mov	x23, x22
    8262137c:	d2800016 	mov	x22, #0x0                   	// #0
    82621380:	39402293 	ldrb	w19, [x20, #8]
    82621384:	39406280 	ldrb	w0, [x20, #24]
    82621388:	0b000273 	add	w19, w19, w0
    8262138c:	11000673 	add	w19, w19, #0x1
    82621390:	7100827f 	cmp	w19, #0x20
    82621394:	54000848 	b.hi	8262149c <spi_mem_exec_op+0x1dc>  // b.pmore
    82621398:	910123e0 	add	x0, sp, #0x48
    8262139c:	d2800402 	mov	x2, #0x20                  	// #32
    826213a0:	52800001 	mov	w1, #0x0                   	// #0
    826213a4:	97ffeb10 	bl	8261bfe4 <memset>
    826213a8:	39400680 	ldrb	w0, [x20, #1]
    826213ac:	390123e0 	strb	w0, [sp, #72]
    826213b0:	39402280 	ldrb	w0, [x20, #8]
    826213b4:	34000680 	cbz	w0, 82621484 <spi_mem_exec_op+0x1c4>
    826213b8:	531d7001 	lsl	w1, w0, #3
    826213bc:	910123e2 	add	x2, sp, #0x48
    826213c0:	51002021 	sub	w1, w1, #0x8
    826213c4:	91000442 	add	x2, x2, #0x1
    826213c8:	3100203f 	cmn	w1, #0x8
    826213cc:	54000541 	b.ne	82621474 <spi_mem_exec_op+0x1b4>  // b.any
    826213d0:	11000400 	add	w0, w0, #0x1
    826213d4:	39406282 	ldrb	w2, [x20, #24]
    826213d8:	340000c2 	cbz	w2, 826213f0 <spi_mem_exec_op+0x130>
    826213dc:	910123e3 	add	x3, sp, #0x48
    826213e0:	92401c42 	and	x2, x2, #0xff
    826213e4:	8b000060 	add	x0, x3, x0
    826213e8:	52801fe1 	mov	w1, #0xff                  	// #255
    826213ec:	97ffeafe 	bl	8261bfe4 <memset>
    826213f0:	aa1702d8 	orr	x24, x22, x23
    826213f4:	52800064 	mov	w4, #0x3                   	// #3
    826213f8:	f100031f 	cmp	x24, #0x0
    826213fc:	531d7261 	lsl	w1, w19, #3
    82621400:	1a9f0484 	csinc	w4, w4, wzr, eq  // eq = none
    82621404:	910123e2 	add	x2, sp, #0x48
    82621408:	92400484 	and	x4, x4, #0x3
    8262140c:	aa1503e0 	mov	x0, x21
    82621410:	d2800003 	mov	x3, #0x0                   	// #0
    82621414:	97fffef6 	bl	82620fec <spi_xfer>
    82621418:	2a0003f3 	mov	w19, w0
    8262141c:	35fff960 	cbnz	w0, 82621348 <spi_mem_exec_op+0x88>
    82621420:	b4fff918 	cbz	x24, 82621340 <spi_mem_exec_op+0x80>
    82621424:	39408280 	ldrb	w0, [x20, #32]
    82621428:	7100081f 	cmp	w0, #0x2
    8262142c:	54000300 	b.eq	8262148c <spi_mem_exec_op+0x1cc>  // b.none
    82621430:	7100101f 	cmp	w0, #0x4
    82621434:	d2800044 	mov	x4, #0x2                   	// #2
    82621438:	d2800440 	mov	x0, #0x22                  	// #34
    8262143c:	9a801084 	csel	x4, x4, x0, ne  // ne = any
    82621440:	b9402a81 	ldr	w1, [x20, #40]
    82621444:	aa1703e3 	mov	x3, x23
    82621448:	aa1603e2 	mov	x2, x22
    8262144c:	aa1503e0 	mov	x0, x21
    82621450:	531d7021 	lsl	w1, w1, #3
    82621454:	97fffee6 	bl	82620fec <spi_xfer>
    82621458:	34fff740 	cbz	w0, 82621340 <spi_mem_exec_op+0x80>
    8262145c:	2a0003f3 	mov	w19, w0
    82621460:	17ffffba 	b	82621348 <spi_mem_exec_op+0x88>
    82621464:	d2800017 	mov	x23, #0x0                   	// #0
    82621468:	17ffffc5 	b	8262137c <spi_mem_exec_op+0xbc>
    8262146c:	d2800017 	mov	x23, #0x0                   	// #0
    82621470:	17ffffc4 	b	82621380 <spi_mem_exec_op+0xc0>
    82621474:	f9400a83 	ldr	x3, [x20, #16]
    82621478:	9ac12463 	lsr	x3, x3, x1
    8262147c:	39000043 	strb	w3, [x2]
    82621480:	17ffffd0 	b	826213c0 <spi_mem_exec_op+0x100>
    82621484:	d2800020 	mov	x0, #0x1                   	// #1
    82621488:	17ffffd3 	b	826213d4 <spi_mem_exec_op+0x114>
    8262148c:	d2800244 	mov	x4, #0x12                  	// #18
    82621490:	17ffffec 	b	82621440 <spi_mem_exec_op+0x180>
    82621494:	12804173 	mov	w19, #0xfffffdf4            	// #-524
    82621498:	17ffffac 	b	82621348 <spi_mem_exec_op+0x88>
    8262149c:	12800173 	mov	w19, #0xfffffff4            	// #-12
    826214a0:	17ffffaa 	b	82621348 <spi_mem_exec_op+0x88>
    826214a4:	2a1303e0 	mov	w0, w19
    826214a8:	a94153f3 	ldp	x19, x20, [sp, #16]
    826214ac:	a9425bf5 	ldp	x21, x22, [sp, #32]
    826214b0:	a94363f7 	ldp	x23, x24, [sp, #48]
    826214b4:	a8c77bfd 	ldp	x29, x30, [sp], #112
    826214b8:	d65f03c0 	ret

00000000826214bc <spi_mem_adjust_op_size>:
    826214bc:	f9400003 	ldr	x3, [x0]
    826214c0:	aa0003e4 	mov	x4, x0
    826214c4:	aa0103e2 	mov	x2, x1
    826214c8:	f9401c63 	ldr	x3, [x3, #56]
    826214cc:	f9400063 	ldr	x3, [x3]
    826214d0:	f9403463 	ldr	x3, [x3, #104]
    826214d4:	f9401063 	ldr	x3, [x3, #32]
    826214d8:	b40000e3 	cbz	x3, 826214f4 <spi_mem_adjust_op_size+0x38>
    826214dc:	f9400065 	ldr	x5, [x3]
    826214e0:	b4000065 	cbz	x5, 826214ec <spi_mem_adjust_op_size+0x30>
    826214e4:	aa0503f0 	mov	x16, x5
    826214e8:	d61f0200 	br	x16
    826214ec:	f9400860 	ldr	x0, [x3, #16]
    826214f0:	b5000280 	cbnz	x0, 82621540 <spi_mem_adjust_op_size+0x84>
    826214f4:	39406043 	ldrb	w3, [x2, #24]
    826214f8:	39402041 	ldrb	w1, [x2, #8]
    826214fc:	0b030021 	add	w1, w1, w3
    82621500:	11000423 	add	w3, w1, #0x1
    82621504:	b9401c81 	ldr	w1, [x4, #28]
    82621508:	340000a1 	cbz	w1, 8262151c <spi_mem_adjust_op_size+0x60>
    8262150c:	6b03003f 	cmp	w1, w3
    82621510:	54000062 	b.cs	8262151c <spi_mem_adjust_op_size+0x60>  // b.hs, b.nlast
    82621514:	128002a0 	mov	w0, #0xffffffea            	// #-22
    82621518:	d65f03c0 	ret
    8262151c:	29449440 	ldp	w0, w5, [x2, #36]
    82621520:	35000140 	cbnz	w0, 82621548 <spi_mem_adjust_op_size+0x8c>
    82621524:	b9401880 	ldr	w0, [x4, #24]
    82621528:	34000100 	cbz	w0, 82621548 <spi_mem_adjust_op_size+0x8c>
    8262152c:	6b05001f 	cmp	w0, w5
    82621530:	1a859000 	csel	w0, w0, w5, ls  // ls = plast
    82621534:	b9002840 	str	w0, [x2, #40]
    82621538:	b9402840 	ldr	w0, [x2, #40]
    8262153c:	34fffec0 	cbz	w0, 82621514 <spi_mem_adjust_op_size+0x58>
    82621540:	52800000 	mov	w0, #0x0                   	// #0
    82621544:	17fffff5 	b	82621518 <spi_mem_adjust_op_size+0x5c>
    82621548:	34ffff81 	cbz	w1, 82621538 <spi_mem_adjust_op_size+0x7c>
    8262154c:	4b030021 	sub	w1, w1, w3
    82621550:	6b05003f 	cmp	w1, w5
    82621554:	1a859021 	csel	w1, w1, w5, ls  // ls = plast
    82621558:	b9002841 	str	w1, [x2, #40]
    8262155c:	17fffff7 	b	82621538 <spi_mem_adjust_op_size+0x7c>

0000000082621560 <bcm63xx_hsspi_activate_cs>:
    82621560:	f9400402 	ldr	x2, [x0, #8]
    82621564:	b9401403 	ldr	w3, [x0, #20]
    82621568:	d1000442 	sub	x2, x2, #0x1
    8262156c:	8b030042 	add	x2, x2, x3
    82621570:	9ac30842 	udiv	x2, x2, x3
    82621574:	111ffc43 	add	w3, w2, #0x7ff
    82621578:	1ac20862 	udiv	w2, w3, w2
    8262157c:	12003442 	and	w2, w2, #0x3fff
    82621580:	32110042 	orr	w2, w2, #0x8000
    82621584:	d5033fbf 	dmb	sy
    82621588:	b9400023 	ldr	w3, [x1]
    8262158c:	f9400004 	ldr	x4, [x0]
    82621590:	11002063 	add	w3, w3, #0x8
    82621594:	531b6863 	lsl	w3, w3, #5
    82621598:	b8236882 	str	w2, [x4, x3]
    8262159c:	52840003 	mov	w3, #0x2000                	// #8192
    826215a0:	52820004 	mov	w4, #0x1000                	// #4096
    826215a4:	b9400822 	ldr	w2, [x1, #8]
    826215a8:	f240005f 	tst	x2, #0x1
    826215ac:	52987002 	mov	w2, #0xc380                	// #50048
    826215b0:	1a841064 	csel	w4, w3, w4, ne  // ne = any
    826215b4:	b9401403 	ldr	w3, [x0, #20]
    826215b8:	72a03922 	movk	w2, #0x1c9, lsl #16
    826215bc:	6b02007f 	cmp	w3, w2
    826215c0:	54000049 	b.ls	826215c8 <bcm63xx_hsspi_activate_cs+0x68>  // b.plast
    826215c4:	32100084 	orr	w4, w4, #0x10000
    826215c8:	b9400022 	ldr	w2, [x1]
    826215cc:	5299ffe6 	mov	w6, #0xcfff                	// #53247
    826215d0:	f9400005 	ldr	x5, [x0]
    826215d4:	72bfffc6 	movk	w6, #0xfffe, lsl #16
    826215d8:	531b6842 	lsl	w2, w2, #5
    826215dc:	11041042 	add	w2, w2, #0x104
    826215e0:	b86268a3 	ldr	w3, [x5, x2]
    826215e4:	0a060063 	and	w3, w3, w6
    826215e8:	2a040063 	orr	w3, w3, w4
    826215ec:	b82268a3 	str	w3, [x5, x2]
    826215f0:	b9401c02 	ldr	w2, [x0, #28]
    826215f4:	b9400024 	ldr	w4, [x1]
    826215f8:	d2800021 	mov	x1, #0x1                   	// #1
    826215fc:	39404403 	ldrb	w3, [x0, #17]
    82621600:	34000342 	cbz	w2, 82621668 <bcm63xx_hsspi_activate_cs+0x108>
    82621604:	9ac42022 	lsl	x2, x1, x4
    82621608:	9ac42461 	lsr	x1, x3, x4
    8262160c:	f2400021 	ands	x1, x1, #0x1
    82621610:	1a9f1041 	csel	w1, w2, wzr, ne  // ne = any
    82621614:	1a9f0042 	csel	w2, w2, wzr, eq  // eq = none
    82621618:	7100009f 	cmp	w4, #0x0
    8262161c:	9a9f17e5 	cset	x5, eq  // eq = none
    82621620:	910004a5 	add	x5, x5, #0x1
    82621624:	ea05007f 	tst	x3, x5
    82621628:	54000160 	b.eq	82621654 <bcm63xx_hsspi_activate_cs+0xf4>  // b.none
    8262162c:	7100009f 	cmp	w4, #0x0
    82621630:	1a9f17e3 	cset	w3, eq  // eq = none
    82621634:	11000463 	add	w3, w3, #0x1
    82621638:	2a030021 	orr	w1, w1, w3
    8262163c:	f9400000 	ldr	x0, [x0]
    82621640:	b9400003 	ldr	w3, [x0]
    82621644:	0a210061 	bic	w1, w3, w1
    82621648:	2a020021 	orr	w1, w1, w2
    8262164c:	b9000001 	str	w1, [x0]
    82621650:	d65f03c0 	ret
    82621654:	7100009f 	cmp	w4, #0x0
    82621658:	1a9f17e3 	cset	w3, eq  // eq = none
    8262165c:	11000463 	add	w3, w3, #0x1
    82621660:	2a030042 	orr	w2, w2, w3
    82621664:	17fffff6 	b	8262163c <bcm63xx_hsspi_activate_cs+0xdc>
    82621668:	9ac42463 	lsr	x3, x3, x4
    8262166c:	f2400063 	ands	x3, x3, #0x1
    82621670:	9ac42021 	lsl	x1, x1, x4
    82621674:	1a9f1022 	csel	w2, w1, wzr, ne  // ne = any
    82621678:	1a9f0021 	csel	w1, w1, wzr, eq  // eq = none
    8262167c:	17fffff0 	b	8262163c <bcm63xx_hsspi_activate_cs+0xdc>

0000000082621680 <bcm63xx_hsspi_set_mode>:
    82621680:	a9be7bfd 	stp	x29, x30, [sp, #-32]!
    82621684:	910003fd 	mov	x29, sp
    82621688:	f9000bf3 	str	x19, [sp, #16]
    8262168c:	2a0103f3 	mov	w19, w1
    82621690:	97fff3df 	bl	8261e60c <dev_get_priv>
    82621694:	f9400000 	ldr	x0, [x0]
    82621698:	b9400001 	ldr	w1, [x0]
    8262169c:	360800f3 	tbz	w19, #1, 826216b8 <bcm63xx_hsspi_set_mode+0x38>
    826216a0:	320f0021 	orr	w1, w1, #0x20000
    826216a4:	b9000001 	str	w1, [x0]
    826216a8:	52800000 	mov	w0, #0x0                   	// #0
    826216ac:	f9400bf3 	ldr	x19, [sp, #16]
    826216b0:	a8c27bfd 	ldp	x29, x30, [sp], #32
    826216b4:	d65f03c0 	ret
    826216b8:	120e7821 	and	w1, w1, #0xfffdffff
    826216bc:	17fffffa 	b	826216a4 <bcm63xx_hsspi_set_mode+0x24>

00000000826216c0 <bcm63xx_hsspi_set_speed>:
    826216c0:	a9be7bfd 	stp	x29, x30, [sp, #-32]!
    826216c4:	910003fd 	mov	x29, sp
    826216c8:	f9000bf3 	str	x19, [sp, #16]
    826216cc:	2a0103f3 	mov	w19, w1
    826216d0:	97fff3cf 	bl	8261e60c <dev_get_priv>
    826216d4:	b9401801 	ldr	w1, [x0, #24]
    826216d8:	34000061 	cbz	w1, 826216e4 <bcm63xx_hsspi_set_speed+0x24>
    826216dc:	6b01027f 	cmp	w19, w1
    826216e0:	1a819273 	csel	w19, w19, w1, ls  // ls = plast
    826216e4:	b9001413 	str	w19, [x0, #20]
    826216e8:	52800000 	mov	w0, #0x0                   	// #0
    826216ec:	f9400bf3 	ldr	x19, [sp, #16]
    826216f0:	a8c27bfd 	ldp	x29, x30, [sp], #32
    826216f4:	d65f03c0 	ret

00000000826216f8 <bcm63xx_hsspi_cs_info>:
    826216f8:	a9be7bfd 	stp	x29, x30, [sp, #-32]!
    826216fc:	910003fd 	mov	x29, sp
    82621700:	f9000bf3 	str	x19, [sp, #16]
    82621704:	2a0103f3 	mov	w19, w1
    82621708:	97fff3c1 	bl	8261e60c <dev_get_priv>
    8262170c:	39404000 	ldrb	w0, [x0, #16]
    82621710:	6b13001f 	cmp	w0, w19
    82621714:	54000128 	b.hi	82621738 <bcm63xx_hsspi_cs_info+0x40>  // b.pmore
    82621718:	2a1303e1 	mov	w1, w19
    8262171c:	d0000000 	adrp	x0, 82623000 <clk_fixed_rate_ops+0x18>
    82621720:	913f3800 	add	x0, x0, #0xfce
    82621724:	97ffef95 	bl	8261d578 <printf>
    82621728:	12800240 	mov	w0, #0xffffffed            	// #-19
    8262172c:	f9400bf3 	ldr	x19, [sp, #16]
    82621730:	a8c27bfd 	ldp	x29, x30, [sp], #32
    82621734:	d65f03c0 	ret
    82621738:	52800000 	mov	w0, #0x0                   	// #0
    8262173c:	17fffffc 	b	8262172c <bcm63xx_hsspi_cs_info+0x34>

0000000082621740 <bcm63xx_hsspi_child_pre_probe>:
    82621740:	a9bd7bfd 	stp	x29, x30, [sp, #-48]!
    82621744:	910003fd 	mov	x29, sp
    82621748:	a90153f3 	stp	x19, x20, [sp, #16]
    8262174c:	aa0003f4 	mov	x20, x0
    82621750:	f90013f5 	str	x21, [sp, #32]
    82621754:	f9401c00 	ldr	x0, [x0, #56]
    82621758:	97fff3ad 	bl	8261e60c <dev_get_priv>
    8262175c:	aa0003f3 	mov	x19, x0
    82621760:	aa1403e0 	mov	x0, x20
    82621764:	97fff3a4 	bl	8261e5f4 <dev_get_parent_platdata>
    82621768:	aa0003f5 	mov	x21, x0
    8262176c:	aa1403e0 	mov	x0, x20
    82621770:	97fff3ad 	bl	8261e624 <dev_get_parent_priv>
    82621774:	aa0003e3 	mov	x3, x0
    82621778:	39404260 	ldrb	w0, [x19, #16]
    8262177c:	b94002a1 	ldr	w1, [x21]
    82621780:	6b00003f 	cmp	w1, w0
    82621784:	54000123 	b.cc	826217a8 <bcm63xx_hsspi_child_pre_probe+0x68>  // b.lo, b.ul, b.last
    82621788:	d0000000 	adrp	x0, 82623000 <clk_fixed_rate_ops+0x18>
    8262178c:	913f3800 	add	x0, x0, #0xfce
    82621790:	97ffef7a 	bl	8261d578 <printf>
    82621794:	12800240 	mov	w0, #0xffffffed            	// #-19
    82621798:	a94153f3 	ldp	x19, x20, [sp, #16]
    8262179c:	f94013f5 	ldr	x21, [sp, #32]
    826217a0:	a8c37bfd 	ldp	x29, x30, [sp], #48
    826217a4:	d65f03c0 	ret
    826217a8:	39404660 	ldrb	w0, [x19, #17]
    826217ac:	d2800022 	mov	x2, #0x1                   	// #1
    826217b0:	b9400aa4 	ldr	w4, [x21, #8]
    826217b4:	9ac12042 	lsl	x2, x2, x1
    826217b8:	12001c41 	and	w1, w2, #0xff
    826217bc:	2a010002 	orr	w2, w0, w1
    826217c0:	0a210001 	bic	w1, w0, w1
    826217c4:	b9401e60 	ldr	w0, [x19, #28]
    826217c8:	f27e009f 	tst	x4, #0x4
    826217cc:	1a820021 	csel	w1, w1, w2, eq  // eq = none
    826217d0:	39004661 	strb	w1, [x19, #17]
    826217d4:	35000080 	cbnz	w0, 826217e4 <bcm63xx_hsspi_child_pre_probe+0xa4>
    826217d8:	b21f1fe1 	mov	x1, #0x1fe000001fe         	// #2190433321470
    826217dc:	f9000c61 	str	x1, [x3, #24]
    826217e0:	17ffffee 	b	82621798 <bcm63xx_hsspi_child_pre_probe+0x58>
    826217e4:	52800000 	mov	w0, #0x0                   	// #0
    826217e8:	17ffffec 	b	82621798 <bcm63xx_hsspi_child_pre_probe+0x58>

00000000826217ec <bcm63xx_hsspi_probe>:
    826217ec:	a9ba7bfd 	stp	x29, x30, [sp, #-96]!
    826217f0:	b0000021 	adrp	x1, 82626000 <spinand_chip_table+0xc96>
    826217f4:	910003fd 	mov	x29, sp
    826217f8:	a90153f3 	stp	x19, x20, [sp, #16]
    826217fc:	aa0003f4 	mov	x20, x0
    82621800:	f90013f5 	str	x21, [sp, #32]
    82621804:	f942f822 	ldr	x2, [x1, #1520]
    82621808:	f9002fe2 	str	x2, [sp, #88]
    8262180c:	d2800002 	mov	x2, #0x0                   	// #0
    82621810:	97fff37f 	bl	8261e60c <dev_get_priv>
    82621814:	aa0003f3 	mov	x19, x0
    82621818:	aa1403e0 	mov	x0, x20
    8262181c:	b9003fff 	str	wzr, [sp, #60]
    82621820:	97fff3cd 	bl	8261e754 <devfdt_remap_addr>
    82621824:	f9000260 	str	x0, [x19]
    82621828:	b4000ae0 	cbz	x0, 82621984 <bcm63xx_hsspi_probe+0x198>
    8262182c:	f9401680 	ldr	x0, [x20, #40]
    82621830:	52800102 	mov	w2, #0x8                   	// #8
    82621834:	d0000001 	adrp	x1, 82623000 <clk_fixed_rate_ops+0x18>
    82621838:	913f6021 	add	x1, x1, #0xfd8
    8262183c:	97fff7f3 	bl	8261f808 <ofnode_read_u32_default>
    82621840:	39004260 	strb	w0, [x19, #16]
    82621844:	d0000001 	adrp	x1, 82623000 <clk_fixed_rate_ops+0x18>
    82621848:	9100f3e2 	add	x2, sp, #0x3c
    8262184c:	f9401680 	ldr	x0, [x20, #40]
    82621850:	913f7c21 	add	x1, x1, #0xfdf
    82621854:	97fff7cb 	bl	8261f780 <ofnode_read_u32>
    82621858:	35000920 	cbnz	w0, 8262197c <bcm63xx_hsspi_probe+0x190>
    8262185c:	b9403fe0 	ldr	w0, [sp, #60]
    82621860:	52987001 	mov	w1, #0xc380                	// #50048
    82621864:	72a03921 	movk	w1, #0x1c9, lsl #16
    82621868:	6b01001f 	cmp	w0, w1
    8262186c:	1a808021 	csel	w1, w1, w0, hi  // hi = pmore
    82621870:	b9001a61 	str	w1, [x19, #24]
    82621874:	d0000000 	adrp	x0, 82623000 <clk_fixed_rate_ops+0x18>
    82621878:	913fb800 	add	x0, x0, #0xfee
    8262187c:	97ffef3f 	bl	8261d578 <printf>
    82621880:	f9401680 	ldr	x0, [x20, #40]
    82621884:	52800002 	mov	w2, #0x0                   	// #0
    82621888:	f0000001 	adrp	x1, 82624000 <_ctype+0x15a>
    8262188c:	91002c21 	add	x1, x1, #0xb
    82621890:	97fff7de 	bl	8261f808 <ofnode_read_u32_default>
    82621894:	b9001e60 	str	w0, [x19, #28]
    82621898:	b0000021 	adrp	x1, 82626000 <spinand_chip_table+0xc96>
    8262189c:	910103e2 	add	x2, sp, #0x40
    826218a0:	91105c21 	add	x1, x1, #0x417
    826218a4:	aa1403e0 	mov	x0, x20
    826218a8:	97fff0ec 	bl	8261dc58 <clk_get_by_name>
    826218ac:	37f805a0 	tbnz	w0, #31, 82621960 <bcm63xx_hsspi_probe+0x174>
    826218b0:	910103e0 	add	x0, sp, #0x40
    826218b4:	97fff1a9 	bl	8261df58 <clk_enable>
    826218b8:	7100001f 	cmp	w0, #0x0
    826218bc:	128004b5 	mov	w21, #0xffffffda            	// #-38
    826218c0:	7a55b004 	ccmp	w0, w21, #0x4, lt  // lt = tstop
    826218c4:	540004e1 	b.ne	82621960 <bcm63xx_hsspi_probe+0x174>  // b.any
    826218c8:	910103e0 	add	x0, sp, #0x40
    826218cc:	97fff117 	bl	8261dd28 <clk_free>
    826218d0:	7100001f 	cmp	w0, #0x0
    826218d4:	7a55b004 	ccmp	w0, w21, #0x4, lt  // lt = tstop
    826218d8:	54000441 	b.ne	82621960 <bcm63xx_hsspi_probe+0x174>  // b.any
    826218dc:	910103e2 	add	x2, sp, #0x40
    826218e0:	aa1403e0 	mov	x0, x20
    826218e4:	f0000001 	adrp	x1, 82624000 <_ctype+0x15a>
    826218e8:	91007421 	add	x1, x1, #0x1d
    826218ec:	97fff0db 	bl	8261dc58 <clk_get_by_name>
    826218f0:	7100001f 	cmp	w0, #0x0
    826218f4:	7a55b004 	ccmp	w0, w21, #0x4, lt  // lt = tstop
    826218f8:	54000341 	b.ne	82621960 <bcm63xx_hsspi_probe+0x174>  // b.any
    826218fc:	910103e0 	add	x0, sp, #0x40
    82621900:	97fff113 	bl	8261dd4c <clk_get_rate>
    82621904:	f9000660 	str	x0, [x19, #8]
    82621908:	910103e0 	add	x0, sp, #0x40
    8262190c:	97fff107 	bl	8261dd28 <clk_free>
    82621910:	7100001f 	cmp	w0, #0x0
    82621914:	7a55b004 	ccmp	w0, w21, #0x4, lt  // lt = tstop
    82621918:	54000241 	b.ne	82621960 <bcm63xx_hsspi_probe+0x174>  // b.any
    8262191c:	d5033fbf 	dmb	sy
    82621920:	f9400260 	ldr	x0, [x19]
    82621924:	b900101f 	str	wzr, [x0, #16]
    82621928:	d5033fbf 	dmb	sy
    8262192c:	f9400260 	ldr	x0, [x19]
    82621930:	5283e3e1 	mov	w1, #0x1f1f                	// #7967
    82621934:	72bfe001 	movk	w1, #0xff00, lsl #16
    82621938:	b9000801 	str	w1, [x0, #8]
    8262193c:	f9400261 	ldr	x1, [x19]
    82621940:	b9400020 	ldr	w0, [x1]
    82621944:	32100000 	orr	w0, w0, #0x10000
    82621948:	b9000020 	str	w0, [x1]
    8262194c:	f9400260 	ldr	x0, [x19]
    82621950:	b9400000 	ldr	w0, [x0]
    82621954:	d5033fbf 	dmb	sy
    82621958:	39004660 	strb	w0, [x19, #17]
    8262195c:	52800000 	mov	w0, #0x0                   	// #0
    82621960:	b0000021 	adrp	x1, 82626000 <spinand_chip_table+0xc96>
    82621964:	f9402fe2 	ldr	x2, [sp, #88]
    82621968:	f942f823 	ldr	x3, [x1, #1520]
    8262196c:	eb030042 	subs	x2, x2, x3
    82621970:	d2800003 	mov	x3, #0x0                   	// #0
    82621974:	540000c0 	b.eq	8262198c <bcm63xx_hsspi_probe+0x1a0>  // b.none
    82621978:	97ffc2a1 	bl	826123fc <__stack_chk_fail>
    8262197c:	b9001a7f 	str	wzr, [x19, #24]
    82621980:	17ffffc0 	b	82621880 <bcm63xx_hsspi_probe+0x94>
    82621984:	128002a0 	mov	w0, #0xffffffea            	// #-22
    82621988:	17fffff6 	b	82621960 <bcm63xx_hsspi_probe+0x174>
    8262198c:	a94153f3 	ldp	x19, x20, [sp, #16]
    82621990:	f94013f5 	ldr	x21, [sp, #32]
    82621994:	a8c67bfd 	ldp	x29, x30, [sp], #96
    82621998:	d65f03c0 	ret

000000008262199c <bcm63xx_hsspi_xfer>:
    8262199c:	a9b97bfd 	stp	x29, x30, [sp, #-112]!
    826219a0:	910003fd 	mov	x29, sp
    826219a4:	a90153f3 	stp	x19, x20, [sp, #16]
    826219a8:	53037c34 	lsr	w20, w1, #3
    826219ac:	a9025bf5 	stp	x21, x22, [sp, #32]
    826219b0:	aa0203f6 	mov	x22, x2
    826219b4:	aa0303f5 	mov	x21, x3
    826219b8:	a90363f7 	stp	x23, x24, [sp, #48]
    826219bc:	aa0403f7 	mov	x23, x4
    826219c0:	a9046bf9 	stp	x25, x26, [sp, #64]
    826219c4:	53037c3a 	lsr	w26, w1, #3
    826219c8:	a90573fb 	stp	x27, x28, [sp, #80]
    826219cc:	aa0003fb 	mov	x27, x0
    826219d0:	f9401c00 	ldr	x0, [x0, #56]
    826219d4:	97fff30e 	bl	8261e60c <dev_get_priv>
    826219d8:	aa0003fc 	mov	x28, x0
    826219dc:	aa1b03e0 	mov	x0, x27
    826219e0:	97fff305 	bl	8261e5f4 <dev_get_parent_platdata>
    826219e4:	924002e1 	and	x1, x23, #0x1
    826219e8:	b9401f99 	ldr	w25, [x28, #28]
    826219ec:	35001099 	cbnz	w25, 82621bfc <bcm63xx_hsspi_xfer+0x260>
    826219f0:	f9401f60 	ldr	x0, [x27, #56]
    826219f4:	f90037e1 	str	x1, [sp, #104]
    826219f8:	97fff305 	bl	8261e60c <dev_get_priv>
    826219fc:	aa0003f3 	mov	x19, x0
    82621a00:	aa1b03e0 	mov	x0, x27
    82621a04:	97fff2fc 	bl	8261e5f4 <dev_get_parent_platdata>
    82621a08:	f94037e1 	ldr	x1, [sp, #104]
    82621a0c:	aa0003f8 	mov	x24, x0
    82621a10:	b4000041 	cbz	x1, 82621a18 <bcm63xx_hsspi_xfer+0x7c>
    82621a14:	b900227f 	str	wzr, [x19, #32]
    82621a18:	b4000315 	cbz	x21, 82621a78 <bcm63xx_hsspi_xfer+0xdc>
    82621a1c:	37080217 	tbnz	w23, #1, 82621a5c <bcm63xx_hsspi_xfer+0xc0>
    82621a20:	128002b9 	mov	w25, #0xffffffea            	// #-22
    82621a24:	f0000000 	adrp	x0, 82624000 <_ctype+0x15a>
    82621a28:	91008400 	add	x0, x0, #0x21
    82621a2c:	97ffeed3 	bl	8261d578 <printf>
    82621a30:	f0000000 	adrp	x0, 82624000 <_ctype+0x15a>
    82621a34:	9100e400 	add	x0, x0, #0x39
    82621a38:	97ffeed0 	bl	8261d578 <printf>
    82621a3c:	2a1903e0 	mov	w0, w25
    82621a40:	a94153f3 	ldp	x19, x20, [sp, #16]
    82621a44:	a9425bf5 	ldp	x21, x22, [sp, #32]
    82621a48:	a94363f7 	ldp	x23, x24, [sp, #48]
    82621a4c:	a9446bf9 	ldp	x25, x26, [sp, #64]
    82621a50:	a94573fb 	ldp	x27, x28, [sp, #80]
    82621a54:	a8c77bfd 	ldp	x29, x30, [sp], #112
    82621a58:	d65f03c0 	ret
    82621a5c:	7107fb5f 	cmp	w26, #0x1fe
    82621a60:	540000c9 	b.ls	82621a78 <bcm63xx_hsspi_xfer+0xdc>  // b.plast
    82621a64:	f0000000 	adrp	x0, 82624000 <_ctype+0x15a>
    82621a68:	9101bc00 	add	x0, x0, #0x6f
    82621a6c:	12800b39 	mov	w25, #0xffffffa6            	// #-90
    82621a70:	97ffeec2 	bl	8261d578 <printf>
    82621a74:	17fffff2 	b	82621a3c <bcm63xx_hsspi_xfer+0xa0>
    82621a78:	b4000236 	cbz	x22, 82621abc <bcm63xx_hsspi_xfer+0x120>
    82621a7c:	b9402260 	ldr	w0, [x19, #32]
    82621a80:	8b000281 	add	x1, x20, x0
    82621a84:	f107f83f 	cmp	x1, #0x1fe
    82621a88:	54000089 	b.ls	82621a98 <bcm63xx_hsspi_xfer+0xfc>  // b.plast
    82621a8c:	f0000000 	adrp	x0, 82624000 <_ctype+0x15a>
    82621a90:	91021800 	add	x0, x0, #0x86
    82621a94:	17fffff6 	b	82621a6c <bcm63xx_hsspi_xfer+0xd0>
    82621a98:	f9400263 	ldr	x3, [x19]
    82621a9c:	91080800 	add	x0, x0, #0x202
    82621aa0:	aa1403e2 	mov	x2, x20
    82621aa4:	aa1603e1 	mov	x1, x22
    82621aa8:	8b000060 	add	x0, x3, x0
    82621aac:	97ffe969 	bl	8261c050 <memcpy>
    82621ab0:	b9402260 	ldr	w0, [x19, #32]
    82621ab4:	0b1a0000 	add	w0, w0, w26
    82621ab8:	b9002260 	str	w0, [x19, #32]
    82621abc:	37080077 	tbnz	w23, #1, 82621ac8 <bcm63xx_hsspi_xfer+0x12c>
    82621ac0:	52800019 	mov	w25, #0x0                   	// #0
    82621ac4:	17ffffde 	b	82621a3c <bcm63xx_hsspi_xfer+0xa0>
    82621ac8:	aa1803e1 	mov	x1, x24
    82621acc:	aa1303e0 	mov	x0, x19
    82621ad0:	97fffea4 	bl	82621560 <bcm63xx_hsspi_activate_cs>
    82621ad4:	f10002df 	cmp	x22, #0x0
    82621ad8:	fa401aa0 	ccmp	x21, #0x0, #0x0, ne  // ne = any
    82621adc:	54000661 	b.ne	82621ba8 <bcm63xx_hsspi_xfer+0x20c>  // b.any
    82621ae0:	b9402274 	ldr	w20, [x19, #32]
    82621ae4:	52880003 	mov	w3, #0x4000                	// #16384
    82621ae8:	b900227f 	str	wzr, [x19, #32]
    82621aec:	b9400b01 	ldr	w1, [x24, #8]
    82621af0:	52801fe0 	mov	w0, #0xff                  	// #255
    82621af4:	72a00200 	movk	w0, #0x10, lsl #16
    82621af8:	52801fe2 	mov	w2, #0xff                  	// #255
    82621afc:	f27c003f 	tst	x1, #0x10
    82621b00:	1a800042 	csel	w2, w2, w0, eq  // eq = none
    82621b04:	b9402260 	ldr	w0, [x19, #32]
    82621b08:	36200097 	tbz	w23, #4, 82621b18 <bcm63xx_hsspi_xfer+0x17c>
    82621b0c:	7140187f 	cmp	w3, #0x6, lsl #12
    82621b10:	54000601 	b.ne	82621bd0 <bcm63xx_hsspi_xfer+0x234>  // b.any
    82621b14:	37600641 	tbnz	w1, #12, 82621bdc <bcm63xx_hsspi_xfer+0x240>
    82621b18:	2a006040 	orr	w0, w2, w0, lsl #24
    82621b1c:	d5033fbf 	dmb	sy
    82621b20:	b9400304 	ldr	w4, [x24]
    82621b24:	f9400261 	ldr	x1, [x19]
    82621b28:	531b6884 	lsl	w4, w4, #5
    82621b2c:	11042084 	add	w4, w4, #0x108
    82621b30:	b8246820 	str	w0, [x1, x4]
    82621b34:	12002680 	and	w0, w20, #0x3ff
    82621b38:	2a030003 	orr	w3, w0, w3
    82621b3c:	5ac00463 	rev16	w3, w3
    82621b40:	d5033fbf 	dmb	sy
    82621b44:	f9400260 	ldr	x0, [x19]
    82621b48:	79040003 	strh	w3, [x0, #512]
    82621b4c:	b9400301 	ldr	w1, [x24]
    82621b50:	53180820 	ubfiz	w0, w1, #8, #3
    82621b54:	53140821 	ubfiz	w1, w1, #12, #3
    82621b58:	2a010000 	orr	w0, w0, w1
    82621b5c:	32000000 	orr	w0, w0, #0x1
    82621b60:	d5033fbf 	dmb	sy
    82621b64:	f9400261 	ldr	x1, [x19]
    82621b68:	b9008020 	str	w0, [x1, #128]
    82621b6c:	d2800000 	mov	x0, #0x0                   	// #0
    82621b70:	f9400277 	ldr	x23, [x19]
    82621b74:	97ffe984 	bl	8261c184 <get_timer>
    82621b78:	aa0003f6 	mov	x22, x0
    82621b7c:	b94086e0 	ldr	w0, [x23, #132]
    82621b80:	d5033fbf 	dmb	sy
    82621b84:	360810c0 	tbz	w0, #1, 82621d9c <bcm63xx_hsspi_xfer+0x400>
    82621b88:	aa1603e0 	mov	x0, x22
    82621b8c:	97ffe97e 	bl	8261c184 <get_timer>
    82621b90:	f10fa01f 	cmp	x0, #0x3e8
    82621b94:	54000ee8 	b.hi	82621d70 <bcm63xx_hsspi_xfer+0x3d4>  // b.pmore
    82621b98:	d2800020 	mov	x0, #0x1                   	// #1
    82621b9c:	97ffe9a5 	bl	8261c230 <udelay>
    82621ba0:	940000aa 	bl	82621e48 <watchdog_reset>
    82621ba4:	17fffff6 	b	82621b7c <bcm63xx_hsspi_xfer+0x1e0>
    82621ba8:	f10002df 	cmp	x22, #0x0
    82621bac:	fa400aa4 	ccmp	x21, #0x0, #0x4, eq  // eq = none
    82621bb0:	540000c1 	b.ne	82621bc8 <bcm63xx_hsspi_xfer+0x22c>  // b.any
    82621bb4:	b9402260 	ldr	w0, [x19, #32]
    82621bb8:	52840003 	mov	w3, #0x2000                	// #8192
    82621bbc:	4b1a001a 	sub	w26, w0, w26
    82621bc0:	b900227a 	str	w26, [x19, #32]
    82621bc4:	17ffffca 	b	82621aec <bcm63xx_hsspi_xfer+0x150>
    82621bc8:	528c0003 	mov	w3, #0x6000                	// #24576
    82621bcc:	17ffffc8 	b	82621aec <bcm63xx_hsspi_xfer+0x150>
    82621bd0:	7140107f 	cmp	w3, #0x4, lsl #12
    82621bd4:	54fffa21 	b.ne	82621b18 <bcm63xx_hsspi_xfer+0x17c>  // b.any
    82621bd8:	364ffa01 	tbz	w1, #9, 82621b18 <bcm63xx_hsspi_xfer+0x17c>
    82621bdc:	32150063 	orr	w3, w3, #0x800
    82621be0:	36600061 	tbz	w1, #12, 82621bec <bcm63xx_hsspi_xfer+0x250>
    82621be4:	2a002042 	orr	w2, w2, w0, lsl #8
    82621be8:	32100042 	orr	w2, w2, #0x10000
    82621bec:	364ff961 	tbz	w1, #9, 82621b18 <bcm63xx_hsspi_xfer+0x17c>
    82621bf0:	2a003042 	orr	w2, w2, w0, lsl #12
    82621bf4:	320e0042 	orr	w2, w2, #0x40000
    82621bf8:	17ffffc8 	b	82621b18 <bcm63xx_hsspi_xfer+0x17c>
    82621bfc:	aa0003f8 	mov	x24, x0
    82621c00:	b4000081 	cbz	x1, 82621c10 <bcm63xx_hsspi_xfer+0x274>
    82621c04:	aa0003e1 	mov	x1, x0
    82621c08:	aa1c03e0 	mov	x0, x28
    82621c0c:	97fffe55 	bl	82621560 <bcm63xx_hsspi_activate_cs>
    82621c10:	f10002df 	cmp	x22, #0x0
    82621c14:	fa401aa4 	ccmp	x21, #0x0, #0x4, ne  // ne = any
    82621c18:	540001a1 	b.ne	82621c4c <bcm63xx_hsspi_xfer+0x2b0>  // b.any
    82621c1c:	b50001d5 	cbnz	x21, 82621c54 <bcm63xx_hsspi_xfer+0x2b8>
    82621c20:	f10002df 	cmp	x22, #0x0
    82621c24:	52880013 	mov	w19, #0x4000                	// #16384
    82621c28:	1a9303f3 	csel	w19, wzr, w19, eq  // eq = none
    82621c2c:	d2803fda 	mov	x26, #0x1fe                 	// #510
    82621c30:	b9400b01 	ldr	w1, [x24, #8]
    82621c34:	36200097 	tbz	w23, #4, 82621c44 <bcm63xx_hsspi_xfer+0x2a8>
    82621c38:	71401a7f 	cmp	w19, #0x6, lsl #12
    82621c3c:	54000121 	b.ne	82621c60 <bcm63xx_hsspi_xfer+0x2c4>  // b.any
    82621c40:	37600161 	tbnz	w1, #12, 82621c6c <bcm63xx_hsspi_xfer+0x2d0>
    82621c44:	52801fe0 	mov	w0, #0xff                  	// #255
    82621c48:	14000011 	b	82621c8c <bcm63xx_hsspi_xfer+0x2f0>
    82621c4c:	52840013 	mov	w19, #0x2000                	// #8192
    82621c50:	17fffff7 	b	82621c2c <bcm63xx_hsspi_xfer+0x290>
    82621c54:	528c0013 	mov	w19, #0x6000                	// #24576
    82621c58:	d280401a 	mov	x26, #0x200                 	// #512
    82621c5c:	17fffff5 	b	82621c30 <bcm63xx_hsspi_xfer+0x294>
    82621c60:	7140127f 	cmp	w19, #0x4, lsl #12
    82621c64:	54ffff01 	b.ne	82621c44 <bcm63xx_hsspi_xfer+0x2a8>  // b.any
    82621c68:	364ffee1 	tbz	w1, #9, 82621c44 <bcm63xx_hsspi_xfer+0x2a8>
    82621c6c:	f274003f 	tst	x1, #0x1000
    82621c70:	52801fe2 	mov	w2, #0xff                  	// #255
    82621c74:	52801fe0 	mov	w0, #0xff                  	// #255
    82621c78:	72a00022 	movk	w2, #0x1, lsl #16
    82621c7c:	32150273 	orr	w19, w19, #0x800
    82621c80:	1a820000 	csel	w0, w0, w2, eq  // eq = none
    82621c84:	36480041 	tbz	w1, #9, 82621c8c <bcm63xx_hsspi_xfer+0x2f0>
    82621c88:	320e0000 	orr	w0, w0, #0x40000
    82621c8c:	36200041 	tbz	w1, #4, 82621c94 <bcm63xx_hsspi_xfer+0x2f8>
    82621c90:	320c0000 	orr	w0, w0, #0x100000
    82621c94:	d5033fbf 	dmb	sy
    82621c98:	b9400301 	ldr	w1, [x24]
    82621c9c:	f9400382 	ldr	x2, [x28]
    82621ca0:	531b6821 	lsl	w1, w1, #5
    82621ca4:	11042021 	add	w1, w1, #0x108
    82621ca8:	b8216840 	str	w0, [x2, x1]
    82621cac:	b5000134 	cbnz	x20, 82621cd0 <bcm63xx_hsspi_xfer+0x334>
    82621cb0:	360ff097 	tbz	w23, #1, 82621ac0 <bcm63xx_hsspi_xfer+0x124>
    82621cb4:	f9400381 	ldr	x1, [x28]
    82621cb8:	39404782 	ldrb	w2, [x28, #17]
    82621cbc:	b9400020 	ldr	w0, [x1]
    82621cc0:	12185c00 	and	w0, w0, #0xffffff00
    82621cc4:	2a020000 	orr	w0, w0, w2
    82621cc8:	b9000020 	str	w0, [x1]
    82621ccc:	17ffff7d 	b	82621ac0 <bcm63xx_hsspi_xfer+0x124>
    82621cd0:	eb1a029f 	cmp	x20, x26
    82621cd4:	9a9a9299 	csel	x25, x20, x26, ls  // ls = plast
    82621cd8:	b40000f6 	cbz	x22, 82621cf4 <bcm63xx_hsspi_xfer+0x358>
    82621cdc:	f9400380 	ldr	x0, [x28]
    82621ce0:	aa1603e1 	mov	x1, x22
    82621ce4:	aa1903e2 	mov	x2, x25
    82621ce8:	8b1902d6 	add	x22, x22, x25
    82621cec:	91080800 	add	x0, x0, #0x202
    82621cf0:	97ffe8d8 	bl	8261c050 <memcpy>
    82621cf4:	2a190260 	orr	w0, w19, w25
    82621cf8:	5ac00400 	rev16	w0, w0
    82621cfc:	d5033fbf 	dmb	sy
    82621d00:	f9400381 	ldr	x1, [x28]
    82621d04:	79040020 	strh	w0, [x1, #512]
    82621d08:	b9400301 	ldr	w1, [x24]
    82621d0c:	7100003f 	cmp	w1, #0x0
    82621d10:	1a9f17e0 	cset	w0, eq  // eq = none
    82621d14:	53180822 	ubfiz	w2, w1, #8, #3
    82621d18:	2a003040 	orr	w0, w2, w0, lsl #12
    82621d1c:	32000000 	orr	w0, w0, #0x1
    82621d20:	d5033fbf 	dmb	sy
    82621d24:	f9400381 	ldr	x1, [x28]
    82621d28:	b9008020 	str	w0, [x1, #128]
    82621d2c:	f9400380 	ldr	x0, [x28]
    82621d30:	f90037e0 	str	x0, [sp, #104]
    82621d34:	d2800000 	mov	x0, #0x0                   	// #0
    82621d38:	97ffe913 	bl	8261c184 <get_timer>
    82621d3c:	aa0003fb 	mov	x27, x0
    82621d40:	f94037e0 	ldr	x0, [sp, #104]
    82621d44:	b9408400 	ldr	w0, [x0, #132]
    82621d48:	d5033fbf 	dmb	sy
    82621d4c:	36080480 	tbz	w0, #1, 82621ddc <bcm63xx_hsspi_xfer+0x440>
    82621d50:	aa1b03e0 	mov	x0, x27
    82621d54:	97ffe90c 	bl	8261c184 <get_timer>
    82621d58:	f10fa01f 	cmp	x0, #0x3e8
    82621d5c:	540003a8 	b.hi	82621dd0 <bcm63xx_hsspi_xfer+0x434>  // b.pmore
    82621d60:	d2800020 	mov	x0, #0x1                   	// #1
    82621d64:	97ffe933 	bl	8261c230 <udelay>
    82621d68:	94000038 	bl	82621e48 <watchdog_reset>
    82621d6c:	17fffff5 	b	82621d40 <bcm63xx_hsspi_xfer+0x3a4>
    82621d70:	f9400261 	ldr	x1, [x19]
    82621d74:	39404662 	ldrb	w2, [x19, #17]
    82621d78:	b9400020 	ldr	w0, [x1]
    82621d7c:	12185c00 	and	w0, w0, #0xffffff00
    82621d80:	2a020000 	orr	w0, w0, w2
    82621d84:	b9000020 	str	w0, [x1]
    82621d88:	f0000000 	adrp	x0, 82624000 <_ctype+0x15a>
    82621d8c:	91027400 	add	x0, x0, #0x9d
    82621d90:	12800db9 	mov	w25, #0xffffff92            	// #-110
    82621d94:	97ffedf9 	bl	8261d578 <printf>
    82621d98:	17ffff29 	b	82621a3c <bcm63xx_hsspi_xfer+0xa0>
    82621d9c:	b40000d5 	cbz	x21, 82621db4 <bcm63xx_hsspi_xfer+0x418>
    82621da0:	f9400261 	ldr	x1, [x19]
    82621da4:	aa1403e2 	mov	x2, x20
    82621da8:	aa1503e0 	mov	x0, x21
    82621dac:	91080021 	add	x1, x1, #0x200
    82621db0:	97ffe8a8 	bl	8261c050 <memcpy>
    82621db4:	f9400261 	ldr	x1, [x19]
    82621db8:	39404662 	ldrb	w2, [x19, #17]
    82621dbc:	b9400020 	ldr	w0, [x1]
    82621dc0:	12185c00 	and	w0, w0, #0xffffff00
    82621dc4:	2a020000 	orr	w0, w0, w2
    82621dc8:	b9000020 	str	w0, [x1]
    82621dcc:	17ffff1c 	b	82621a3c <bcm63xx_hsspi_xfer+0xa0>
    82621dd0:	f0000000 	adrp	x0, 82624000 <_ctype+0x15a>
    82621dd4:	9102c800 	add	x0, x0, #0xb2
    82621dd8:	17ffffee 	b	82621d90 <bcm63xx_hsspi_xfer+0x3f4>
    82621ddc:	b40000f5 	cbz	x21, 82621df8 <bcm63xx_hsspi_xfer+0x45c>
    82621de0:	f9400381 	ldr	x1, [x28]
    82621de4:	aa1503e0 	mov	x0, x21
    82621de8:	aa1903e2 	mov	x2, x25
    82621dec:	8b1902b5 	add	x21, x21, x25
    82621df0:	91080021 	add	x1, x1, #0x200
    82621df4:	97ffe897 	bl	8261c050 <memcpy>
    82621df8:	cb190294 	sub	x20, x20, x25
    82621dfc:	17ffffac 	b	82621cac <bcm63xx_hsspi_xfer+0x310>

0000000082621e00 <wdt_post_bind>:
    82621e00:	52800000 	mov	w0, #0x0                   	// #0
    82621e04:	d65f03c0 	ret

0000000082621e08 <wdt_start>:
    82621e08:	f9400003 	ldr	x3, [x0]
    82621e0c:	f9403463 	ldr	x3, [x3, #104]
    82621e10:	f9400063 	ldr	x3, [x3]
    82621e14:	b4000063 	cbz	x3, 82621e20 <wdt_start+0x18>
    82621e18:	aa0303f0 	mov	x16, x3
    82621e1c:	d61f0200 	br	x16
    82621e20:	128004a0 	mov	w0, #0xffffffda            	// #-38
    82621e24:	d65f03c0 	ret

0000000082621e28 <wdt_reset>:
    82621e28:	f9400001 	ldr	x1, [x0]
    82621e2c:	f9403421 	ldr	x1, [x1, #104]
    82621e30:	f9400821 	ldr	x1, [x1, #16]
    82621e34:	b4000061 	cbz	x1, 82621e40 <wdt_reset+0x18>
    82621e38:	aa0103f0 	mov	x16, x1
    82621e3c:	d61f0200 	br	x16
    82621e40:	128004a0 	mov	w0, #0xffffffda            	// #-38
    82621e44:	d65f03c0 	ret

0000000082621e48 <watchdog_reset>:
    82621e48:	b4000252 	cbz	x18, 82621e90 <watchdog_reset+0x48>
    82621e4c:	f9400640 	ldr	x0, [x18, #8]
    82621e50:	36800200 	tbz	w0, #16, 82621e90 <watchdog_reset+0x48>
    82621e54:	a9bf7bfd 	stp	x29, x30, [sp, #-16]!
    82621e58:	d2800000 	mov	x0, #0x0                   	// #0
    82621e5c:	910003fd 	mov	x29, sp
    82621e60:	97ffe8c9 	bl	8261c184 <get_timer>
    82621e64:	f00000e1 	adrp	x1, 82640000 <pmc>
    82621e68:	f9417422 	ldr	x2, [x1, #744]
    82621e6c:	eb00005f 	cmp	x2, x0
    82621e70:	540000c2 	b.cs	82621e88 <watchdog_reset+0x40>  // b.hs, b.nlast
    82621e74:	a8c17bfd 	ldp	x29, x30, [sp], #16
    82621e78:	910fa000 	add	x0, x0, #0x3e8
    82621e7c:	f9017420 	str	x0, [x1, #744]
    82621e80:	f940ca40 	ldr	x0, [x18, #400]
    82621e84:	17ffffe9 	b	82621e28 <wdt_reset>
    82621e88:	a8c17bfd 	ldp	x29, x30, [sp], #16
    82621e8c:	d65f03c0 	ret
    82621e90:	d65f03c0 	ret

0000000082621e94 <bcm6345_wdt_reset>:
    82621e94:	a9bf7bfd 	stp	x29, x30, [sp, #-16]!
    82621e98:	910003fd 	mov	x29, sp
    82621e9c:	97fff1dc 	bl	8261e60c <dev_get_priv>
    82621ea0:	d5033fbf 	dmb	sy
    82621ea4:	f9400001 	ldr	x1, [x0]
    82621ea8:	529fe002 	mov	w2, #0xff00                	// #65280
    82621eac:	b9000422 	str	w2, [x1, #4]
    82621eb0:	d5033fbf 	dmb	sy
    82621eb4:	f9400000 	ldr	x0, [x0]
    82621eb8:	52801fe1 	mov	w1, #0xff                  	// #255
    82621ebc:	b9000401 	str	w1, [x0, #4]
    82621ec0:	52800000 	mov	w0, #0x0                   	// #0
    82621ec4:	a8c17bfd 	ldp	x29, x30, [sp], #16
    82621ec8:	d65f03c0 	ret

0000000082621ecc <bcm6345_wdt_stop>:
    82621ecc:	a9bf7bfd 	stp	x29, x30, [sp, #-16]!
    82621ed0:	910003fd 	mov	x29, sp
    82621ed4:	97fff1ce 	bl	8261e60c <dev_get_priv>
    82621ed8:	d5033fbf 	dmb	sy
    82621edc:	f9400001 	ldr	x1, [x0]
    82621ee0:	529dc002 	mov	w2, #0xee00                	// #60928
    82621ee4:	b9000422 	str	w2, [x1, #4]
    82621ee8:	d5033fbf 	dmb	sy
    82621eec:	f9400000 	ldr	x0, [x0]
    82621ef0:	52801dc1 	mov	w1, #0xee                  	// #238
    82621ef4:	b9000401 	str	w1, [x0, #4]
    82621ef8:	52800000 	mov	w0, #0x0                   	// #0
    82621efc:	a8c17bfd 	ldp	x29, x30, [sp], #16
    82621f00:	d65f03c0 	ret

0000000082621f04 <bcm6345_wdt_start>:
    82621f04:	a9be7bfd 	stp	x29, x30, [sp, #-32]!
    82621f08:	910003fd 	mov	x29, sp
    82621f0c:	a90153f3 	stp	x19, x20, [sp, #16]
    82621f10:	aa0103f4 	mov	x20, x1
    82621f14:	aa0003f3 	mov	x19, x0
    82621f18:	97fff1bd 	bl	8261e60c <dev_get_priv>
    82621f1c:	f9400402 	ldr	x2, [x0, #8]
    82621f20:	d2807d01 	mov	x1, #0x3e8                 	// #1000
    82621f24:	9ac10842 	udiv	x2, x2, x1
    82621f28:	1b147c41 	mul	w1, w2, w20
    82621f2c:	12800022 	mov	w2, #0xfffffffe            	// #-2
    82621f30:	3100083f 	cmn	w1, #0x2
    82621f34:	1a829021 	csel	w1, w1, w2, ls  // ls = plast
    82621f38:	52800042 	mov	w2, #0x2                   	// #2
    82621f3c:	7100083f 	cmp	w1, #0x2
    82621f40:	1a822021 	csel	w1, w1, w2, cs  // cs = hs, nlast
    82621f44:	d5033fbf 	dmb	sy
    82621f48:	f9400000 	ldr	x0, [x0]
    82621f4c:	b9000001 	str	w1, [x0]
    82621f50:	aa1303e0 	mov	x0, x19
    82621f54:	a94153f3 	ldp	x19, x20, [sp, #16]
    82621f58:	a8c27bfd 	ldp	x29, x30, [sp], #32
    82621f5c:	17ffffce 	b	82621e94 <bcm6345_wdt_reset>

0000000082621f60 <bcm6345_wdt_expire_now>:
    82621f60:	aa0103e2 	mov	x2, x1
    82621f64:	d2800041 	mov	x1, #0x2                   	// #2
    82621f68:	17ffffe7 	b	82621f04 <bcm6345_wdt_start>

0000000082621f6c <bcm6345_wdt_probe>:
    82621f6c:	a9bb7bfd 	stp	x29, x30, [sp, #-80]!
    82621f70:	b0000021 	adrp	x1, 82626000 <spinand_chip_table+0xc96>
    82621f74:	910003fd 	mov	x29, sp
    82621f78:	a90153f3 	stp	x19, x20, [sp, #16]
    82621f7c:	aa0003f4 	mov	x20, x0
    82621f80:	f90013f5 	str	x21, [sp, #32]
    82621f84:	f942f822 	ldr	x2, [x1, #1520]
    82621f88:	f90027e2 	str	x2, [sp, #72]
    82621f8c:	d2800002 	mov	x2, #0x0                   	// #0
    82621f90:	97fff19f 	bl	8261e60c <dev_get_priv>
    82621f94:	aa0003f5 	mov	x21, x0
    82621f98:	aa1403e0 	mov	x0, x20
    82621f9c:	97fff1ee 	bl	8261e754 <devfdt_remap_addr>
    82621fa0:	f90002a0 	str	x0, [x21]
    82621fa4:	b5000120 	cbnz	x0, 82621fc8 <bcm6345_wdt_probe+0x5c>
    82621fa8:	128002b3 	mov	w19, #0xffffffea            	// #-22
    82621fac:	b0000020 	adrp	x0, 82626000 <spinand_chip_table+0xc96>
    82621fb0:	f94027e1 	ldr	x1, [sp, #72]
    82621fb4:	f942f802 	ldr	x2, [x0, #1520]
    82621fb8:	eb020021 	subs	x1, x1, x2
    82621fbc:	d2800002 	mov	x2, #0x0                   	// #0
    82621fc0:	540001c0 	b.eq	82621ff8 <bcm6345_wdt_probe+0x8c>  // b.none
    82621fc4:	97ffc10e 	bl	826123fc <__stack_chk_fail>
    82621fc8:	9100c3e2 	add	x2, sp, #0x30
    82621fcc:	aa1403e0 	mov	x0, x20
    82621fd0:	52800001 	mov	w1, #0x0                   	// #0
    82621fd4:	97ffef02 	bl	8261dbdc <clk_get_by_index>
    82621fd8:	2a0003f3 	mov	w19, w0
    82621fdc:	35fffe60 	cbnz	w0, 82621fa8 <bcm6345_wdt_probe+0x3c>
    82621fe0:	9100c3e0 	add	x0, sp, #0x30
    82621fe4:	97ffef5a 	bl	8261dd4c <clk_get_rate>
    82621fe8:	f90006a0 	str	x0, [x21, #8]
    82621fec:	aa1403e0 	mov	x0, x20
    82621ff0:	97ffffb7 	bl	82621ecc <bcm6345_wdt_stop>
    82621ff4:	17ffffee 	b	82621fac <bcm6345_wdt_probe+0x40>
    82621ff8:	2a1303e0 	mov	w0, w19
    82621ffc:	a94153f3 	ldp	x19, x20, [sp, #16]
    82622000:	f94013f5 	ldr	x21, [sp, #32]
    82622004:	a8c57bfd 	ldp	x29, x30, [sp], #80
    82622008:	d65f03c0 	ret

000000008262200c <idr_remove>:
    8262200c:	937c7c21 	sbfiz	x1, x1, #4, #32
    82622010:	b8616802 	ldr	w2, [x0, x1]
    82622014:	34000082 	cbz	w2, 82622024 <idr_remove+0x18>
    82622018:	b821681f 	str	wzr, [x0, x1]
    8262201c:	52800021 	mov	w1, #0x1                   	// #1
    82622020:	39100001 	strb	w1, [x0, #1024]
    82622024:	d65f03c0 	ret

0000000082622028 <idr_find>:
    82622028:	937c7c22 	sbfiz	x2, x1, #4, #32
    8262202c:	8b21d001 	add	x1, x0, w1, sxtw #4
    82622030:	b8626800 	ldr	w0, [x0, x2]
    82622034:	34000060 	cbz	w0, 82622040 <idr_find+0x18>
    82622038:	f9400420 	ldr	x0, [x1, #8]
    8262203c:	d65f03c0 	ret
    82622040:	d2800000 	mov	x0, #0x0                   	// #0
    82622044:	17fffffe 	b	8262203c <idr_find+0x14>

0000000082622048 <idr_get_next>:
    82622048:	a9bf7bfd 	stp	x29, x30, [sp, #-16]!
    8262204c:	aa0103e4 	mov	x4, x1
    82622050:	aa0003e5 	mov	x5, x0
    82622054:	910003fd 	mov	x29, sp
    82622058:	b9400023 	ldr	w3, [x1]
    8262205c:	2a0303e1 	mov	w1, w3
    82622060:	97fffff2 	bl	82622028 <idr_find>
    82622064:	b4000120 	cbz	x0, 82622088 <idr_get_next+0x40>
    82622068:	11000462 	add	w2, w3, #0x1
    8262206c:	937c7c41 	sbfiz	x1, x2, #4, #32
    82622070:	b86168a1 	ldr	w1, [x5, x1]
    82622074:	7100003f 	cmp	w1, #0x0
    82622078:	1a9f1042 	csel	w2, w2, wzr, ne  // ne = any
    8262207c:	b9000082 	str	w2, [x4]
    82622080:	a8c17bfd 	ldp	x29, x30, [sp], #16
    82622084:	d65f03c0 	ret
    82622088:	b900009f 	str	wzr, [x4]
    8262208c:	17fffffd 	b	82622080 <idr_get_next+0x38>

0000000082622090 <idr_alloc>:
    82622090:	aa0003e2 	mov	x2, x0
    82622094:	d2800003 	mov	x3, #0x0                   	// #0
    82622098:	d37cec64 	lsl	x4, x3, #4
    8262209c:	2a0303e0 	mov	w0, w3
    826220a0:	b8646844 	ldr	w4, [x2, x4]
    826220a4:	35000104 	cbnz	w4, 826220c4 <idr_alloc+0x34>
    826220a8:	937c7c63 	sbfiz	x3, x3, #4, #32
    826220ac:	8b20d045 	add	x5, x2, w0, sxtw #4
    826220b0:	52800024 	mov	w4, #0x1                   	// #1
    826220b4:	b8236844 	str	w4, [x2, x3]
    826220b8:	f90004a1 	str	x1, [x5, #8]
    826220bc:	39100044 	strb	w4, [x2, #1024]
    826220c0:	d65f03c0 	ret
    826220c4:	91000463 	add	x3, x3, #0x1
    826220c8:	f101007f 	cmp	x3, #0x40
    826220cc:	54fffe61 	b.ne	82622098 <idr_alloc+0x8>  // b.any
    826220d0:	12800360 	mov	w0, #0xffffffe4            	// #-28
    826220d4:	17fffffb 	b	826220c0 <idr_alloc+0x30>

00000000826220d8 <__mtd_next_device>:
    826220d8:	a9be7bfd 	stp	x29, x30, [sp, #-32]!
    826220dc:	910003fd 	mov	x29, sp
    826220e0:	910073e1 	add	x1, sp, #0x1c
    826220e4:	b9001fe0 	str	w0, [sp, #28]
    826220e8:	d00000e0 	adrp	x0, 82640000 <pmc>
    826220ec:	910bc000 	add	x0, x0, #0x2f0
    826220f0:	97ffffd6 	bl	82622048 <idr_get_next>
    826220f4:	a8c27bfd 	ldp	x29, x30, [sp], #32
    826220f8:	d65f03c0 	ret

00000000826220fc <del_mtd_device>:
    826220fc:	a9be7bfd 	stp	x29, x30, [sp, #-32]!
    82622100:	910003fd 	mov	x29, sp
    82622104:	f9000bf3 	str	x19, [sp, #16]
    82622108:	aa0003f3 	mov	x19, x0
    8262210c:	94000147 	bl	82622628 <del_mtd_partitions>
    82622110:	2a0003e3 	mov	w3, w0
    82622114:	35000220 	cbnz	w0, 82622158 <del_mtd_device+0x5c>
    82622118:	b9404265 	ldr	w5, [x19, #64]
    8262211c:	d00000e4 	adrp	x4, 82640000 <pmc>
    82622120:	910bc084 	add	x4, x4, #0x2f0
    82622124:	aa0403e0 	mov	x0, x4
    82622128:	2a0503e1 	mov	w1, w5
    8262212c:	97ffffbf 	bl	82622028 <idr_find>
    82622130:	eb13001f 	cmp	x0, x19
    82622134:	54000221 	b.ne	82622178 <del_mtd_device+0x7c>  // b.any
    82622138:	b9415003 	ldr	w3, [x0, #336]
    8262213c:	34000163 	cbz	w3, 82622168 <del_mtd_device+0x6c>
    82622140:	f9401c02 	ldr	x2, [x0, #56]
    82622144:	2a0503e1 	mov	w1, w5
    82622148:	d0000000 	adrp	x0, 82624000 <_ctype+0x15a>
    8262214c:	91118400 	add	x0, x0, #0x461
    82622150:	97ffed0a 	bl	8261d578 <printf>
    82622154:	128001e3 	mov	w3, #0xfffffff0            	// #-16
    82622158:	2a0303e0 	mov	w0, w3
    8262215c:	f9400bf3 	ldr	x19, [sp, #16]
    82622160:	a8c27bfd 	ldp	x29, x30, [sp], #32
    82622164:	d65f03c0 	ret
    82622168:	2a0503e1 	mov	w1, w5
    8262216c:	aa0403e0 	mov	x0, x4
    82622170:	97ffffa7 	bl	8262200c <idr_remove>
    82622174:	17fffff9 	b	82622158 <del_mtd_device+0x5c>
    82622178:	12800243 	mov	w3, #0xffffffed            	// #-19
    8262217c:	17fffff7 	b	82622158 <del_mtd_device+0x5c>

0000000082622180 <__get_mtd_device>:
    82622180:	a9be7bfd 	stp	x29, x30, [sp, #-32]!
    82622184:	910003fd 	mov	x29, sp
    82622188:	f9000bf3 	str	x19, [sp, #16]
    8262218c:	aa0003f3 	mov	x19, x0
    82622190:	f9408801 	ldr	x1, [x0, #272]
    82622194:	b5000101 	cbnz	x1, 826221b4 <__get_mtd_device+0x34>
    82622198:	b9415260 	ldr	w0, [x19, #336]
    8262219c:	11000400 	add	w0, w0, #0x1
    826221a0:	b9015260 	str	w0, [x19, #336]
    826221a4:	52800000 	mov	w0, #0x0                   	// #0
    826221a8:	f9400bf3 	ldr	x19, [sp, #16]
    826221ac:	a8c27bfd 	ldp	x29, x30, [sp], #32
    826221b0:	d65f03c0 	ret
    826221b4:	d63f0020 	blr	x1
    826221b8:	34ffff00 	cbz	w0, 82622198 <__get_mtd_device+0x18>
    826221bc:	17fffffb 	b	826221a8 <__get_mtd_device+0x28>

00000000826221c0 <get_mtd_device_nm>:
    826221c0:	a9be7bfd 	stp	x29, x30, [sp, #-32]!
    826221c4:	910003fd 	mov	x29, sp
    826221c8:	a90153f3 	stp	x19, x20, [sp, #16]
    826221cc:	aa0003f4 	mov	x20, x0
    826221d0:	52800000 	mov	w0, #0x0                   	// #0
    826221d4:	97ffffc1 	bl	826220d8 <__mtd_next_device>
    826221d8:	aa0003f3 	mov	x19, x0
    826221dc:	b50000e0 	cbnz	x0, 826221f8 <get_mtd_device_nm+0x38>
    826221e0:	12800240 	mov	w0, #0xffffffed            	// #-19
    826221e4:	93407c13 	sxtw	x19, w0
    826221e8:	aa1303e0 	mov	x0, x19
    826221ec:	a94153f3 	ldp	x19, x20, [sp, #16]
    826221f0:	a8c27bfd 	ldp	x29, x30, [sp], #32
    826221f4:	d65f03c0 	ret
    826221f8:	f9401e61 	ldr	x1, [x19, #56]
    826221fc:	aa1403e0 	mov	x0, x20
    82622200:	97ffe736 	bl	8261bed8 <strcmp>
    82622204:	34000080 	cbz	w0, 82622214 <get_mtd_device_nm+0x54>
    82622208:	b9404260 	ldr	w0, [x19, #64]
    8262220c:	11000400 	add	w0, w0, #0x1
    82622210:	17fffff1 	b	826221d4 <get_mtd_device_nm+0x14>
    82622214:	aa1303e0 	mov	x0, x19
    82622218:	97ffffda 	bl	82622180 <__get_mtd_device>
    8262221c:	34fffe60 	cbz	w0, 826221e8 <get_mtd_device_nm+0x28>
    82622220:	17fffff1 	b	826221e4 <get_mtd_device_nm+0x24>

0000000082622224 <mtd_read>:
    82622224:	a9b77bfd 	stp	x29, x30, [sp, #-144]!
    82622228:	90000025 	adrp	x5, 82626000 <spinand_chip_table+0xc96>
    8262222c:	910003fd 	mov	x29, sp
    82622230:	a90153f3 	stp	x19, x20, [sp, #16]
    82622234:	a9025bf5 	stp	x21, x22, [sp, #32]
    82622238:	a90363f7 	stp	x23, x24, [sp, #48]
    8262223c:	f942f8a6 	ldr	x6, [x5, #1520]
    82622240:	f90047e6 	str	x6, [sp, #136]
    82622244:	d2800006 	mov	x6, #0x0                   	// #0
    82622248:	f900007f 	str	xzr, [x3]
    8262224c:	b7f805a1 	tbnz	x1, #63, 82622300 <mtd_read+0xdc>
    82622250:	f9400405 	ldr	x5, [x0, #8]
    82622254:	aa0003f3 	mov	x19, x0
    82622258:	aa0103f4 	mov	x20, x1
    8262225c:	eb0100bf 	cmp	x5, x1
    82622260:	54000503 	b.cc	82622300 <mtd_read+0xdc>  // b.lo, b.ul, b.last
    82622264:	cb0100a5 	sub	x5, x5, x1
    82622268:	aa0203f5 	mov	x21, x2
    8262226c:	eb0200bf 	cmp	x5, x2
    82622270:	54000483 	b.cc	82622300 <mtd_read+0xdc>  // b.lo, b.ul, b.last
    82622274:	b4000142 	cbz	x2, 8262229c <mtd_read+0x78>
    82622278:	f9404005 	ldr	x5, [x0, #128]
    8262227c:	b4000205 	cbz	x5, 826222bc <mtd_read+0x98>
    82622280:	d63f00a0 	blr	x5
    82622284:	37f800e0 	tbnz	w0, #31, 826222a0 <mtd_read+0x7c>
    82622288:	b9405e61 	ldr	w1, [x19, #92]
    8262228c:	34000081 	cbz	w1, 8262229c <mtd_read+0x78>
    82622290:	b9403661 	ldr	w1, [x19, #52]
    82622294:	6b00003f 	cmp	w1, w0
    82622298:	540003c9 	b.ls	82622310 <mtd_read+0xec>  // b.plast
    8262229c:	52800000 	mov	w0, #0x0                   	// #0
    826222a0:	90000021 	adrp	x1, 82626000 <spinand_chip_table+0xc96>
    826222a4:	f94047e2 	ldr	x2, [sp, #136]
    826222a8:	f942f823 	ldr	x3, [x1, #1520]
    826222ac:	eb030042 	subs	x2, x2, x3
    826222b0:	d2800003 	mov	x3, #0x0                   	// #0
    826222b4:	54000320 	b.eq	82622318 <mtd_read+0xf4>  // b.none
    826222b8:	97ffc051 	bl	826123fc <__stack_chk_fail>
    826222bc:	f9404c18 	ldr	x24, [x0, #152]
    826222c0:	b4000258 	cbz	x24, 82622308 <mtd_read+0xe4>
    826222c4:	aa0303f6 	mov	x22, x3
    826222c8:	aa0403f7 	mov	x23, x4
    826222cc:	d2800802 	mov	x2, #0x40                  	// #64
    826222d0:	52800001 	mov	w1, #0x0                   	// #0
    826222d4:	910123e0 	add	x0, sp, #0x48
    826222d8:	97ffe743 	bl	8261bfe4 <memset>
    826222dc:	f9002bf5 	str	x21, [sp, #80]
    826222e0:	aa1403e1 	mov	x1, x20
    826222e4:	f9003ff7 	str	x23, [sp, #120]
    826222e8:	910123e2 	add	x2, sp, #0x48
    826222ec:	aa1303e0 	mov	x0, x19
    826222f0:	d63f0300 	blr	x24
    826222f4:	f9402fe1 	ldr	x1, [sp, #88]
    826222f8:	f90002c1 	str	x1, [x22]
    826222fc:	17ffffe2 	b	82622284 <mtd_read+0x60>
    82622300:	128002a0 	mov	w0, #0xffffffea            	// #-22
    82622304:	17ffffe7 	b	826222a0 <mtd_read+0x7c>
    82622308:	12804160 	mov	w0, #0xfffffdf4            	// #-524
    8262230c:	17ffffe5 	b	826222a0 <mtd_read+0x7c>
    82622310:	12800e80 	mov	w0, #0xffffff8b            	// #-117
    82622314:	17ffffe3 	b	826222a0 <mtd_read+0x7c>
    82622318:	a94153f3 	ldp	x19, x20, [sp, #16]
    8262231c:	a9425bf5 	ldp	x21, x22, [sp, #32]
    82622320:	a94363f7 	ldp	x23, x24, [sp, #48]
    82622324:	a8c97bfd 	ldp	x29, x30, [sp], #144
    82622328:	d65f03c0 	ret

000000008262232c <mtd_unlock>:
    8262232c:	f9407406 	ldr	x6, [x0, #232]
    82622330:	b4000166 	cbz	x6, 8262235c <mtd_unlock+0x30>
    82622334:	b7f80181 	tbnz	x1, #63, 82622364 <mtd_unlock+0x38>
    82622338:	f9400405 	ldr	x5, [x0, #8]
    8262233c:	eb0100bf 	cmp	x5, x1
    82622340:	54000123 	b.cc	82622364 <mtd_unlock+0x38>  // b.lo, b.ul, b.last
    82622344:	cb0100a3 	sub	x3, x5, x1
    82622348:	eb02007f 	cmp	x3, x2
    8262234c:	540000c3 	b.cc	82622364 <mtd_unlock+0x38>  // b.lo, b.ul, b.last
    82622350:	b40000e2 	cbz	x2, 8262236c <mtd_unlock+0x40>
    82622354:	aa0603f0 	mov	x16, x6
    82622358:	d61f0200 	br	x16
    8262235c:	12800bc0 	mov	w0, #0xffffffa1            	// #-95
    82622360:	d65f03c0 	ret
    82622364:	128002a0 	mov	w0, #0xffffffea            	// #-22
    82622368:	17fffffe 	b	82622360 <mtd_unlock+0x34>
    8262236c:	52800000 	mov	w0, #0x0                   	// #0
    82622370:	17fffffc 	b	82622360 <mtd_unlock+0x34>

0000000082622374 <add_mtd_device>:
    82622374:	a9be7bfd 	stp	x29, x30, [sp, #-32]!
    82622378:	910003fd 	mov	x29, sp
    8262237c:	f9000bf3 	str	x19, [sp, #16]
    82622380:	aa0003f3 	mov	x19, x0
    82622384:	b9401400 	ldr	w0, [x0, #20]
    82622388:	35000180 	cbnz	w0, 826223b8 <add_mtd_device+0x44>
    8262238c:	b0000003 	adrp	x3, 82623000 <clk_fixed_rate_ops+0x18>
    82622390:	b0000001 	adrp	x1, 82623000 <clk_fixed_rate_ops+0x18>
    82622394:	91380063 	add	x3, x3, #0xe00
    82622398:	9138f421 	add	x1, x1, #0xe3d
    8262239c:	52803622 	mov	w2, #0x1b1                 	// #433
    826223a0:	b0000000 	adrp	x0, 82623000 <clk_fixed_rate_ops+0x18>
    826223a4:	91394c00 	add	x0, x0, #0xe53
    826223a8:	97ffec74 	bl	8261d578 <printf>
    826223ac:	b0000000 	adrp	x0, 82623000 <clk_fixed_rate_ops+0x18>
    826223b0:	91399c00 	add	x0, x0, #0xe67
    826223b4:	97ffe801 	bl	8261c3b8 <panic>
    826223b8:	d00000e0 	adrp	x0, 82640000 <pmc>
    826223bc:	aa1303e1 	mov	x1, x19
    826223c0:	910bc000 	add	x0, x0, #0x2f0
    826223c4:	52800004 	mov	w4, #0x0                   	// #0
    826223c8:	52800003 	mov	w3, #0x0                   	// #0
    826223cc:	52800002 	mov	w2, #0x0                   	// #0
    826223d0:	97ffff30 	bl	82622090 <idr_alloc>
    826223d4:	37f80c80 	tbnz	w0, #31, 82622564 <add_mtd_device+0x1f0>
    826223d8:	b9004260 	str	w0, [x19, #64]
    826223dc:	9105e260 	add	x0, x19, #0x178
    826223e0:	b901527f 	str	wzr, [x19, #336]
    826223e4:	f900be60 	str	x0, [x19, #376]
    826223e8:	f9000400 	str	x0, [x0, #8]
    826223ec:	b9403660 	ldr	w0, [x19, #52]
    826223f0:	35000060 	cbnz	w0, 826223fc <add_mtd_device+0x88>
    826223f4:	b9405e60 	ldr	w0, [x19, #92]
    826223f8:	b9003660 	str	w0, [x19, #52]
    826223fc:	b9401260 	ldr	w0, [x19, #16]
    82622400:	2a0003e1 	mov	w1, w0
    82622404:	340008a0 	cbz	w0, 82622518 <add_mtd_device+0x1a4>
    82622408:	d1000422 	sub	x2, x1, #0x1
    8262240c:	ea01005f 	tst	x2, x1
    82622410:	54000841 	b.ne	82622518 <add_mtd_device+0x1a4>  // b.any
    82622414:	72003c1f 	tst	w0, #0xffff
    82622418:	540007c1 	b.ne	82622510 <add_mtd_device+0x19c>  // b.any
    8262241c:	13107c00 	asr	w0, w0, #16
    82622420:	52800221 	mov	w1, #0x11                  	// #17
    82622424:	72001c1f 	tst	w0, #0xff
    82622428:	54000061 	b.ne	82622434 <add_mtd_device+0xc0>  // b.any
    8262242c:	13087c00 	asr	w0, w0, #8
    82622430:	11002021 	add	w1, w1, #0x8
    82622434:	f2400c1f 	tst	x0, #0xf
    82622438:	54000061 	b.ne	82622444 <add_mtd_device+0xd0>  // b.any
    8262243c:	13047c00 	asr	w0, w0, #4
    82622440:	11001021 	add	w1, w1, #0x4
    82622444:	f240041f 	tst	x0, #0x3
    82622448:	54000061 	b.ne	82622454 <add_mtd_device+0xe0>  // b.any
    8262244c:	13027c00 	asr	w0, w0, #2
    82622450:	11000821 	add	w1, w1, #0x2
    82622454:	f240001f 	tst	x0, #0x1
    82622458:	1a811421 	cinc	w1, w1, eq  // eq = none
    8262245c:	51000421 	sub	w1, w1, #0x1
    82622460:	b9002661 	str	w1, [x19, #36]
    82622464:	b9401660 	ldr	w0, [x19, #20]
    82622468:	2a0003e1 	mov	w1, w0
    8262246c:	340005e0 	cbz	w0, 82622528 <add_mtd_device+0x1b4>
    82622470:	d1000422 	sub	x2, x1, #0x1
    82622474:	ea01005f 	tst	x2, x1
    82622478:	54000581 	b.ne	82622528 <add_mtd_device+0x1b4>  // b.any
    8262247c:	72003c1f 	tst	w0, #0xffff
    82622480:	54000501 	b.ne	82622520 <add_mtd_device+0x1ac>  // b.any
    82622484:	13107c00 	asr	w0, w0, #16
    82622488:	52800221 	mov	w1, #0x11                  	// #17
    8262248c:	72001c1f 	tst	w0, #0xff
    82622490:	54000061 	b.ne	8262249c <add_mtd_device+0x128>  // b.any
    82622494:	13087c00 	asr	w0, w0, #8
    82622498:	11002021 	add	w1, w1, #0x8
    8262249c:	f2400c1f 	tst	x0, #0xf
    826224a0:	54000061 	b.ne	826224ac <add_mtd_device+0x138>  // b.any
    826224a4:	13047c00 	asr	w0, w0, #4
    826224a8:	11001021 	add	w1, w1, #0x4
    826224ac:	f240041f 	tst	x0, #0x3
    826224b0:	54000061 	b.ne	826224bc <add_mtd_device+0x148>  // b.any
    826224b4:	13027c00 	asr	w0, w0, #2
    826224b8:	11000821 	add	w1, w1, #0x2
    826224bc:	f240001f 	tst	x0, #0x1
    826224c0:	1a811421 	cinc	w1, w1, eq  // eq = none
    826224c4:	51000421 	sub	w1, w1, #0x1
    826224c8:	b9002a61 	str	w1, [x19, #40]
    826224cc:	b9402661 	ldr	w1, [x19, #36]
    826224d0:	52800020 	mov	w0, #0x1                   	// #1
    826224d4:	1ac12001 	lsl	w1, w0, w1
    826224d8:	51000421 	sub	w1, w1, #0x1
    826224dc:	b9002e61 	str	w1, [x19, #44]
    826224e0:	b9402a61 	ldr	w1, [x19, #40]
    826224e4:	1ac12000 	lsl	w0, w0, w1
    826224e8:	51000400 	sub	w0, w0, #0x1
    826224ec:	f9400261 	ldr	x1, [x19]
    826224f0:	b9003260 	str	w0, [x19, #48]
    826224f4:	d2c48000 	mov	x0, #0x240000000000        	// #39582418599936
    826224f8:	ea21001f 	bics	xzr, x0, x1
    826224fc:	540001a0 	b.eq	82622530 <add_mtd_device+0x1bc>  // b.none
    82622500:	52800000 	mov	w0, #0x0                   	// #0
    82622504:	f9400bf3 	ldr	x19, [sp, #16]
    82622508:	a8c27bfd 	ldp	x29, x30, [sp], #32
    8262250c:	d65f03c0 	ret
    82622510:	52800021 	mov	w1, #0x1                   	// #1
    82622514:	17ffffc4 	b	82622424 <add_mtd_device+0xb0>
    82622518:	b900267f 	str	wzr, [x19, #36]
    8262251c:	17ffffd2 	b	82622464 <add_mtd_device+0xf0>
    82622520:	52800021 	mov	w1, #0x1                   	// #1
    82622524:	17ffffda 	b	8262248c <add_mtd_device+0x118>
    82622528:	b9002a7f 	str	wzr, [x19, #40]
    8262252c:	17ffffe8 	b	826224cc <add_mtd_device+0x158>
    82622530:	f9400662 	ldr	x2, [x19, #8]
    82622534:	d2800001 	mov	x1, #0x0                   	// #0
    82622538:	aa1303e0 	mov	x0, x19
    8262253c:	97ffff7c 	bl	8262232c <mtd_unlock>
    82622540:	7100001f 	cmp	w0, #0x0
    82622544:	12800bc1 	mov	w1, #0xffffffa1            	// #-95
    82622548:	7a411004 	ccmp	w0, w1, #0x4, ne  // ne = any
    8262254c:	54fffda0 	b.eq	82622500 <add_mtd_device+0x18c>  // b.none
    82622550:	f9401e61 	ldr	x1, [x19, #56]
    82622554:	b0000000 	adrp	x0, 82623000 <clk_fixed_rate_ops+0x18>
    82622558:	913e9800 	add	x0, x0, #0xfa6
    8262255c:	97ffec07 	bl	8261d578 <printf>
    82622560:	17ffffe8 	b	82622500 <add_mtd_device+0x18c>
    82622564:	52800020 	mov	w0, #0x1                   	// #1
    82622568:	17ffffe7 	b	82622504 <add_mtd_device+0x190>

000000008262256c <part_erase>:
    8262256c:	a9be7bfd 	stp	x29, x30, [sp, #-32]!
    82622570:	910003fd 	mov	x29, sp
    82622574:	a90153f3 	stp	x19, x20, [sp, #16]
    82622578:	aa0003f4 	mov	x20, x0
    8262257c:	aa0103f3 	mov	x19, x1
    82622580:	f9400420 	ldr	x0, [x1, #8]
    82622584:	f940b282 	ldr	x2, [x20, #352]
    82622588:	8b020000 	add	x0, x0, x2
    8262258c:	f9000420 	str	x0, [x1, #8]
    82622590:	f940ae80 	ldr	x0, [x20, #344]
    82622594:	f9403802 	ldr	x2, [x0, #112]
    82622598:	d63f0040 	blr	x2
    8262259c:	34000160 	cbz	w0, 826225c8 <part_erase+0x5c>
    826225a0:	f9400e61 	ldr	x1, [x19, #24]
    826225a4:	b100043f 	cmn	x1, #0x1
    826225a8:	54000080 	b.eq	826225b8 <part_erase+0x4c>  // b.none
    826225ac:	f940b282 	ldr	x2, [x20, #352]
    826225b0:	cb020021 	sub	x1, x1, x2
    826225b4:	f9000e61 	str	x1, [x19, #24]
    826225b8:	f9400661 	ldr	x1, [x19, #8]
    826225bc:	f940b282 	ldr	x2, [x20, #352]
    826225c0:	cb020021 	sub	x1, x1, x2
    826225c4:	f9000661 	str	x1, [x19, #8]
    826225c8:	a94153f3 	ldp	x19, x20, [sp, #16]
    826225cc:	a8c27bfd 	ldp	x29, x30, [sp], #32
    826225d0:	d65f03c0 	ret

00000000826225d4 <mtd_erase_callback>:
    826225d4:	f9400002 	ldr	x2, [x0]
    826225d8:	90000001 	adrp	x1, 82622000 <bcm6345_wdt_probe+0x94>
    826225dc:	9115b021 	add	x1, x1, #0x56c
    826225e0:	f9403843 	ldr	x3, [x2, #112]
    826225e4:	eb01007f 	cmp	x3, x1
    826225e8:	54000161 	b.ne	82622614 <mtd_erase_callback+0x40>  // b.any
    826225ec:	f9400c01 	ldr	x1, [x0, #24]
    826225f0:	b100043f 	cmn	x1, #0x1
    826225f4:	54000080 	b.eq	82622604 <mtd_erase_callback+0x30>  // b.none
    826225f8:	f940b043 	ldr	x3, [x2, #352]
    826225fc:	cb030021 	sub	x1, x1, x3
    82622600:	f9000c01 	str	x1, [x0, #24]
    82622604:	f9400401 	ldr	x1, [x0, #8]
    82622608:	f940b042 	ldr	x2, [x2, #352]
    8262260c:	cb020021 	sub	x1, x1, x2
    82622610:	f9000401 	str	x1, [x0, #8]
    82622614:	f9401c01 	ldr	x1, [x0, #56]
    82622618:	b4000061 	cbz	x1, 82622624 <mtd_erase_callback+0x50>
    8262261c:	aa0103f0 	mov	x16, x1
    82622620:	d61f0200 	br	x16
    82622624:	d65f03c0 	ret

0000000082622628 <del_mtd_partitions>:
    82622628:	a9bb7bfd 	stp	x29, x30, [sp, #-80]!
    8262262c:	910003fd 	mov	x29, sp
    82622630:	a90153f3 	stp	x19, x20, [sp, #16]
    82622634:	a9025bf5 	stp	x21, x22, [sp, #32]
    82622638:	9105e016 	add	x22, x0, #0x178
    8262263c:	a90363f7 	stp	x23, x24, [sp, #48]
    82622640:	52800018 	mov	w24, #0x0                   	// #0
    82622644:	f90023f9 	str	x25, [sp, #64]
    82622648:	d0000019 	adrp	x25, 82624000 <_ctype+0x15a>
    8262264c:	91124739 	add	x25, x25, #0x491
    82622650:	f940bc13 	ldr	x19, [x0, #376]
    82622654:	d105a273 	sub	x19, x19, #0x168
    82622658:	f940b677 	ldr	x23, [x19, #360]
    8262265c:	d105a2f7 	sub	x23, x23, #0x168
    82622660:	9105a275 	add	x21, x19, #0x168
    82622664:	eb1602bf 	cmp	x21, x22
    82622668:	54000101 	b.ne	82622688 <del_mtd_partitions+0x60>  // b.any
    8262266c:	2a1803e0 	mov	w0, w24
    82622670:	a94153f3 	ldp	x19, x20, [sp, #16]
    82622674:	a9425bf5 	ldp	x21, x22, [sp, #32]
    82622678:	a94363f7 	ldp	x23, x24, [sp, #48]
    8262267c:	f94023f9 	ldr	x25, [sp, #64]
    82622680:	a8c57bfd 	ldp	x29, x30, [sp], #80
    82622684:	d65f03c0 	ret
    82622688:	f940be61 	ldr	x1, [x19, #376]
    8262268c:	9105e260 	add	x0, x19, #0x178
    82622690:	eb00003f 	cmp	x1, x0
    82622694:	54000060 	b.eq	826226a0 <del_mtd_partitions+0x78>  // b.none
    82622698:	aa1303e0 	mov	x0, x19
    8262269c:	97ffffe3 	bl	82622628 <del_mtd_partitions>
    826226a0:	aa1303e0 	mov	x0, x19
    826226a4:	97fffe96 	bl	826220fc <del_mtd_device>
    826226a8:	2a0003f4 	mov	w20, w0
    826226ac:	36f80140 	tbz	w0, #31, 826226d4 <del_mtd_partitions+0xac>
    826226b0:	f9401e61 	ldr	x1, [x19, #56]
    826226b4:	2a0003e2 	mov	w2, w0
    826226b8:	aa1903e0 	mov	x0, x25
    826226bc:	97ffebaf 	bl	8261d578 <printf>
    826226c0:	f940b6e0 	ldr	x0, [x23, #360]
    826226c4:	aa1703f3 	mov	x19, x23
    826226c8:	2a1403f8 	mov	w24, w20
    826226cc:	d105a017 	sub	x23, x0, #0x168
    826226d0:	17ffffe4 	b	82622660 <del_mtd_partitions+0x38>
    826226d4:	a94002a1 	ldp	x1, x0, [x21]
    826226d8:	f9000420 	str	x0, [x1, #8]
    826226dc:	2a1803f4 	mov	w20, w24
    826226e0:	f9000001 	str	x1, [x0]
    826226e4:	a9007ebf 	stp	xzr, xzr, [x21]
    826226e8:	17fffff6 	b	826226c0 <del_mtd_partitions+0x98>

00000000826226ec <spinandmini_select_target>:
    826226ec:	a9be7bfd 	stp	x29, x30, [sp, #-32]!
    826226f0:	910003fd 	mov	x29, sp
    826226f4:	a90153f3 	stp	x19, x20, [sp, #16]
    826226f8:	f9400802 	ldr	x2, [x0, #16]
    826226fc:	39402442 	ldrb	w2, [x2, #9]
    82622700:	6b01005f 	cmp	w2, w1
    82622704:	54000248 	b.hi	8262274c <spinandmini_select_target+0x60>  // b.pmore
    82622708:	b0000003 	adrp	x3, 82623000 <clk_fixed_rate_ops+0x18>
    8262270c:	52803bc2 	mov	w2, #0x1de                 	// #478
    82622710:	91388c63 	add	x3, x3, #0xe23
    82622714:	f0000001 	adrp	x1, 82625000 <hex_asc+0x7ab>
    82622718:	f0000000 	adrp	x0, 82625000 <hex_asc+0x7ab>
    8262271c:	9119c421 	add	x1, x1, #0x671
    82622720:	911a5400 	add	x0, x0, #0x695
    82622724:	97ffeb95 	bl	8261d578 <printf>
    82622728:	128002a0 	mov	w0, #0xffffffea            	// #-22
    8262272c:	a94153f3 	ldp	x19, x20, [sp, #16]
    82622730:	a8c27bfd 	ldp	x29, x30, [sp], #32
    82622734:	d65f03c0 	ret
    82622738:	f9401e62 	ldr	x2, [x19, #56]
    8262273c:	d63f0040 	blr	x2
    82622740:	35ffff60 	cbnz	w0, 8262272c <spinandmini_select_target+0x40>
    82622744:	b9004274 	str	w20, [x19, #64]
    82622748:	17fffff9 	b	8262272c <spinandmini_select_target+0x40>
    8262274c:	b9404003 	ldr	w3, [x0, #64]
    82622750:	aa0003f3 	mov	x19, x0
    82622754:	2a0103f4 	mov	w20, w1
    82622758:	6b01007f 	cmp	w3, w1
    8262275c:	54000080 	b.eq	8262276c <spinandmini_select_target+0x80>  // b.none
    82622760:	7100045f 	cmp	w2, #0x1
    82622764:	54fffea1 	b.ne	82622738 <spinandmini_select_target+0x4c>  // b.any
    82622768:	b9004274 	str	w20, [x19, #64]
    8262276c:	52800000 	mov	w0, #0x0                   	// #0
    82622770:	17ffffef 	b	8262272c <spinandmini_select_target+0x40>

0000000082622774 <spinandchip_select_target>:
    82622774:	a9ba7bfd 	stp	x29, x30, [sp, #-96]!
    82622778:	90000022 	adrp	x2, 82626000 <spinand_chip_table+0xc96>
    8262277c:	910003fd 	mov	x29, sp
    82622780:	f942f843 	ldr	x3, [x2, #1520]
    82622784:	f9002fe3 	str	x3, [sp, #88]
    82622788:	d2800003 	mov	x3, #0x0                   	// #0
    8262278c:	b9001fe1 	str	w1, [sp, #28]
    82622790:	1287bfc1 	mov	w1, #0xffffc201            	// #-15871
    82622794:	a9027fff 	stp	xzr, xzr, [sp, #32]
    82622798:	f9400000 	ldr	x0, [x0]
    8262279c:	790043e1 	strh	w1, [sp, #32]
    826227a0:	b20003e1 	mov	x1, #0x100000001           	// #4294967297
    826227a4:	a9047fff 	stp	xzr, xzr, [sp, #64]
    826227a8:	f90023e1 	str	x1, [sp, #64]
    826227ac:	52800021 	mov	w1, #0x1                   	// #1
    826227b0:	b9004be1 	str	w1, [sp, #72]
    826227b4:	910073e1 	add	x1, sp, #0x1c
    826227b8:	a9037fff 	stp	xzr, xzr, [sp, #48]
    826227bc:	f9002be1 	str	x1, [sp, #80]
    826227c0:	910083e1 	add	x1, sp, #0x20
    826227c4:	97fffabf 	bl	826212c0 <spi_mem_exec_op>
    826227c8:	90000021 	adrp	x1, 82626000 <spinand_chip_table+0xc96>
    826227cc:	f9402fe2 	ldr	x2, [sp, #88]
    826227d0:	f942f823 	ldr	x3, [x1, #1520]
    826227d4:	eb030042 	subs	x2, x2, x3
    826227d8:	d2800003 	mov	x3, #0x0                   	// #0
    826227dc:	54000040 	b.eq	826227e4 <spinandchip_select_target+0x70>  // b.none
    826227e0:	97ffbf07 	bl	826123fc <__stack_chk_fail>
    826227e4:	a8c67bfd 	ldp	x29, x30, [sp], #96
    826227e8:	d65f03c0 	ret

00000000826227ec <spinandmini_write_reg_op.isra.0>:
    826227ec:	a9ba7bfd 	stp	x29, x30, [sp, #-96]!
    826227f0:	92401c21 	and	x1, x1, #0xff
    826227f4:	910003fd 	mov	x29, sp
    826227f8:	39007fe2 	strb	w2, [sp, #31]
    826227fc:	90000022 	adrp	x2, 82626000 <spinand_chip_table+0xc96>
    82622800:	f942f843 	ldr	x3, [x2, #1520]
    82622804:	f9002fe3 	str	x3, [sp, #88]
    82622808:	d2800003 	mov	x3, #0x0                   	// #0
    8262280c:	a9037fff 	stp	xzr, xzr, [sp, #48]
    82622810:	5283e022 	mov	w2, #0x1f01                	// #7937
    82622814:	a9027fff 	stp	xzr, xzr, [sp, #32]
    82622818:	f9001be1 	str	x1, [sp, #48]
    8262281c:	52800021 	mov	w1, #0x1                   	// #1
    82622820:	a9047fff 	stp	xzr, xzr, [sp, #64]
    82622824:	790043e2 	strh	w2, [sp, #32]
    82622828:	52802022 	mov	w2, #0x101                 	// #257
    8262282c:	390103e1 	strb	w1, [sp, #64]
    82622830:	52800021 	mov	w1, #0x1                   	// #1
    82622834:	290887e1 	stp	w1, w1, [sp, #68]
    82622838:	91007fe1 	add	x1, sp, #0x1f
    8262283c:	790053e2 	strh	w2, [sp, #40]
    82622840:	f9002be1 	str	x1, [sp, #80]
    82622844:	910083e1 	add	x1, sp, #0x20
    82622848:	97fffa9e 	bl	826212c0 <spi_mem_exec_op>
    8262284c:	90000021 	adrp	x1, 82626000 <spinand_chip_table+0xc96>
    82622850:	f9402fe2 	ldr	x2, [sp, #88]
    82622854:	f942f823 	ldr	x3, [x1, #1520]
    82622858:	eb030042 	subs	x2, x2, x3
    8262285c:	d2800003 	mov	x3, #0x0                   	// #0
    82622860:	54000040 	b.eq	82622868 <spinandmini_write_reg_op.isra.0+0x7c>  // b.none
    82622864:	97ffbee6 	bl	826123fc <__stack_chk_fail>
    82622868:	a8c67bfd 	ldp	x29, x30, [sp], #96
    8262286c:	d65f03c0 	ret

0000000082622870 <spinandmini_read_reg_op.isra.0>:
    82622870:	a9b97bfd 	stp	x29, x30, [sp, #-112]!
    82622874:	92401c21 	and	x1, x1, #0xff
    82622878:	910003fd 	mov	x29, sp
    8262287c:	f9000bf3 	str	x19, [sp, #16]
    82622880:	aa0203f3 	mov	x19, x2
    82622884:	90000022 	adrp	x2, 82626000 <spinand_chip_table+0xc96>
    82622888:	f942f843 	ldr	x3, [x2, #1520]
    8262288c:	f90037e3 	str	x3, [sp, #104]
    82622890:	d2800003 	mov	x3, #0x0                   	// #0
    82622894:	a9047fff 	stp	xzr, xzr, [sp, #64]
    82622898:	5281e022 	mov	w2, #0xf01                 	// #3841
    8262289c:	a9037fff 	stp	xzr, xzr, [sp, #48]
    826228a0:	f90023e1 	str	x1, [sp, #64]
    826228a4:	52800021 	mov	w1, #0x1                   	// #1
    826228a8:	a9057fff 	stp	xzr, xzr, [sp, #80]
    826228ac:	790063e2 	strh	w2, [sp, #48]
    826228b0:	52802022 	mov	w2, #0x101                 	// #257
    826228b4:	390143e1 	strb	w1, [sp, #80]
    826228b8:	52800021 	mov	w1, #0x1                   	// #1
    826228bc:	b9005be1 	str	w1, [sp, #88]
    826228c0:	9100bfe1 	add	x1, sp, #0x2f
    826228c4:	3900bfff 	strb	wzr, [sp, #47]
    826228c8:	790073e2 	strh	w2, [sp, #56]
    826228cc:	f90033e1 	str	x1, [sp, #96]
    826228d0:	9100c3e1 	add	x1, sp, #0x30
    826228d4:	97fffa7b 	bl	826212c0 <spi_mem_exec_op>
    826228d8:	35000060 	cbnz	w0, 826228e4 <spinandmini_read_reg_op.isra.0+0x74>
    826228dc:	3940bfe1 	ldrb	w1, [sp, #47]
    826228e0:	39000261 	strb	w1, [x19]
    826228e4:	90000021 	adrp	x1, 82626000 <spinand_chip_table+0xc96>
    826228e8:	f94037e2 	ldr	x2, [sp, #104]
    826228ec:	f942f823 	ldr	x3, [x1, #1520]
    826228f0:	eb030042 	subs	x2, x2, x3
    826228f4:	d2800003 	mov	x3, #0x0                   	// #0
    826228f8:	54000040 	b.eq	82622900 <spinandmini_read_reg_op.isra.0+0x90>  // b.none
    826228fc:	97ffbec0 	bl	826123fc <__stack_chk_fail>
    82622900:	f9400bf3 	ldr	x19, [sp, #16]
    82622904:	a8c77bfd 	ldp	x29, x30, [sp], #112
    82622908:	d65f03c0 	ret

000000008262290c <spinandmini_wait>:
    8262290c:	a9bc7bfd 	stp	x29, x30, [sp, #-64]!
    82622910:	910003fd 	mov	x29, sp
    82622914:	a90153f3 	stp	x19, x20, [sp, #16]
    82622918:	aa0003f4 	mov	x20, x0
    8262291c:	aa0103f3 	mov	x19, x1
    82622920:	f90013f5 	str	x21, [sp, #32]
    82622924:	90000020 	adrp	x0, 82626000 <spinand_chip_table+0xc96>
    82622928:	f942f801 	ldr	x1, [x0, #1520]
    8262292c:	f9001fe1 	str	x1, [sp, #56]
    82622930:	d2800001 	mov	x1, #0x0                   	// #0
    82622934:	d2800000 	mov	x0, #0x0                   	// #0
    82622938:	97ffe613 	bl	8261c184 <get_timer>
    8262293c:	aa0003f5 	mov	x21, x0
    82622940:	f9400280 	ldr	x0, [x20]
    82622944:	9100dfe2 	add	x2, sp, #0x37
    82622948:	128007e1 	mov	w1, #0xffffffc0            	// #-64
    8262294c:	97ffffc9 	bl	82622870 <spinandmini_read_reg_op.isra.0>
    82622950:	35000260 	cbnz	w0, 8262299c <spinandmini_wait+0x90>
    82622954:	3940dfe1 	ldrb	w1, [sp, #55]
    82622958:	36000301 	tbz	w1, #0, 826229b8 <spinandmini_wait+0xac>
    8262295c:	aa1503e0 	mov	x0, x21
    82622960:	97ffe609 	bl	8261c184 <get_timer>
    82622964:	f1063c1f 	cmp	x0, #0x18f
    82622968:	54fffec9 	b.ls	82622940 <spinandmini_wait+0x34>  // b.plast
    8262296c:	f9400280 	ldr	x0, [x20]
    82622970:	9100dfe2 	add	x2, sp, #0x37
    82622974:	128007e1 	mov	w1, #0xffffffc0            	// #-64
    82622978:	97ffffbe 	bl	82622870 <spinandmini_read_reg_op.isra.0>
    8262297c:	35000100 	cbnz	w0, 8262299c <spinandmini_wait+0x90>
    82622980:	b4000073 	cbz	x19, 8262298c <spinandmini_wait+0x80>
    82622984:	3940dfe0 	ldrb	w0, [sp, #55]
    82622988:	39000260 	strb	w0, [x19]
    8262298c:	3940dfe0 	ldrb	w0, [sp, #55]
    82622990:	f240001f 	tst	x0, #0x1
    82622994:	12800da0 	mov	w0, #0xffffff92            	// #-110
    82622998:	1a8003e0 	csel	w0, wzr, w0, eq  // eq = none
    8262299c:	90000021 	adrp	x1, 82626000 <spinand_chip_table+0xc96>
    826229a0:	f9401fe2 	ldr	x2, [sp, #56]
    826229a4:	f942f823 	ldr	x3, [x1, #1520]
    826229a8:	eb030042 	subs	x2, x2, x3
    826229ac:	d2800003 	mov	x3, #0x0                   	// #0
    826229b0:	54000080 	b.eq	826229c0 <spinandmini_wait+0xb4>  // b.none
    826229b4:	97ffbe92 	bl	826123fc <__stack_chk_fail>
    826229b8:	b5fffe73 	cbnz	x19, 82622984 <spinandmini_wait+0x78>
    826229bc:	17fffff8 	b	8262299c <spinandmini_wait+0x90>
    826229c0:	a94153f3 	ldp	x19, x20, [sp, #16]
    826229c4:	f94013f5 	ldr	x21, [sp, #32]
    826229c8:	a8c47bfd 	ldp	x29, x30, [sp], #64
    826229cc:	d65f03c0 	ret

00000000826229d0 <spinandmini_probe>:
    826229d0:	a9b77bfd 	stp	x29, x30, [sp, #-144]!
    826229d4:	90000021 	adrp	x1, 82626000 <spinand_chip_table+0xc96>
    826229d8:	910003fd 	mov	x29, sp
    826229dc:	a90153f3 	stp	x19, x20, [sp, #16]
    826229e0:	aa0003f4 	mov	x20, x0
    826229e4:	a9025bf5 	stp	x21, x22, [sp, #32]
    826229e8:	a90363f7 	stp	x23, x24, [sp, #48]
    826229ec:	f90023f9 	str	x25, [sp, #64]
    826229f0:	f942f822 	ldr	x2, [x1, #1520]
    826229f4:	f90047e2 	str	x2, [sp, #136]
    826229f8:	d2800002 	mov	x2, #0x0                   	// #0
    826229fc:	97ffef04 	bl	8261e60c <dev_get_priv>
    82622a00:	aa0003f3 	mov	x19, x0
    82622a04:	aa1403e0 	mov	x0, x20
    82622a08:	97ffef07 	bl	8261e624 <dev_get_parent_priv>
    82622a0c:	d00000e1 	adrp	x1, 82640000 <pmc>
    82622a10:	f9000260 	str	x0, [x19]
    82622a14:	12801fc0 	mov	w0, #0xffffff01            	// #-255
    82622a18:	a9057fff 	stp	xzr, xzr, [sp, #80]
    82622a1c:	7900a3e0 	strh	w0, [sp, #80]
    82622a20:	a9067fff 	stp	xzr, xzr, [sp, #96]
    82622a24:	a9077fff 	stp	xzr, xzr, [sp, #112]
    82622a28:	f90043ff 	str	xzr, [sp, #128]
    82622a2c:	f9037c33 	str	x19, [x1, #1784]
    82622a30:	910143e1 	add	x1, sp, #0x50
    82622a34:	f9400260 	ldr	x0, [x19]
    82622a38:	97fffa22 	bl	826212c0 <spi_mem_exec_op>
    82622a3c:	2a0003f4 	mov	w20, w0
    82622a40:	350014c0 	cbnz	w0, 82622cd8 <spinandmini_probe+0x308>
    82622a44:	aa1303e0 	mov	x0, x19
    82622a48:	d2800001 	mov	x1, #0x0                   	// #0
    82622a4c:	97ffffb0 	bl	8262290c <spinandmini_wait>
    82622a50:	2a0003f4 	mov	w20, w0
    82622a54:	35001420 	cbnz	w0, 82622cd8 <spinandmini_probe+0x308>
    82622a58:	128c1fc0 	mov	w0, #0xffff9f01            	// #-24831
    82622a5c:	7900a3e0 	strh	w0, [sp, #80]
    82622a60:	52802020 	mov	w0, #0x101                 	// #257
    82622a64:	7900b3e0 	strh	w0, [sp, #88]
    82622a68:	52802000 	mov	w0, #0x100                 	// #256
    82622a6c:	7900d3e0 	strh	w0, [sp, #104]
    82622a70:	52800020 	mov	w0, #0x1                   	// #1
    82622a74:	91002275 	add	x21, x19, #0x8
    82622a78:	f90033ff 	str	xzr, [sp, #96]
    82622a7c:	910143e1 	add	x1, sp, #0x50
    82622a80:	3901c3e0 	strb	w0, [sp, #112]
    82622a84:	52800080 	mov	w0, #0x4                   	// #4
    82622a88:	290e83ff 	stp	wzr, w0, [sp, #116]
    82622a8c:	f90043f5 	str	x21, [sp, #128]
    82622a90:	f9400260 	ldr	x0, [x19]
    82622a94:	97fffa0b 	bl	826212c0 <spi_mem_exec_op>
    82622a98:	2a0003f4 	mov	w20, w0
    82622a9c:	350011e0 	cbnz	w0, 82622cd8 <spinandmini_probe+0x308>
    82622aa0:	f0000000 	adrp	x0, 82625000 <hex_asc+0x7ab>
    82622aa4:	910da800 	add	x0, x0, #0x36a
    82622aa8:	aa0003f9 	mov	x25, x0
    82622aac:	d2800016 	mov	x22, #0x0                   	// #0
    82622ab0:	39401002 	ldrb	w2, [x0, #4]
    82622ab4:	aa0003f7 	mov	x23, x0
    82622ab8:	39401018 	ldrb	w24, [x0, #4]
    82622abc:	aa1503e1 	mov	x1, x21
    82622ac0:	97ffe57e 	bl	8261c0b8 <memcmp>
    82622ac4:	34000120 	cbz	w0, 82622ae8 <spinandmini_probe+0x118>
    82622ac8:	91003ed6 	add	x22, x22, #0xf
    82622acc:	91003ee0 	add	x0, x23, #0xf
    82622ad0:	f10a8edf 	cmp	x22, #0x2a3
    82622ad4:	54fffee1 	b.ne	82622ab0 <spinandmini_probe+0xe0>  // b.any
    82622ad8:	d2805296 	mov	x22, #0x294                 	// #660
    82622adc:	f0000000 	adrp	x0, 82625000 <hex_asc+0x7ab>
    82622ae0:	91194000 	add	x0, x0, #0x650
    82622ae4:	97ffeaa5 	bl	8261d578 <printf>
    82622ae8:	910016d6 	add	x22, x22, #0x5
    82622aec:	b9000e78 	str	w24, [x19, #12]
    82622af0:	8b160336 	add	x22, x25, x22
    82622af4:	f9000a76 	str	x22, [x19, #16]
    82622af8:	910016e3 	add	x3, x23, #0x5
    82622afc:	39401ae0 	ldrb	w0, [x23, #6]
    82622b00:	39401ee1 	ldrb	w1, [x23, #7]
    82622b04:	2a012001 	orr	w1, w0, w1, lsl #8
    82622b08:	b9002e61 	str	w1, [x19, #44]
    82622b0c:	71000420 	subs	w0, w1, #0x1
    82622b10:	54000260 	b.eq	82622b5c <spinandmini_probe+0x18c>  // b.none
    82622b14:	72103c1f 	tst	w0, #0xffff0000
    82622b18:	54000ee1 	b.ne	82622cf4 <spinandmini_probe+0x324>  // b.any
    82622b1c:	53103c00 	lsl	w0, w0, #16
    82622b20:	52800202 	mov	w2, #0x10                  	// #16
    82622b24:	72081c1f 	tst	w0, #0xff000000
    82622b28:	54000061 	b.ne	82622b34 <spinandmini_probe+0x164>  // b.any
    82622b2c:	53185c00 	lsl	w0, w0, #8
    82622b30:	51002042 	sub	w2, w2, #0x8
    82622b34:	72040c1f 	tst	w0, #0xf0000000
    82622b38:	54000061 	b.ne	82622b44 <spinandmini_probe+0x174>  // b.any
    82622b3c:	531c6c00 	lsl	w0, w0, #4
    82622b40:	51001042 	sub	w2, w2, #0x4
    82622b44:	7202041f 	tst	w0, #0xc0000000
    82622b48:	54000da1 	b.ne	82622cfc <spinandmini_probe+0x32c>  // b.any
    82622b4c:	531e7404 	lsl	w4, w0, #2
    82622b50:	51000840 	sub	w0, w2, #0x2
    82622b54:	2a2403e4 	mvn	w4, w4
    82622b58:	4b447c00 	sub	w0, w0, w4, lsr #31
    82622b5c:	b9001a60 	str	w0, [x19, #24]
    82622b60:	39400c62 	ldrb	w2, [x3, #3]
    82622b64:	39401060 	ldrb	w0, [x3, #4]
    82622b68:	2a002040 	orr	w0, w2, w0, lsl #8
    82622b6c:	1b017c01 	mul	w1, w0, w1
    82622b70:	b9002a61 	str	w1, [x19, #40]
    82622b74:	71000420 	subs	w0, w1, #0x1
    82622b78:	54000260 	b.eq	82622bc4 <spinandmini_probe+0x1f4>  // b.none
    82622b7c:	72103c1f 	tst	w0, #0xffff0000
    82622b80:	54000c41 	b.ne	82622d08 <spinandmini_probe+0x338>  // b.any
    82622b84:	53103c00 	lsl	w0, w0, #16
    82622b88:	52800202 	mov	w2, #0x10                  	// #16
    82622b8c:	72081c1f 	tst	w0, #0xff000000
    82622b90:	54000061 	b.ne	82622b9c <spinandmini_probe+0x1cc>  // b.any
    82622b94:	53185c00 	lsl	w0, w0, #8
    82622b98:	51002042 	sub	w2, w2, #0x8
    82622b9c:	72040c1f 	tst	w0, #0xf0000000
    82622ba0:	54000061 	b.ne	82622bac <spinandmini_probe+0x1dc>  // b.any
    82622ba4:	531c6c00 	lsl	w0, w0, #4
    82622ba8:	51001042 	sub	w2, w2, #0x4
    82622bac:	7202041f 	tst	w0, #0xc0000000
    82622bb0:	54000b01 	b.ne	82622d10 <spinandmini_probe+0x340>  // b.any
    82622bb4:	531e7404 	lsl	w4, w0, #2
    82622bb8:	51000840 	sub	w0, w2, #0x2
    82622bbc:	2a2403e4 	mvn	w4, w4
    82622bc0:	4b447c00 	sub	w0, w0, w4, lsr #31
    82622bc4:	b9001e60 	str	w0, [x19, #28]
    82622bc8:	39401462 	ldrb	w2, [x3, #5]
    82622bcc:	39401860 	ldrb	w0, [x3, #6]
    82622bd0:	2a002040 	orr	w0, w2, w0, lsl #8
    82622bd4:	39402062 	ldrb	w2, [x3, #8]
    82622bd8:	1b027c00 	mul	w0, w0, w2
    82622bdc:	1b017c00 	mul	w0, w0, w1
    82622be0:	71000401 	subs	w1, w0, #0x1
    82622be4:	54000260 	b.eq	82622c30 <spinandmini_probe+0x260>  // b.none
    82622be8:	72103c3f 	tst	w1, #0xffff0000
    82622bec:	54000981 	b.ne	82622d1c <spinandmini_probe+0x34c>  // b.any
    82622bf0:	53103c21 	lsl	w1, w1, #16
    82622bf4:	52800202 	mov	w2, #0x10                  	// #16
    82622bf8:	72081c3f 	tst	w1, #0xff000000
    82622bfc:	54000061 	b.ne	82622c08 <spinandmini_probe+0x238>  // b.any
    82622c00:	53185c21 	lsl	w1, w1, #8
    82622c04:	51002042 	sub	w2, w2, #0x8
    82622c08:	72040c3f 	tst	w1, #0xf0000000
    82622c0c:	54000061 	b.ne	82622c18 <spinandmini_probe+0x248>  // b.any
    82622c10:	531c6c21 	lsl	w1, w1, #4
    82622c14:	51001042 	sub	w2, w2, #0x4
    82622c18:	7202043f 	tst	w1, #0xc0000000
    82622c1c:	54000841 	b.ne	82622d24 <spinandmini_probe+0x354>  // b.any
    82622c20:	531e7424 	lsl	w4, w1, #2
    82622c24:	51000841 	sub	w1, w2, #0x2
    82622c28:	2a2403e4 	mvn	w4, w4
    82622c2c:	4b447c21 	sub	w1, w1, w4, lsr #31
    82622c30:	93407c21 	sxtw	x1, w1
    82622c34:	f9001261 	str	x1, [x19, #32]
    82622c38:	f0000017 	adrp	x23, 82625000 <hex_asc+0x7ab>
    82622c3c:	d2800016 	mov	x22, #0x0                   	// #0
    82622c40:	39402461 	ldrb	w1, [x3, #9]
    82622c44:	91186ef7 	add	x23, x23, #0x61b
    82622c48:	9ba07c20 	umull	x0, w1, w0
    82622c4c:	f9001a60 	str	x0, [x19, #48]
    82622c50:	90000000 	adrp	x0, 82622000 <bcm6345_wdt_probe+0x94>
    82622c54:	911dd000 	add	x0, x0, #0x774
    82622c58:	f9001e60 	str	x0, [x19, #56]
    82622c5c:	f0000000 	adrp	x0, 82625000 <hex_asc+0x7ab>
    82622c60:	91183400 	add	x0, x0, #0x60d
    82622c64:	97ffea45 	bl	8261d578 <printf>
    82622c68:	b9400e60 	ldr	w0, [x19, #12]
    82622c6c:	6b16001f 	cmp	w0, w22
    82622c70:	5400060c 	b.gt	82622d30 <spinandmini_probe+0x360>
    82622c74:	d0000000 	adrp	x0, 82624000 <_ctype+0x15a>
    82622c78:	9115a800 	add	x0, x0, #0x56a
    82622c7c:	97ffea3f 	bl	8261d578 <printf>
    82622c80:	29450e62 	ldp	w2, w3, [x19, #40]
    82622c84:	f0000000 	adrp	x0, 82625000 <hex_asc+0x7ab>
    82622c88:	f9401a61 	ldr	x1, [x19, #48]
    82622c8c:	91188c00 	add	x0, x0, #0x623
    82622c90:	530a7c42 	lsr	w2, w2, #10
    82622c94:	d354fc21 	lsr	x1, x1, #20
    82622c98:	97ffea38 	bl	8261d578 <printf>
    82622c9c:	f9400a60 	ldr	x0, [x19, #16]
    82622ca0:	39402400 	ldrb	w0, [x0, #9]
    82622ca4:	97ffd579 	bl	82618288 <malloc_simple>
    82622ca8:	f9002660 	str	x0, [x19, #72]
    82622cac:	b40007c0 	cbz	x0, 82622da4 <spinandmini_probe+0x3d4>
    82622cb0:	d2800015 	mov	x21, #0x0                   	// #0
    82622cb4:	f9400a60 	ldr	x0, [x19, #16]
    82622cb8:	39402400 	ldrb	w0, [x0, #9]
    82622cbc:	6b15001f 	cmp	w0, w21
    82622cc0:	54000428 	b.hi	82622d44 <spinandmini_probe+0x374>  // b.pmore
    82622cc4:	52800015 	mov	w21, #0x0                   	// #0
    82622cc8:	f9400a60 	ldr	x0, [x19, #16]
    82622ccc:	39402400 	ldrb	w0, [x0, #9]
    82622cd0:	6b0002bf 	cmp	w21, w0
    82622cd4:	5400052b 	b.lt	82622d78 <spinandmini_probe+0x3a8>  // b.tstop
    82622cd8:	90000020 	adrp	x0, 82626000 <spinand_chip_table+0xc96>
    82622cdc:	f94047e1 	ldr	x1, [sp, #136]
    82622ce0:	f942f802 	ldr	x2, [x0, #1520]
    82622ce4:	eb020021 	subs	x1, x1, x2
    82622ce8:	d2800002 	mov	x2, #0x0                   	// #0
    82622cec:	54000600 	b.eq	82622dac <spinandmini_probe+0x3dc>  // b.none
    82622cf0:	97ffbdc3 	bl	826123fc <__stack_chk_fail>
    82622cf4:	52800402 	mov	w2, #0x20                  	// #32
    82622cf8:	17ffff8b 	b	82622b24 <spinandmini_probe+0x154>
    82622cfc:	2a0003e4 	mov	w4, w0
    82622d00:	2a0203e0 	mov	w0, w2
    82622d04:	17ffff94 	b	82622b54 <spinandmini_probe+0x184>
    82622d08:	52800402 	mov	w2, #0x20                  	// #32
    82622d0c:	17ffffa0 	b	82622b8c <spinandmini_probe+0x1bc>
    82622d10:	2a0003e4 	mov	w4, w0
    82622d14:	2a0203e0 	mov	w0, w2
    82622d18:	17ffffa9 	b	82622bbc <spinandmini_probe+0x1ec>
    82622d1c:	52800402 	mov	w2, #0x20                  	// #32
    82622d20:	17ffffb6 	b	82622bf8 <spinandmini_probe+0x228>
    82622d24:	2a0103e4 	mov	w4, w1
    82622d28:	2a0203e1 	mov	w1, w2
    82622d2c:	17ffffbf 	b	82622c28 <spinandmini_probe+0x258>
    82622d30:	38766aa1 	ldrb	w1, [x21, x22]
    82622d34:	aa1703e0 	mov	x0, x23
    82622d38:	910006d6 	add	x22, x22, #0x1
    82622d3c:	97ffea0f 	bl	8261d578 <printf>
    82622d40:	17ffffca 	b	82622c68 <spinandmini_probe+0x298>
    82622d44:	2a1503e1 	mov	w1, w21
    82622d48:	aa1303e0 	mov	x0, x19
    82622d4c:	97fffe68 	bl	826226ec <spinandmini_select_target>
    82622d50:	35000100 	cbnz	w0, 82622d70 <spinandmini_probe+0x3a0>
    82622d54:	f9400260 	ldr	x0, [x19]
    82622d58:	128009e1 	mov	w1, #0xffffffb0            	// #-80
    82622d5c:	f9402662 	ldr	x2, [x19, #72]
    82622d60:	8b150042 	add	x2, x2, x21
    82622d64:	910006b5 	add	x21, x21, #0x1
    82622d68:	97fffec2 	bl	82622870 <spinandmini_read_reg_op.isra.0>
    82622d6c:	34fffa40 	cbz	w0, 82622cb4 <spinandmini_probe+0x2e4>
    82622d70:	2a0003f4 	mov	w20, w0
    82622d74:	17ffffd9 	b	82622cd8 <spinandmini_probe+0x308>
    82622d78:	2a1503e1 	mov	w1, w21
    82622d7c:	aa1303e0 	mov	x0, x19
    82622d80:	97fffe5b 	bl	826226ec <spinandmini_select_target>
    82622d84:	35ffff60 	cbnz	w0, 82622d70 <spinandmini_probe+0x3a0>
    82622d88:	f9400260 	ldr	x0, [x19]
    82622d8c:	52800002 	mov	w2, #0x0                   	// #0
    82622d90:	12800be1 	mov	w1, #0xffffffa0            	// #-96
    82622d94:	97fffe96 	bl	826227ec <spinandmini_write_reg_op.isra.0>
    82622d98:	35fffec0 	cbnz	w0, 82622d70 <spinandmini_probe+0x3a0>
    82622d9c:	110006b5 	add	w21, w21, #0x1
    82622da0:	17ffffca 	b	82622cc8 <spinandmini_probe+0x2f8>
    82622da4:	12800174 	mov	w20, #0xfffffff4            	// #-12
    82622da8:	17ffffcc 	b	82622cd8 <spinandmini_probe+0x308>
    82622dac:	2a1403e0 	mov	w0, w20
    82622db0:	a94153f3 	ldp	x19, x20, [sp, #16]
    82622db4:	a9425bf5 	ldp	x21, x22, [sp, #32]
    82622db8:	a94363f7 	ldp	x23, x24, [sp, #48]
    82622dbc:	f94023f9 	ldr	x25, [sp, #64]
    82622dc0:	a8c97bfd 	ldp	x29, x30, [sp], #144
    82622dc4:	d65f03c0 	ret
